location,source,target
0x46e000@mhfdat-jp.bin,装備無し,Unequipped
0x46e004@mhfdat-jp.bin,レザーライトヘルム,Leather Helm
0x46e008@mhfdat-jp.bin,チェーンヘルム,Chainmail Helm
0x46e00c@mhfdat-jp.bin,ハンターヘルム,Hunter's Helm
0x46e010@mhfdat-jp.bin,ハンターキャップ,Hunter's Cap
0x46e014@mhfdat-jp.bin,ボーンヘルム,Bone Helm
0x46e018@mhfdat-jp.bin,ボーンキャップ,Bone Cap
0x46e01c@mhfdat-jp.bin,ランポスヘルム,Veloci Helm
0x46e020@mhfdat-jp.bin,ランポスキャップ,Veloci Cap
0x46e024@mhfdat-jp.bin,バトルヘルム,Battle Helm
0x46e028@mhfdat-jp.bin,バトルキャップ,Battle Cap
0x46e02c@mhfdat-jp.bin,ランゴヘルム,Vespoid Helm
0x46e030@mhfdat-jp.bin,ランゴキャップ,Vespoid Cap
0x46e034@mhfdat-jp.bin,タロスヘルム,Hornetaur Helm
0x46e038@mhfdat-jp.bin,タロスキャップ,Hornetaur Cap
0x46e03c@mhfdat-jp.bin,ハイメタヘルム,High Metal Helm
0x46e040@mhfdat-jp.bin,ハイメタキャップ,High Metal Cap
0x46e044@mhfdat-jp.bin,ゲネポスヘルム,Gen Helm
0x46e048@mhfdat-jp.bin,ゲネポスキャップ,Gen Cap
0x46e04c@mhfdat-jp.bin,イーオスヘルム,Io Helm
0x46e050@mhfdat-jp.bin,イーオスキャップ,Io Cap
0x46e054@mhfdat-jp.bin,ゲリョスヘルム,Gypceros Helm
0x46e058@mhfdat-jp.bin,ゲリョスキャップ,Gypceros Cap
0x46e05c@mhfdat-jp.bin,ガレオスヘルム,Cepha Helm
0x46e060@mhfdat-jp.bin,ガレオスキャップ,Cepha Cap
0x46e064@mhfdat-jp.bin,レイアヘルム,Rathian Helm
0x46e068@mhfdat-jp.bin,レイアキャップ,Rathian Cap
0x46e06c@mhfdat-jp.bin,フルフルヘルム,Khezu Helm
0x46e070@mhfdat-jp.bin,フルフルキャップ,Khezu Cap
0x46e074@mhfdat-jp.bin,レウスヘルム,Rathalos Helm
0x46e078@mhfdat-jp.bin,レウスキャップ,Rathalos Cap
0x46e07c@mhfdat-jp.bin,ガノスヘルム,Plesioth Helm
0x46e080@mhfdat-jp.bin,ガノスキャップ,Plesioth Cap
0x46e084@mhfdat-jp.bin,キングロブスタヘルム,King Lobster Helm
0x46e088@mhfdat-jp.bin,バサルヘルム,Basarios Helm
0x46e08c@mhfdat-jp.bin,バサルキャップ,Basarios Cap
0x46e090@mhfdat-jp.bin,ディアブロヘルム,Diablos Helm
0x46e094@mhfdat-jp.bin,ディアブロキャップ,Diablos Cap
0x46e098@mhfdat-jp.bin,モノブロスヘルム,Monoblos Helm
0x46e09c@mhfdat-jp.bin,モノブロスキャップ,Monoblos Cap
0x46e0a0@mhfdat-jp.bin,グラビドヘルム,Gravios Helm
0x46e0a4@mhfdat-jp.bin,グラビドキャップ,Gravios Cap
0x46e0a8@mhfdat-jp.bin,クロオビヘルム,Black Belt Helm
0x46e0ac@mhfdat-jp.bin,モスフェイク,Mosswine Mask
0x46e0b0@mhfdat-jp.bin,アイルーフェイク,Felyne Mask
0x46e0b4@mhfdat-jp.bin,混沌のパオ,混沌のパオ
0x46e0b8@mhfdat-jp.bin,メルホアフロール,Melahoa Vizor
0x46e0bc@mhfdat-jp.bin,マカルパフード,Makluva Hood
0x46e0c0@mhfdat-jp.bin,ビストロキャップ,Bistro Cap
0x46e0c4@mhfdat-jp.bin,ランポスフェイク,Veloci Mask
0x46e0c8@mhfdat-jp.bin,ゲネポスフェイク,Gen Mask
0x46e0cc@mhfdat-jp.bin,イーオスフェイク,Io Mask
0x46e0d0@mhfdat-jp.bin,ブルファンゴフェイク,Bullfango Mask
0x46e0d4@mhfdat-jp.bin,レッドピアス,Red Piercings
0x46e0d8@mhfdat-jp.bin,ブルーピアス,Blue Piercings
0x46e0dc@mhfdat-jp.bin,イエローピアス,Yellow Piercings
0x46e0e0@mhfdat-jp.bin,ブラックピアス,Black Piercings
0x46e0e4@mhfdat-jp.bin,忍の面・陽,Shinobi Mask・陽
0x46e0e8@mhfdat-jp.bin,忍の面・陰,Shinobi Mask・陰
0x46e0ec@mhfdat-jp.bin,ガーディアンヘルム,Guardian Helm
0x46e0f0@mhfdat-jp.bin,ガーディアンマスク,Guardian Mask
0x46e0f4@mhfdat-jp.bin,ヘルパーフード,Helper Hood
0x46e0f8@mhfdat-jp.bin,ヒーラーグラス,Healer Glasses
0x46e0fc@mhfdat-jp.bin,スカルフェイス,Skull Face
0x46e100@mhfdat-jp.bin,ガルルガヘルム,Garuga Helm
0x46e104@mhfdat-jp.bin,ガルルガキャップ,Garuga Cap
0x46e108@mhfdat-jp.bin,ガルルガフェイク,Garuga Mask
0x46e10c@mhfdat-jp.bin,暁丸【兜】,暁丸 Kabuto
0x46e110@mhfdat-jp.bin,曙丸【烏帽子】,曙丸 [Eboshi 】
0x46e114@mhfdat-jp.bin,凛【鉢金】,凛 Hachigane
0x46e118@mhfdat-jp.bin,艶【鉢金】,艶 Hachigane
0x46e11c@mhfdat-jp.bin,ドラゴンヘッド,Dragon Head
0x46e120@mhfdat-jp.bin,ドラゴンフェイス,Dragon Face
0x46e124@mhfdat-jp.bin,レザーライトＵヘルム,Leather U Helm
0x46e128@mhfdat-jp.bin,チェーンＵヘルム,Chainmail U Helm
0x46e12c@mhfdat-jp.bin,ハンターＵヘルム,Hunter's U Helm
0x46e130@mhfdat-jp.bin,ハンターＵキャップ,Hunter's U Cap
0x46e134@mhfdat-jp.bin,ボーンＵヘルム,Bone U Helm
0x46e138@mhfdat-jp.bin,ボーンＵキャップ,Bone U Cap
0x46e13c@mhfdat-jp.bin,ギアノスヘルム,Gia Helm
0x46e140@mhfdat-jp.bin,ギアノスキャップ,Gia Cap
0x46e144@mhfdat-jp.bin,バトルＵヘルム,Battle U Helm
0x46e148@mhfdat-jp.bin,バトルＵキャップ,Battle U Cap
0x46e14c@mhfdat-jp.bin,ランゴＵヘルム,Vespoid U Helm
0x46e150@mhfdat-jp.bin,ランゴＵキャップ,Vespoid U Cap
0x46e154@mhfdat-jp.bin,タロスＵヘルム,Hornetaur U Helm
0x46e158@mhfdat-jp.bin,タロスＵキャップ,Hornetaur U Cap
0x46e15c@mhfdat-jp.bin,ハイメタＵヘルム,High Metal U Helm
0x46e160@mhfdat-jp.bin,ハイメタＵキャップ,High Metal U Cap
0x46e164@mhfdat-jp.bin,ゲネポスＵヘルム,Gen U Helm
0x46e168@mhfdat-jp.bin,ゲネポスＵキャップ,Gen U Cap
0x46e16c@mhfdat-jp.bin,イーオスＵヘルム,Io U Helm
0x46e170@mhfdat-jp.bin,イーオスＵキャップ,Io U Cap
0x46e174@mhfdat-jp.bin,ゲリョスＵヘルム,Gypceros U Helm
0x46e178@mhfdat-jp.bin,ゲリョスＵキャップ,Gypceros U Cap
0x46e17c@mhfdat-jp.bin,ガレオスＵヘルム,Cepha U Helm
0x46e180@mhfdat-jp.bin,ガレオスＵキャップ,Cepha U Cap
0x46e184@mhfdat-jp.bin,リオハートヘルム,Rath Heart Helm
0x46e188@mhfdat-jp.bin,リオハートキャップ,Rath Heart Cap
0x46e18c@mhfdat-jp.bin,フルフルＵヘルム,Khezu U Helm
0x46e190@mhfdat-jp.bin,フルフルＵキャップ,Khezu U Cap
0x46e194@mhfdat-jp.bin,リオソウルヘルム,Rath Soul Helm
0x46e198@mhfdat-jp.bin,リオソウルキャップ,Rath Soul Cap
0x46e19c@mhfdat-jp.bin,ガノスＵヘルム,Plesioth U Helm
0x46e1a0@mhfdat-jp.bin,ガノスＵキャップ,Plesioth U Cap
0x46e1a4@mhfdat-jp.bin,バサルＵヘルム,Basarios U Helm
0x46e1a8@mhfdat-jp.bin,バサルＵキャップ,Basarios U Cap
0x46e1ac@mhfdat-jp.bin,ディアブロＵヘルム,Diablos U Helm
0x46e1b0@mhfdat-jp.bin,ディアブロＵキャップ,Diablos U Cap
0x46e1b4@mhfdat-jp.bin,モノデビルヘルム,Monodevil Helm
0x46e1b8@mhfdat-jp.bin,モノデビルキャップ,Monodevil Cap
0x46e1bc@mhfdat-jp.bin,グラビドＵヘルム,Gravios U Helm
0x46e1c0@mhfdat-jp.bin,グラビドＵキャップ,Gravios U Cap
0x46e1c4@mhfdat-jp.bin,忍の面・空,Shinobi Mask・空
0x46e1c8@mhfdat-jp.bin,忍の面・海,Shinobi Mask・海
0x46e1cc@mhfdat-jp.bin,ガーディアンＵヘルム,Guardian U Helm
0x46e1d0@mhfdat-jp.bin,ガーディアンＵマスク,Guardian U Mask
0x46e1d4@mhfdat-jp.bin,ヘルパーＵフード,Helper U Hood
0x46e1d8@mhfdat-jp.bin,ヒーラーＵベレー,Healer U Beret
0x46e1dc@mhfdat-jp.bin,暁丸・皇【兜】,暁丸・皇 Kabuto
0x46e1e0@mhfdat-jp.bin,曙丸・皇【烏帽子】,曙丸・皇 [Eboshi 】
0x46e1e4@mhfdat-jp.bin,凛・皇【鉢金】,凛・皇 Hachigane
0x46e1e8@mhfdat-jp.bin,艶・皇【鉢金】,艶・皇 Hachigane
0x46e1ec@mhfdat-jp.bin,ミラバルカンヘッド,ミラ Vulcan Head
0x46e1f0@mhfdat-jp.bin,ミラバルカンフェイス,ミラ Vulcan Face
0x46e1f4@mhfdat-jp.bin,ゴールドルナヘルム,ゴールド Lune Helm
0x46e1f8@mhfdat-jp.bin,ゴールドルナキャップ,ゴールド Lune Cap
0x46e1fc@mhfdat-jp.bin,シルバーソルヘルム,Silver Sol Helm
0x46e200@mhfdat-jp.bin,シルバーソルキャップ,Silver Sol Cap
0x46e204@mhfdat-jp.bin,レザーライトＳヘルム,Leather S Helm
0x46e208@mhfdat-jp.bin,チェーンＳヘルム,Chainmail S Helm
0x46e20c@mhfdat-jp.bin,ハンターＳヘルム,Hunter's S Helm
0x46e210@mhfdat-jp.bin,ハンターＳキャップ,Hunter's S Cap
0x46e214@mhfdat-jp.bin,ボーンＳヘルム,Bone S Helm
0x46e218@mhfdat-jp.bin,ボーンＳキャップ,Bone S Cap
0x46e21c@mhfdat-jp.bin,ランポスＳヘルム,Veloci S Helm
0x46e220@mhfdat-jp.bin,ランポスＳキャップ,Veloci S Cap
0x46e224@mhfdat-jp.bin,バトルＳヘルム,Battle S Helm
0x46e228@mhfdat-jp.bin,バトルＳキャップ,Battle S Cap
0x46e22c@mhfdat-jp.bin,ランゴＳヘルム,Vespoid S Helm
0x46e230@mhfdat-jp.bin,ランゴＳキャップ,Vespoid S Cap
0x46e234@mhfdat-jp.bin,タロスＳヘルム,Hornetaur S Helm
0x46e238@mhfdat-jp.bin,タロスＳキャップ,Hornetaur S Cap
0x46e23c@mhfdat-jp.bin,ハイメタＳヘルム,High Metal S Helm
0x46e240@mhfdat-jp.bin,ハイメタＳキャップ,High Metal S Cap
0x46e244@mhfdat-jp.bin,ゲネポスＳヘルム,Gen S Helm
0x46e248@mhfdat-jp.bin,ゲネポスＳキャップ,Gen S Cap
0x46e24c@mhfdat-jp.bin,クックＳヘルム,Kut-Ku S Helm
0x46e250@mhfdat-jp.bin,クックＳキャップ,Kut-Ku S Cap
0x46e254@mhfdat-jp.bin,イーオスＳヘルム,Io S Helm
0x46e258@mhfdat-jp.bin,イーオスＳキャップ,Io S Cap
0x46e25c@mhfdat-jp.bin,ゲリョスＳヘルム,Gypceros S Helm
0x46e260@mhfdat-jp.bin,ゲリョスＳキャップ,Gypceros S Cap
0x46e264@mhfdat-jp.bin,ガレオスＳヘルム,Cepha S Helm
0x46e268@mhfdat-jp.bin,ガレオスＳキャップ,Cepha S Cap
0x46e26c@mhfdat-jp.bin,レイアＳヘルム,Rathian S Helm
0x46e270@mhfdat-jp.bin,レイアＳキャップ,Rathian S Cap
0x46e274@mhfdat-jp.bin,フルフルＳヘルム,Khezu S Helm
0x46e278@mhfdat-jp.bin,フルフルＳキャップ,Khezu S Cap
0x46e27c@mhfdat-jp.bin,レウスＳヘルム,Rathalos S Helm
0x46e280@mhfdat-jp.bin,レウスＳキャップ,Rathalos S Cap
0x46e284@mhfdat-jp.bin,ガノスＳヘルム,Plesioth S Helm
0x46e288@mhfdat-jp.bin,ガノスＳキャップ,Plesioth S Cap
0x46e28c@mhfdat-jp.bin,バサルＳヘルム,Basarios S Helm
0x46e290@mhfdat-jp.bin,バサルＳキャップ,Basarios S Cap
0x46e294@mhfdat-jp.bin,ディアブロＳヘルム,Diablos S Helm
0x46e298@mhfdat-jp.bin,ディアブロＳキャップ,Diablos S Cap
0x46e29c@mhfdat-jp.bin,モノブロスＳヘルム,Monoblos S Helm
0x46e2a0@mhfdat-jp.bin,モノブロスＳキャップ,Monoblos S Cap
0x46e2a4@mhfdat-jp.bin,グラビドＳヘルム,Gravios S Helm
0x46e2a8@mhfdat-jp.bin,グラビドＳキャップ,Gravios S Cap
0x46e2ac@mhfdat-jp.bin,忍の面・天,Shinobi Mask・Heaven
0x46e2b0@mhfdat-jp.bin,忍の面・地,Shinobi Mask・Earth
0x46e2b4@mhfdat-jp.bin,ギルドガードロポス紅,Guild Guard Lobos Crimson
0x46e2b8@mhfdat-jp.bin,ギルドガードマスク紅,Guild Guard Mask Crimson
0x46e2bc@mhfdat-jp.bin,ギルドガードハット紅,Guild Guard Hat Crimson
0x46e2c0@mhfdat-jp.bin,ギルドガードピアス紅,Guild Guard Piercings Crimson
0x46e2c4@mhfdat-jp.bin,暁丸・覇【兜】,暁丸・覇 Kabuto
0x46e2c8@mhfdat-jp.bin,曙丸・覇【烏帽子】,曙丸・覇 [Eboshi 】
0x46e2cc@mhfdat-jp.bin,凛・覇【鉢金】,凛・覇 Hachigane
0x46e2d0@mhfdat-jp.bin,艶・覇【鉢金】,艶・覇 Hachigane
0x46e2d4@mhfdat-jp.bin,ドラゴンＳヘッド,Dragon S Head
0x46e2d8@mhfdat-jp.bin,ドラゴンＳフェイス,Dragon S Face
0x46e2dc@mhfdat-jp.bin,ザザミヘルム,Hermitaur Helm
0x46e2e0@mhfdat-jp.bin,ザザミキャップ,Hermitaur Cap
0x46e2e4@mhfdat-jp.bin,ザザミＵヘルム,Hermitaur U Helm
0x46e2e8@mhfdat-jp.bin,ザザミＵキャップ,Hermitaur U Cap
0x46e2ec@mhfdat-jp.bin,ザザミＳヘルム,Hermitaur S Helm
0x46e2f0@mhfdat-jp.bin,ザザミＳキャップ,Hermitaur S Cap
0x46e2f4@mhfdat-jp.bin,コンガヘルム,Congalala Helm
0x46e2f8@mhfdat-jp.bin,コンガキャップ,Congalala Cap
0x46e2fc@mhfdat-jp.bin,コンガＵヘルム,Congalala U Helm
0x46e300@mhfdat-jp.bin,コンガＵキャップ,Congalala U Cap
0x46e304@mhfdat-jp.bin,コンガＳヘルム,Congalala S Helm
0x46e308@mhfdat-jp.bin,コンガＳキャップ,Congalala S Cap
0x46e30c@mhfdat-jp.bin,ブランゴヘルム,Blango Helm
0x46e310@mhfdat-jp.bin,ブランゴキャップ,Blango Cap
0x46e314@mhfdat-jp.bin,ブランゴＵヘルム,Blango U Helm
0x46e318@mhfdat-jp.bin,ブランゴＵキャップ,Blango U Cap
0x46e31c@mhfdat-jp.bin,ブランゴＳヘルム,Blango S Helm
0x46e320@mhfdat-jp.bin,ブランゴＳキャップ,Blango S Cap
0x46e324@mhfdat-jp.bin,ギザミヘルム,Ceanataur Helm
0x46e328@mhfdat-jp.bin,ギザミキャップ,Ceanataur Cap
0x46e32c@mhfdat-jp.bin,ギザミＵヘルム,Ceanataur U Helm
0x46e330@mhfdat-jp.bin,ギザミＵキャップ,Ceanataur U Cap
0x46e334@mhfdat-jp.bin,ギザミＳヘルム,Ceanataur S Helm
0x46e338@mhfdat-jp.bin,ギザミＳキャップ,Ceanataur S Cap
0x46e33c@mhfdat-jp.bin,キリンホーン,Kirin Horn
0x46e340@mhfdat-jp.bin,キリンコルノ,Kirin Corno
0x46e344@mhfdat-jp.bin,キリンＳホーン,Kirin S Horn
0x46e348@mhfdat-jp.bin,キリンＳコルノ,Kirin S Corno
0x46e34c@mhfdat-jp.bin,クシャナアンク,Kushala Glare
0x46e350@mhfdat-jp.bin,クシャナスーラ,Kushala Snarl
0x46e354@mhfdat-jp.bin,ミヅハ【烏帽子】,Mizuha [Eboshi 】
0x46e358@mhfdat-jp.bin,トヨタマ【烏帽子】,Toyotama [Eboshi 】
0x46e35c@mhfdat-jp.bin,エンプレスセクター,Empress Sector
0x46e360@mhfdat-jp.bin,エンプレスマスク,Empress Mask
0x46e364@mhfdat-jp.bin,金剛【兜】,Gold 剛 Kabuto
0x46e368@mhfdat-jp.bin,不動【兜】,不動 Kabuto
0x46e36c@mhfdat-jp.bin,カイザークラウン,Kaiser Crown
0x46e370@mhfdat-jp.bin,カイザーマスク,Kaiser Mask
0x46e374@mhfdat-jp.bin,夜叉【御面】,夜叉【御 Mask 】
0x46e378@mhfdat-jp.bin,修羅【御面】,修羅【御 Mask 】
0x46e37c@mhfdat-jp.bin,金色ノ添髪,Golden Headdress
0x46e380@mhfdat-jp.bin,黒子ノ面隠,Black Cub Mask 隠
0x46e384@mhfdat-jp.bin,ミラルーツヘッド,White Fatalis Head
0x46e388@mhfdat-jp.bin,ミラルーツフェイス,White Fatalis Face
0x46e38c@mhfdat-jp.bin,クロオビＳヘルム,Black Belt S Helm
0x46e390@mhfdat-jp.bin,ギアノスフェイク,Gia Mask
0x46e394@mhfdat-jp.bin,ガブラスフェイク,Remobra Mask
0x46e398@mhfdat-jp.bin,ギルドナイトフェザー,Guild Knight Feather
0x46e39c@mhfdat-jp.bin,ギルドナイトマスク,Guild Knight Mask
0x46e3a0@mhfdat-jp.bin,メイドカチューシャ,Maid Headband
0x46e3a4@mhfdat-jp.bin,プライベートグラス,Private Glasses
0x46e3a8@mhfdat-jp.bin,ホワイトピアス,White Piercings
0x46e3ac@mhfdat-jp.bin,ギルドガードロポス蒼,Guild Guard Lobos Green
0x46e3b0@mhfdat-jp.bin,ギルドガードマスク蒼,Guild Guard Mask Green
0x46e3b4@mhfdat-jp.bin,ギルドガードハット蒼,Guild Guard Hat Green
0x46e3b8@mhfdat-jp.bin,ギルドガードピアス蒼,Guild Guard Piercings Green
0x46e3bc@mhfdat-jp.bin,Ｋ・ロブスタキャップ,K・ロブスタ Cap
0x46e3c0@mhfdat-jp.bin,技のピアス,技の Piercings
0x46e3c4@mhfdat-jp.bin,力のピアス,力の Piercings
0x46e3c8@mhfdat-jp.bin,命のピアス,命の Piercings
0x46e3cc@mhfdat-jp.bin,名人のピアス,名人の Piercings
0x46e3d0@mhfdat-jp.bin,職人のピアス,職人の Piercings
0x46e3d4@mhfdat-jp.bin,凄腕のピアス,凄腕の Piercings
0x46e3d8@mhfdat-jp.bin,強運のピアス,強運の Piercings
0x46e3dc@mhfdat-jp.bin,悪運のピアス,悪運の Piercings
0x46e3e0@mhfdat-jp.bin,護人のピアス,護人の Piercings
0x46e3e4@mhfdat-jp.bin,勇者のピアス,勇者の Piercings
0x46e3e8@mhfdat-jp.bin,Ｆヘッド00,F Head 00
0x46e3ec@mhfdat-jp.bin,Ｆヘッド01,F Head 01
0x46e3f0@mhfdat-jp.bin,フレアーピアス,Flare Piercings
0x46e3f4@mhfdat-jp.bin,クックイヤーカフス,Kut-Ku Ear Cuffs
0x46e3f8@mhfdat-jp.bin,クックイヤリング,Kut-Ku Earrings
0x46e3fc@mhfdat-jp.bin,クックＵヘルム,Kut-Ku U Helm
0x46e400@mhfdat-jp.bin,クックＵキャップ,Kut-Ku U Cap
0x46e404@mhfdat-jp.bin,ヒプノヘルム,Hypnoc Helm
0x46e408@mhfdat-jp.bin,ヒプノキャップ,Hypnoc Cap
0x46e40c@mhfdat-jp.bin,ヒプノＵヘルム,Hypnoc U Helm
0x46e410@mhfdat-jp.bin,ヒプノＵキャップ,Hypnoc U Cap
0x46e414@mhfdat-jp.bin,ラヴァヘルム,Lavasioth Helm
0x46e418@mhfdat-jp.bin,ラヴァキャップ,Lavasioth Cap
0x46e41c@mhfdat-jp.bin,ラヴァＳヘルム,Lavasioth S Helm
0x46e420@mhfdat-jp.bin,ラヴァＳキャップ,Lavasioth S Cap
0x46e424@mhfdat-jp.bin,ギアノスＵヘルム,Gia U Helm
0x46e428@mhfdat-jp.bin,ギアノスＵキャップ,Gia U Cap
0x46e42c@mhfdat-jp.bin,しろねこ服マスク,White Cat Mask
0x46e430@mhfdat-jp.bin,くろねこ服マスク,Black Cat Mask
0x46e434@mhfdat-jp.bin,きんねこ服マスク,Gold Cat Mask
0x46e438@mhfdat-jp.bin,ゴシックピアス,Gothic Piercings
0x46e43c@mhfdat-jp.bin,ゴシックＦピアス,Gothic F Piercings
0x46e440@mhfdat-jp.bin,ベイルイヤリング,Beil Earrings
0x46e444@mhfdat-jp.bin,コムラドヘルム【猩】,Comrade Helm 【猩】
0x46e448@mhfdat-jp.bin,ジストレルヘッド,Jisutoreru Head
0x46e44c@mhfdat-jp.bin,デュオヘルム,Duo Helm
0x46e450@mhfdat-jp.bin,スマートヘッド,Smart Head
0x46e454@mhfdat-jp.bin,ストレングスヘッド,Strength Head
0x46e458@mhfdat-jp.bin,ブートアップヘッド,Boot Up Head
0x46e45c@mhfdat-jp.bin,ユウェネスヘッド,Yuenesu Head
0x46e460@mhfdat-jp.bin,欠番,Missing No.
0x46e464@mhfdat-jp.bin,欠番,Missing No.
0x46e468@mhfdat-jp.bin,エアリアルヘッド,Aerial Head
0x46e46c@mhfdat-jp.bin,ジストヘッド,ジスト Head
0x46e470@mhfdat-jp.bin,欠番,Missing No.
0x46e474@mhfdat-jp.bin,エクストラヘッド,Extra Head
0x46e478@mhfdat-jp.bin,ウナペルトヘッド,ウナペルト Head
0x46e47c@mhfdat-jp.bin,キューラーヘッド,Kyuura Head
0x46e480@mhfdat-jp.bin,欠番,Missing No.
0x46e484@mhfdat-jp.bin,欠番,Missing No.
0x46e488@mhfdat-jp.bin,ラフねこ服マスク,Rough Cat Mask
0x46e48c@mhfdat-jp.bin,レックスヘルム,Tigrex Helm
0x46e490@mhfdat-jp.bin,レックスキャップ,Tigrex Cap
0x46e494@mhfdat-jp.bin,レックスＳヘルム,Tigrex S Helm
0x46e498@mhfdat-jp.bin,レックスＳキャップ,Tigrex S Cap
0x46e49c@mhfdat-jp.bin,パピメルテスタ,Butterfly Vertex
0x46e4a0@mhfdat-jp.bin,パピメルカブト,Butterfly Kabuto
0x46e4a4@mhfdat-jp.bin,パピメルＳテスタ,Butterfly S Vertex
0x46e4a8@mhfdat-jp.bin,パピメルＳカブト,Butterfly S Kabuto
0x46e4ac@mhfdat-jp.bin,チャチャブーフェイク,Shakalaka Mask
0x46e4b0@mhfdat-jp.bin,フェロウクレスト,Fellow Crest
0x46e4b4@mhfdat-jp.bin,常連のピアス,常連の Piercings
0x46e4b8@mhfdat-jp.bin,猟団員の証【耐】,猟団員の証【耐】
0x46e4bc@mhfdat-jp.bin,狩人のピアス【運搬】,狩人の Piercings 【運搬】
0x46e4c0@mhfdat-jp.bin,狩人のピアス【釣師】,狩人の Piercings 【釣師】
0x46e4c4@mhfdat-jp.bin,猟団員の証【鉄壁】,猟団員の証【鉄壁】
0x46e4c8@mhfdat-jp.bin,メルホアＵフロール,Melahoa U Vizor
0x46e4cc@mhfdat-jp.bin,マカルパＵフード,Makluva U Hood
0x46e4d0@mhfdat-jp.bin,ビストロＵキャップ,Bistro U Cap
0x46e4d4@mhfdat-jp.bin,オウビートテスタ,King Beetle Vertex
0x46e4d8@mhfdat-jp.bin,オウビートカブト,King Beetle Kabuto
0x46e4dc@mhfdat-jp.bin,オウビートＳテスタ,King Beetle S Vertex
0x46e4e0@mhfdat-jp.bin,オウビートＳカブト,King Beetle S Kabuto
0x46e4e4@mhfdat-jp.bin,デスギアゲヒル,Death Stench Brain
0x46e4e8@mhfdat-jp.bin,デスギアゼレ,Death Stench Soul
0x46e4ec@mhfdat-jp.bin,デスギアＳゲヒル,Death Stench S Brain
0x46e4f0@mhfdat-jp.bin,デスギアＳゼレ,Death Stench S Soul
0x46e4f4@mhfdat-jp.bin,マフモフフード,Mafumofu Hood
0x46e4f8@mhfdat-jp.bin,マフモフＳフード,Mafumofu S Hood
0x46e4fc@mhfdat-jp.bin,アカムトサクパケ,Akantor Mask
0x46e500@mhfdat-jp.bin,アカムトサクイマキ,Akantor Fangs
0x46e504@mhfdat-jp.bin,クシャナＦアンク,Kushala F Glare
0x46e508@mhfdat-jp.bin,クシャナＦスーラ,Kushala F Snarl
0x46e50c@mhfdat-jp.bin,カイザーＦクラウン,Kaiser F Crown
0x46e510@mhfdat-jp.bin,カイザーＦマスク,Kaiser F Mask
0x46e514@mhfdat-jp.bin,ミヅハ魁【烏帽子】,Mizuha 魁 [Eboshi 】
0x46e518@mhfdat-jp.bin,トヨタマ魁【烏帽子】,Toyotama 魁 [Eboshi 】
0x46e51c@mhfdat-jp.bin,金剛・魁【兜】, Gold 剛・魁 Kabuto
0x46e520@mhfdat-jp.bin,不動・魁【兜】,不動・魁 Kabuto
0x46e524@mhfdat-jp.bin,夜叉・魁【御面】,夜叉・魁【御 Mask 】
0x46e528@mhfdat-jp.bin,修羅・魁【御面】,修羅・魁【御 Mask 】
0x46e52c@mhfdat-jp.bin,エンプレスＦセクター,Empress F Sector
0x46e530@mhfdat-jp.bin,エンプレスＦマスク,Empress F Mask
0x46e534@mhfdat-jp.bin,金色ノ添髪・魁,Golden Headdress・魁
0x46e538@mhfdat-jp.bin,黒子ノ面隠・魁,Black Cub Mask 隠・魁
0x46e53c@mhfdat-jp.bin,ガルルガＦヘルム,Garuga F Helm
0x46e540@mhfdat-jp.bin,ガルルガＦキャップ,Garuga F Cap
0x46e544@mhfdat-jp.bin,クシャナＦアンク,Kushala F Glare
0x46e548@mhfdat-jp.bin,クシャナＦスーラ,Kushala F Snarl
0x46e54c@mhfdat-jp.bin,カイザーＦクラウン,Kaiser F Crown
0x46e550@mhfdat-jp.bin,カイザーＦマスク,Kaiser F Mask
0x46e554@mhfdat-jp.bin,ミヅハ魁【烏帽子】,Mizuha 魁 [Eboshi 】
0x46e558@mhfdat-jp.bin,トヨタマ魁【烏帽子】,Toyotama 魁 [Eboshi 】
0x46e55c@mhfdat-jp.bin,金剛・魁【兜】, Gold 剛・魁 Kabuto
0x46e560@mhfdat-jp.bin,不動・魁【兜】,不動・魁 Kabuto
0x46e564@mhfdat-jp.bin,夜叉・魁【御面】,夜叉・魁【御 Mask 】
0x46e568@mhfdat-jp.bin,修羅・魁【御面】,修羅・魁【御 Mask 】
0x46e56c@mhfdat-jp.bin,エンプレスＦセクター,Empress F Sector
0x46e570@mhfdat-jp.bin,エンプレスＦマスク,Empress F Mask
0x46e574@mhfdat-jp.bin,金色ノ添髪・魁,Golden Headdress・魁
0x46e578@mhfdat-jp.bin,黒子ノ面隠・魁,Black Cub Mask 隠・魁
0x46e57c@mhfdat-jp.bin,ガルルガＦヘルム,Garuga F Helm
0x46e580@mhfdat-jp.bin,ガルルガＦキャップ,Garuga F Cap
0x46e584@mhfdat-jp.bin,ラヴァＵヘルム,Lavasioth U Helm
0x46e588@mhfdat-jp.bin,ラヴァＵキャップ,Lavasioth U Cap
0x46e58c@mhfdat-jp.bin,ホワイトメタルピアス,White Metal Piercings
0x46e590@mhfdat-jp.bin,セレストピアス,Celeste Piercings
0x46e594@mhfdat-jp.bin,シエルイヤリング,Ciel Earrings
0x46e598@mhfdat-jp.bin,コムラダヘルム【赤】,Comrade Helm [Red 】
0x46e59c@mhfdat-jp.bin,コムラダヘルム【青】,Comrade Helm [Blue 】
0x46e5a0@mhfdat-jp.bin,コムラダヘルム【緑】,Comrade Helm [Green 】
0x46e5a4@mhfdat-jp.bin,コムラダヘルム【橙】,Comrade Helm [Orange 】
0x46e5a8@mhfdat-jp.bin,ケルビフェイク,Kelbi Mask
0x46e5ac@mhfdat-jp.bin,サンタ帽,Santa Cap
0x46e5b0@mhfdat-jp.bin,セフティＳピアス,Safety S Piercings
0x46e5b4@mhfdat-jp.bin,セフティＵピアス,Safety U Piercings
0x46e5b8@mhfdat-jp.bin,セフティピアス,Safety Piercings
0x46e5bc@mhfdat-jp.bin,セフティＦピアス,Safety F Piercings
0x46e5c0@mhfdat-jp.bin,トリビュートピアス,Tribute Piercings
0x46e5c4@mhfdat-jp.bin,ダミー,ダミー
0x46e5c8@mhfdat-jp.bin,ダミー,ダミー
0x46e5cc@mhfdat-jp.bin,エスピナゲヒル,Espinas Brain
0x46e5d0@mhfdat-jp.bin,エスピナアゼレ,Espinas Soul
0x46e5d4@mhfdat-jp.bin,エスピナＦゲヒル,Espinas F Brain
0x46e5d8@mhfdat-jp.bin,エスピナＦアゼレ,Espinas F Soul
0x46e5dc@mhfdat-jp.bin,アスールヘッド,Azul Head
0x46e5e0@mhfdat-jp.bin,アスールウィッグ,Azul Wig
0x46e5e4@mhfdat-jp.bin,アメザリヘッド,Amezari Head
0x46e5e8@mhfdat-jp.bin,アメザリキャップ,Amezari Cap
0x46e5ec@mhfdat-jp.bin,プロミスヘッド【白】,Promise Head [White 】
0x46e5f0@mhfdat-jp.bin,プロミスヘッド【青】,Promise Head [Blue 】
0x46e5f4@mhfdat-jp.bin,プロミスヘッド【紫】,Promise Head [Purple 】
0x46e5f8@mhfdat-jp.bin,プロミスヘッド【黄】,Promise Head [Yellow 】
0x46e5fc@mhfdat-jp.bin,ブリスヘッド【白】,Bliss Head [White 】
0x46e600@mhfdat-jp.bin,ブリスヘッド【青】,Bliss Head [Blue 】
0x46e604@mhfdat-jp.bin,ブリスヘッド【紫】,Bliss Head [Purple 】
0x46e608@mhfdat-jp.bin,ブリスヘッド【黄】,Bliss Head [Yellow 】
0x46e60c@mhfdat-jp.bin,ブリスＦヘッド【白】,Bliss F Head [White 】
0x46e610@mhfdat-jp.bin,ブリスＦヘッド【青】,Bliss F Head [Blue 】
0x46e614@mhfdat-jp.bin,ブリスＦヘッド【紫】,Bliss F Head [Purple 】
0x46e618@mhfdat-jp.bin,ブリスＦヘッド【黄】,Bliss F Head [Yellow 】
0x46e61c@mhfdat-jp.bin,ロジウェアヘッド,Lodge Wear Head
0x46e620@mhfdat-jp.bin,エスピナスフェイク,Espinas Mask
0x46e624@mhfdat-jp.bin,ノワールヘッド,Noir Head
0x46e628@mhfdat-jp.bin,バトルキャップSP青,Battle Cap SP Blue
0x46e62c@mhfdat-jp.bin,バトルキャップSP黄,Battle Cap SP Yellow
0x46e630@mhfdat-jp.bin,バトルキャップSP紫,Battle Cap SP Purple
0x46e634@mhfdat-jp.bin,レイアヘルムSP青,Rathian Helm SP Blue
0x46e638@mhfdat-jp.bin,レイアヘルムSP赤,Rathian Helm SP Red
0x46e63c@mhfdat-jp.bin,レイアヘルムSP黒,Rathian Helm SP Black
0x46e640@mhfdat-jp.bin,フルフルヘルムSP青,Khezu Helm SP Blue
0x46e644@mhfdat-jp.bin,フルフルヘルムSP緑,Khezu Helm SP Green
0x46e648@mhfdat-jp.bin,フルフルヘルムSP黒,Khezu Helm SP Black
0x46e64c@mhfdat-jp.bin,エスピナヘルムSP赤,Espinas Helm SP Red
0x46e650@mhfdat-jp.bin,エスピナヘルムSP青,Espinas Helm SP Blue
0x46e654@mhfdat-jp.bin,エスピナヘルムSP黄,Espinas Helm SP Yellow
0x46e658@mhfdat-jp.bin,エスピナキャップSP赤,Espinas Cap SP Red
0x46e65c@mhfdat-jp.bin,エスピナキャップSP青,Espinas Cap SP Blue
0x46e660@mhfdat-jp.bin,エスピナキャップSP黄,Espinas Cap SP Yellow
0x46e664@mhfdat-jp.bin,ノワールピアス,Noir Piercings
0x46e668@mhfdat-jp.bin,ガーディヘルムSP白,Guardi Helm SP White
0x46e66c@mhfdat-jp.bin,ガーディヘルムSP黒,Guardi Helm SP Black
0x46e670@mhfdat-jp.bin,ガーディヘルムSP紫,Guardi Helm SP Purple
0x46e674@mhfdat-jp.bin,ヒーラーグラスSP青,Healer Glasses SP Blue
0x46e678@mhfdat-jp.bin,ヒーラーグラスSP白,Healer Glasses SP White
0x46e67c@mhfdat-jp.bin,ヒーラーグラスSP黄,Healer Glasses SP Yellow
0x46e680@mhfdat-jp.bin,マフモフフードSP赤,Mafumofu Hood SP Red
0x46e684@mhfdat-jp.bin,マフモフフードSP黄,Mafumofu Hood SP Yellow
0x46e688@mhfdat-jp.bin,マフモフフードSP紫,Mafumofu Hood SP Purple
0x46e68c@mhfdat-jp.bin,バサルキャップSP赤,Basarios Cap SP Red
0x46e690@mhfdat-jp.bin,バサルキャップSP黒,Basarios Cap SP Black
0x46e694@mhfdat-jp.bin,バサルキャップSP黄,Basarios Cap SP Yellow
0x46e698@mhfdat-jp.bin,アプカルヘルム,Apkallu Helm
0x46e69c@mhfdat-jp.bin,アプカルキャップ,Apkallu Cap
0x46e6a0@mhfdat-jp.bin,ゴスペルヘルム,Gospel Helm
0x46e6a4@mhfdat-jp.bin,ゴスペルキャップ,Gospel Cap
0x46e6a8@mhfdat-jp.bin,エスピナＵゲヒル,Espinas U Brain
0x46e6ac@mhfdat-jp.bin,エスピナＵアゼレ,Espinas U Soul
0x46e6b0@mhfdat-jp.bin,ブランゴヘルムSP黄,Blango Helm SP Yellow
0x46e6b4@mhfdat-jp.bin,ブランゴヘルムSP青,Blango Helm SP Blue
0x46e6b8@mhfdat-jp.bin,ブランゴヘルムSP黒,Blango Helm SP Black
0x46e6bc@mhfdat-jp.bin,金色ノ添髪SP白,Golden Headdress SP White
0x46e6c0@mhfdat-jp.bin,金色ノ添髪SP紫,Golden Headdress SP Purple
0x46e6c4@mhfdat-jp.bin,金色ノ添髪SP緑,Golden Headdress SP Green
0x46e6c8@mhfdat-jp.bin,グラビドキャップSP緑,Gravios Cap SP Green
0x46e6cc@mhfdat-jp.bin,グラビドキャップSP紫,Gravios Cap SP Purple
0x46e6d0@mhfdat-jp.bin,グラビドキャップSP赤,Gravios Cap SP Red
0x46e6d4@mhfdat-jp.bin,フェロウビコーヌ,Fellow Bikoonu
0x46e6d8@mhfdat-jp.bin,祭のあとに【勝ち猫】,Post-Festivities [Winning Cat]
0x46e6dc@mhfdat-jp.bin,祭のあとに【勝ち猫】,Post-Festivities [Winning Cat]
0x46e6e0@mhfdat-jp.bin,祭のあとに【勝ち猫】,Post-Festivities [Winning Cat]
0x46e6e4@mhfdat-jp.bin,祭のあとに【勝ち猫】,Post-Festivities [Winning Cat]
0x46e6e8@mhfdat-jp.bin,祭のあとに【勝ち猫】,Post-Festivities [Winning Cat]
0x46e6ec@mhfdat-jp.bin,祭のあとに【勝ち猫】,Post-Festivities [Winning Cat]
0x46e6f0@mhfdat-jp.bin,アクラヘルム,Akura Helm
0x46e6f4@mhfdat-jp.bin,アクラヘルム黄,Akura Helm Yellow
0x46e6f8@mhfdat-jp.bin,アクラヘルム蒼,Akura Helm Green
0x46e6fc@mhfdat-jp.bin,アクラヘルム紅,Akura Helm Crimson
0x46e700@mhfdat-jp.bin,アクラキャップ,Akura Cap
0x46e704@mhfdat-jp.bin,アクラキャップ黄,Akura Cap Yellow
0x46e708@mhfdat-jp.bin,アクラキャップ蒼,Akura Cap Green
0x46e70c@mhfdat-jp.bin,アクラキャップ紅,Akura Cap Crimson
0x46e710@mhfdat-jp.bin,アクラＦヘルム,Akura F Helm
0x46e714@mhfdat-jp.bin,アクラＦヘルム黄,Akura F Helm Yellow
0x46e718@mhfdat-jp.bin,アクラＦヘルム蒼,Akura F Helm Green
0x46e71c@mhfdat-jp.bin,アクラＦヘルム紅,Akura F Helm Crimson
0x46e720@mhfdat-jp.bin,アクラＦキャップ,Akura F Cap
0x46e724@mhfdat-jp.bin,アクラＦキャップ黄,Akura F Cap Yellow
0x46e728@mhfdat-jp.bin,アクラＦキャップ蒼,Akura F Cap Green
0x46e72c@mhfdat-jp.bin,アクラＦキャップ紅,Akura F Cap Crimson
0x46e730@mhfdat-jp.bin,エクエスヘルム,Eques Helm
0x46e734@mhfdat-jp.bin,エクエスキャップ,Eques Cap
0x46e738@mhfdat-jp.bin,エクエスヘルム改,Eques Helm 改
0x46e73c@mhfdat-jp.bin,エクエスキャップ改,Eques Cap 改
0x46e740@mhfdat-jp.bin,エクエスＦヘルム,Eques F Helm
0x46e744@mhfdat-jp.bin,エクエスＦキャップ,Eques F Cap
0x46e748@mhfdat-jp.bin,星祭の面・夏【赤】,Star Festival Mask・Summer [Red 】
0x46e74c@mhfdat-jp.bin,星祭の面・夏【青】,Star Festival Mask・Summer [Blue 】
0x46e750@mhfdat-jp.bin,星祭の面・夏【黒】,Star Festival Mask・Summer [Black 】
0x46e754@mhfdat-jp.bin,星祭の面・夏【白】,Star Festival Mask・Summer [White 】
0x46e758@mhfdat-jp.bin,七夕の面・夏【赤】,Tanabata Mask・Summer [Red 】
0x46e75c@mhfdat-jp.bin,七夕の面・夏【青】,Tanabata Mask・Summer [Blue 】
0x46e760@mhfdat-jp.bin,七夕の面・夏【黒】,Tanabata Mask・Summer [Black 】
0x46e764@mhfdat-jp.bin,七夕の面・夏【白】,Tanabata Mask・Summer [White 】
0x46e768@mhfdat-jp.bin,星祭の面・織【赤】,Star Festival Mask・織 [Red 】
0x46e76c@mhfdat-jp.bin,星祭の面・織【青】,Star Festival Mask・織 [Blue 】
0x46e770@mhfdat-jp.bin,星祭の面・織【黒】,Star Festival Mask・織 [Black 】
0x46e774@mhfdat-jp.bin,星祭の面・織【白】,Star Festival Mask・織 [White 】
0x46e778@mhfdat-jp.bin,七夕の面・織【赤】,Tanabata Mask・織 [Red 】
0x46e77c@mhfdat-jp.bin,七夕の面・織【青】,Tanabata Mask・織 [Blue 】
0x46e780@mhfdat-jp.bin,七夕の面・織【黒】,Tanabata Mask・織 [Black 】
0x46e784@mhfdat-jp.bin,七夕の面・織【白】,Tanabata Mask・織 [White 】
0x46e788@mhfdat-jp.bin,星祭の面・天【赤】,Star Festival Mask・Heaven [Red 】
0x46e78c@mhfdat-jp.bin,星祭の面・天【青】,Star Festival Mask・Heaven [Blue 】
0x46e790@mhfdat-jp.bin,星祭の面・天【黒】,Star Festival Mask・Heaven [Black 】
0x46e794@mhfdat-jp.bin,星祭の面・天【白】,Star Festival Mask・Heaven [White 】
0x46e798@mhfdat-jp.bin,七夕の面・天【赤】,Tanabata Mask・Heaven [Red 】
0x46e79c@mhfdat-jp.bin,七夕の面・天【青】,Tanabata Mask・Heaven [Blue 】
0x46e7a0@mhfdat-jp.bin,七夕の面・天【黒】,Tanabata Mask・Heaven [Black 】
0x46e7a4@mhfdat-jp.bin,七夕の面・天【白】,Tanabata Mask・Heaven [White 】
0x46e7a8@mhfdat-jp.bin,ハイメタヘルムSP黒,High Metal Helm SP Black
0x46e7ac@mhfdat-jp.bin,ハイメタヘルムSP青,High Metal Helm SP Blue
0x46e7b0@mhfdat-jp.bin,ハイメタヘルムSP黄,High Metal Helm SP Yellow
0x46e7b4@mhfdat-jp.bin,Ｓ・ソルヘルムSP赤,S・Sol Helm SP Red
0x46e7b8@mhfdat-jp.bin,Ｓ・ソルヘルムSP紫,S・Sol Helm SP Purple
0x46e7bc@mhfdat-jp.bin,Ｓ・ソルヘルムSP黒,S・Sol Helm SP Black
0x46e7c0@mhfdat-jp.bin,ガルルガキャップSP白,Garuga Cap SP White
0x46e7c4@mhfdat-jp.bin,ガルルガキャップSP緑,Garuga Cap SP Green
0x46e7c8@mhfdat-jp.bin,ガルルガキャップSP赤,Garuga Cap SP Red
0x46e7cc@mhfdat-jp.bin,ルーキーヘルム【白】,Rookie Helm [White 】
0x46e7d0@mhfdat-jp.bin,ルーキーヘルム【赤】,Rookie Helm [Red 】
0x46e7d4@mhfdat-jp.bin,ルーキーヘルム【緑】,Rookie Helm [Green 】
0x46e7d8@mhfdat-jp.bin,ヒプノＳヘルム,Hypnoc S Helm
0x46e7dc@mhfdat-jp.bin,ヒプノＳキャップ,Hypnoc S Cap
0x46e7e0@mhfdat-jp.bin,祭のあとに【勝ち猫】,Post-Festivities [Winning Cat]
0x46e7e4@mhfdat-jp.bin,祭のあとに【勝ち猫】,Post-Festivities [Winning Cat]
0x46e7e8@mhfdat-jp.bin,祭のあとに【勝ち猫】,Post-Festivities [Winning Cat]
0x46e7ec@mhfdat-jp.bin,祭のあとに【勝ち猫】,Post-Festivities [Winning Cat]
0x46e7f0@mhfdat-jp.bin,祭のあとに【勝ち猫】,Post-Festivities [Winning Cat]
0x46e7f4@mhfdat-jp.bin,祭のあとに【勝ち猫】,Post-Festivities [Winning Cat]
0x46e7f8@mhfdat-jp.bin,祭のあとに【勝ち猫】,Post-Festivities [Winning Cat]
0x46e7fc@mhfdat-jp.bin,祭のあとに【勝ち猫】,Post-Festivities [Winning Cat]
0x46e800@mhfdat-jp.bin,祭のあとに【勝ち猫】,Post-Festivities [Winning Cat]
0x46e804@mhfdat-jp.bin,祭のあとに【勝ち猫】,Post-Festivities [Winning Cat]
0x46e808@mhfdat-jp.bin,祭のあとに【勝ち猫】,Post-Festivities [Winning Cat]
0x46e80c@mhfdat-jp.bin,祭のあとに【勝ち猫】,Post-Festivities [Winning Cat]
0x46e810@mhfdat-jp.bin,祭のあとに【勝ち猫】,Post-Festivities [Winning Cat]
0x46e814@mhfdat-jp.bin,祭のあとに【勝ち猫】,Post-Festivities [Winning Cat]
0x46e818@mhfdat-jp.bin,祭のあとに【勝ち猫】,Post-Festivities [Winning Cat]
0x46e81c@mhfdat-jp.bin,祭のあとに【勝ち猫】,Post-Festivities [Winning Cat]
0x46e820@mhfdat-jp.bin,祭のあとに【勝ち猫】,Post-Festivities [Winning Cat]
0x46e824@mhfdat-jp.bin,祭のあとに【勝ち猫】,Post-Festivities [Winning Cat]
0x46e828@mhfdat-jp.bin,祭のあとに【勝ち猫】,Post-Festivities [Winning Cat]
0x46e82c@mhfdat-jp.bin,祭のあとに【勝ち猫】,Post-Festivities [Winning Cat]
0x46e830@mhfdat-jp.bin,祭のあとに【勝ち猫】,Post-Festivities [Winning Cat]
0x46e834@mhfdat-jp.bin,祭のあとに【勝ち猫】,Post-Festivities [Winning Cat]
0x46e838@mhfdat-jp.bin,祭のあとに【勝ち猫】,Post-Festivities [Winning Cat]
0x46e83c@mhfdat-jp.bin,祭のあとに【勝ち猫】,Post-Festivities [Winning Cat]
0x46e840@mhfdat-jp.bin,戯曲の面・夏【白毛】,戯曲 Mask・Summer [White 毛】
0x46e844@mhfdat-jp.bin,戯曲の面・夏【茶虎】,戯曲 Mask・Summer [Tea 虎】
0x46e848@mhfdat-jp.bin,戯曲の面・夏【黒毛】,戯曲 Mask・Summer [Black 毛】
0x46e84c@mhfdat-jp.bin,戯曲の面・夏【白虎】,戯曲 Mask・Summer [Byakko 】
0x46e850@mhfdat-jp.bin,戯曲の面・織【白毛】,戯曲 Mask・織 [White 毛】
0x46e854@mhfdat-jp.bin,戯曲の面・織【茶虎】,戯曲 Mask・織 [Tea 虎】
0x46e858@mhfdat-jp.bin,戯曲の面・織【黒毛】,戯曲 Mask・織 [Black 毛】
0x46e85c@mhfdat-jp.bin,戯曲の面・織【白虎】,戯曲 Mask・織 [Byakko 】
0x46e860@mhfdat-jp.bin,戯曲の面・天【白毛】,戯曲 Mask・Heaven [White 毛】
0x46e864@mhfdat-jp.bin,戯曲の面・天【茶虎】,戯曲 Mask・Heaven [Tea 虎】
0x46e868@mhfdat-jp.bin,戯曲の面・天【黒毛】,戯曲 Mask・Heaven [Black 毛】
0x46e86c@mhfdat-jp.bin,戯曲の面・天【白虎】,戯曲 Mask・Heaven [Byakko 】
0x46e870@mhfdat-jp.bin,アクラバレッタ,Akura Beretta
0x46e874@mhfdat-jp.bin,プロギアヘッド,Purogia Head
0x46e878@mhfdat-jp.bin,オラシオンヘッド,Oracion Head
0x46e87c@mhfdat-jp.bin,レクイエムヘッド,Requiem Head
0x46e880@mhfdat-jp.bin,フェロウクレストＦ,Fellow Crest F
0x46e884@mhfdat-jp.bin,ケルビフェイクＦ,Kelbi Mask F
0x46e888@mhfdat-jp.bin,フェロウビコーヌＦ,Fellow Bikoonu F
0x46e88c@mhfdat-jp.bin,アクラＵヘルム,Akura U Helm
0x46e890@mhfdat-jp.bin,アクラＵヘルム黄,Akura U Helm Yellow
0x46e894@mhfdat-jp.bin,アクラＵヘルム蒼,Akura U Helm Green
0x46e898@mhfdat-jp.bin,アクラＵヘルム紅,Akura U Helm Crimson
0x46e89c@mhfdat-jp.bin,アクラＵキャップ,Akura U Cap
0x46e8a0@mhfdat-jp.bin,アクラＵキャップ黄,Akura U Cap Yellow
0x46e8a4@mhfdat-jp.bin,アクラＵキャップ蒼,Akura U Cap Green
0x46e8a8@mhfdat-jp.bin,アクラＵキャップ紅,Akura U Cap Crimson
0x46e8ac@mhfdat-jp.bin,メランヘッド,Melan Head
0x46e8b0@mhfdat-jp.bin,メランウィッグ,Melan Wig
0x46e8b4@mhfdat-jp.bin,ルージュピアス,Rouge Piercings
0x46e8b8@mhfdat-jp.bin,マギサヘッド・赤,Magisa Head・Red
0x46e8bc@mhfdat-jp.bin,マギサヘッド・黒,Magisa Head・Black
0x46e8c0@mhfdat-jp.bin,マギサヘッド・緑,Magisa Head・Green
0x46e8c4@mhfdat-jp.bin,マギサヘッド・白,Magisa Head・White
0x46e8c8@mhfdat-jp.bin,マギサヘッド・青,Magisa Head・Blue
0x46e8cc@mhfdat-jp.bin,ウィザーハット・赤,Wizard Hat・Red
0x46e8d0@mhfdat-jp.bin,ウィザーハット・黒,Wizard Hat・Black
0x46e8d4@mhfdat-jp.bin,ウィザーハット・緑,Wizard Hat・Green
0x46e8d8@mhfdat-jp.bin,ウィザーハット・白,Wizard Hat・White
0x46e8dc@mhfdat-jp.bin,ウィザーハット・青,Wizard Hat・Blue
0x46e8e0@mhfdat-jp.bin,マギサＦヘッド・赤,Magisa F Head・Red
0x46e8e4@mhfdat-jp.bin,マギサＦヘッド・黒,Magisa F Head・Black
0x46e8e8@mhfdat-jp.bin,マギサＦヘッド・緑,Magisa F Head・Green
0x46e8ec@mhfdat-jp.bin,マギサＦヘッド・白,Magisa F Head・White
0x46e8f0@mhfdat-jp.bin,マギサＦヘッド・青,Magisa F Head・Blue
0x46e8f4@mhfdat-jp.bin,ウィザーＦハット・赤,Wizard F Hat・Red
0x46e8f8@mhfdat-jp.bin,ウィザーＦハット・黒,Wizard F Hat・Black
0x46e8fc@mhfdat-jp.bin,ウィザーＦハット・緑,Wizard F Hat・Green
0x46e900@mhfdat-jp.bin,ウィザーＦハット・白,Wizard F Hat・White
0x46e904@mhfdat-jp.bin,ウィザーＦハット・青,Wizard F Hat・Blue
0x46e908@mhfdat-jp.bin,クロウリーヘッド・赤,Crowley Head・Red
0x46e90c@mhfdat-jp.bin,クロウリーヘッド・黒,Crowley Head・Black
0x46e910@mhfdat-jp.bin,クロウリーヘッド・緑,Crowley Head・Green
0x46e914@mhfdat-jp.bin,クロウリーヘッド・白,Crowley Head・White
0x46e918@mhfdat-jp.bin,クロウリーヘッド・青,Crowley Head・Blue
0x46e91c@mhfdat-jp.bin,ファウストハット・赤,Faust Hat・Red
0x46e920@mhfdat-jp.bin,ファウストハット・黒,Faust Hat・Black
0x46e924@mhfdat-jp.bin,ファウストハット・緑,Faust Hat・Green
0x46e928@mhfdat-jp.bin,ファウストハット・白,Faust Hat・White
0x46e92c@mhfdat-jp.bin,ファウストハット・青,Faust Hat・Blue
0x46e930@mhfdat-jp.bin,クシャナアンクSP赤,Kushala Glare SP Red
0x46e934@mhfdat-jp.bin,クシャナアンクSP黄,Kushala Glare SP Yellow
0x46e938@mhfdat-jp.bin,クシャナアンクSP緑,Kushala Glare SP Green
0x46e93c@mhfdat-jp.bin,クシャナスーラSP赤,Kushala Snarl SP Red
0x46e940@mhfdat-jp.bin,クシャナスーラSP黄,Kushala Snarl SP Yellow
0x46e944@mhfdat-jp.bin,クシャナスーラSP緑,Kushala Snarl SP Green
0x46e948@mhfdat-jp.bin,キリンホーンSP赤,Kirin Horn SP Red
0x46e94c@mhfdat-jp.bin,キリンホーンSP紫,Kirin Horn SP Purple
0x46e950@mhfdat-jp.bin,キリンホーンSP黒,Kirin Horn SP Black
0x46e954@mhfdat-jp.bin,キリンコルノSP赤,Kirin Corno SP Red
0x46e958@mhfdat-jp.bin,キリンコルノSP紫,Kirin Corno SP Purple
0x46e95c@mhfdat-jp.bin,キリンコルノSP黒,Kirin Corno SP Black
0x46e960@mhfdat-jp.bin,ストレガヘルム,Strega Helm
0x46e964@mhfdat-jp.bin,ストレガキャップ,Strega Cap
0x46e968@mhfdat-jp.bin,ストレガヘルム改,Strega Helm 改
0x46e96c@mhfdat-jp.bin,ストレガキャップ改,Strega Cap 改
0x46e970@mhfdat-jp.bin,ストレガＦヘルム,Strega F Helm
0x46e974@mhfdat-jp.bin,ストレガＦキャップ,Strega F Cap
0x46e978@mhfdat-jp.bin,フルフルＬヘルム,Khezu L Helm
0x46e97c@mhfdat-jp.bin,ガレオスＬヘルム,Cepha L Helm
0x46e980@mhfdat-jp.bin,ギザミＬヘルム,Ceanataur L Helm
0x46e984@mhfdat-jp.bin,レウスＬヘルム,Rathalos L Helm
0x46e988@mhfdat-jp.bin,マフモフＬフード,Mafumofu L Hood
0x46e98c@mhfdat-jp.bin,あかねこ服マスク,Red Cat Mask
0x46e990@mhfdat-jp.bin,アミティエヘッド,Amitie Head
0x46e994@mhfdat-jp.bin,アミティエハット,Amitie Hat
0x46e998@mhfdat-jp.bin,バサルＬキャップ,Basarios L Cap
0x46e99c@mhfdat-jp.bin,ゲリョスＬキャップ,Gypceros L Cap
0x46e9a0@mhfdat-jp.bin,ガーディアンＲヘルム,Guardian R Helm
0x46e9a4@mhfdat-jp.bin,ヒーラーＲヘッド,Healer R Head
0x46e9a8@mhfdat-jp.bin,ハンターＲヘルム,Hunter's R Helm
0x46e9ac@mhfdat-jp.bin,リオハートＲヘルム,Rath Heart R Helm
0x46e9b0@mhfdat-jp.bin,ザザミＲヘルム,Hermitaur R Helm
0x46e9b4@mhfdat-jp.bin,アミティエＦヘッド,Amitie F Head
0x46e9b8@mhfdat-jp.bin,アミティエＦハット,Amitie F Hat
0x46e9bc@mhfdat-jp.bin,キューラーＦヘッド,Kyuura F Head
0x46e9c0@mhfdat-jp.bin,ガーディアンＲテスタ,Guardian R Vertex
0x46e9c4@mhfdat-jp.bin,ヒーラーＲベレー,Healer R Beret
0x46e9c8@mhfdat-jp.bin,祭のあとに【勝ち猫】,Post-Festivities [Winning Cat]
0x46e9cc@mhfdat-jp.bin,祭のあとに【勝ち猫】,Post-Festivities [Winning Cat]
0x46e9d0@mhfdat-jp.bin,祭のあとに【勝ち猫】,Post-Festivities [Winning Cat]
0x46e9d4@mhfdat-jp.bin,祭のあとに【勝ち猫】,Post-Festivities [Winning Cat]
0x46e9d8@mhfdat-jp.bin,祭のあとに【勝ち猫】,Post-Festivities [Winning Cat]
0x46e9dc@mhfdat-jp.bin,祭のあとに【勝ち猫】,Post-Festivities [Winning Cat]
0x46e9e0@mhfdat-jp.bin,祭のあとに【勝ち猫】,Post-Festivities [Winning Cat]
0x46e9e4@mhfdat-jp.bin,祭のあとに【勝ち猫】,Post-Festivities [Winning Cat]
0x46e9e8@mhfdat-jp.bin,祭のあとに【勝ち猫】,Post-Festivities [Winning Cat]
0x46e9ec@mhfdat-jp.bin,祭のあとに【勝ち猫】,Post-Festivities [Winning Cat]
0x46e9f0@mhfdat-jp.bin,祭のあとに【勝ち猫】,Post-Festivities [Winning Cat]
0x46e9f4@mhfdat-jp.bin,祭のあとに【勝ち猫】,Post-Festivities [Winning Cat]
0x46e9f8@mhfdat-jp.bin,祭のあとに【勝ち猫】,Post-Festivities [Winning Cat]
0x46e9fc@mhfdat-jp.bin,祭のあとに【勝ち猫】,Post-Festivities [Winning Cat]
0x46ea00@mhfdat-jp.bin,祭のあとに【勝ち猫】,Post-Festivities [Winning Cat]
0x46ea04@mhfdat-jp.bin,祭のあとに【勝ち猫】,Post-Festivities [Winning Cat]
0x46ea08@mhfdat-jp.bin,祭のあとに【勝ち猫】,Post-Festivities [Winning Cat]
0x46ea0c@mhfdat-jp.bin,祭のあとに【勝ち猫】,Post-Festivities [Winning Cat]
0x46ea10@mhfdat-jp.bin,祭のあとに【勝ち猫】,Post-Festivities [Winning Cat]
0x46ea14@mhfdat-jp.bin,祭のあとに【勝ち猫】,Post-Festivities [Winning Cat]
0x46ea18@mhfdat-jp.bin,祭のあとに【勝ち猫】,Post-Festivities [Winning Cat]
0x46ea1c@mhfdat-jp.bin,祭のあとに【勝ち猫】,Post-Festivities [Winning Cat]
0x46ea20@mhfdat-jp.bin,祭のあとに【勝ち猫】,Post-Festivities [Winning Cat]
0x46ea24@mhfdat-jp.bin,祭のあとに【勝ち猫】,Post-Festivities [Winning Cat]
0x46ea28@mhfdat-jp.bin,祭のあとに【勝ち猫】,Post-Festivities [Winning Cat]
0x46ea2c@mhfdat-jp.bin,祭のあとに【勝ち猫】,Post-Festivities [Winning Cat]
0x46ea30@mhfdat-jp.bin,祭のあとに【勝ち猫】,Post-Festivities [Winning Cat]
0x46ea34@mhfdat-jp.bin,祭のあとに【勝ち猫】,Post-Festivities [Winning Cat]
0x46ea38@mhfdat-jp.bin,祭のあとに【勝ち猫】,Post-Festivities [Winning Cat]
0x46ea3c@mhfdat-jp.bin,祭のあとに【勝ち猫】,Post-Festivities [Winning Cat]
0x46ea40@mhfdat-jp.bin,祭のあとに【勝ち猫】,Post-Festivities [Winning Cat]
0x46ea44@mhfdat-jp.bin,祭のあとに【勝ち猫】,Post-Festivities [Winning Cat]
0x46ea48@mhfdat-jp.bin,祭のあとに【勝ち猫】,Post-Festivities [Winning Cat]
0x46ea4c@mhfdat-jp.bin,祭のあとに【勝ち猫】,Post-Festivities [Winning Cat]
0x46ea50@mhfdat-jp.bin,祭のあとに【勝ち猫】,Post-Festivities [Winning Cat]
0x46ea54@mhfdat-jp.bin,祭のあとに【勝ち猫】,Post-Festivities [Winning Cat]
0x46ea58@mhfdat-jp.bin,祭のあとに【勝ち猫】,Post-Festivities [Winning Cat]
0x46ea5c@mhfdat-jp.bin,祭のあとに【勝ち猫】,Post-Festivities [Winning Cat]
0x46ea60@mhfdat-jp.bin,祭のあとに【勝ち猫】,Post-Festivities [Winning Cat]
0x46ea64@mhfdat-jp.bin,祭のあとに【勝ち猫】,Post-Festivities [Winning Cat]
0x46ea68@mhfdat-jp.bin,祭のあとに【勝ち猫】,Post-Festivities [Winning Cat]
0x46ea6c@mhfdat-jp.bin,祭のあとに【勝ち猫】,Post-Festivities [Winning Cat]
0x46ea70@mhfdat-jp.bin,祭のあとに【勝ち猫】,Post-Festivities [Winning Cat]
0x46ea74@mhfdat-jp.bin,祭のあとに【勝ち猫】,Post-Festivities [Winning Cat]
0x46ea78@mhfdat-jp.bin,祭のあとに【勝ち猫】,Post-Festivities [Winning Cat]
0x46ea7c@mhfdat-jp.bin,祭のあとに【勝ち猫】,Post-Festivities [Winning Cat]
0x46ea80@mhfdat-jp.bin,祭のあとに【勝ち猫】,Post-Festivities [Winning Cat]
0x46ea84@mhfdat-jp.bin,祭のあとに【勝ち猫】,Post-Festivities [Winning Cat]
0x46ea88@mhfdat-jp.bin,祭のあとに【勝ち猫】,Post-Festivities [Winning Cat]
0x46ea8c@mhfdat-jp.bin,祭のあとに【勝ち猫】,Post-Festivities [Winning Cat]
0x46ea90@mhfdat-jp.bin,祭のあとに【勝ち猫】,Post-Festivities [Winning Cat]
0x46ea94@mhfdat-jp.bin,祭のあとに【勝ち猫】,Post-Festivities [Winning Cat]
0x46ea98@mhfdat-jp.bin,祭のあとに【勝ち猫】,Post-Festivities [Winning Cat]
0x46ea9c@mhfdat-jp.bin,祭のあとに【勝ち猫】,Post-Festivities [Winning Cat]
0x46eaa0@mhfdat-jp.bin,祭のあとに【勝ち猫】,Post-Festivities [Winning Cat]
0x46eaa4@mhfdat-jp.bin,祭のあとに【勝ち猫】,Post-Festivities [Winning Cat]
0x46eaa8@mhfdat-jp.bin,祭のあとに【勝ち猫】,Post-Festivities [Winning Cat]
0x46eaac@mhfdat-jp.bin,祭のあとに【勝ち猫】,Post-Festivities [Winning Cat]
0x46eab0@mhfdat-jp.bin,祭のあとに【勝ち猫】,Post-Festivities [Winning Cat]
0x46eab4@mhfdat-jp.bin,祭のあとに【勝ち猫】,Post-Festivities [Winning Cat]
0x46eab8@mhfdat-jp.bin,クアッドヘルムＣ,Quad Helm C
0x46eabc@mhfdat-jp.bin,クアッドヘルム,Quad Helm
0x46eac0@mhfdat-jp.bin,イーリスピアスSP,Iris Piercings SP
0x46eac4@mhfdat-jp.bin,ベルヘルム,Beru Helm
0x46eac8@mhfdat-jp.bin,ベルキャップ,Beru Cap
0x46eacc@mhfdat-jp.bin,ベルＦヘルム,Beru F Helm
0x46ead0@mhfdat-jp.bin,ベルＦキャップ,Beru F Cap
0x46ead4@mhfdat-jp.bin,リアンヘッド・青,Lien Head・Blue
0x46ead8@mhfdat-jp.bin,リアンハット・青,Lien Hat・Blue
0x46eadc@mhfdat-jp.bin,リアンヘッド・赤,Lien Head・Red
0x46eae0@mhfdat-jp.bin,リアンハット・赤,Lien Hat・Red
0x46eae4@mhfdat-jp.bin,リアンヘッド・黒,Lien Head・Black
0x46eae8@mhfdat-jp.bin,リアンハット・黒,Lien Hat・Black
0x46eaec@mhfdat-jp.bin,リアンヘッド・白,Lien Head・White
0x46eaf0@mhfdat-jp.bin,リアンハット・白,Lien Hat・White
0x46eaf4@mhfdat-jp.bin,リアンＦヘッド・青,Lien F Head・Blue
0x46eaf8@mhfdat-jp.bin,リアンＦハット・青,Lien F Hat・Blue
0x46eafc@mhfdat-jp.bin,リアンＦヘッド・赤,Lien F Head・Red
0x46eb00@mhfdat-jp.bin,リアンＦハット・赤,Lien F Hat・Red
0x46eb04@mhfdat-jp.bin,リアンＦヘッド・黒,Lien F Head・Black
0x46eb08@mhfdat-jp.bin,リアンＦハット・黒,Lien F Hat・Black
0x46eb0c@mhfdat-jp.bin,リアンＦヘッド・白,Lien F Head・White
0x46eb10@mhfdat-jp.bin,リアンＦハット・白,Lien F Hat・White
0x46eb14@mhfdat-jp.bin,カイザークラウンSP白,Kaiser Crown SP White
0x46eb18@mhfdat-jp.bin,カイザークラウンSP黒,Kaiser Crown SP Black
0x46eb1c@mhfdat-jp.bin,カイザークラウンSP緑,Kaiser Crown SP Green
0x46eb20@mhfdat-jp.bin,カイザーマスクSP白,Kaiser Mask SP White
0x46eb24@mhfdat-jp.bin,カイザーマスクSP黒,Kaiser Mask SP Black
0x46eb28@mhfdat-jp.bin,カイザーマスクSP緑,Kaiser Mask SP Green
0x46eb2c@mhfdat-jp.bin,ザザミヘルムSP青,Hermitaur Helm SP Blue
0x46eb30@mhfdat-jp.bin,ザザミヘルムSP白,Hermitaur Helm SP White
0x46eb34@mhfdat-jp.bin,ザザミヘルムSP紫,Hermitaur Helm SP Purple
0x46eb38@mhfdat-jp.bin,クックＬヘルム,Kut-Ku L Helm
0x46eb3c@mhfdat-jp.bin,ゲリョスＬヘルム,Gypceros L Helm
0x46eb40@mhfdat-jp.bin,イーオスＬヘルム,Io L Helm
0x46eb44@mhfdat-jp.bin,レイアＬヘルム,Rathian L Helm
0x46eb48@mhfdat-jp.bin,バサルＬヘルム,Basarios L Helm
0x46eb4c@mhfdat-jp.bin,レウスＬキャップ,Rathalos L Cap
0x46eb50@mhfdat-jp.bin,モノブロスＬキャップ,Monoblos L Cap
0x46eb54@mhfdat-jp.bin,メルホアＲフロール,Melahoa R Vizor
0x46eb58@mhfdat-jp.bin,ハイメタＲヘルム,High Metal R Helm
0x46eb5c@mhfdat-jp.bin,ディアブロＲヘルム,Diablos R Helm
0x46eb60@mhfdat-jp.bin,ブランゴＲヘルム,Blango R Helm
0x46eb64@mhfdat-jp.bin,ラヴァＲヘルム,Lavasioth R Helm
0x46eb68@mhfdat-jp.bin,ギアノスＲキャップ,Gia R Cap
0x46eb6c@mhfdat-jp.bin,バトルＲキャップ,Battle R Cap
0x46eb70@mhfdat-jp.bin,ヒプノルータヘッド,Hypnoc ルータ Head
0x46eb74@mhfdat-jp.bin,ヒプノルータピアス,Hypnoc ルータ Piercings
0x46eb78@mhfdat-jp.bin,ガルーダヘッド,Garuda Head
0x46eb7c@mhfdat-jp.bin,ガルーダピアス,Garuda Piercings
0x46eb80@mhfdat-jp.bin,ベルバレッタ,Beru Beretta
0x46eb84@mhfdat-jp.bin,ハイメタＵヘルム・金,High Metal U Helm・Gold
0x46eb88@mhfdat-jp.bin,ハイメタＵヘルム・銀,High Metal U Helm・Silver
0x46eb8c@mhfdat-jp.bin,ハイメタＵヘルム・銅,High Metal U Helm・Copper
0x46eb90@mhfdat-jp.bin,ベルバレッタＦ,Beru Beretta F
0x46eb94@mhfdat-jp.bin,ウナペルトＦヘッド,ウナペルトF Head
0x46eb98@mhfdat-jp.bin,あかねこ服Ｆマスク,Red Cat F Mask
0x46eb9c@mhfdat-jp.bin,エクストラＦヘッド,Extra F Head
0x46eba0@mhfdat-jp.bin,パピメルＬテスタ,Butterfly L Vertex
0x46eba4@mhfdat-jp.bin,ヒプノＲヘルム,Hypnoc R Helm
0x46eba8@mhfdat-jp.bin,ディジギアヘッド,ディジ Gear Head
0x46ebac@mhfdat-jp.bin,プリエールヘッド,Priere Head
0x46ebb0@mhfdat-jp.bin,サルバシオンヘッド,Salvacion Head
0x46ebb4@mhfdat-jp.bin,シカリの髪当て,Shikari の髪当て
0x46ebb8@mhfdat-jp.bin,シカリの髪当て・魁,Shikari の髪当て・魁
0x46ebbc@mhfdat-jp.bin,Ｇ・ガードＲロポス蒼,G・Guard R Lobos Green
0x46ebc0@mhfdat-jp.bin,アルマヘッド・黒,Arma Head・Black
0x46ebc4@mhfdat-jp.bin,アルマハット・黒,Arma Hat・Black
0x46ebc8@mhfdat-jp.bin,アルマヘッド・白,Arma Head・White
0x46ebcc@mhfdat-jp.bin,アルマハット・白,Arma Hat・White
0x46ebd0@mhfdat-jp.bin,アルマヘッド・青,Arma Head・Blue
0x46ebd4@mhfdat-jp.bin,アルマハット・青,Arma Hat・Blue
0x46ebd8@mhfdat-jp.bin,アルマヘッド・茶,Arma Head・Tea
0x46ebdc@mhfdat-jp.bin,アルマハット・茶,Arma Hat・Tea
0x46ebe0@mhfdat-jp.bin,オルデンヘッド,Orden Head
0x46ebe4@mhfdat-jp.bin,オルデンハット,Orden Hat
0x46ebe8@mhfdat-jp.bin,アルマＦヘッド・黒,Arma F Head・Black
0x46ebec@mhfdat-jp.bin,アルマＦハット・黒,Arma F Hat・Black
0x46ebf0@mhfdat-jp.bin,アルマＦヘッド・白,Arma F Head・White
0x46ebf4@mhfdat-jp.bin,アルマＦハット・白,Arma F Hat・White
0x46ebf8@mhfdat-jp.bin,アルマＦヘッド・青,Arma F Head・Blue
0x46ebfc@mhfdat-jp.bin,アルマＦハット・青,Arma F Hat・Blue
0x46ec00@mhfdat-jp.bin,アルマＦヘッド・茶,Arma F Head・Tea
0x46ec04@mhfdat-jp.bin,アルマＦハット・茶,Arma F Hat・Tea
0x46ec08@mhfdat-jp.bin,オルデンＦヘッド,Orden F Head
0x46ec0c@mhfdat-jp.bin,オルデンＦハット,Orden F Hat
0x46ec10@mhfdat-jp.bin,エス・クェラヘッド,Es Quera Head
0x46ec14@mhfdat-jp.bin,エス・クェラピアス,Es Quera Piercings
0x46ec18@mhfdat-jp.bin,パンデウムヘッド,Pandeum Head
0x46ec1c@mhfdat-jp.bin,パンデウムピアス,Pandeum Piercings
0x46ec20@mhfdat-jp.bin,Ｇ・ガードロポスSP黒,G・Guard Lobos SP Black
0x46ec24@mhfdat-jp.bin,Ｇ・ガードロポスSP白,G・Guard Lobos SP White
0x46ec28@mhfdat-jp.bin,Ｇ・ガードロポスSP紫,G・Guard Lobos SP Purple
0x46ec2c@mhfdat-jp.bin,しろねこ服Ｆマスク,White Cat F Mask
0x46ec30@mhfdat-jp.bin,デスギアＬゲヒル,Death Stench L Brain
0x46ec34@mhfdat-jp.bin,クロオビＬヘルム,Black Belt L Helm
0x46ec38@mhfdat-jp.bin,バトルＬヘルム,Battle L Helm
0x46ec3c@mhfdat-jp.bin,レックスＬヘルム,Tigrex L Helm
0x46ec40@mhfdat-jp.bin,フルフルＲヘルム,Khezu R Helm
0x46ec44@mhfdat-jp.bin,リオソウルＲヘルム,Rath Soul R Helm
0x46ec48@mhfdat-jp.bin,ギアノスＲヘルム,Gia R Helm
0x46ec4c@mhfdat-jp.bin,Ｇ・ガードＲハット蒼,G・Guard R Hat Green
0x46ec50@mhfdat-jp.bin,フルフルＬキャップ,Khezu L Cap
0x46ec54@mhfdat-jp.bin,イーオスＲキャップ,Io R Cap
0x46ec58@mhfdat-jp.bin,猟団員の証【運走】,猟団員の証【運走】
0x46ec5c@mhfdat-jp.bin,猟団員の証【強援】,猟団員の証【強援】
0x46ec60@mhfdat-jp.bin,キリンコルノ【紺青】,Kirin Corno 【紺 Blue 】
0x46ec64@mhfdat-jp.bin,キリンコルノ【青藍】,Kirin Corno [Blue 藍】
0x46ec68@mhfdat-jp.bin,Ｇ・ガードハットSP黒,G・Guard Hat SP Black
0x46ec6c@mhfdat-jp.bin,Ｇ・ガードハットSP白,G・Guard Hat SP White
0x46ec70@mhfdat-jp.bin,Ｇ・ガードハットSP紫,G・Guard Hat SP Purple
0x46ec74@mhfdat-jp.bin,アルマピアス・黒,Arma Piercings・Black
0x46ec78@mhfdat-jp.bin,アルマハール・黒,Arma Haar・Black
0x46ec7c@mhfdat-jp.bin,アルマピアス・白,Arma Piercings・White
0x46ec80@mhfdat-jp.bin,アルマハール・白,Arma Haar・White
0x46ec84@mhfdat-jp.bin,アルマピアス・青,Arma Piercings・Blue
0x46ec88@mhfdat-jp.bin,アルマハール・青,Arma Haar・Blue
0x46ec8c@mhfdat-jp.bin,アルマピアス・茶,Arma Piercings・Tea
0x46ec90@mhfdat-jp.bin,アルマハール・茶,Arma Haar・Tea
0x46ec94@mhfdat-jp.bin,オルデンピアス,Orden Piercings
0x46ec98@mhfdat-jp.bin,オルデンハール,Orden Haar
0x46ec9c@mhfdat-jp.bin,アルマＦピアス・黒,Arma F Piercings・Black
0x46eca0@mhfdat-jp.bin,アルマＦハール・黒,Arma F Haar・Black
0x46eca4@mhfdat-jp.bin,アルマＦピアス・白,Arma F Piercings・White
0x46eca8@mhfdat-jp.bin,アルマＦハール・白,Arma F Haar・White
0x46ecac@mhfdat-jp.bin,アルマＦピアス・青,Arma F Piercings・Blue
0x46ecb0@mhfdat-jp.bin,アルマＦハール・青,Arma F Haar・Blue
0x46ecb4@mhfdat-jp.bin,アルマＦピアス・茶,Arma F Piercings・Tea
0x46ecb8@mhfdat-jp.bin,アルマＦハール・茶,Arma F Haar・Tea
0x46ecbc@mhfdat-jp.bin,オルデンＦピアス,Orden F Piercings
0x46ecc0@mhfdat-jp.bin,オルデンＦハール,Orden F Haar
0x46ecc4@mhfdat-jp.bin,プロクスピアス,Purokusu Piercings
0x46ecc8@mhfdat-jp.bin,プロクスＦピアス,Purokusu F Piercings
0x46eccc@mhfdat-jp.bin,クレネスピアス,Kurenesu Piercings
0x46ecd0@mhfdat-jp.bin,クレネスＦピアス,Kurenesu F Piercings
0x46ecd4@mhfdat-jp.bin,スィーニピアス,Suini Piercings
0x46ecd8@mhfdat-jp.bin,スィーニＦピアス,Suini F Piercings
0x46ecdc@mhfdat-jp.bin,グラースハール,Guraasu Haar
0x46ece0@mhfdat-jp.bin,グラースＦハール,Guraasu F Haar
0x46ece4@mhfdat-jp.bin,フォルトゥピアス,Forutu Piercings
0x46ece8@mhfdat-jp.bin,フォルトゥＦピアス,Forutu F Piercings
0x46ecec@mhfdat-jp.bin,ファキルピアス,Fakiru Piercings
0x46ecf0@mhfdat-jp.bin,ファキルＦピアス,Fakiru F Piercings
0x46ecf4@mhfdat-jp.bin,バラバンピアス,Baraban Piercings
0x46ecf8@mhfdat-jp.bin,バラバンＦピアス,Baraban F Piercings
0x46ecfc@mhfdat-jp.bin,スフェラハール,Sufera Haar
0x46ed00@mhfdat-jp.bin,スフェラＦハール,Sufera F Haar
0x46ed04@mhfdat-jp.bin,パリアヘルム,Pariapuria Helm
0x46ed08@mhfdat-jp.bin,パリアＦヘルム,Pariapuria F Helm
0x46ed0c@mhfdat-jp.bin,パリアキャップ,Pariapuria Cap
0x46ed10@mhfdat-jp.bin,パリアＦキャップ,Pariapuria F Cap
0x46ed14@mhfdat-jp.bin,ヒプノリアヘッド,Hypnolia Head
0x46ed18@mhfdat-jp.bin,ヒプノリアピアス,Hypnolia Piercings
0x46ed1c@mhfdat-jp.bin,フィアラルヘッド,Feral Head
0x46ed20@mhfdat-jp.bin,フィアラルピアス,Feral Piercings
0x46ed24@mhfdat-jp.bin,鬼神ノ角,Demon Lord ノ角
0x46ed28@mhfdat-jp.bin,ラスタ教官頭,Rasta 教官頭
0x46ed2c@mhfdat-jp.bin,童子ノ角,童子ノ角
0x46ed30@mhfdat-jp.bin,ダミー,ダミー
0x46ed34@mhfdat-jp.bin,イクスピアス・白,Ex Piercings・White
0x46ed38@mhfdat-jp.bin,イクスＦピアス・白,Ex F Piercings・White
0x46ed3c@mhfdat-jp.bin,イクスハール・白,Ex Haar・White
0x46ed40@mhfdat-jp.bin,イクスＦハール・白,Ex F Haar・White
0x46ed44@mhfdat-jp.bin,イクスピアス・赤,Ex Piercings・Red
0x46ed48@mhfdat-jp.bin,イクスＦピアス・赤,Ex F Piercings・Red
0x46ed4c@mhfdat-jp.bin,イクスハール・赤,Ex Haar・Red
0x46ed50@mhfdat-jp.bin,イクスＦハール・赤,Ex F Haar・Red
0x46ed54@mhfdat-jp.bin,イクスピアス・青,Ex Piercings・Blue
0x46ed58@mhfdat-jp.bin,イクスＦピアス・青,Ex F Piercings・Blue
0x46ed5c@mhfdat-jp.bin,イクスハール・青,Ex Haar・Blue
0x46ed60@mhfdat-jp.bin,イクスＦハール・青,Ex F Haar・Blue
0x46ed64@mhfdat-jp.bin,イクスピアス・黒,Ex Piercings・Black
0x46ed68@mhfdat-jp.bin,イクスＦピアス・黒,Ex F Piercings・Black
0x46ed6c@mhfdat-jp.bin,イクスハール・黒,Ex Haar・Black
0x46ed70@mhfdat-jp.bin,イクスＦハール・黒,Ex F Haar・Black
0x46ed74@mhfdat-jp.bin,トランスピアス,Trance Piercings
0x46ed78@mhfdat-jp.bin,トランスＦピアス,Trance F Piercings
0x46ed7c@mhfdat-jp.bin,トランスハール,Trance Haar
0x46ed80@mhfdat-jp.bin,トランスＦハール,Trance F Haar
0x46ed84@mhfdat-jp.bin,ミヅハ【帽子】SP青,Mizuha [Cap 子】 SP Blue
0x46ed88@mhfdat-jp.bin,ミヅハ【帽子】SP赤,Mizuha [Cap 子】 SP Red
0x46ed8c@mhfdat-jp.bin,ミヅハ【帽子】SP黄,Mizuha [Cap 子】 SP Yellow
0x46ed90@mhfdat-jp.bin,トヨタマ【帽子】SP青,Toyotama [Cap 子】 SP Blue
0x46ed94@mhfdat-jp.bin,トヨタマ【帽子】SP赤,Toyotama [Cap 子】 SP Red
0x46ed98@mhfdat-jp.bin,トヨタマ【帽子】SP黄,Toyotama [Cap 子】 SP Yellow
0x46ed9c@mhfdat-jp.bin,暁丸【兜】SP赤,暁丸 Kabuto SP Red
0x46eda0@mhfdat-jp.bin,暁丸【兜】SP紫,暁丸 Kabuto SP Purple
0x46eda4@mhfdat-jp.bin,暁丸【兜】SP白,暁丸 Kabuto SP White
0x46eda8@mhfdat-jp.bin,凛【鉢金】SP黒,凛 Hachigane SP Black
0x46edac@mhfdat-jp.bin,凛【鉢金】SP紫,凛 Hachigane SP Purple
0x46edb0@mhfdat-jp.bin,凛【鉢金】SP白,凛 Hachigane SP White
0x46edb4@mhfdat-jp.bin,ラヴァーズピアス,Lovers Piercings
0x46edb8@mhfdat-jp.bin,ラヴァーズＦピアス,Lovers F Piercings
0x46edbc@mhfdat-jp.bin,アミーゴピアス・赤,Amigo Piercings・Red
0x46edc0@mhfdat-jp.bin,アミーゴＦピアス・赤,Amigo F Piercings・Red
0x46edc4@mhfdat-jp.bin,アミーゴピアス・青,Amigo Piercings・Blue
0x46edc8@mhfdat-jp.bin,アミーゴＦピアス・青,Amigo F Piercings・Blue
0x46edcc@mhfdat-jp.bin,アミーゴピアス・黄,Amigo Piercings・Yellow
0x46edd0@mhfdat-jp.bin,アミーゴＦピアス・黄,Amigo F Piercings・Yellow
0x46edd4@mhfdat-jp.bin,アミーゴピアス・緑,Amigo Piercings・Green
0x46edd8@mhfdat-jp.bin,アミーゴＦピアス・緑,Amigo F Piercings・Green
0x46eddc@mhfdat-jp.bin,アイルーのネコミミ,Felyne の Cat Ears
0x46ede0@mhfdat-jp.bin,アイルーのネコミミＦ,Felyne の Cat Ears F
0x46ede4@mhfdat-jp.bin,パリアバレッタ,Pariapuria Beretta
0x46ede8@mhfdat-jp.bin,パリアバレッタＦ,Pariapuria Beretta F
0x46edec@mhfdat-jp.bin,衝撃のピアス,衝撃の Piercings
0x46edf0@mhfdat-jp.bin,射手のピアス,射手の Piercings
0x46edf4@mhfdat-jp.bin,先見のピアス,先見の Piercings
0x46edf8@mhfdat-jp.bin,捨身のピアス,捨身の Piercings
0x46edfc@mhfdat-jp.bin,慈愛のピアス,慈愛の Piercings
0x46ee00@mhfdat-jp.bin,ハンターＬヘルム,Hunter's L Helm
0x46ee04@mhfdat-jp.bin,キリンＬホーン,Kirin L Horn
0x46ee08@mhfdat-jp.bin,モノブロスＬヘルム,Monoblos L Helm
0x46ee0c@mhfdat-jp.bin,ディアブロＬヘルム,Diablos L Helm
0x46ee10@mhfdat-jp.bin,グラビドＬヘルム,Gravios L Helm
0x46ee14@mhfdat-jp.bin,ランゴＬヘルム,Vespoid L Helm
0x46ee18@mhfdat-jp.bin,バサルＲヘルム,Basarios R Helm
0x46ee1c@mhfdat-jp.bin,Ｇ・ガードＲマスク蒼,G・Guard R Mask Green
0x46ee20@mhfdat-jp.bin,Ｇ・ガードＲピアス蒼,G・Guard R Piercings Green
0x46ee24@mhfdat-jp.bin,モノデビルＲヘルム,Monodevil R Helm
0x46ee28@mhfdat-jp.bin,タロスＲヘルム,Hornetaur R Helm
0x46ee2c@mhfdat-jp.bin,ギザミＲヘルム,Ceanataur R Helm
0x46ee30@mhfdat-jp.bin,ブランゴＬキャップ,Blango L Cap
0x46ee34@mhfdat-jp.bin,ガノスＬキャップ,Plesioth L Cap
0x46ee38@mhfdat-jp.bin,フルフルＲキャップ,Khezu R Cap
0x46ee3c@mhfdat-jp.bin,グラビドＲキャップ,Gravios R Cap
0x46ee40@mhfdat-jp.bin,ヴァイスゲヒル,Weiss Brain
0x46ee44@mhfdat-jp.bin,ヴァイスアゼレ,Weiss Soul
0x46ee48@mhfdat-jp.bin,エスピナＲゲヒル,Espinas R Brain
0x46ee4c@mhfdat-jp.bin,レックスＬキャップ,Tigrex L Cap
0x46ee50@mhfdat-jp.bin,ガンズヘッド,Guns Head
0x46ee54@mhfdat-jp.bin,ワイルドヘッド,Wild Head
0x46ee58@mhfdat-jp.bin,ガンズピアス,Guns Piercings
0x46ee5c@mhfdat-jp.bin,ワイルドピアス,Wild Piercings
0x46ee60@mhfdat-jp.bin,エコールヘッド,Ecole Head
0x46ee64@mhfdat-jp.bin,ディアンヘッド,Dian Head
0x46ee68@mhfdat-jp.bin,エコールピアス,Ecole Piercings
0x46ee6c@mhfdat-jp.bin,ディアンピアス,Dian Piercings
0x46ee70@mhfdat-jp.bin,ＣｏｒｅヘルムＣ,Core Helm C
0x46ee74@mhfdat-jp.bin,ＣｏｒｅキャップＣ,Core Cap C
0x46ee78@mhfdat-jp.bin,Ｃｏｒｅヘルム,Core Helm
0x46ee7c@mhfdat-jp.bin,Ｃｏｒｅキャップ,Core Cap
0x46ee80@mhfdat-jp.bin,アネシスヘルム,Aneshisu Helm
0x46ee84@mhfdat-jp.bin,アネシスキャップ,Aneshisu Cap
0x46ee88@mhfdat-jp.bin,クラージヘルム,Kuraaji Helm
0x46ee8c@mhfdat-jp.bin,クラージヘルム改,Kuraaji Helm 改
0x46ee90@mhfdat-jp.bin,クラージＦヘルム,Kuraaji F Helm
0x46ee94@mhfdat-jp.bin,クラージキャップ,Kuraaji Cap
0x46ee98@mhfdat-jp.bin,クラージキャップ改,Kuraaji Cap 改
0x46ee9c@mhfdat-jp.bin,クラージＦキャップ,Kuraaji F Cap
0x46eea0@mhfdat-jp.bin,キノスヘルム,Kinosu Helm
0x46eea4@mhfdat-jp.bin,ヒメロスヘルム,Himeros Helm
0x46eea8@mhfdat-jp.bin,ブレシスヘルム,Bureshisu Helm
0x46eeac@mhfdat-jp.bin,カリエンキャップ,Charien Cap
0x46eeb0@mhfdat-jp.bin,アリエッタヘッド,Arietta Head
0x46eeb4@mhfdat-jp.bin,テンペストヘッド,Tempest Head
0x46eeb8@mhfdat-jp.bin,ヴェントピアス,Vento Piercings
0x46eebc@mhfdat-jp.bin,ミストラルピアス,Mistral Piercings
0x46eec0@mhfdat-jp.bin,アークヘルム,Arc Helm
0x46eec4@mhfdat-jp.bin,アークキャップ,Arc Cap
0x46eec8@mhfdat-jp.bin,リオデュオヘルム,Rath Duo Helm
0x46eecc@mhfdat-jp.bin,リオデュオキャップ,Rath Duo Cap
0x46eed0@mhfdat-jp.bin,シャランヘッド・青,Shaln Head・Blue
0x46eed4@mhfdat-jp.bin,シャランＦヘッド・青,Shaln F Head・Blue
0x46eed8@mhfdat-jp.bin,シャランハット・青,Shaln Hat・Blue
0x46eedc@mhfdat-jp.bin,シャランＦハット・青,Shaln F Hat・Blue
0x46eee0@mhfdat-jp.bin,シャランヘッド・緑,Shaln Head・Green
0x46eee4@mhfdat-jp.bin,シャランＦヘッド・緑,Shaln F Head・Green
0x46eee8@mhfdat-jp.bin,シャランハット・緑,Shaln Hat・Green
0x46eeec@mhfdat-jp.bin,シャランＦハット・緑,Shaln F Hat・Green
0x46eef0@mhfdat-jp.bin,シャランヘッド・紫,Shaln Head・Purple
0x46eef4@mhfdat-jp.bin,シャランＦヘッド・紫,Shaln F Head・Purple
0x46eef8@mhfdat-jp.bin,シャランハット・紫,Shaln Hat・Purple
0x46eefc@mhfdat-jp.bin,シャランＦハット・紫,Shaln F Hat・Purple
0x46ef00@mhfdat-jp.bin,シャランヘッド・白,Shaln Head・White
0x46ef04@mhfdat-jp.bin,シャランＦヘッド・白,Shaln F Head・White
0x46ef08@mhfdat-jp.bin,シャランハット・白,Shaln Hat・White
0x46ef0c@mhfdat-jp.bin,シャランＦハット・白,Shaln F Hat・White
0x46ef10@mhfdat-jp.bin,ルクスヘッド,ルクス Head
0x46ef14@mhfdat-jp.bin,ルクスＦヘッド,ルクスF Head
0x46ef18@mhfdat-jp.bin,ルクスハット,ルクス Hat
0x46ef1c@mhfdat-jp.bin,ルクスＦハット,ルクスF Hat
0x46ef20@mhfdat-jp.bin,レアルヘッド・白,Real Head・White
0x46ef24@mhfdat-jp.bin,レアルＦヘッド・白,Real F Head・White
0x46ef28@mhfdat-jp.bin,レアルマスク・白,レ Arma スク・White
0x46ef2c@mhfdat-jp.bin,レアルＦマスク・白,Real F Mask・White
0x46ef30@mhfdat-jp.bin,レアルヘッド・金,Real Head・Gold
0x46ef34@mhfdat-jp.bin,レアルＦヘッド・金,Real F Head・Gold
0x46ef38@mhfdat-jp.bin,レアルマスク・金,レ Arma スク・Gold
0x46ef3c@mhfdat-jp.bin,レアルＦマスク・金,Real F Mask・Gold
0x46ef40@mhfdat-jp.bin,レアルヘッド・青,Real Head・Blue
0x46ef44@mhfdat-jp.bin,レアルＦヘッド・青,Real F Head・Blue
0x46ef48@mhfdat-jp.bin,レアルマスク・青,レ Arma スク・Blue
0x46ef4c@mhfdat-jp.bin,レアルＦマスク・青,Real F Mask・Blue
0x46ef50@mhfdat-jp.bin,レアルヘッド・赤,Real Head・Red
0x46ef54@mhfdat-jp.bin,レアルＦヘッド・赤,Real F Head・Red
0x46ef58@mhfdat-jp.bin,レアルマスク・赤,レ Arma スク・Red
0x46ef5c@mhfdat-jp.bin,レアルＦマスク・赤,Real F Mask・Red
0x46ef60@mhfdat-jp.bin,レギスヘッド,Regis Head
0x46ef64@mhfdat-jp.bin,レギスＦヘッド,Regis F Head
0x46ef68@mhfdat-jp.bin,レギスマスク,Regis Mask
0x46ef6c@mhfdat-jp.bin,レギスＦマスク,Regis F Mask
0x46ef70@mhfdat-jp.bin,コムラドヘルム【葉】,Comrade Helm 【葉】
0x46ef74@mhfdat-jp.bin,コムラドヘルム【柑】,Comrade Helm 【柑】
0x46ef78@mhfdat-jp.bin,コムラドヘルム【冷】,Comrade Helm 【冷】
0x46ef7c@mhfdat-jp.bin,ギザミキャップSP赤,Ceanataur Cap SP Red
0x46ef80@mhfdat-jp.bin,ギザミキャップSP黒,Ceanataur Cap SP Black
0x46ef84@mhfdat-jp.bin,ギザミキャップSP黄,Ceanataur Cap SP Yellow
0x46ef88@mhfdat-jp.bin,ガブラスフェイクSP白,Remobra Mask SP White
0x46ef8c@mhfdat-jp.bin,ガブラスフェイクSP黄,Remobra Mask SP Yellow
0x46ef90@mhfdat-jp.bin,ガブラスフェイクSP黒,Remobra Mask SP Black
0x46ef94@mhfdat-jp.bin,Ｇ・ナイトマスクSP赤,G・Knight Mask SP Red
0x46ef98@mhfdat-jp.bin,Ｇ・ナイトマスクSP青,G・Knight Mask SP Blue
0x46ef9c@mhfdat-jp.bin,Ｇ・ナイトマスクSP紫,G・Knight Mask SP Purple
0x46efa0@mhfdat-jp.bin,ＰＶグラスSP赤,PV Glasses SP Red
0x46efa4@mhfdat-jp.bin,ＰＶグラスSP青,PV Glasses SP Blue
0x46efa8@mhfdat-jp.bin,ＰＶグラスSP紫,PV Glasses SP Purple
0x46efac@mhfdat-jp.bin,ザザミＬヘルム,Hermitaur L Helm
0x46efb0@mhfdat-jp.bin,ハイメタＬヘルム,High Metal L Helm
0x46efb4@mhfdat-jp.bin,ラヴァＬヘルム,Lavasioth L Helm
0x46efb8@mhfdat-jp.bin,ボーンＬヘルム,Bone L Helm
0x46efbc@mhfdat-jp.bin,タロスＬヘルム,Hornetaur L Helm
0x46efc0@mhfdat-jp.bin,Ｇ・ガードＲロポス紅,G・Guard R Lobos Crimson
0x46efc4@mhfdat-jp.bin,Ｇ・ガードＲハット紅,G・Guard R Hat Crimson
0x46efc8@mhfdat-jp.bin,ヘルパーＲフード,Helper R Hood
0x46efcc@mhfdat-jp.bin,バトルＲヘルム,Battle R Helm
0x46efd0@mhfdat-jp.bin,ガレオスＲヘルム,Cepha R Helm
0x46efd4@mhfdat-jp.bin,ボーンＲヘルム,Bone R Helm
0x46efd8@mhfdat-jp.bin,イーオスＬキャップ,Io L Cap
0x46efdc@mhfdat-jp.bin,ギザミＬキャップ,Ceanataur L Cap
0x46efe0@mhfdat-jp.bin,リオハートＲキャップ,Rath Heart R Cap
0x46efe4@mhfdat-jp.bin,ボーンＲキャップ,Bone R Cap
0x46efe8@mhfdat-jp.bin,ブランピアス,Buran Piercings
0x46efec@mhfdat-jp.bin,ブランヘッド,Buran Head
0x46eff0@mhfdat-jp.bin,キリンベルデ,Kirin Verde
0x46eff4@mhfdat-jp.bin,キリンベルデＦ,Kirin Verde F
0x46eff8@mhfdat-jp.bin,キリンルフス,Kirin Rufus
0x46effc@mhfdat-jp.bin,キリンルフスＦ,Kirin Rufus F
0x46f000@mhfdat-jp.bin,キリンアピリ,Kirin アピリ
0x46f004@mhfdat-jp.bin,キリンアピリＦ,Kirin アピリF
0x46f008@mhfdat-jp.bin,アクラコサージュ,Akura Corsage
0x46f00c@mhfdat-jp.bin,アクラコサージュＦ,Akura Corsage F
0x46f010@mhfdat-jp.bin,ベルコサージュ,Beru Corsage
0x46f014@mhfdat-jp.bin,ベルコサージュＦ,Beru Corsage F
0x46f018@mhfdat-jp.bin,シロオビヘルム,White Belt Helm
0x46f01c@mhfdat-jp.bin,神楽【兜】,Kagura Kabuto
0x46f020@mhfdat-jp.bin,神楽・覇【兜】,Kagura・覇 Kabuto
0x46f024@mhfdat-jp.bin,神座【鉢金】,Kamiza Hachigane
0x46f028@mhfdat-jp.bin,神座・覇【鉢金】,Kamiza・覇 Hachigane
0x46f02c@mhfdat-jp.bin,アスハルテヘッド,アスハルテ Head
0x46f030@mhfdat-jp.bin,アスハルテマスク,アスハルテ Mask
0x46f034@mhfdat-jp.bin,ロークヘルム,ローク Helm
0x46f038@mhfdat-jp.bin,ロークキャップ,ローク Cap
0x46f03c@mhfdat-jp.bin,ソルダートヘッド,Soldato Head
0x46f040@mhfdat-jp.bin,ゲイブルヘッド,Gable Head
0x46f044@mhfdat-jp.bin,ソルダートマスク,Soldato Mask
0x46f048@mhfdat-jp.bin,ゲイブルマスク,Gable Mask
0x46f04c@mhfdat-jp.bin,ウィダヘッド,Uida Head
0x46f050@mhfdat-jp.bin,スティーダヘッド,スティーダ Head
0x46f054@mhfdat-jp.bin,ウィダマスク,Uida Mask
0x46f058@mhfdat-jp.bin,スティーダマスク,スティーダ Mask
0x46f05c@mhfdat-jp.bin,アグリアヘッド,Agria Head
0x46f060@mhfdat-jp.bin,フラウアヘッド,Flower Head
0x46f064@mhfdat-jp.bin,アグリアピアス,Agria Piercings
0x46f068@mhfdat-jp.bin,フラウアピアス,Flower Piercings
0x46f06c@mhfdat-jp.bin,フォーヴヘッド,Fauve Head
0x46f070@mhfdat-jp.bin,フィアスヘッド,Fias Head
0x46f074@mhfdat-jp.bin,フォーヴピアス,Fauve Piercings
0x46f078@mhfdat-jp.bin,フィアスピアス,Fias Piercings
0x46f07c@mhfdat-jp.bin,フィデルピアス,フィデル Piercings
0x46f080@mhfdat-jp.bin,フィデルＦピアス,フィデルF Piercings
0x46f084@mhfdat-jp.bin,ファクトピアス,ファクト Piercings
0x46f088@mhfdat-jp.bin,ファクトＦピアス,ファクトF Piercings
0x46f08c@mhfdat-jp.bin,シュロスピアス,シュロス Piercings
0x46f090@mhfdat-jp.bin,シュロスＦピアス,シュロスF Piercings
0x46f094@mhfdat-jp.bin,アエトスハール,アエトス Haar
0x46f098@mhfdat-jp.bin,アエトスＦハール,アエトスF Haar
0x46f09c@mhfdat-jp.bin,ヴェルスピアス,ヴェルス Piercings
0x46f0a0@mhfdat-jp.bin,ヴェルスＦピアス,ヴェルスF Piercings
0x46f0a4@mhfdat-jp.bin,フラントピアス,Franc ト Piercings
0x46f0a8@mhfdat-jp.bin,フラントＦピアス,Franc トF Piercings
0x46f0ac@mhfdat-jp.bin,セリューピアス,Serieux Piercings
0x46f0b0@mhfdat-jp.bin,セリューＦピアス,Serieux F Piercings
0x46f0b4@mhfdat-jp.bin,ウェネスハール,ウェネス Haar
0x46f0b8@mhfdat-jp.bin,ウェネスＦハール,ウェネスF Haar
0x46f0bc@mhfdat-jp.bin,フェルムヘッド・黒,Ferme Head・Black
0x46f0c0@mhfdat-jp.bin,フェルムＦヘッド・黒,Ferme F Head・Black
0x46f0c4@mhfdat-jp.bin,フェルムマスク・黒,Ferme Mask・Black
0x46f0c8@mhfdat-jp.bin,フェルムＦマスク・黒,Ferme F Mask・Black
0x46f0cc@mhfdat-jp.bin,フェルムヘッド・赤,Ferme Head・Red
0x46f0d0@mhfdat-jp.bin,フェルムＦヘッド・赤,Ferme F Head・Red
0x46f0d4@mhfdat-jp.bin,フェルムマスク・赤,Ferme Mask・Red
0x46f0d8@mhfdat-jp.bin,フェルムＦマスク・赤,Ferme F Mask・Red
0x46f0dc@mhfdat-jp.bin,フェルムヘッド・白,Ferme Head・White
0x46f0e0@mhfdat-jp.bin,フェルムＦヘッド・白,Ferme F Head・White
0x46f0e4@mhfdat-jp.bin,フェルムマスク・白,Ferme Mask・White
0x46f0e8@mhfdat-jp.bin,フェルムＦマスク・白,Ferme F Mask・White
0x46f0ec@mhfdat-jp.bin,フェルムヘッド・青,Ferme Head・Blue
0x46f0f0@mhfdat-jp.bin,フェルムＦヘッド・青,Ferme F Head・Blue
0x46f0f4@mhfdat-jp.bin,フェルムマスク・青,Ferme Mask・Blue
0x46f0f8@mhfdat-jp.bin,フェルムＦマスク・青,Ferme F Mask・Blue
0x46f0fc@mhfdat-jp.bin,リエーザヘッド,リエーザ Head
0x46f100@mhfdat-jp.bin,リエーザＦヘッド,リエーザF Head
0x46f104@mhfdat-jp.bin,リエーザマスク,リエーザ Mask
0x46f108@mhfdat-jp.bin,リエーザＦマスク,リエーザF Mask
0x46f10c@mhfdat-jp.bin,クレールヘッド・紫,Claire Head・Purple
0x46f110@mhfdat-jp.bin,クレールＦヘッド・紫,Claire F Head・Purple
0x46f114@mhfdat-jp.bin,クレールピアス・紫,Claire Piercings・Purple
0x46f118@mhfdat-jp.bin,クレールＦピアス・紫,Claire F Piercings・Purple
0x46f11c@mhfdat-jp.bin,クレールヘッド・水,Claire Head・Water
0x46f120@mhfdat-jp.bin,クレールＦヘッド・水,Claire F Head・Water
0x46f124@mhfdat-jp.bin,クレールピアス・水,Claire Piercings・Water
0x46f128@mhfdat-jp.bin,クレールＦピアス・水,Claire F Piercings・Water
0x46f12c@mhfdat-jp.bin,クレールヘッド・赤,Claire Head・Red
0x46f130@mhfdat-jp.bin,クレールＦヘッド・赤,Claire F Head・Red
0x46f134@mhfdat-jp.bin,クレールピアス・赤,Claire Piercings・Red
0x46f138@mhfdat-jp.bin,クレールＦピアス・赤,Claire F Piercings・Red
0x46f13c@mhfdat-jp.bin,クレールヘッド・黒,Claire Head・Black
0x46f140@mhfdat-jp.bin,クレールＦヘッド・黒,Claire F Head・Black
0x46f144@mhfdat-jp.bin,クレールピアス・黒,Claire Piercings・Black
0x46f148@mhfdat-jp.bin,クレールＦピアス・黒,Claire F Piercings・Black
0x46f14c@mhfdat-jp.bin,デゼールヘッド,Desert Head
0x46f150@mhfdat-jp.bin,デゼールＦヘッド,Desert F Head
0x46f154@mhfdat-jp.bin,デゼールピアス,Desert Piercings
0x46f158@mhfdat-jp.bin,デゼールＦピアス,Desert F Piercings
0x46f15c@mhfdat-jp.bin,エンプレスヘッドSP赤,Empress Head SP Red
0x46f160@mhfdat-jp.bin,エンプレスヘッドSP黄,Empress Head SP Yellow
0x46f164@mhfdat-jp.bin,エンプレスヘッドSP紫,Empress Head SP Purple
0x46f168@mhfdat-jp.bin,エンプレスマスクSP赤,Empress Mask SP Red
0x46f16c@mhfdat-jp.bin,エンプレスマスクSP黄,Empress Mask SP Yellow
0x46f170@mhfdat-jp.bin,エンプレスマスクSP紫,Empress Mask SP Purple
0x46f174@mhfdat-jp.bin,ランゴヘルムSP黄,Vespoid Helm SP Yellow
0x46f178@mhfdat-jp.bin,ランゴヘルムSP黒,Vespoid Helm SP Black
0x46f17c@mhfdat-jp.bin,ランゴヘルムSP青,Vespoid Helm SP Blue
0x46f180@mhfdat-jp.bin,コムラダＬヘルム・赤,Comrade L Helm・Red
0x46f184@mhfdat-jp.bin,コムラダＬヘルム・青,Comrade L Helm・Blue
0x46f188@mhfdat-jp.bin,コムラダＬヘルム・緑,Comrade L Helm・Green
0x46f18c@mhfdat-jp.bin,コムラダＬヘルム・橙,Comrade L Helm・Orange
0x46f190@mhfdat-jp.bin,コムラダＲヘルム・赤,Comrade R Helm・Red
0x46f194@mhfdat-jp.bin,コムラダＲヘルム・青,Comrade R Helm・Blue
0x46f198@mhfdat-jp.bin,コムラダＲヘルム・緑,Comrade R Helm・Green
0x46f19c@mhfdat-jp.bin,コムラダＲヘルム・橙,Comrade R Helm・Orange
0x46f1a0@mhfdat-jp.bin,バトルＬキャップ,Battle L Cap
0x46f1a4@mhfdat-jp.bin,グラビドＬキャップ,Gravios L Cap
0x46f1a8@mhfdat-jp.bin,ハンターＲキャップ,Hunter's R Cap
0x46f1ac@mhfdat-jp.bin,ランゴＲキャップ,Vespoid R Cap
0x46f1b0@mhfdat-jp.bin,ガロンバレッタ,ガロン Beretta
0x46f1b4@mhfdat-jp.bin,ガロンバレッタＦ,ガロン Beretta F
0x46f1b8@mhfdat-jp.bin,猟団員の証【猪突】,猟団員の証【猪突】
0x46f1bc@mhfdat-jp.bin,猟団員の証【狙撃】,猟団員の証【狙撃】
0x46f1c0@mhfdat-jp.bin,チューヨ,Chullo
0x46f1c4@mhfdat-jp.bin,チューヨＦ,Chullo F
0x46f1c8@mhfdat-jp.bin,ヴィリヴラヘッド,ヴィリヴラ Head
0x46f1cc@mhfdat-jp.bin,アングリフヘッド,Angriff Head
0x46f1d0@mhfdat-jp.bin,ヴィリヴラマスク,ヴィリヴラ Mask
0x46f1d4@mhfdat-jp.bin,アングリフマスク,Angriff Mask
0x46f1d8@mhfdat-jp.bin,シュッツヘッド,Schutz Head
0x46f1dc@mhfdat-jp.bin,ヒルフェヘッド,Hilfe Head
0x46f1e0@mhfdat-jp.bin,シュッツマスク,Schutz Mask
0x46f1e4@mhfdat-jp.bin,ヒルフェマスク,Hilfe Mask
0x46f1e8@mhfdat-jp.bin,マカルパＲフード,Makluva R Hood
0x46f1ec@mhfdat-jp.bin,ラヴィヘッド,Raviente Head
0x46f1f0@mhfdat-jp.bin,ラヴィＦヘッド,Raviente F Head
0x46f1f4@mhfdat-jp.bin,ラヴィFXヘッド,Raviente FX Head
0x46f1f8@mhfdat-jp.bin,ラヴィキャップ,Raviente Cap
0x46f1fc@mhfdat-jp.bin,ラヴィＦキャップ,Raviente F Cap
0x46f200@mhfdat-jp.bin,ラヴィFXキャップ,Raviente FX Cap
0x46f204@mhfdat-jp.bin,アナキヘッド,アナキ Head
0x46f208@mhfdat-jp.bin,アナキバンド,アナキ Band
0x46f20c@mhfdat-jp.bin,ハーヴェストヘッド,Harvest Head
0x46f210@mhfdat-jp.bin,ハーヴェストピアス,Harvest Piercings
0x46f214@mhfdat-jp.bin,クラフトヘッド,Craft Head
0x46f218@mhfdat-jp.bin,クラフトＦヘッド,Craft F Head
0x46f21c@mhfdat-jp.bin,クラフトピアス,Craft Piercings
0x46f220@mhfdat-jp.bin,クラフトＦピアス,Craft F Piercings
0x46f224@mhfdat-jp.bin,ルディアヘッド,Ledia Head
0x46f228@mhfdat-jp.bin,ルディアＦヘッド,Ledia F Head
0x46f22c@mhfdat-jp.bin,ルディアピアス,Ledia Piercings
0x46f230@mhfdat-jp.bin,ルディアＦピアス,Ledia F Piercings
0x46f234@mhfdat-jp.bin,ティーアヘッド,ティーア Head
0x46f238@mhfdat-jp.bin,ヴィルトヘッド,Viruto Head
0x46f23c@mhfdat-jp.bin,ティーアピアス,ティーア Piercings
0x46f240@mhfdat-jp.bin,ヴィルトピアス,Viruto Piercings
0x46f244@mhfdat-jp.bin,ミューズヘッド,Muse Head
0x46f248@mhfdat-jp.bin,テューンヘッド,Tune Head
0x46f24c@mhfdat-jp.bin,ゼーレピアス,ゼーレ Piercings
0x46f250@mhfdat-jp.bin,シュナイトピアス,Schnite Piercings
0x46f254@mhfdat-jp.bin,アセルスヘッド,アセルス Head
0x46f258@mhfdat-jp.bin,アセルスＦヘッド,アセルスF Head
0x46f25c@mhfdat-jp.bin,スクラヘッド,スクラ Head
0x46f260@mhfdat-jp.bin,スクラＦヘッド,スクラF Head
0x46f264@mhfdat-jp.bin,ファルムヘッド,ファルム Head
0x46f268@mhfdat-jp.bin,ファルムＦヘッド,ファルムF Head
0x46f26c@mhfdat-jp.bin,ディゼルハット,Diesel Hat
0x46f270@mhfdat-jp.bin,ディゼルＦハット,Diesel F Hat
0x46f274@mhfdat-jp.bin,スディブヘッド,スディブ Head
0x46f278@mhfdat-jp.bin,スディブＦヘッド,スディブF Head
0x46f27c@mhfdat-jp.bin,フィブラヘッド,フィブラ Head
0x46f280@mhfdat-jp.bin,フィブラＦヘッド,フィブラF Head
0x46f284@mhfdat-jp.bin,リガスヘッド,リガス Head
0x46f288@mhfdat-jp.bin,リガスＦヘッド,リガスF Head
0x46f28c@mhfdat-jp.bin,ミーツェハット,ミーツェ Hat
0x46f290@mhfdat-jp.bin,ミーツェＦハット,ミーツェF Hat
0x46f294@mhfdat-jp.bin,メレティヘッド・白,Melety Head・White
0x46f298@mhfdat-jp.bin,メレティＦヘッド・白,Melety F Head・White
0x46f29c@mhfdat-jp.bin,メレティハット・白,Melety Hat・White
0x46f2a0@mhfdat-jp.bin,メレティＦハット・白,Melety F Hat・White
0x46f2a4@mhfdat-jp.bin,メレティヘッド・赤,Melety Head・Red
0x46f2a8@mhfdat-jp.bin,メレティＦヘッド・赤,Melety F Head・Red
0x46f2ac@mhfdat-jp.bin,メレティハット・赤,Melety Hat・Red
0x46f2b0@mhfdat-jp.bin,メレティＦハット・赤,Melety F Hat・Red
0x46f2b4@mhfdat-jp.bin,メレティヘッド・青,Melety Head・Blue
0x46f2b8@mhfdat-jp.bin,メレティＦヘッド・青,Melety F Head・Blue
0x46f2bc@mhfdat-jp.bin,メレティハット・青,Melety Hat・Blue
0x46f2c0@mhfdat-jp.bin,メレティＦハット・青,Melety F Hat・Blue
0x46f2c4@mhfdat-jp.bin,メレティヘッド・黒,Melety Head・Black
0x46f2c8@mhfdat-jp.bin,メレティＦヘッド・黒,Melety F Head・Black
0x46f2cc@mhfdat-jp.bin,メレティハット・黒,Melety Hat・Black
0x46f2d0@mhfdat-jp.bin,メレティＦハット・黒,Melety F Hat・Black
0x46f2d4@mhfdat-jp.bin,ゲレールヘッド,ゲレール Head
0x46f2d8@mhfdat-jp.bin,ゲレールＦヘッド,ゲレールF Head
0x46f2dc@mhfdat-jp.bin,レーラーヘッド,レーラー Head
0x46f2e0@mhfdat-jp.bin,レーラーＦヘッド,レーラーF Head
0x46f2e4@mhfdat-jp.bin,フェサーヘッド,フェサー Head
0x46f2e8@mhfdat-jp.bin,フェサーＦヘッド,フェサーF Head
0x46f2ec@mhfdat-jp.bin,シアンスハット,シアンス Hat
0x46f2f0@mhfdat-jp.bin,シアンスＦハット,シアンスF Hat
0x46f2f4@mhfdat-jp.bin,ゴルトヘルム・赤,Gold Helm・Red
0x46f2f8@mhfdat-jp.bin,ゴルトＦヘルム・赤,Gold F Helm・Red
0x46f2fc@mhfdat-jp.bin,ゴルトマスク・赤,Gold Mask・Red
0x46f300@mhfdat-jp.bin,ゴルトＦマスク・赤,Gold F Mask・Red
0x46f304@mhfdat-jp.bin,ゴルトヘルム・青,Gold Helm・Blue
0x46f308@mhfdat-jp.bin,ゴルトＦヘルム・青,Gold F Helm・Blue
0x46f30c@mhfdat-jp.bin,ゴルトマスク・青,Gold Mask・Blue
0x46f310@mhfdat-jp.bin,ゴルトＦマスク・青,Gold F Mask・Blue
0x46f314@mhfdat-jp.bin,ゴルトヘルム・黄,Gold Helm・Yellow
0x46f318@mhfdat-jp.bin,ゴルトＦヘルム・黄,Gold F Helm・Yellow
0x46f31c@mhfdat-jp.bin,ゴルトマスク・黄,Gold Mask・Yellow
0x46f320@mhfdat-jp.bin,ゴルトＦマスク・黄,Gold F Mask・Yellow
0x46f324@mhfdat-jp.bin,ゴルトヘルム・紫,Gold Helm・Purple
0x46f328@mhfdat-jp.bin,ゴルトＦヘルム・紫,Gold F Helm・Purple
0x46f32c@mhfdat-jp.bin,ゴルトマスク・紫,Gold Mask・Purple
0x46f330@mhfdat-jp.bin,ゴルトＦマスク・紫,Gold F Mask・Purple
0x46f334@mhfdat-jp.bin,シデロヘルム,シデロ Helm
0x46f338@mhfdat-jp.bin,シデロＦヘルム,シデロF Helm
0x46f33c@mhfdat-jp.bin,オールヘルム,オール Helm
0x46f340@mhfdat-jp.bin,オールＦヘルム,オールF Helm
0x46f344@mhfdat-jp.bin,メタロヘルム,メタロ Helm
0x46f348@mhfdat-jp.bin,メタロＦヘルム,メタロF Helm
0x46f34c@mhfdat-jp.bin,アルジャマスク,アルジャ Mask
0x46f350@mhfdat-jp.bin,アルジャＦマスク,アルジャF Mask
0x46f354@mhfdat-jp.bin,エスピナFXゲヒル,Espinas FX Brain
0x46f358@mhfdat-jp.bin,エスピナFXアゼレ,Espinas FX Soul
0x46f360@mhfdat-jp.bin,エクストヘルム,
0x46f364@mhfdat-jp.bin,エクストヘルムＣ,エクスト Helm
0x46f368@mhfdat-jp.bin,エクストキャップ,エクスト Helm C
0x46f36c@mhfdat-jp.bin,エクストキャップＣ,エクスト Cap
0x46f370@mhfdat-jp.bin,デスギアゲヒルSP白,エクスト Cap C
0x46f374@mhfdat-jp.bin,デスギアゲヒルSP赤,Death Stench Brain SP White
0x46f378@mhfdat-jp.bin,デスギアゲヒルSP青,Death Stench Brain SP Red
0x46f37c@mhfdat-jp.bin,ディアブロヘルムSP紫,Death Stench Brain SP Blue
0x46f380@mhfdat-jp.bin,ディアブロヘルムSP青,Diablos Helm SP Purple
0x46f384@mhfdat-jp.bin,ディアブロヘルムSP黄,Diablos Helm SP Blue
0x46f388@mhfdat-jp.bin,マカルパフードSP緑,Diablos Helm SP Yellow
0x46f38c@mhfdat-jp.bin,マカルパフードSP青,Makluva Hood SP Green
0x46f390@mhfdat-jp.bin,マカルパフードSP黒,Makluva Hood SP Blue
0x46f394@mhfdat-jp.bin,ドラゴンＬフェイス,Makluva Hood SP Black
0x46f398@mhfdat-jp.bin,キリンＬコルノ,Dragon L Face
0x46f39c@mhfdat-jp.bin,ザザミＬキャップ,Kirin L Corno
0x46f3a0@mhfdat-jp.bin,ボーンＬキャップ,Hermitaur L Cap
0x46f3a4@mhfdat-jp.bin,ランゴＬキャップ,Bone L Cap
0x46f3a8@mhfdat-jp.bin,ディアブロＬキャップ,Vespoid L Cap
0x46f3ac@mhfdat-jp.bin,Ｇ・ガードＲマスク紅,Diablos L Cap
0x46f3b0@mhfdat-jp.bin,Ｇ・ガードＲピアス紅,G・Guard R Mask Crimson
0x46f3b4@mhfdat-jp.bin,タロスＲキャップ,G・Guard R Piercings Crimson
0x46f3b8@mhfdat-jp.bin,ハイメタＲキャップ,Hornetaur R Cap
0x46f3bc@mhfdat-jp.bin,リオソウルＲキャップ,High Metal R Cap
0x46f3c0@mhfdat-jp.bin,ブランゴＬヘルム,Rath Soul R Cap
0x46f3c4@mhfdat-jp.bin,ガノスＬヘルム,Blango L Helm
0x46f3c8@mhfdat-jp.bin,グラビドＲヘルム,Plesioth L Helm
0x46f3cc@mhfdat-jp.bin,イーオスＲヘルム,Gravios R Helm
0x46f3d0@mhfdat-jp.bin,紅霞の眼鏡,Io R Helm
0x46f3d4@mhfdat-jp.bin,紅霞の眼鏡Ｆ,Crimson 霞の眼鏡
0x46f3d8@mhfdat-jp.bin,蒼穹の眼鏡, Crimson 霞の眼鏡F
0x46f3dc@mhfdat-jp.bin,蒼穹の眼鏡Ｆ, Green 穹の眼鏡
0x46f3e0@mhfdat-jp.bin,翠霞の眼鏡, Green 穹の眼鏡F
0x46f3e4@mhfdat-jp.bin,翠霞の眼鏡Ｆ,翠霞の眼鏡
0x46f3e8@mhfdat-jp.bin,マーレピアス,翠霞の眼鏡F
0x46f3ec@mhfdat-jp.bin,マーレピアスＦ,マーレ Piercings
0x46f3f0@mhfdat-jp.bin,スカイピアス,マーレ Piercings F
0x46f3f4@mhfdat-jp.bin,スカイピアスＦ,Sky Piercings
0x46f3f8@mhfdat-jp.bin,ランドピアス,Sky Piercings F
0x46f3fc@mhfdat-jp.bin,ランドピアスＦ,Land Piercings
0x46f400@mhfdat-jp.bin,ラヴィバレッタ,Land Piercings F
0x46f404@mhfdat-jp.bin,ラヴィバレッタＦ,Raviente Beretta
0x46f408@mhfdat-jp.bin,フェロウベレー・白,Raviente Beretta F
0x46f40c@mhfdat-jp.bin,フェロウベレーＦ・白,Fellow Beret・White
0x46f410@mhfdat-jp.bin,フェロウベレー・赤,Fellow Beret F・White
0x46f414@mhfdat-jp.bin,フェロウベレーＦ・赤,Fellow Beret・Red
0x46f418@mhfdat-jp.bin,フェロウベレー・緑,Fellow Beret F・Red
0x46f41c@mhfdat-jp.bin,フェロウベレーＦ・緑,Fellow Beret・Green
0x46f420@mhfdat-jp.bin,フェロウベレー・紫,Fellow Beret F・Green
0x46f424@mhfdat-jp.bin,フェロウベレーＦ・紫,Fellow Beret・Purple
0x46f428@mhfdat-jp.bin,稲荷【兜】,Fellow Beret F・Purple
0x46f42c@mhfdat-jp.bin,稲荷・覇【兜】,Inari Kabuto
0x46f430@mhfdat-jp.bin,玉藻【御面】,Inari 覇 Kabuto
0x46f434@mhfdat-jp.bin,玉藻・覇【御面】,Tamamo 【御 Mask 】
0x46f438@mhfdat-jp.bin,稲荷【烏帽子】,Tamamo 覇【御 Mask 】
0x46f43c@mhfdat-jp.bin,稲荷・覇【烏帽子】,Inari [Eboshi 】
0x46f440@mhfdat-jp.bin,玉藻【覆面】,Inari 覇 [Eboshi 】
0x46f444@mhfdat-jp.bin,玉藻・覇【覆面】,Tamamo 【覆 Mask 】
0x46f448@mhfdat-jp.bin,コカロヘルム,Tamamo 覇【覆 Mask 】
0x46f44c@mhfdat-jp.bin,コカロキャップ,コカロ Helm
0x46f450@mhfdat-jp.bin,シエリーヘルム,コカロ Cap
0x46f454@mhfdat-jp.bin,シエリーＦヘルム,Shieri Helm
0x46f458@mhfdat-jp.bin,シエリーキャップ,Shieri F Helm
0x46f45c@mhfdat-jp.bin,シエリーＦキャップ,Shieri Cap
0x46f460@mhfdat-jp.bin,ハルバダーヘッド,Shieri F Cap
0x46f464@mhfdat-jp.bin,ハルバダーＦヘッド,Harubadaa Head
0x46f468@mhfdat-jp.bin,トラッカーキャップ,Harubadaa F Head
0x46f46c@mhfdat-jp.bin,トラッカーＦキャップ,Tracker Cap
0x46f470@mhfdat-jp.bin,ザーカーヘッド,Tracker F Cap
0x46f474@mhfdat-jp.bin,ザーカーＦヘッド,Zaakaa Head
0x46f478@mhfdat-jp.bin,チェイサーキャップ,Zaakaa F Head
0x46f47c@mhfdat-jp.bin,チェイサーＦキャップ,Chaser Cap
0x46f480@mhfdat-jp.bin,ロイヤルヘッド,Chaser F Cap
0x46f484@mhfdat-jp.bin,ロイヤルＦヘッド,Royal Head
0x46f488@mhfdat-jp.bin,ロードキャップ,Royal F Head
0x46f48c@mhfdat-jp.bin,ロードＦキャップ,Lord Cap
0x46f490@mhfdat-jp.bin,ディクトヘッド,Lord F Cap
0x46f494@mhfdat-jp.bin,ディクトＦヘッド,Dicto Head
0x46f498@mhfdat-jp.bin,ディレットピアス,Dicto F Head
0x46f49c@mhfdat-jp.bin,ディレットＦピアス,Diletto Piercings
0x46f4a0@mhfdat-jp.bin,クリュスヘッド,Diletto F Piercings
0x46f4a4@mhfdat-jp.bin,クリュスＦヘッド,Kruss Head
0x46f4a8@mhfdat-jp.bin,クォートピアス,Kruss F Head
0x46f4ac@mhfdat-jp.bin,クォートＦピアス,Quote Piercings
0x46f4b0@mhfdat-jp.bin,ウルバヌヘルム,Quote F Piercings
0x46f4b4@mhfdat-jp.bin,ウルバヌＦヘルム,ウルバヌ Helm
0x46f4b8@mhfdat-jp.bin,マグヌスヘルム,ウルバヌF Helm
0x46f4bc@mhfdat-jp.bin,マグヌスＦヘルム,マグヌス Helm
0x46f4c0@mhfdat-jp.bin,ソレルスヘルム,マグヌスF Helm
0x46f4c4@mhfdat-jp.bin,ソレルスＦヘルム,ソレルス Helm
0x46f4c8@mhfdat-jp.bin,パルフェマスク,ソレルスF Helm
0x46f4cc@mhfdat-jp.bin,パルフェＦマスク,パルフェ Mask
0x46f4d0@mhfdat-jp.bin,アスティヘルム,パルフェF Mask
0x46f4d4@mhfdat-jp.bin,アスティＦヘルム,アスティ Helm
0x46f4d8@mhfdat-jp.bin,アガトンヘルム,アスティF Helm
0x46f4dc@mhfdat-jp.bin,アガトンＦヘルム,アガトン Helm
0x46f4e0@mhfdat-jp.bin,ランプロヘルム,アガトンF Helm
0x46f4e4@mhfdat-jp.bin,ランプロＦヘルム,ランプロ Helm
0x46f4e8@mhfdat-jp.bin,ソフィスマスク,ランプロF Helm
0x46f4ec@mhfdat-jp.bin,ソフィスＦマスク,ソフィス Mask
0x46f4f0@mhfdat-jp.bin,アリストヘッド・青,ソフィスF Mask
0x46f4f4@mhfdat-jp.bin,アリストＦヘッド・青,Aristo Head・Blue
0x46f4f8@mhfdat-jp.bin,アリストマスク・青,Aristo F Head・Blue
0x46f4fc@mhfdat-jp.bin,アリストＦマスク・青,Aristo Mask・Blue
0x46f500@mhfdat-jp.bin,アリストヘッド・白,Aristo F Mask・Blue
0x46f504@mhfdat-jp.bin,アリストＦヘッド・白,Aristo Head・White
0x46f508@mhfdat-jp.bin,アリストマスク・白,Aristo F Head・White
0x46f50c@mhfdat-jp.bin,アリストＦマスク・白,Aristo Mask・White
0x46f510@mhfdat-jp.bin,アリストヘッド・紫,Aristo F Mask・White
0x46f514@mhfdat-jp.bin,アリストＦヘッド・紫,Aristo Head・Purple
0x46f518@mhfdat-jp.bin,アリストマスク・紫,Aristo F Head・Purple
0x46f51c@mhfdat-jp.bin,アリストＦマスク・紫,Aristo Mask・Purple
0x46f520@mhfdat-jp.bin,アリストヘッド・赤,Aristo F Mask・Purple
0x46f524@mhfdat-jp.bin,アリストＦヘッド・赤,Aristo Head・Red
0x46f528@mhfdat-jp.bin,アリストマスク・赤,Aristo F Head・Red
0x46f52c@mhfdat-jp.bin,アリストＦマスク・赤,Aristo Mask・Red
0x46f530@mhfdat-jp.bin,ビリスフェイス,Aristo F Mask・Red
0x46f534@mhfdat-jp.bin,ビリスＦフェイス,ビリス Face
0x46f538@mhfdat-jp.bin,ギエールフェイス,ビリスF Face
0x46f53c@mhfdat-jp.bin,ギエールＦフェイス,ギエール Face
0x46f540@mhfdat-jp.bin,カウントフェイス,ギエールF Face
0x46f544@mhfdat-jp.bin,カウントＦフェイス,カウント Face
0x46f548@mhfdat-jp.bin,フュルスマスク,カウントF Face
0x46f54c@mhfdat-jp.bin,フュルスＦマスク,フュルス Mask
0x46f550@mhfdat-jp.bin,テクストヘッド・紫,フュルスF Mask
0x46f554@mhfdat-jp.bin,テクストＦヘッド・紫,Text Head・Purple
0x46f558@mhfdat-jp.bin,テクストマスク・紫,Text F Head・Purple
0x46f55c@mhfdat-jp.bin,テクストＦマスク・紫,Text Mask・Purple
0x46f560@mhfdat-jp.bin,テクストヘッド・緑,Text F Mask・Purple
0x46f564@mhfdat-jp.bin,テクストＦヘッド・緑,Text Head・Green
0x46f568@mhfdat-jp.bin,テクストマスク・緑,Text F Head・Green
0x46f56c@mhfdat-jp.bin,テクストＦマスク・緑,Text Mask・Green
0x46f570@mhfdat-jp.bin,テクストヘッド・青,Text F Mask・Green
0x46f574@mhfdat-jp.bin,テクストＦヘッド・青,Text Head・Blue
0x46f578@mhfdat-jp.bin,テクストマスク・青,Text F Head・Blue
0x46f57c@mhfdat-jp.bin,テクストＦマスク・青,Text Mask・Blue
0x46f580@mhfdat-jp.bin,テクストヘッド・黒,Text F Mask・Blue
0x46f584@mhfdat-jp.bin,テクストＦヘッド・黒,Text Head・Black
0x46f588@mhfdat-jp.bin,テクストマスク・黒,Text F Head・Black
0x46f58c@mhfdat-jp.bin,テクストＦマスク・黒,Text Mask・Black
0x46f590@mhfdat-jp.bin,パスマフェイス,Text F Mask・Black
0x46f594@mhfdat-jp.bin,パスマＦフェイス,Pasu マ Face
0x46f598@mhfdat-jp.bin,フィーブルフェイス,Pasu マF Face
0x46f59c@mhfdat-jp.bin,フィーブルＦフェイス,フィーブル Face
0x46f5a0@mhfdat-jp.bin,ヴァラクフェイス,フィーブルF Face
0x46f5a4@mhfdat-jp.bin,ヴァラクＦフェイス,ヴァラク Face
0x46f5a8@mhfdat-jp.bin,ネウロンマスク,ヴァラクF Face
0x46f5ac@mhfdat-jp.bin,ネウロンＦマスク,ネウロン Mask
0x46f5b0@mhfdat-jp.bin,アージェヘッド,ネウロンF Mask
0x46f5b4@mhfdat-jp.bin,アージェＦヘッド,Arge Head
0x46f5b8@mhfdat-jp.bin,アージェハット,Arge F Head
0x46f5bc@mhfdat-jp.bin,アージェＦハット,Arge Hat
0x46f5c0@mhfdat-jp.bin,アカムトサクパケSP黒,Arge F Hat
0x46f5c4@mhfdat-jp.bin,アカムトサクパケSP赤,Akantor Mask SP Black
0x46f5c8@mhfdat-jp.bin,アカムトサクパケSP白,Akantor Mask SP Red
0x46f5cc@mhfdat-jp.bin,アカムトリクンSP黒,Akantor Mask SP White
0x46f5d0@mhfdat-jp.bin,アカムトリクンSP赤,Akantor リクン SP Black
0x46f5d4@mhfdat-jp.bin,アカムトリクンSP白,Akantor リクン SP Red
0x46f5d8@mhfdat-jp.bin,グラビドヘルムSP黒,Akantor リクン SP White
0x46f5dc@mhfdat-jp.bin,グラビドヘルムSP青,Gravios Helm SP Black
0x46f5e0@mhfdat-jp.bin,グラビドヘルムSP赤,Gravios Helm SP Blue
0x46f5e4@mhfdat-jp.bin,コンガＬキャップ,Gravios Helm SP Red
0x46f5e8@mhfdat-jp.bin,ハンターＬキャップ,Congalala L Cap
0x46f5ec@mhfdat-jp.bin,ランポスＬキャップ,Hunter's L Cap
0x46f5f0@mhfdat-jp.bin,タロスＬキャップ,Veloci L Cap
0x46f5f4@mhfdat-jp.bin,ハイメタＬキャップ,Hornetaur L Cap
0x46f5f8@mhfdat-jp.bin,ゲネポスＬキャップ,High Metal L Cap
0x46f5fc@mhfdat-jp.bin,ゲネポスＲキャップ,Gen L Cap
0x46f600@mhfdat-jp.bin,クックＲキャップ,Gen R Cap
0x46f604@mhfdat-jp.bin,バサルＲキャップ,Kut-Ku R Cap
0x46f608@mhfdat-jp.bin,ガレオスＲキャップ,Basarios R Cap
0x46f60c@mhfdat-jp.bin,ガノスＲキャップ,Cepha R Cap
0x46f610@mhfdat-jp.bin,ゲリョスＲキャップ,Plesioth R Cap
0x46f614@mhfdat-jp.bin,ドラゴンＬヘッド,Gypceros R Cap
0x46f618@mhfdat-jp.bin,ランポスＬヘルム,Dragon L Head
0x46f61c@mhfdat-jp.bin,ランゴＲヘルム,Veloci L Helm
0x46f620@mhfdat-jp.bin,クックＲヘルム,Vespoid R Helm
0x46f624@mhfdat-jp.bin,アクラFXヘルム,Kut-Ku R Helm
0x46f628@mhfdat-jp.bin,アクラFXキャップ,Akura FX Helm
0x46f62c@mhfdat-jp.bin,アクラFXヘルム黄,Akura FX Cap
0x46f630@mhfdat-jp.bin,アクラFXキャップ黄,Akura FX Helm Yellow
0x46f634@mhfdat-jp.bin,アクラFXヘルム蒼,Akura FX Cap Yellow
0x46f638@mhfdat-jp.bin,アクラFXキャップ蒼,Akura FX Helm Green
0x46f63c@mhfdat-jp.bin,アクラFXヘルム紅,Akura FX Cap Green
0x46f640@mhfdat-jp.bin,アクラFXキャップ紅,Akura FX Helm Crimson
0x46f644@mhfdat-jp.bin,アスールＦヘッド,Akura FX Cap Crimson
0x46f648@mhfdat-jp.bin,アスールＦウィッグ,Azul F Head
0x46f64c@mhfdat-jp.bin,ディアリーピアス,Azul F Wig
0x46f650@mhfdat-jp.bin,ディアリーピアスＦ,Dearly Piercings
0x46f654@mhfdat-jp.bin,バディーピアス,Dearly Piercings F
0x46f658@mhfdat-jp.bin,バディーピアスＦ,Buddy Piercings
0x46f65c@mhfdat-jp.bin,パリアコサージュ,Buddy Piercings F
0x46f660@mhfdat-jp.bin,パリアコサージュＦ,Pariapuria Corsage
0x46f664@mhfdat-jp.bin,猟団員の証【闘技】,Pariapuria Corsage F
0x46f668@mhfdat-jp.bin,デュラバレッタ,猟団員の証【闘技】
0x46f66c@mhfdat-jp.bin,デュラバレッタＦ,Dyura Beretta
0x46f670@mhfdat-jp.bin,ダミー,Dyura Beretta F
0x46f674@mhfdat-jp.bin,ダミー,ダミー
0x46f678@mhfdat-jp.bin,ダミー,ダミー
0x46f67c@mhfdat-jp.bin,ダミー,ダミー
0x46f680@mhfdat-jp.bin,ダミー,ダミー
0x46f684@mhfdat-jp.bin,ダミー,ダミー
0x46f688@mhfdat-jp.bin,ダミー,ダミー
0x46f68c@mhfdat-jp.bin,ダミー,ダミー
0x46f690@mhfdat-jp.bin,ダミー,ダミー
0x46f694@mhfdat-jp.bin,ダミー,ダミー
0x46f698@mhfdat-jp.bin,ダミー,ダミー
0x46f69c@mhfdat-jp.bin,ダミー,ダミー
0x46f6a0@mhfdat-jp.bin,ダミー,ダミー
0x46f6a4@mhfdat-jp.bin,ダミー,ダミー
0x46f6a8@mhfdat-jp.bin,ダミー,ダミー
0x46f6ac@mhfdat-jp.bin,ダミー,ダミー
0x46f6b0@mhfdat-jp.bin,ダミー,ダミー
0x46f6b4@mhfdat-jp.bin,ダミー,ダミー
0x46f6b8@mhfdat-jp.bin,ダミー,ダミー
0x46f6bc@mhfdat-jp.bin,ダミー,ダミー
0x46f6c0@mhfdat-jp.bin,ダミー,ダミー
0x46f6c4@mhfdat-jp.bin,ダミー,ダミー
0x46f6c8@mhfdat-jp.bin,ダミー,ダミー
0x46f6cc@mhfdat-jp.bin,ダミー,ダミー
0x46f6d0@mhfdat-jp.bin,ダミー,ダミー
0x46f6d4@mhfdat-jp.bin,ダミー,ダミー
0x46f6d8@mhfdat-jp.bin,ダミー,ダミー
0x46f6dc@mhfdat-jp.bin,ダミー,ダミー
0x46f6e0@mhfdat-jp.bin,ダミー,ダミー
0x46f6e4@mhfdat-jp.bin,ダミー,ダミー
0x46f6e8@mhfdat-jp.bin,ベルドラヘルム,ダミー
0x46f6ec@mhfdat-jp.bin,ベルドラキャップ,Beru ドラ Helm
0x46f6f0@mhfdat-jp.bin,ディールヘッド,Beru ドラ Cap
0x46f6f4@mhfdat-jp.bin,ディールＦヘッド,Diru Head
0x46f6f8@mhfdat-jp.bin,ディールウィッグ,Diru F Head
0x46f6fc@mhfdat-jp.bin,ディールＦウィッグ,Diru Wig
0x46f700@mhfdat-jp.bin,スフィアヘッド,Diru F Wig
0x46f704@mhfdat-jp.bin,スフィアＦヘッド,Sufia Head
0x46f708@mhfdat-jp.bin,スフィアハット,Sufia F Head
0x46f70c@mhfdat-jp.bin,スフィアＦハット,Sufia Hat
0x46f710@mhfdat-jp.bin,スタリナヘッド,Sufia F Hat
0x46f714@mhfdat-jp.bin,スタリナＦヘッド,Starina Head
0x46f718@mhfdat-jp.bin,スタリナピアス,Starina F Head
0x46f71c@mhfdat-jp.bin,スタリナＦピアス,Starina Piercings
0x46f720@mhfdat-jp.bin,ルースヘッド,Starina F Piercings
0x46f724@mhfdat-jp.bin,ルースＦヘッド,Loose Head
0x46f728@mhfdat-jp.bin,ルースピアス,Loose F Head
0x46f72c@mhfdat-jp.bin,ルースＦピアス,Loose Piercings
0x46f730@mhfdat-jp.bin,レイジヘルム,Loose F Piercings
0x46f734@mhfdat-jp.bin,レイジＦヘルム,Rage Helm
0x46f738@mhfdat-jp.bin,レイジマスク,Rage F Helm
0x46f73c@mhfdat-jp.bin,レイジＦマスク,Rage Mask
0x46f740@mhfdat-jp.bin,ランページヘルム,Rage F Mask
0x46f744@mhfdat-jp.bin,ランページＦヘルム,Rampage Helm
0x46f748@mhfdat-jp.bin,ランページマスク,Rampage F Helm
0x46f74c@mhfdat-jp.bin,ランページＦマスク,Rampage Mask
0x46f750@mhfdat-jp.bin,ブレイズヘルム,Rampage F Mask
0x46f754@mhfdat-jp.bin,ブレイズＦヘルム,Blaze Helm
0x46f758@mhfdat-jp.bin,ブレイズマスク,Blaze F Helm
0x46f75c@mhfdat-jp.bin,ブレイズＦマスク,Blaze Mask
0x46f760@mhfdat-jp.bin,ファランヘルム・白,Blaze F Mask
0x46f764@mhfdat-jp.bin,ファランＦヘルム・白,Pharan Helm・White
0x46f768@mhfdat-jp.bin,ファランマスク・白,Pharan F Helm・White
0x46f76c@mhfdat-jp.bin,ファランＦマスク・白,Pharan Mask・White
0x46f770@mhfdat-jp.bin,ファランヘルム・黒,Pharan F Mask・White
0x46f774@mhfdat-jp.bin,ファランＦヘルム・黒,Pharan Helm・Black
0x46f778@mhfdat-jp.bin,ファランマスク・黒,Pharan F Helm・Black
0x46f77c@mhfdat-jp.bin,ファランＦマスク・黒,Pharan Mask・Black
0x46f780@mhfdat-jp.bin,ファランヘルム・赤,Pharan F Mask・Black
0x46f784@mhfdat-jp.bin,ファランＦヘルム・赤,Pharan Helm・Red
0x46f788@mhfdat-jp.bin,ファランマスク・赤,Pharan F Helm・Red
0x46f78c@mhfdat-jp.bin,ファランＦマスク・赤,Pharan Mask・Red
0x46f790@mhfdat-jp.bin,ファランヘルム・青,Pharan F Mask・Red
0x46f794@mhfdat-jp.bin,ファランＦヘルム・青,Pharan Helm・Blue
0x46f798@mhfdat-jp.bin,ファランマスク・青,Pharan F Helm・Blue
0x46f79c@mhfdat-jp.bin,ファランＦマスク・青,Pharan Mask・Blue
0x46f7a0@mhfdat-jp.bin,きんねこ服Ｆヘッド,Pharan F Mask・Blue
0x46f7a4@mhfdat-jp.bin,きんねこ服Ｆハール,Gold Cat F Head
0x46f7a8@mhfdat-jp.bin,ぎんねこ服マスク,Gold Cat F Haar
0x46f7ac@mhfdat-jp.bin,ぎんねこ服Ｆヘッド,Silver Cat Mask
0x46f7b0@mhfdat-jp.bin,ぎんねこ服Ｆハール,Silver Cat F Head
0x46f7b4@mhfdat-jp.bin,ヴィンヘッド,Silver Cat F Haar
0x46f7b8@mhfdat-jp.bin,ヴィンＦヘッド,ヴィン Head
0x46f7bc@mhfdat-jp.bin,ヴァンデヘッド,ヴィンF Head
0x46f7c0@mhfdat-jp.bin,ヴァンデＦヘッド,ヴァンデ Head
0x46f7c4@mhfdat-jp.bin,デスモヘッド,ヴァンデF Head
0x46f7c8@mhfdat-jp.bin,デスモＦヘッド,デスモ Head
0x46f7cc@mhfdat-jp.bin,ミスクピアス,デスモF Head
0x46f7d0@mhfdat-jp.bin,ミスクＦピアス,ミスク Piercings
0x46f7d4@mhfdat-jp.bin,ウーズィヘッド,ミスクF Piercings
0x46f7d8@mhfdat-jp.bin,ウーズィＦヘッド,ウーズィ Head
0x46f7dc@mhfdat-jp.bin,レガーメヘッド,ウーズィF Head
0x46f7e0@mhfdat-jp.bin,レガーメＦヘッド,レガーメ Head
0x46f7e4@mhfdat-jp.bin,ノットヘッド,レガーメF Head
0x46f7e8@mhfdat-jp.bin,ノットＦヘッド,ノット Head
0x46f7ec@mhfdat-jp.bin,ラソスピアス,ノットF Head
0x46f7f0@mhfdat-jp.bin,ラソスＦピアス,ラソス Piercings
0x46f7f4@mhfdat-jp.bin,レックスヘルムSP黒,ラソスF Piercings
0x46f7f8@mhfdat-jp.bin,レックスヘルムSP白,Tigrex Helm SP Black
0x46f7fc@mhfdat-jp.bin,レックスヘルムSP紫,Tigrex Helm SP White
0x46f800@mhfdat-jp.bin,モノブロスヘルムSP黄,Tigrex Helm SP Purple
0x46f804@mhfdat-jp.bin,モノブロスヘルムSP緑,Monoblos Helm SP Yellow
0x46f808@mhfdat-jp.bin,モノブロスヘルムSP白,Monoblos Helm SP Green
0x46f80c@mhfdat-jp.bin,フルフルキャップSP黒,Monoblos Helm SP White
0x46f810@mhfdat-jp.bin,フルフルキャップSP緑,Khezu Cap SP Black
0x46f814@mhfdat-jp.bin,フルフルキャップSP青,Khezu Cap SP Green
0x46f818@mhfdat-jp.bin,ヒプノＬキャップ,Khezu Cap SP Blue
0x46f81c@mhfdat-jp.bin,ラヴァＬキャップ,Hypnoc L Cap
0x46f820@mhfdat-jp.bin,パピメルＬカブト,Lavasioth L Cap
0x46f824@mhfdat-jp.bin,ガレオスＬキャップ,Butterfly L Kabuto
0x46f828@mhfdat-jp.bin,レイアＬキャップ,Cepha L Cap
0x46f82c@mhfdat-jp.bin,クックＬキャップ,Rathian L Cap
0x46f830@mhfdat-jp.bin,忍の面・Ｒ,Kut-Ku L Cap
0x46f834@mhfdat-jp.bin,レザーライトＲヘルム,Shinobi Mask・R
0x46f838@mhfdat-jp.bin,エスピナＲアゼレ,Leather R Helm
0x46f83c@mhfdat-jp.bin,ビストロＲキャップ,Espinas R Soul
0x46f840@mhfdat-jp.bin,アクラＲキャップ,Bistro R Cap
0x46f844@mhfdat-jp.bin,アクラＲキャップ黄,Akura R Cap
0x46f848@mhfdat-jp.bin,アクラＲキャップ蒼,Akura R Cap Yellow
0x46f84c@mhfdat-jp.bin,アクラＲキャップ紅,Akura R Cap Green
0x46f850@mhfdat-jp.bin,ラヴァＲキャップ,Akura R Cap Crimson
0x46f854@mhfdat-jp.bin,オウビートＬテスタ,Lavasioth R Cap
0x46f858@mhfdat-jp.bin,ゲネポスＬヘルム,King Beetle L Vertex
0x46f85c@mhfdat-jp.bin,アクラＲヘルム,Gen L Helm
0x46f860@mhfdat-jp.bin,アクラＲヘルム黄,Akura R Helm
0x46f864@mhfdat-jp.bin,アクラＲヘルム蒼,Akura R Helm Yellow
0x46f868@mhfdat-jp.bin,アクラＲヘルム紅,Akura R Helm Green
0x46f86c@mhfdat-jp.bin,稲荷・FX【兜】,Akura R Helm Crimson
0x46f870@mhfdat-jp.bin,玉藻・FX【御面】,Inari FX Kabuto
0x46f874@mhfdat-jp.bin,エクエスFXヘルム,Tamamo FX【御 Mask 】
0x46f878@mhfdat-jp.bin,エクエスFXキャップ,Eques FX Helm
0x46f87c@mhfdat-jp.bin,ノワールＦピアス,Eques FX Cap
0x46f880@mhfdat-jp.bin,ダミー,Noir F Piercings
0x46f884@mhfdat-jp.bin,ヒメロスＦヘルム,ダミー
0x46f888@mhfdat-jp.bin,ブレシスＦヘルム,Himeros F Helm
0x46f88c@mhfdat-jp.bin,カリエンＦキャップ,Bureshisu F Helm
0x46f890@mhfdat-jp.bin,キョウカンフェイク,Charien F Cap
0x46f894@mhfdat-jp.bin,キョウカンフェイクＦ,Kyoukan Mask
0x46f898@mhfdat-jp.bin,エスピマスク・緑,Kyoukan Mask F
0x46f89c@mhfdat-jp.bin,エスピＦマスク・緑,Espi Mask・Green
0x46f8a0@mhfdat-jp.bin,エスピマスク・茶,Espi F Mask・Green
0x46f8a4@mhfdat-jp.bin,エスピＦマスク・茶,Espi Mask・Tea
0x46f8a8@mhfdat-jp.bin,エスピマスク・白,Espi F Mask・Tea
0x46f8ac@mhfdat-jp.bin,エスピＦマスク・白,Espi Mask・White
0x46f8b0@mhfdat-jp.bin,稲荷・FX【烏帽子】,Espi F Mask・White
0x46f8b4@mhfdat-jp.bin,玉藻・FX【覆面】,Inari FX [Eboshi 】
0x46f8b8@mhfdat-jp.bin,グレンヘッド,Tamamo FX【覆 Mask 】
0x46f8bc@mhfdat-jp.bin,グレンＦヘッド,Guren Head
0x46f8c0@mhfdat-jp.bin,グレンキャップ,Guren F Head
0x46f8c4@mhfdat-jp.bin,グレンＦキャップ,Guren Cap
0x46f8c8@mhfdat-jp.bin,ガーネットヘルム,Guren F Cap
0x46f8cc@mhfdat-jp.bin,ガーネットＦヘルム,Garnet Helm
0x46f8d0@mhfdat-jp.bin,ガーネットFXヘルム,Garnet F Helm
0x46f8d4@mhfdat-jp.bin,アメジストヘルム,Garnet FX Helm
0x46f8d8@mhfdat-jp.bin,アメジストＦヘルム,Amethyst Helm
0x46f8dc@mhfdat-jp.bin,アメジストFXヘルム,Amethyst F Helm
0x46f8e0@mhfdat-jp.bin,コーラルヘルム,Amethyst FX Helm
0x46f8e4@mhfdat-jp.bin,コーラルＦヘルム,Coral Helm
0x46f8e8@mhfdat-jp.bin,コーラルFXヘルム,Coral F Helm
0x46f8ec@mhfdat-jp.bin,クォーツヘルム,Coral FX Helm
0x46f8f0@mhfdat-jp.bin,クォーツＦヘルム,Quartz Helm
0x46f8f4@mhfdat-jp.bin,クォーツFXヘルム,Quartz F Helm
0x46f8f8@mhfdat-jp.bin,ルビーヘルム,Quartz FX Helm
0x46f8fc@mhfdat-jp.bin,ルビーＦヘルム,Ruby Helm
0x46f900@mhfdat-jp.bin,ルビーFXヘルム,Ruby F Helm
0x46f904@mhfdat-jp.bin,サファイアヘルム,Ruby FX Helm
0x46f908@mhfdat-jp.bin,サファイアＦヘルム,Sapphire Helm
0x46f90c@mhfdat-jp.bin,サファイアFXヘルム,Sapphire F Helm
0x46f910@mhfdat-jp.bin,エメラルドヘルム,Sapphire FX Helm
0x46f914@mhfdat-jp.bin,エメラルドＦヘルム,Emerald Helm
0x46f918@mhfdat-jp.bin,エメラルドFXヘルム,Emerald F Helm
0x46f91c@mhfdat-jp.bin,パールヘルム,Emerald FX Helm
0x46f920@mhfdat-jp.bin,パールＦヘルム,Pearl Helm
0x46f924@mhfdat-jp.bin,パールFXヘルム,Pearl F Helm
0x46f928@mhfdat-jp.bin,トパーズキャップ,Pearl FX Helm
0x46f92c@mhfdat-jp.bin,トパーズＦキャップ,Topaz Cap
0x46f930@mhfdat-jp.bin,トパーズFXキャップ,Topaz F Cap
0x46f934@mhfdat-jp.bin,トルマリンキャップ,Topaz FX Cap
0x46f938@mhfdat-jp.bin,トルマリンＦキャップ,Tourmaline Cap
0x46f93c@mhfdat-jp.bin,トルマリンFXキャップ,Tourmaline F Cap
0x46f940@mhfdat-jp.bin,ラピスキャップ,Tourmaline FX Cap
0x46f944@mhfdat-jp.bin,ラピスＦキャップ,Lapis Cap
0x46f948@mhfdat-jp.bin,ラピスFXキャップ,Lapis F Cap
0x46f94c@mhfdat-jp.bin,ベルFXヘルム,Lapis FX Cap
0x46f950@mhfdat-jp.bin,ベルFXキャップ,Beru FX Helm
0x46f954@mhfdat-jp.bin,アプカルＦヘルム,Beru FX Cap
0x46f958@mhfdat-jp.bin,アプカルＦキャップ,Apkallu F Helm
0x46f95c@mhfdat-jp.bin,ミクセスヘルム,Apkallu F Cap
0x46f960@mhfdat-jp.bin,ミクセスＦヘルム,Mixes Helm
0x46f964@mhfdat-jp.bin,ミクセスキャップ,Mixes F Helm
0x46f968@mhfdat-jp.bin,ミクセスＦキャップ,Mixes Cap
0x46f96c@mhfdat-jp.bin,アトラヘルム,Mixes F Cap
0x46f970@mhfdat-jp.bin,アトラＦヘルム,Atra Helm
0x46f974@mhfdat-jp.bin,アトラキャップ,Atra F Helm
0x46f978@mhfdat-jp.bin,アトラＦキャップ,Atra Cap
0x46f97c@mhfdat-jp.bin,レグラバンダー,Atra F Cap
0x46f980@mhfdat-jp.bin,レグラバンダーＦ,レグラバンダー
0x46f984@mhfdat-jp.bin,レグラスカーフ,レグラバンダーF
0x46f988@mhfdat-jp.bin,レグラスカーフＦ,レグラ Scarf
0x46f98c@mhfdat-jp.bin,フェロウバンダー,レグラ Scarf F
0x46f990@mhfdat-jp.bin,フェロウバンダーＦ,Fellow バンダー
0x46f994@mhfdat-jp.bin,フェロウスカーフ,Fellow バンダーF
0x46f998@mhfdat-jp.bin,フェロウスカーフＦ,Fellow Scarf
0x46f99c@mhfdat-jp.bin,ミラドヘッド,Fellow Scarf F
0x46f9a0@mhfdat-jp.bin,ミラドＦヘッド,Mirado Head
0x46f9a4@mhfdat-jp.bin,ミラドピアス,Mirado F Head
0x46f9a8@mhfdat-jp.bin,ミラドＦピアス,Mirado Piercings
0x46f9ac@mhfdat-jp.bin,デュールヘルム,Mirado F Piercings
0x46f9b0@mhfdat-jp.bin,デュールＦヘルム,Deyuru Helm
0x46f9b4@mhfdat-jp.bin,デュールキャップ,Deyuru F Helm
0x46f9b8@mhfdat-jp.bin,デュールＦキャップ,Deyuru Cap
0x46f9bc@mhfdat-jp.bin,クルシッドヘルム,Deyuru F Cap
0x46f9c0@mhfdat-jp.bin,クルシッドＦヘルム,クルシッド Helm
0x46f9c4@mhfdat-jp.bin,ヴェロシヘルム,クルシッドF Helm
0x46f9c8@mhfdat-jp.bin,ヴェロシＦヘルム,ヴェロシ Helm
0x46f9cc@mhfdat-jp.bin,ケプトヘルム,ヴェロシF Helm
0x46f9d0@mhfdat-jp.bin,ケプトＦヘルム,ケプト Helm
0x46f9d4@mhfdat-jp.bin,ハウットマスク,ケプトF Helm
0x46f9d8@mhfdat-jp.bin,ハウットＦマスク,ハウット Mask
0x46f9dc@mhfdat-jp.bin,ヴェンガヘルム,ハウットF Mask
0x46f9e0@mhfdat-jp.bin,ヴェンガＦヘルム,ヴェンガ Helm
0x46f9e4@mhfdat-jp.bin,スプリンヘルム,ヴェンガF Helm
0x46f9e8@mhfdat-jp.bin,スプリンＦヘルム,スプリン Helm
0x46f9ec@mhfdat-jp.bin,マシャルヘルム,スプリンF Helm
0x46f9f0@mhfdat-jp.bin,マシャルＦヘルム,マシャル Helm
0x46f9f4@mhfdat-jp.bin,ペンブルマスク,マシャルF Helm
0x46f9f8@mhfdat-jp.bin,ペンブルＦマスク,ペンブル Mask
0x46f9fc@mhfdat-jp.bin,リゲリアヘルム・白,ペンブルF Mask
0x46fa00@mhfdat-jp.bin,リゲリアＦヘルム・白,Regelia Helm・White
0x46fa04@mhfdat-jp.bin,リゲリアマスク・白,Regelia F Helm・White
0x46fa08@mhfdat-jp.bin,リゲリアＦマスク・白,Regelia Mask・White
0x46fa0c@mhfdat-jp.bin,リゲリアヘルム・赤,Regelia F Mask・White
0x46fa10@mhfdat-jp.bin,リゲリアＦヘルム・赤,Regelia Helm・Red
0x46fa14@mhfdat-jp.bin,リゲリアマスク・赤,Regelia F Helm・Red
0x46fa18@mhfdat-jp.bin,リゲリアＦマスク・赤,Regelia Mask・Red
0x46fa1c@mhfdat-jp.bin,リゲリアヘルム・緑,Regelia F Mask・Red
0x46fa20@mhfdat-jp.bin,リゲリアＦヘルム・緑,Regelia Helm・Green
0x46fa24@mhfdat-jp.bin,リゲリアマスク・緑,Regelia F Helm・Green
0x46fa28@mhfdat-jp.bin,リゲリアＦマスク・緑,Regelia Mask・Green
0x46fa2c@mhfdat-jp.bin,リゲリアヘルム・青,Regelia F Mask・Green
0x46fa30@mhfdat-jp.bin,リゲリアＦヘルム・青,Regelia Helm・Blue
0x46fa34@mhfdat-jp.bin,リゲリアマスク・青,Regelia F Helm・Blue
0x46fa38@mhfdat-jp.bin,リゲリアＦマスク・青,Regelia Mask・Blue
0x46fa3c@mhfdat-jp.bin,ゴラエスヘルム,Regelia F Mask・Blue
0x46fa40@mhfdat-jp.bin,ゴラエスＦヘルム,ゴラエス Helm
0x46fa44@mhfdat-jp.bin,バシリスヘルム,ゴラエスF Helm
0x46fa48@mhfdat-jp.bin,バシリスＦヘルム,バシリス Helm
0x46fa4c@mhfdat-jp.bin,インジンヘルム,バシリスF Helm
0x46fa50@mhfdat-jp.bin,インジンＦヘルム,インジン Helm
0x46fa54@mhfdat-jp.bin,デクスタマスク,インジンF Helm
0x46fa58@mhfdat-jp.bin,デクスタＦマスク,Dexter Mask
0x46fa5c@mhfdat-jp.bin,ジャッグヘルム,Dexter F Mask
0x46fa60@mhfdat-jp.bin,ジャッグＦヘルム,ジャッグ Helm
0x46fa64@mhfdat-jp.bin,コンシラヘルム,ジャッグF Helm
0x46fa68@mhfdat-jp.bin,コンシラＦヘルム,コンシラ Helm
0x46fa6c@mhfdat-jp.bin,プレデタヘルム,コンシラF Helm
0x46fa70@mhfdat-jp.bin,プレデタＦヘルム,Predator Helm
0x46fa74@mhfdat-jp.bin,プリジドマスク,Predator F Helm
0x46fa78@mhfdat-jp.bin,プリジドＦマスク,プリジド Mask
0x46fa7c@mhfdat-jp.bin,スリートヘッド・黄,プリジドF Mask
0x46fa80@mhfdat-jp.bin,スリートＦヘッド・黄,Suriito Head・Yellow
0x46fa84@mhfdat-jp.bin,スリートハール・黄,Suriito F Head・Yellow
0x46fa88@mhfdat-jp.bin,スリートＦハール・黄,Suriito Haar・Yellow
0x46fa8c@mhfdat-jp.bin,スリートヘッド・銀,Suriito F Haar・Yellow
0x46fa90@mhfdat-jp.bin,スリートＦヘッド・銀,Suriito Head・Silver
0x46fa94@mhfdat-jp.bin,スリートハール・銀,Suriito F Head・Silver
0x46fa98@mhfdat-jp.bin,スリートＦハール・銀,Suriito Haar・Silver
0x46fa9c@mhfdat-jp.bin,スリートヘッド・赤,Suriito F Haar・Silver
0x46faa0@mhfdat-jp.bin,スリートＦヘッド・赤,Suriito Head・Red
0x46faa4@mhfdat-jp.bin,スリートハール・赤,Suriito F Head・Red
0x46faa8@mhfdat-jp.bin,スリートＦハール・赤,Suriito Haar・Red
0x46faac@mhfdat-jp.bin,スリートヘッド・青,Suriito F Haar・Red
0x46fab0@mhfdat-jp.bin,スリートＦヘッド・青,Suriito Head・Blue
0x46fab4@mhfdat-jp.bin,スリートハール・青,Suriito F Head・Blue
0x46fab8@mhfdat-jp.bin,スリートＦハール・青,Suriito Haar・Blue
0x46fabc@mhfdat-jp.bin,カマレラヘッド,Suriito F Haar・Blue
0x46fac0@mhfdat-jp.bin,カマレラＦヘッド,Camarera Head
0x46fac4@mhfdat-jp.bin,カマレラハール,Camarera F Head
0x46fac8@mhfdat-jp.bin,カマレラＦハール,Camarera Haar
0x46facc@mhfdat-jp.bin,ガノスヘルムSP黒,Camarera F Haar
0x46fad0@mhfdat-jp.bin,ガノスヘルムSP黄,Plesioth Helm SP Black
0x46fad4@mhfdat-jp.bin,ガノスヘルムSP紫,Plesioth Helm SP Yellow
0x46fad8@mhfdat-jp.bin,ガノスキャップSP黒,Plesioth Helm SP Purple
0x46fadc@mhfdat-jp.bin,ガノスキャップSP黄,Plesioth Cap SP Black
0x46fae0@mhfdat-jp.bin,ガノスキャップSP紫,Plesioth Cap SP Yellow
0x46fae4@mhfdat-jp.bin,ゲリョスキャップSP赤,Plesioth Cap SP Purple
0x46fae8@mhfdat-jp.bin,ゲリョスキャップSP黄,Gypceros Cap SP Red
0x46faec@mhfdat-jp.bin,ゲリョスキャップSP緑,Gypceros Cap SP Yellow
0x46faf0@mhfdat-jp.bin,祭のあとに【勝ち猫】,Gypceros Cap SP Green
0x46faf4@mhfdat-jp.bin,祭のあとに【勝ち猫】,Post-Festivities [Winning Cat]
0x46faf8@mhfdat-jp.bin,祭のあとに【勝ち猫】,Post-Festivities [Winning Cat]
0x46fafc@mhfdat-jp.bin,祭のあとに【勝ち猫】,Post-Festivities [Winning Cat]
0x46fb00@mhfdat-jp.bin,祭のあとに【勝ち猫】,Post-Festivities [Winning Cat]
0x46fb04@mhfdat-jp.bin,祭のあとに【勝ち猫】,Post-Festivities [Winning Cat]
0x46fb08@mhfdat-jp.bin,祭のあとに【勝ち猫】,Post-Festivities [Winning Cat]
0x46fb0c@mhfdat-jp.bin,祭のあとに【勝ち猫】,Post-Festivities [Winning Cat]
0x46fb10@mhfdat-jp.bin,祭のあとに【勝ち猫】,Post-Festivities [Winning Cat]
0x46fb14@mhfdat-jp.bin,祭のあとに【勝ち猫】,Post-Festivities [Winning Cat]
0x46fb18@mhfdat-jp.bin,祭のあとに【勝ち猫】,Post-Festivities [Winning Cat]
0x46fb1c@mhfdat-jp.bin,祭のあとに【勝ち猫】,Post-Festivities [Winning Cat]
0x46fb20@mhfdat-jp.bin,祭のあとに【勝ち猫】,Post-Festivities [Winning Cat]
0x46fb24@mhfdat-jp.bin,祭のあとに【勝ち猫】,Post-Festivities [Winning Cat]
0x46fb28@mhfdat-jp.bin,祭のあとに【勝ち猫】,Post-Festivities [Winning Cat]
0x46fb2c@mhfdat-jp.bin,祭のあとに【勝ち猫】,Post-Festivities [Winning Cat]
0x46fb30@mhfdat-jp.bin,祭のあとに【勝ち猫】,Post-Festivities [Winning Cat]
0x46fb34@mhfdat-jp.bin,祭のあとに【勝ち猫】,Post-Festivities [Winning Cat]
0x46fb38@mhfdat-jp.bin,祭のあとに【勝ち猫】,Post-Festivities [Winning Cat]
0x46fb3c@mhfdat-jp.bin,祭のあとに【勝ち猫】,Post-Festivities [Winning Cat]
0x46fb40@mhfdat-jp.bin,祭のあとに【勝ち猫】,Post-Festivities [Winning Cat]
0x46fb44@mhfdat-jp.bin,祭のあとに【勝ち猫】,Post-Festivities [Winning Cat]
0x46fb48@mhfdat-jp.bin,祭のあとに【勝ち猫】,Post-Festivities [Winning Cat]
0x46fb4c@mhfdat-jp.bin,祭のあとに【勝ち猫】,Post-Festivities [Winning Cat]
0x46fb50@mhfdat-jp.bin,祭のあとに【勝ち猫】,Post-Festivities [Winning Cat]
0x46fb54@mhfdat-jp.bin,祭のあとに【勝ち猫】,Post-Festivities [Winning Cat]
0x46fb58@mhfdat-jp.bin,祭のあとに【勝ち猫】,Post-Festivities [Winning Cat]
0x46fb5c@mhfdat-jp.bin,祭のあとに【勝ち猫】,Post-Festivities [Winning Cat]
0x46fb60@mhfdat-jp.bin,祭のあとに【勝ち猫】,Post-Festivities [Winning Cat]
0x46fb64@mhfdat-jp.bin,祭のあとに【勝ち猫】,Post-Festivities [Winning Cat]
0x46fb68@mhfdat-jp.bin,祭のあとに【勝ち猫】,Post-Festivities [Winning Cat]
0x46fb6c@mhfdat-jp.bin,祭のあとに【勝ち猫】,Post-Festivities [Winning Cat]
0x46fb70@mhfdat-jp.bin,祭のあとに【勝ち猫】,Post-Festivities [Winning Cat]
0x46fb74@mhfdat-jp.bin,祭のあとに【勝ち猫】,Post-Festivities [Winning Cat]
0x46fb78@mhfdat-jp.bin,祭のあとに【勝ち猫】,Post-Festivities [Winning Cat]
0x46fb7c@mhfdat-jp.bin,祭のあとに【勝ち猫】,Post-Festivities [Winning Cat]
0x46fb80@mhfdat-jp.bin,祭のあとに【勝ち猫】,Post-Festivities [Winning Cat]
0x46fb84@mhfdat-jp.bin,祭のあとに【勝ち猫】,Post-Festivities [Winning Cat]
0x46fb88@mhfdat-jp.bin,祭のあとに【勝ち猫】,Post-Festivities [Winning Cat]
0x46fb8c@mhfdat-jp.bin,祭のあとに【勝ち猫】,Post-Festivities [Winning Cat]
0x46fb90@mhfdat-jp.bin,祭のあとに【勝ち猫】,Post-Festivities [Winning Cat]
0x46fb94@mhfdat-jp.bin,祭のあとに【勝ち猫】,Post-Festivities [Winning Cat]
0x46fb98@mhfdat-jp.bin,祭のあとに【勝ち猫】,Post-Festivities [Winning Cat]
0x46fb9c@mhfdat-jp.bin,祭のあとに【勝ち猫】,Post-Festivities [Winning Cat]
0x46fba0@mhfdat-jp.bin,祭のあとに【勝ち猫】,Post-Festivities [Winning Cat]
0x46fba4@mhfdat-jp.bin,祭のあとに【勝ち猫】,Post-Festivities [Winning Cat]
0x46fba8@mhfdat-jp.bin,祭のあとに【勝ち猫】,Post-Festivities [Winning Cat]
0x46fbac@mhfdat-jp.bin,祭のあとに【勝ち猫】,Post-Festivities [Winning Cat]
0x46fbb0@mhfdat-jp.bin,祭のあとに【勝ち猫】,Post-Festivities [Winning Cat]
0x46fbb4@mhfdat-jp.bin,祭のあとに【勝ち猫】,Post-Festivities [Winning Cat]
0x46fbb8@mhfdat-jp.bin,祭のあとに【勝ち猫】,Post-Festivities [Winning Cat]
0x46fbbc@mhfdat-jp.bin,祭のあとに【勝ち猫】,Post-Festivities [Winning Cat]
0x46fbc0@mhfdat-jp.bin,祭のあとに【勝ち猫】,Post-Festivities [Winning Cat]
0x46fbc4@mhfdat-jp.bin,祭のあとに【勝ち猫】,Post-Festivities [Winning Cat]
0x46fbc8@mhfdat-jp.bin,祭のあとに【勝ち猫】,Post-Festivities [Winning Cat]
0x46fbcc@mhfdat-jp.bin,祭のあとに【勝ち猫】,Post-Festivities [Winning Cat]
0x46fbd0@mhfdat-jp.bin,祭のあとに【勝ち猫】,Post-Festivities [Winning Cat]
0x46fbd4@mhfdat-jp.bin,祭のあとに【勝ち猫】,Post-Festivities [Winning Cat]
0x46fbd8@mhfdat-jp.bin,祭のあとに【勝ち猫】,Post-Festivities [Winning Cat]
0x46fbdc@mhfdat-jp.bin,祭のあとに【勝ち猫】,Post-Festivities [Winning Cat]
0x46fbe0@mhfdat-jp.bin,祭のあとに【勝ち猫】,Post-Festivities [Winning Cat]
0x46fbe4@mhfdat-jp.bin,祭のあとに【勝ち猫】,Post-Festivities [Winning Cat]
0x46fbe8@mhfdat-jp.bin,祭のあとに【勝ち猫】,Post-Festivities [Winning Cat]
0x46fbec@mhfdat-jp.bin,祭のあとに【勝ち猫】,Post-Festivities [Winning Cat]
0x46fbf0@mhfdat-jp.bin,祭のあとに【勝ち猫】,Post-Festivities [Winning Cat]
0x46fbf4@mhfdat-jp.bin,祭のあとに【勝ち猫】,Post-Festivities [Winning Cat]
0x46fbf8@mhfdat-jp.bin,祭のあとに【勝ち猫】,Post-Festivities [Winning Cat]
0x46fbfc@mhfdat-jp.bin,祭のあとに【勝ち猫】,Post-Festivities [Winning Cat]
0x46fc00@mhfdat-jp.bin,祭のあとに【勝ち猫】,Post-Festivities [Winning Cat]
0x46fc04@mhfdat-jp.bin,祭のあとに【勝ち猫】,Post-Festivities [Winning Cat]
0x46fc08@mhfdat-jp.bin,祭のあとに【勝ち猫】,Post-Festivities [Winning Cat]
0x46fc0c@mhfdat-jp.bin,祭のあとに【勝ち猫】,Post-Festivities [Winning Cat]
0x46fc10@mhfdat-jp.bin,祭のあとに【勝ち猫】,Post-Festivities [Winning Cat]
0x46fc14@mhfdat-jp.bin,祭のあとに【勝ち猫】,Post-Festivities [Winning Cat]
0x46fc18@mhfdat-jp.bin,祭のあとに【勝ち猫】,Post-Festivities [Winning Cat]
0x46fc1c@mhfdat-jp.bin,祭のあとに【勝ち猫】,Post-Festivities [Winning Cat]
0x46fc20@mhfdat-jp.bin,祭のあとに【勝ち猫】,Post-Festivities [Winning Cat]
0x46fc24@mhfdat-jp.bin,祭のあとに【勝ち猫】,Post-Festivities [Winning Cat]
0x46fc28@mhfdat-jp.bin,祭のあとに【勝ち猫】,Post-Festivities [Winning Cat]
0x46fc2c@mhfdat-jp.bin,祭のあとに【勝ち猫】,Post-Festivities [Winning Cat]
0x46fc30@mhfdat-jp.bin,ダミー,Post-Festivities [Winning Cat]
0x46fc34@mhfdat-jp.bin,ダミー,ダミー
0x46fc38@mhfdat-jp.bin,ミラルーツＲヘッド,ダミー
0x46fc3c@mhfdat-jp.bin,Ｇ・ルナＲキャップ,White Fatalis R Head
0x46fc40@mhfdat-jp.bin,Ｓ・ソルＲキャップ,G・Lune R Cap
0x46fc44@mhfdat-jp.bin,デスギアＬゼレ,S・Sol R Cap
0x46fc48@mhfdat-jp.bin,レザーライトＬヘルム,Death Stench L Soul
0x46fc4c@mhfdat-jp.bin,チェーンＬヘルム,Leather L Helm
0x46fc50@mhfdat-jp.bin,ギザミＲキャップ,Chainmail L Helm
0x46fc54@mhfdat-jp.bin,ディアブロＲキャップ,Ceanataur R Cap
0x46fc58@mhfdat-jp.bin,ブランゴＲキャップ,Diablos R Cap
0x46fc5c@mhfdat-jp.bin,コンガＲヘルム,Blango R Cap
0x46fc60@mhfdat-jp.bin,コンガＲキャップ,Congalala R Helm
0x46fc64@mhfdat-jp.bin,ヒプノＲキャップ,Congalala R Cap
0x46fc68@mhfdat-jp.bin,モノデビルＲキャップ,Hypnoc R Cap
0x46fc6c@mhfdat-jp.bin,ガノスＲヘルム,Monodevil R Cap
0x46fc70@mhfdat-jp.bin,グレンバレッタ,Plesioth R Helm
0x46fc74@mhfdat-jp.bin,グレンバレッタＦ,Guren Beretta
0x46fc78@mhfdat-jp.bin,サンタＦヘッド,Guren Beretta F
0x46fc7c@mhfdat-jp.bin,フェリヘルム,Santa F Head
0x46fc80@mhfdat-jp.bin,フェリＦヘルム,フェリ Helm
0x46fc84@mhfdat-jp.bin,フェリキャップ,フェリF Helm
0x46fc88@mhfdat-jp.bin,フェリＦキャップ,フェリ Cap
0x46fc8c@mhfdat-jp.bin,テネールヘッド,フェリF Cap
0x46fc90@mhfdat-jp.bin,テネールＦヘッド,テネール Head
0x46fc94@mhfdat-jp.bin,テネールバンド,テネールF Head
0x46fc98@mhfdat-jp.bin,テネールＦバンド,テネール Band
0x46fc9c@mhfdat-jp.bin,ライダーヘッドＢ,テネールF Band
0x46fca0@mhfdat-jp.bin,ライジングヘッドＢ,Rider Head B
0x46fca4@mhfdat-jp.bin,ライダーマスクＢ,Rising Head B
0x46fca8@mhfdat-jp.bin,ライジングマスクＢ,Rider Mask B
0x46fcac@mhfdat-jp.bin,ライダーヘッドＲ,Rising Mask B
0x46fcb0@mhfdat-jp.bin,ライジングヘッドＲ,Rider Head R
0x46fcb4@mhfdat-jp.bin,ライダーマスクＲ,Rising Head R
0x46fcb8@mhfdat-jp.bin,ライジングマスクＲ,Rider Mask R
0x46fcbc@mhfdat-jp.bin,ライダーヘッドＹ,Rising Mask R
0x46fcc0@mhfdat-jp.bin,ライジングヘッドＹ,Rider Head Y
0x46fcc4@mhfdat-jp.bin,ライダーマスクＹ,Rising Head Y
0x46fcc8@mhfdat-jp.bin,ライジングマスクＹ,Rider Mask Y
0x46fccc@mhfdat-jp.bin,ライダーヘッドＧ,Rising Mask Y
0x46fcd0@mhfdat-jp.bin,ライジングヘッドＧ,Rider Head G
0x46fcd4@mhfdat-jp.bin,ライダーマスクＧ,Rising Head G
0x46fcd8@mhfdat-jp.bin,ライジングマスクＧ,Rider Mask G
0x46fcdc@mhfdat-jp.bin,ムースヘッド,Rising Mask G
0x46fce0@mhfdat-jp.bin,ロバストアンク,Moose Head
0x46fce4@mhfdat-jp.bin,ロバストＦアンク,Robust Glare
0x46fce8@mhfdat-jp.bin,ロバストフェイス,Robust F Glare
0x46fcec@mhfdat-jp.bin,ロバストＦフェイス,Robust Face
0x46fcf0@mhfdat-jp.bin,ククボヘッド,Robust F Face
0x46fcf4@mhfdat-jp.bin,ククボＦヘッド,Kukubo Head
0x46fcf8@mhfdat-jp.bin,ククボキャップ,Kukubo F Head
0x46fcfc@mhfdat-jp.bin,ククボＦキャップ,Kukubo Cap
0x46fd00@mhfdat-jp.bin,エルペバレッタ,Kukubo F Cap
0x46fd04@mhfdat-jp.bin,エルペバレッタＦ,Erupe Beretta
0x46fd08@mhfdat-jp.bin,ガロンコサージュ,Erupe Beretta F
0x46fd0c@mhfdat-jp.bin,ガロンコサージュＦ,ガロン Corsage
0x46fd10@mhfdat-jp.bin,ラヴィコサージュ,ガロン Corsage F
0x46fd14@mhfdat-jp.bin,ラヴィコサージュＦ,Raviente Corsage
0x46fd18@mhfdat-jp.bin,ファルコヘルム,Raviente Corsage F
0x46fd1c@mhfdat-jp.bin,ファルコＦヘルム,Falco Helm
0x46fd20@mhfdat-jp.bin,ファルコキャップ,Falco F Helm
0x46fd24@mhfdat-jp.bin,ファルコＦキャップ,Falco Cap
0x46fd28@mhfdat-jp.bin,ヴェスナヘッド,Falco F Cap
0x46fd2c@mhfdat-jp.bin,ヴェスナＦヘッド,ヴェスナ Head
0x46fd30@mhfdat-jp.bin,ベラノヘッド,ヴェスナF Head
0x46fd34@mhfdat-jp.bin,ベラノＦヘッド,ベラノ Head
0x46fd38@mhfdat-jp.bin,カリフヘッド,ベラノF Head
0x46fd3c@mhfdat-jp.bin,カリフＦヘッド,カリフ Head
0x46fd40@mhfdat-jp.bin,シターマスク,カリフF Head
0x46fd44@mhfdat-jp.bin,シターＦマスク,シター Mask
0x46fd48@mhfdat-jp.bin,コンセトヘッド,シターF Mask
0x46fd4c@mhfdat-jp.bin,コンセトＦヘッド,コンセト Head
0x46fd50@mhfdat-jp.bin,バステルヘッド,コンセトF Head
0x46fd54@mhfdat-jp.bin,バステルＦヘッド,バステル Head
0x46fd58@mhfdat-jp.bin,カタフヘッド,バステルF Head
0x46fd5c@mhfdat-jp.bin,カタフＦヘッド,カタフ Head
0x46fd60@mhfdat-jp.bin,ハネツァマスク,カタフF Head
0x46fd64@mhfdat-jp.bin,ハネツァＦマスク,ハネツァ Mask
0x46fd68@mhfdat-jp.bin,バーニーバンド・黒,ハネツァF Mask
0x46fd6c@mhfdat-jp.bin,バーニーＦバンド・黒,Bunny Band・Black
0x46fd70@mhfdat-jp.bin,バーニーヘッド・黒,Bunny F Band・Black
0x46fd74@mhfdat-jp.bin,バーニーＦヘッド・黒,Bunny Head・Black
0x46fd78@mhfdat-jp.bin,バーニーバンド・白,Bunny F Head・Black
0x46fd7c@mhfdat-jp.bin,バーニーＦバンド・白,Bunny Band・White
0x46fd80@mhfdat-jp.bin,バーニーヘッド・白,Bunny F Band・White
0x46fd84@mhfdat-jp.bin,バーニーＦヘッド・白,Bunny Head・White
0x46fd88@mhfdat-jp.bin,バーニーバンド・赤,Bunny F Head・White
0x46fd8c@mhfdat-jp.bin,バーニーＦバンド・赤,Bunny Band・Red
0x46fd90@mhfdat-jp.bin,バーニーヘッド・赤,Bunny F Band・Red
0x46fd94@mhfdat-jp.bin,バーニーＦヘッド・赤,Bunny Head・Red
0x46fd98@mhfdat-jp.bin,バーニーバンド・紫,Bunny F Head・Red
0x46fd9c@mhfdat-jp.bin,バーニーＦバンド・紫,Bunny Band・Purple
0x46fda0@mhfdat-jp.bin,バーニーヘッド・紫,Bunny F Band・Purple
0x46fda4@mhfdat-jp.bin,バーニーＦヘッド・紫,Bunny Head・Purple
0x46fda8@mhfdat-jp.bin,昇龍鉢巻・白,Bunny F Head・Purple
0x46fdac@mhfdat-jp.bin,昇龍Ｆ鉢巻・白,昇龍 Hachimaki・White
0x46fdb0@mhfdat-jp.bin,波動鉢巻・白,昇龍F Hachimaki・White
0x46fdb4@mhfdat-jp.bin,波動Ｆ鉢巻・白,波動 Hachimaki・White
0x46fdb8@mhfdat-jp.bin,百裂お団子・青,波動F Hachimaki・White
0x46fdbc@mhfdat-jp.bin,百裂Ｆお団子・青,百裂お団子・Blue
0x46fdc0@mhfdat-jp.bin,気功お団子・青,百裂Fお団子・Blue
0x46fdc4@mhfdat-jp.bin,気功Ｆお団子・青,気功お団子・Blue
0x46fdc8@mhfdat-jp.bin,昇龍鉢巻・紺,気功Fお団子・Blue
0x46fdcc@mhfdat-jp.bin,昇龍Ｆ鉢巻・紺,昇龍 Hachimaki・紺
0x46fdd0@mhfdat-jp.bin,波動鉢巻・紺,昇龍F Hachimaki・紺
0x46fdd4@mhfdat-jp.bin,波動Ｆ鉢巻・紺,波動 Hachimaki・紺
0x46fdd8@mhfdat-jp.bin,百裂お団子・黒,波動F Hachimaki・紺
0x46fddc@mhfdat-jp.bin,百裂Ｆお団子・黒,百裂お団子・Black
0x46fde0@mhfdat-jp.bin,気功お団子・黒,百裂Fお団子・Black
0x46fde4@mhfdat-jp.bin,気功Ｆお団子・黒,気功お団子・Black
0x46fde8@mhfdat-jp.bin,昇龍鉢巻・黄,気功Fお団子・Black
0x46fdec@mhfdat-jp.bin,昇龍Ｆ鉢巻・黄,昇龍 Hachimaki・Yellow
0x46fdf0@mhfdat-jp.bin,波動鉢巻・黄,昇龍F Hachimaki・Yellow
0x46fdf4@mhfdat-jp.bin,波動Ｆ鉢巻・黄,波動 Hachimaki・Yellow
0x46fdf8@mhfdat-jp.bin,百裂お団子・黄,波動F Hachimaki・Yellow
0x46fdfc@mhfdat-jp.bin,百裂Ｆお団子・黄,百裂お団子・Yellow
0x46fe00@mhfdat-jp.bin,気功お団子・黄,百裂Fお団子・Yellow
0x46fe04@mhfdat-jp.bin,気功Ｆお団子・黄,気功お団子・Yellow
0x46fe08@mhfdat-jp.bin,昇龍鉢巻・紫,気功Fお団子・Yellow
0x46fe0c@mhfdat-jp.bin,昇龍Ｆ鉢巻・紫,昇龍 Hachimaki・Purple
0x46fe10@mhfdat-jp.bin,波動鉢巻・紫,昇龍F Hachimaki・Purple
0x46fe14@mhfdat-jp.bin,波動Ｆ鉢巻・紫,波動 Hachimaki・Purple
0x46fe18@mhfdat-jp.bin,百裂お団子・緑,波動F Hachimaki・Purple
0x46fe1c@mhfdat-jp.bin,百裂Ｆお団子・緑,百裂お団子・Green
0x46fe20@mhfdat-jp.bin,気功お団子・緑,百裂Fお団子・Green
0x46fe24@mhfdat-jp.bin,気功Ｆお団子・緑,気功お団子・Green
0x46fe28@mhfdat-jp.bin,ステノヘルム・橙,気功Fお団子・Green
0x46fe2c@mhfdat-jp.bin,ステノＦヘルム・橙,Steno Helm・Orange
0x46fe30@mhfdat-jp.bin,ステノキャップ・橙,Steno F Helm・Orange
0x46fe34@mhfdat-jp.bin,ステノＦキャップ・橙,Steno Cap・Orange
0x46fe38@mhfdat-jp.bin,ステノヘルム・桃,Steno F Cap・Orange
0x46fe3c@mhfdat-jp.bin,ステノＦヘルム・桃,Steno Helm・Peach
0x46fe40@mhfdat-jp.bin,ステノキャップ・桃,Steno F Helm・Peach
0x46fe44@mhfdat-jp.bin,ステノＦキャップ・桃,Steno Cap・Peach
0x46fe48@mhfdat-jp.bin,ステノヘルム・青,Steno F Cap・Peach
0x46fe4c@mhfdat-jp.bin,ステノＦヘルム・青,Steno Helm・Blue
0x46fe50@mhfdat-jp.bin,ステノキャップ・青,Steno F Helm・Blue
0x46fe54@mhfdat-jp.bin,ステノＦキャップ・青,Steno Cap・Blue
0x46fe58@mhfdat-jp.bin,ステノヘルム・赤,Steno F Cap・Blue
0x46fe5c@mhfdat-jp.bin,ステノＦヘルム・赤,Steno Helm・Red
0x46fe60@mhfdat-jp.bin,ステノキャップ・赤,Steno F Helm・Red
0x46fe64@mhfdat-jp.bin,ステノＦキャップ・赤,Steno Cap・Red
0x46fe68@mhfdat-jp.bin,ジャンピンバンド,Steno F Cap・Red
0x46fe6c@mhfdat-jp.bin,ジャンピンＦバンド,Jumpin' Band
0x46fe70@mhfdat-jp.bin,ジャンピンヘッド,Jumpin' F Band
0x46fe74@mhfdat-jp.bin,ジャンピンＦヘッド,Jumpin' Head
0x46fe78@mhfdat-jp.bin,アデュスヘルム,Jumpin' F Head
0x46fe7c@mhfdat-jp.bin,アデュスＦヘルム,アデュス Helm
0x46fe80@mhfdat-jp.bin,アデュスキャップ,アデュスF Helm
0x46fe84@mhfdat-jp.bin,アデュスＦキャップ,アデュス Cap
0x46fe88@mhfdat-jp.bin,メテネラヘッド,アデュスF Cap
0x46fe8c@mhfdat-jp.bin,メテネラＦヘッド,Metenera Head
0x46fe90@mhfdat-jp.bin,メテネラハール,Metenera F Head
0x46fe94@mhfdat-jp.bin,メテネラＦハール,Metenera Haar
0x46fe98@mhfdat-jp.bin,エクセレヘルム,Metenera F Haar
0x46fe9c@mhfdat-jp.bin,エクセレＦヘルム,Excelle Helm
0x46fea0@mhfdat-jp.bin,エクセレキャップ,Excelle F Helm
0x46fea4@mhfdat-jp.bin,エクセレＦキャップ,Excelle Cap
0x46fea8@mhfdat-jp.bin,プペンヘルム,Excelle F Cap
0x46feac@mhfdat-jp.bin,プペンＦヘルム,Pupen Helm
0x46feb0@mhfdat-jp.bin,プペンキャップ,Pupen F Helm
0x46feb4@mhfdat-jp.bin,プペンＦキャップ,Pupen Cap
0x46feb8@mhfdat-jp.bin,モスカバヘルム,Pupen F Cap
0x46febc@mhfdat-jp.bin,モスカバＦヘルム,Moss Cover Helm
0x46fec0@mhfdat-jp.bin,モスカバキャップ,Moss Cover F Helm
0x46fec4@mhfdat-jp.bin,モスカバＦキャップ,Moss Cover Cap
0x46fec8@mhfdat-jp.bin,神楽【兜】SP赤,Moss Cover F Cap
0x46fecc@mhfdat-jp.bin,神楽【兜】SP黒,Kagura Kabuto SP Red
0x46fed0@mhfdat-jp.bin,神楽【兜】SP紫,Kagura Kabuto SP Black
0x46fed4@mhfdat-jp.bin,神座【鉢金】SP赤,Kagura Kabuto SP Purple
0x46fed8@mhfdat-jp.bin,神座【鉢金】SP黒,Kamiza Hachigane SP Red
0x46fedc@mhfdat-jp.bin,神座【鉢金】SP紫,Kamiza Hachigane SP Black
0x46fee0@mhfdat-jp.bin,モスフェイクSP白,Kamiza Hachigane SP Purple
0x46fee4@mhfdat-jp.bin,モスフェイクSP黄,Mosswine Mask SP White
0x46fee8@mhfdat-jp.bin,モスフェイクSP青,Mosswine Mask SP Yellow
0x46feec@mhfdat-jp.bin,オウビートＬカブト,Mosswine Mask SP Blue
0x46fef0@mhfdat-jp.bin,ヒプノＬヘルム,King Beetle L Kabuto
0x46fef4@mhfdat-jp.bin,コンガＬヘルム,Hypnoc L Helm
0x46fef8@mhfdat-jp.bin,チェーンＲヘルム,Congalala L Helm
0x46fefc@mhfdat-jp.bin,ザザミＲキャップ,Chainmail R Helm
0x46ff00@mhfdat-jp.bin,ゲリョスＲヘルム,Hermitaur R Cap
0x46ff04@mhfdat-jp.bin,ゲネポスＲヘルム,Gypceros R Helm
0x46ff08@mhfdat-jp.bin,シャッセヘルム,Gen R Helm
0x46ff0c@mhfdat-jp.bin,シャッセキャップ,Shasse Helm
0x46ff10@mhfdat-jp.bin,ゴスペルＦヘルム,Shasse Cap
0x46ff14@mhfdat-jp.bin,ゴスペルＦキャップ,Gospel F Helm
0x46ff18@mhfdat-jp.bin,ルージュＦピアス,Gospel F Cap
0x46ff1c@mhfdat-jp.bin,フレイヤヘッド,Rouge F Piercings
0x46ff20@mhfdat-jp.bin,フレイヤピアス,Freyja Head
0x46ff24@mhfdat-jp.bin,パリアFXヘルム,Freyja Piercings
0x46ff28@mhfdat-jp.bin,パリアFXキャップ,Pariapuria FX Helm
0x46ff2c@mhfdat-jp.bin,グレンFXヘッド,Pariapuria FX Cap
0x46ff30@mhfdat-jp.bin,グレンFXキャップ,Guren FX Head
0x46ff34@mhfdat-jp.bin,ルーフスピアス,Guren FX Cap
0x46ff38@mhfdat-jp.bin,ルーフスピアスＦ,Rufus Piercings
0x46ff3c@mhfdat-jp.bin,シーニーピアス,Rufus Piercings F
0x46ff40@mhfdat-jp.bin,シーニーピアスＦ,シーニー Piercings
0x46ff44@mhfdat-jp.bin,ジョーヌピアス,シーニー Piercings F
0x46ff48@mhfdat-jp.bin,ジョーヌピアスＦ,Jaune Piercings
0x46ff4c@mhfdat-jp.bin,アルブスピアス,Jaune Piercings F
0x46ff50@mhfdat-jp.bin,アルブスピアスＦ,アルブス Piercings
0x46ff54@mhfdat-jp.bin,プレートピアス,アルブス Piercings F
0x46ff58@mhfdat-jp.bin,プレートピアスＦ, Plate Piercings
0x46ff5c@mhfdat-jp.bin,超絶のピアス賰,Plate Piercings F
0x46ff60@mhfdat-jp.bin,超絶のピアス賱,Transcendent Piercings VI
0x46ff64@mhfdat-jp.bin,超絶のピアス𧸐,Transcendent Piercings VII
0x46ff68@mhfdat-jp.bin,超絶のピアス贉,Transcendent Piercings VIII
0x46ff6c@mhfdat-jp.bin,超絶のピアス贎,Transcendent Piercings IX
0x46ff70@mhfdat-jp.bin,猟団員の証【遠撃】,Transcendent Piercings X
0x46ff74@mhfdat-jp.bin,超絶のピアス貤,猟団員の証【遠撃】
0x46ff78@mhfdat-jp.bin,超絶のピアス賖,Transcendent Piercings I
0x46ff7c@mhfdat-jp.bin,超絶のピアス賕,Transcendent Piercings II
0x46ff80@mhfdat-jp.bin,超絶のピアス賙,Transcendent Piercings III
0x46ff84@mhfdat-jp.bin,超絶のピアス𧶠,Transcendent Piercings IV
0x46ff88@mhfdat-jp.bin,ルコヘッド,Transcendent Piercings V
0x46ff8c@mhfdat-jp.bin,ルコＦヘッド,Rukodiora Head
0x46ff90@mhfdat-jp.bin,ルコフェイス,Rukodiora F Head
0x46ff94@mhfdat-jp.bin,ルコＦフェイス,Rukodiora Face
0x46ff98@mhfdat-jp.bin,ルコバレッタ,Rukodiora F Face
0x46ff9c@mhfdat-jp.bin,ルコバレッタＦ,Rukodiora Beretta
0x46ffa0@mhfdat-jp.bin,ブリッツホーン,Rukodiora Beretta F
0x46ffa4@mhfdat-jp.bin,ブリッツコルノ,Blitz Horn
0x46ffa8@mhfdat-jp.bin,リルスヘッド,Blitz Corno
0x46ffac@mhfdat-jp.bin,ダミー,Lils Head
0x46ffb0@mhfdat-jp.bin,リルスキャップ,ダミー
0x46ffb4@mhfdat-jp.bin,ダミー,Lils Cap
0x46ffb8@mhfdat-jp.bin,神楽FX【兜】,ダミー
0x46ffbc@mhfdat-jp.bin,神座FX【鉢金】,Kagura FX Kabuto
0x46ffc0@mhfdat-jp.bin,蒼空ノ鉢金,Kamiza FX Hachigane
0x46ffc4@mhfdat-jp.bin,蒼空ノ鉢金・魁,Blue Sky Headguard
0x46ffc8@mhfdat-jp.bin,蒼天ノ鉢金,Blue Sky Headguard・魁
0x46ffcc@mhfdat-jp.bin,蒼天ノ鉢金・魁,Welkin Headguard
0x46ffd0@mhfdat-jp.bin,ブレオヘッド,Welkin Headguard・魁
0x46ffd4@mhfdat-jp.bin,ブレオピアス,Breo Head
0x46ffd8@mhfdat-jp.bin,ブレオＦヘッド,Breo Piercings
0x46ffdc@mhfdat-jp.bin,ブレオＦピアス,Breo F Head
0x46ffe0@mhfdat-jp.bin,ヴィネンヘッド,Breo F Piercings
0x46ffe4@mhfdat-jp.bin,ヴィネンＦヘッド,Vinen Head
0x46ffe8@mhfdat-jp.bin,ヴィネンバンド,Vinen F Head
0x46ffec@mhfdat-jp.bin,ヴィネンＦバンド,Vinen Band
0x46fff0@mhfdat-jp.bin,アナトリヘルム,Vinen F Band
0x46fff4@mhfdat-jp.bin,アナトリキャップ,アナトリ Helm
0x46fff8@mhfdat-jp.bin,エディオヘルム・青,アナトリ Cap
0x46fffc@mhfdat-jp.bin,エディオＦヘルム・青,Edio Helm・Blue
0x470000@mhfdat-jp.bin,エディオマスク・青,Edio F Helm・Blue
0x470004@mhfdat-jp.bin,エディオＦマスク・青,Edio Mask・Blue
0x470008@mhfdat-jp.bin,エディオヘルム・赤,Edio F Mask・Blue
0x47000c@mhfdat-jp.bin,エディオＦヘルム・赤,Edio Helm・Red
0x470010@mhfdat-jp.bin,エディオマスク・赤,Edio F Helm・Red
0x470014@mhfdat-jp.bin,エディオＦマスク・赤,Edio Mask・Red
0x470018@mhfdat-jp.bin,エディオヘルム・黄,Edio F Mask・Red
0x47001c@mhfdat-jp.bin,エディオＦヘルム・黄,Edio Helm・Yellow
0x470020@mhfdat-jp.bin,エディオマスク・黄,Edio F Helm・Yellow
0x470024@mhfdat-jp.bin,エディオＦマスク・黄,Edio Mask・Yellow
0x470028@mhfdat-jp.bin,エディオヘルム・黒,Edio F Mask・Yellow
0x47002c@mhfdat-jp.bin,エディオＦヘルム・黒,Edio Helm・Black
0x470030@mhfdat-jp.bin,エディオマスク・黒,Edio F Helm・Black
0x470034@mhfdat-jp.bin,エディオＦマスク・黒,Edio Mask・Black
0x470038@mhfdat-jp.bin,アビットヘッド,Edio F Mask・Black
0x47003c@mhfdat-jp.bin,アビットＦヘッド,Abitto Head
0x470040@mhfdat-jp.bin,アビットハール,Abitto F Head
0x470044@mhfdat-jp.bin,アビットＦハール,Abitto Haar
0x470048@mhfdat-jp.bin,ハウクスヘルム,Abitto F Haar
0x47004c@mhfdat-jp.bin,ハウクスＦヘルム,Howx Helm
0x470050@mhfdat-jp.bin,ハウクスキャップ,Howx F Helm
0x470054@mhfdat-jp.bin,ハウクスＦキャップ,Howx Cap
0x470058@mhfdat-jp.bin,ピラータヘッド,Howx F Cap
0x47005c@mhfdat-jp.bin,ピラータＦヘッド,Pirata Head
0x470060@mhfdat-jp.bin,ピラータキャップ,Pirata F Head
0x470064@mhfdat-jp.bin,ピラータＦキャップ,Pirata Cap
0x470068@mhfdat-jp.bin,アレスヘッド,Pirata F Cap
0x47006c@mhfdat-jp.bin,アレスＦヘッド,アレス Head
0x470070@mhfdat-jp.bin,カリノヘッド,アレスF Head
0x470074@mhfdat-jp.bin,カリノＦヘッド,カリノ Head
0x470078@mhfdat-jp.bin,ルルスヘッド,カリノF Head
0x47007c@mhfdat-jp.bin,ルルスＦヘッド,ルルス Head
0x470080@mhfdat-jp.bin,ナーダハット,ルルスF Head
0x470084@mhfdat-jp.bin,ナーダＦハット,Nada Hat
0x470088@mhfdat-jp.bin,ロサヘッド,Nada F Hat
0x47008c@mhfdat-jp.bin,ロサＦヘッド,Rosa Head
0x470090@mhfdat-jp.bin,ハオスヘッド,Rosa F Head
0x470094@mhfdat-jp.bin,ハオスＦヘッド,Haosu Head
0x470098@mhfdat-jp.bin,ミールヘッド,Haosu F Head
0x47009c@mhfdat-jp.bin,ミールＦヘッド,Miru Head
0x4700a0@mhfdat-jp.bin,パスハット,Miru F Head
0x4700a4@mhfdat-jp.bin,パスＦハット,Pasu Hat
0x4700a8@mhfdat-jp.bin,蘭陀の帽・黄,Pasu F Hat
0x4700ac@mhfdat-jp.bin,蘭蛮の帽・黄,Randa Hat・Yellow
0x4700b0@mhfdat-jp.bin,蘭陀の面・黄,蘭蛮 Hat・Yellow
0x4700b4@mhfdat-jp.bin,蘭蛮の面・黄,Randa Mask・Yellow
0x4700b8@mhfdat-jp.bin,蘭陀の帽・赤,蘭蛮 Mask・Yellow
0x4700bc@mhfdat-jp.bin,蘭蛮の帽・赤,Randa Hat・Red
0x4700c0@mhfdat-jp.bin,蘭陀の面・赤,蘭蛮 Hat・Red
0x4700c4@mhfdat-jp.bin,蘭蛮の面・赤,Randa Mask・Red
0x4700c8@mhfdat-jp.bin,蘭陀の帽・紫,蘭蛮 Mask・Red
0x4700cc@mhfdat-jp.bin,蘭蛮の帽・紫,Randa Hat・Purple
0x4700d0@mhfdat-jp.bin,蘭陀の面・紫,蘭蛮 Hat・Purple
0x4700d4@mhfdat-jp.bin,蘭蛮の面・紫,Randa Mask・Purple
0x4700d8@mhfdat-jp.bin,蘭陀の帽・金,蘭蛮 Mask・Purple
0x4700dc@mhfdat-jp.bin,蘭蛮の帽・金,Randa Hat・Gold
0x4700e0@mhfdat-jp.bin,蘭陀の面・金,蘭蛮 Hat・Gold
0x4700e4@mhfdat-jp.bin,蘭蛮の面・金,Randa Mask・Gold
0x4700e8@mhfdat-jp.bin,竜巻鉢巻・黒,蘭蛮 Mask・Gold
0x4700ec@mhfdat-jp.bin,竜巻Ｆ鉢巻・黒,竜巻 Hachimaki・Black
0x4700f0@mhfdat-jp.bin,真空鉢巻・黒,竜巻F Hachimaki・Black
0x4700f4@mhfdat-jp.bin,真空Ｆ鉢巻・黒,True 空 Hachimaki・Black
0x4700f8@mhfdat-jp.bin,千裂お団子・黒,True 空F Hachimaki・Black
0x4700fc@mhfdat-jp.bin,千裂Ｆお団子・黒,千裂お団子・Black
0x470100@mhfdat-jp.bin,覇山お団子・黒,千裂Fお団子・Black
0x470104@mhfdat-jp.bin,覇山Ｆお団子・黒,覇山お団子・Black
0x470108@mhfdat-jp.bin,竜巻鉢巻・茶,覇山Fお団子・Black
0x47010c@mhfdat-jp.bin,竜巻Ｆ鉢巻・茶,竜巻 Hachimaki・Tea
0x470110@mhfdat-jp.bin,真空鉢巻・茶,竜巻F Hachimaki・Tea
0x470114@mhfdat-jp.bin,真空Ｆ鉢巻・茶,True 空 Hachimaki・Tea
0x470118@mhfdat-jp.bin,千裂お団子・紫,True 空F Hachimaki・Tea
0x47011c@mhfdat-jp.bin,千裂Ｆお団子・紫,千裂お団子・Purple
0x470120@mhfdat-jp.bin,覇山お団子・紫,千裂Fお団子・Purple
0x470124@mhfdat-jp.bin,覇山Ｆお団子・紫,覇山お団子・Purple
0x470128@mhfdat-jp.bin,竜巻鉢巻・白,覇山Fお団子・Purple
0x47012c@mhfdat-jp.bin,竜巻Ｆ鉢巻・白,竜巻 Hachimaki・White
0x470130@mhfdat-jp.bin,真空鉢巻・白,竜巻F Hachimaki・White
0x470134@mhfdat-jp.bin,真空Ｆ鉢巻・白,True 空 Hachimaki・White
0x470138@mhfdat-jp.bin,千裂お団子・白,True 空F Hachimaki・White
0x47013c@mhfdat-jp.bin,千裂Ｆお団子・白,千裂お団子・White
0x470140@mhfdat-jp.bin,覇山お団子・白,千裂Fお団子・White
0x470144@mhfdat-jp.bin,覇山Ｆお団子・白,覇山お団子・White
0x470148@mhfdat-jp.bin,竜巻鉢巻・青,覇山Fお団子・White
0x47014c@mhfdat-jp.bin,竜巻Ｆ鉢巻・青,竜巻 Hachimaki・Blue
0x470150@mhfdat-jp.bin,真空鉢巻・青,竜巻F Hachimaki・Blue
0x470154@mhfdat-jp.bin,真空Ｆ鉢巻・青,True 空 Hachimaki・Blue
0x470158@mhfdat-jp.bin,千裂お団子・緑,True 空F Hachimaki・Blue
0x47015c@mhfdat-jp.bin,千裂Ｆお団子・緑,千裂お団子・Green
0x470160@mhfdat-jp.bin,覇山お団子・緑,千裂Fお団子・Green
0x470164@mhfdat-jp.bin,覇山Ｆお団子・緑,覇山お団子・Green
0x470168@mhfdat-jp.bin,正拳鉢巻,覇山Fお団子・Green
0x47016c@mhfdat-jp.bin,正拳Ｆ鉢巻,正拳 Hachimaki
0x470170@mhfdat-jp.bin,灼熱鉢巻,正拳F Hachimaki
0x470174@mhfdat-jp.bin,灼熱Ｆ鉢巻,灼熱 Hachimaki
0x470178@mhfdat-jp.bin,龍星お団子,灼熱F Hachimaki
0x47017c@mhfdat-jp.bin,龍星Ｆお団子,龍星お団子
0x470180@mhfdat-jp.bin,虎襲お団子,龍星Fお団子
0x470184@mhfdat-jp.bin,虎襲Ｆお団子,虎襲お団子
0x470188@mhfdat-jp.bin,旋風鉢巻,虎襲Fお団子
0x47018c@mhfdat-jp.bin,旋風Ｆ鉢巻,旋風 Hachimaki
0x470190@mhfdat-jp.bin,巴鉢巻,旋風F Hachimaki
0x470194@mhfdat-jp.bin,巴Ｆ鉢巻,巴 Hachimaki
0x470198@mhfdat-jp.bin,天空お団子,巴F Hachimaki
0x47019c@mhfdat-jp.bin,天空Ｆお団子,Heaven 空お団子
0x4701a0@mhfdat-jp.bin,天昇お団子, Heaven 空Fお団子
0x4701a4@mhfdat-jp.bin,天昇Ｆお団子, Heaven 昇お団子
0x4701a8@mhfdat-jp.bin,ジェアムヘルム, Heaven 昇Fお団子
0x4701ac@mhfdat-jp.bin,ジェアムＦヘルム,Jeamu Helm
0x4701b0@mhfdat-jp.bin,アミュスヘルム,Jeamu F Helm
0x4701b4@mhfdat-jp.bin,アミュスＦヘルム,Amyusu Helm
0x4701b8@mhfdat-jp.bin,クレバンヘルム,Amyusu F Helm
0x4701bc@mhfdat-jp.bin,クレバンＦヘルム,Clevan Helm
0x4701c0@mhfdat-jp.bin,メテロスマスク,Clevan F Helm
0x4701c4@mhfdat-jp.bin,メテロスＦマスク,Meterosu Mask
0x4701c8@mhfdat-jp.bin,シプレルヘルム,Meterosu F Mask
0x4701cc@mhfdat-jp.bin,シプレルＦヘルム,Shipureru Helm
0x4701d0@mhfdat-jp.bin,トレスパヘルム,Shipureru F Helm
0x4701d4@mhfdat-jp.bin,トレスパＦヘルム,Toresupa Helm
0x4701d8@mhfdat-jp.bin,ステラルヘルム,Toresupa F Helm
0x4701dc@mhfdat-jp.bin,ステラルＦヘルム,Suteraru Helm
0x4701e0@mhfdat-jp.bin,ハキュラマスク,Suteraru F Helm
0x4701e4@mhfdat-jp.bin,ハキュラＦマスク,Hakyura Mask
0x4701e8@mhfdat-jp.bin,オルテモＦヘッド,Hakyura F Mask
0x4701ec@mhfdat-jp.bin,オルテモＦハット,Orutemo F Head
0x4701f0@mhfdat-jp.bin,忍の面・陰SP黄,Orutemo F Hat
0x4701f4@mhfdat-jp.bin,忍の面・陰SP赤,Shinobi Mask・陰 SP Yellow
0x4701f8@mhfdat-jp.bin,忍の面・陰SP青,Shinobi Mask・陰 SP Red
0x4701fc@mhfdat-jp.bin,ＫロブスタヘルムSP黒,Shinobi Mask・陰 SP Blue
0x470200@mhfdat-jp.bin,ＫロブスタヘルムSP緑,K. Lobster Helm SP Black
0x470204@mhfdat-jp.bin,ＫロブスタヘルムSP青,K. Lobster Helm SP Green
0x470208@mhfdat-jp.bin,ＫロブスタハットSP黒,K. Lobster Helm SP Blue
0x47020c@mhfdat-jp.bin,ＫロブスタハットSP緑,K. Lobster Hat SP Black
0x470210@mhfdat-jp.bin,ＫロブスタハットSP青,K. Lobster Hat SP Green
0x470214@mhfdat-jp.bin,デュラコサージュ,K. Lobster Hat SP Blue
0x470218@mhfdat-jp.bin,デュラコサージュＦ,Dyura Corsage
0x47021c@mhfdat-jp.bin,グレンコサージュ,Dyura Corsage F
0x470220@mhfdat-jp.bin,グレンコサージュＦ,Guren Corsage
0x470224@mhfdat-jp.bin,ヴォルアドミラル,Guren Corsage F
0x470228@mhfdat-jp.bin,ヴォルヤマト,Vol アドミラル
0x47022c@mhfdat-jp.bin,ヴォルレジェンド,Vol ヤマト
0x470230@mhfdat-jp.bin,ヴォルアポカリプス,Vol レジェンド
0x470234@mhfdat-jp.bin,ダンシンピアス,Vol アポカリプス
0x470238@mhfdat-jp.bin,ダンシンピアスＦ,ダンシン Piercings
0x47023c@mhfdat-jp.bin,アメニケピアス,ダンシン Piercings F
0x470240@mhfdat-jp.bin,アメニケピアスＦ,アメニケ Piercings
0x470244@mhfdat-jp.bin,ソウイルピアス,アメニケ Piercings F
0x470248@mhfdat-jp.bin,ソウイルＦピアス,Sowilo Piercings
0x47024c@mhfdat-jp.bin,アンサズピアス,Sowilo F Piercings
0x470250@mhfdat-jp.bin,アンサズＦピアス,Ansuz Piercings
0x470254@mhfdat-jp.bin,エオローピアス,Ansuz F Piercings
0x470258@mhfdat-jp.bin,エオローＦピアス,Eolh Piercings
0x47025c@mhfdat-jp.bin,ラグズピアス,Eolh F Piercings
0x470260@mhfdat-jp.bin,ラグズＦピアス,Laguz Piercings
0x470264@mhfdat-jp.bin,ゲーボピアス,Laguz F Piercings
0x470268@mhfdat-jp.bin,ゲーボＦピアス,Gebo Piercings
0x47026c@mhfdat-jp.bin,テイワズピアス,Gebo F Piercings
0x470270@mhfdat-jp.bin,テイワズＦピアス,Teiwaz Piercings
0x470274@mhfdat-jp.bin,ウルズピアス,Teiwaz F Piercings
0x470278@mhfdat-jp.bin,ウルズＦピアス,Uruz Piercings
0x47027c@mhfdat-jp.bin,エイワズピアス,Uruz F Piercings
0x470280@mhfdat-jp.bin,エイワズＦピアス,Eihwaz Piercings
0x470284@mhfdat-jp.bin,アネシスＦヘルム,Eihwaz F Piercings
0x470288@mhfdat-jp.bin,アネシスＦキャップ,Aneshisu F Helm
0x47028c@mhfdat-jp.bin,ブランＦヘッド,Aneshisu F Cap
0x470290@mhfdat-jp.bin,ブランＦピアス,Buran F Head
0x470294@mhfdat-jp.bin,ツヴィンガヘッド,Buran F Piercings
0x470298@mhfdat-jp.bin,ツヴィンガマスク,Zwinger Head
0x47029c@mhfdat-jp.bin,鬼神ノ角・魁,Zwinger Mask
0x4702a0@mhfdat-jp.bin,童子ノ角・魁,Demon Lord ノ角・魁
0x4702a4@mhfdat-jp.bin,メランＦヘッド,童子ノ角・魁
0x4702a8@mhfdat-jp.bin,メランＦウィッグ,Melan F Head
0x4702ac@mhfdat-jp.bin,ブートＦヘッド,Melan F Wig
0x4702b0@mhfdat-jp.bin,海洋のピアス,Buto F Head
0x4702b4@mhfdat-jp.bin,天空のピアス,海洋の Piercings
0x4702b8@mhfdat-jp.bin,大地のピアス,Heaven 空の Piercings
0x4702bc@mhfdat-jp.bin,ヒメロスFXヘルム,大 Earth の Piercings
0x4702c0@mhfdat-jp.bin,カリエンFXキャップ,Himeros FX Helm
0x4702c4@mhfdat-jp.bin,ブレシスFXヘルム,Charien FX Cap
0x4702c8@mhfdat-jp.bin,ハイメタＲヘルム・金,Bureshisu FX Helm
0x4702cc@mhfdat-jp.bin,ハイメタＲヘルム・銀,High Metal R Helm・Gold
0x4702d0@mhfdat-jp.bin,ハイメタＲヘルム・銅,High Metal R Helm・Silver
0x4702d4@mhfdat-jp.bin,レウスLXヘルム,High Metal R Helm・Copper
0x4702d8@mhfdat-jp.bin,リオソウルRXヘルム,Rathalos LX Helm
0x4702dc@mhfdat-jp.bin,フルフルLXヘルム,Rath Soul RX Helm
0x4702e0@mhfdat-jp.bin,フルフルRXヘルム,Khezu LX Helm
0x4702e4@mhfdat-jp.bin,ハイメタLXヘルム,Khezu RX Helm
0x4702e8@mhfdat-jp.bin,ハイメタRXヘルム,High Metal LX Helm
0x4702ec@mhfdat-jp.bin,タロスLXキャップ,High Metal RX Helm
0x4702f0@mhfdat-jp.bin,タロスRXキャップ,Hornetaur LX Cap
0x4702f4@mhfdat-jp.bin,オルテモＦピアス,Hornetaur RX Cap
0x4702f8@mhfdat-jp.bin,オルテモＦハール,Orutemo F Piercings
0x4702fc@mhfdat-jp.bin,ベルドラＲヘルム,Orutemo F Haar
0x470300@mhfdat-jp.bin,ベルドラＲキャップ,Beru ドラR Helm
0x470304@mhfdat-jp.bin,フレイムクラウン,Beru ドラR Cap
0x470308@mhfdat-jp.bin,フレイムマスク,Flame Crown
0x47030c@mhfdat-jp.bin,夕焼ノ鉢金,Flame Mask
0x470310@mhfdat-jp.bin,夕茜ノ鉢金,Noon Glow Headguard
0x470314@mhfdat-jp.bin,プーギークラウン,夕茜ノ Headguard
0x470318@mhfdat-jp.bin,プーギーＦクラウン,Poogie Crown
0x47031c@mhfdat-jp.bin,プーギーシンボル,Poogie F Crown
0x470320@mhfdat-jp.bin,プーギーＦシンボル,Poogie Symbol
0x470324@mhfdat-jp.bin,マンドラヘルム,Poogie F Symbol
0x470328@mhfdat-jp.bin,マンドラＦヘルム,Mandora Helm
0x47032c@mhfdat-jp.bin,マンドラハット,Mandora F Helm
0x470330@mhfdat-jp.bin,マンドラＦハット,Mandora Hat
0x470334@mhfdat-jp.bin,アオノコヘルム,Mandora F Hat
0x470338@mhfdat-jp.bin,アオノコＦヘルム,Aonoko Helm
0x47033c@mhfdat-jp.bin,アオノコハット,Aonoko F Helm
0x470340@mhfdat-jp.bin,アオノコＦハット,Aonoko Hat
0x470344@mhfdat-jp.bin,ゼロイヘッド,Aonoko F Hat
0x470348@mhfdat-jp.bin,ゼロイＦヘッド,Zeroi Head
0x47034c@mhfdat-jp.bin,ゼロイキャップ,Zeroi F Head
0x470350@mhfdat-jp.bin,ゼロイＦキャップ,Zeroi Cap
0x470354@mhfdat-jp.bin,レイルヘルム,Zeroi F Cap
0x470358@mhfdat-jp.bin,レイルＦヘルム,Rail Helm
0x47035c@mhfdat-jp.bin,レイルキャップ,Rail F Helm
0x470360@mhfdat-jp.bin,レイルＦキャップ,Rail Cap
0x470364@mhfdat-jp.bin,ルデオスヘルム,Rail F Cap
0x470368@mhfdat-jp.bin,ルデオスＦヘルム,Rudeos Helm
0x47036c@mhfdat-jp.bin,ルデオスキャップ,Rudeos F Helm
0x470370@mhfdat-jp.bin,ルデオスＦキャップ,Rudeos Cap
0x470374@mhfdat-jp.bin,オルケシスヘルム,Rudeos F Cap
0x470378@mhfdat-jp.bin,オルケシスＦヘルム,Orchesis Helm
0x47037c@mhfdat-jp.bin,オルケシスキャップ,Orchesis F Helm
0x470380@mhfdat-jp.bin,オルケシスＦキャップ,Orchesis Cap
0x470384@mhfdat-jp.bin,フルイトヘルム,Orchesis F Cap
0x470388@mhfdat-jp.bin,フルイトＦヘルム,フルイト Helm
0x47038c@mhfdat-jp.bin,ゲレオンヘルム,フルイトF Helm
0x470390@mhfdat-jp.bin,ゲレオンＦヘルム,ゲレオン Helm
0x470394@mhfdat-jp.bin,ケックヘルム,ゲレオンF Helm
0x470398@mhfdat-jp.bin,ケックＦヘルム,ケック Helm
0x47039c@mhfdat-jp.bin,ヘンフロキャップ,ケックF Helm
0x4703a0@mhfdat-jp.bin,ヘンフロＦキャップ,ヘンフロ Cap
0x4703a4@mhfdat-jp.bin,フリゲトヘルム,ヘンフロF Cap
0x4703a8@mhfdat-jp.bin,フリゲトＦヘルム,フリゲト Helm
0x4703ac@mhfdat-jp.bin,バークヘルム,フリゲトF Helm
0x4703b0@mhfdat-jp.bin,バークＦヘルム,バーク Helm
0x4703b4@mhfdat-jp.bin,ブリガンヘルム,バークF Helm
0x4703b8@mhfdat-jp.bin,ブリガンＦヘルム,ブリガン Helm
0x4703bc@mhfdat-jp.bin,プラムキャップ,ブリガンF Helm
0x4703c0@mhfdat-jp.bin,プラムＦキャップ,プラム Cap
0x4703c4@mhfdat-jp.bin,マイストヘッド・紅,プラムF Cap
0x4703c8@mhfdat-jp.bin,マイストＦヘッド・紅,Maisto Head・Crimson
0x4703cc@mhfdat-jp.bin,マイストハット・紅,Maisto F Head・Crimson
0x4703d0@mhfdat-jp.bin,マイストＦハット・紅,Maisto Hat・Crimson
0x4703d4@mhfdat-jp.bin,マイストヘッド・緑,Maisto F Hat・Crimson
0x4703d8@mhfdat-jp.bin,マイストＦヘッド・緑,Maisto Head・Green
0x4703dc@mhfdat-jp.bin,マイストハット・緑,Maisto F Head・Green
0x4703e0@mhfdat-jp.bin,マイストＦハット・緑,Maisto Hat・Green
0x4703e4@mhfdat-jp.bin,マイストヘッド・蒼,Maisto F Hat・Green
0x4703e8@mhfdat-jp.bin,マイストＦヘッド・蒼,Maisto Head・Green
0x4703ec@mhfdat-jp.bin,マイストハット・蒼,Maisto F Head・Green
0x4703f0@mhfdat-jp.bin,マイストＦハット・蒼,Maisto Hat・Green
0x4703f4@mhfdat-jp.bin,マイストヘッド・桜,Maisto F Hat・Green
0x4703f8@mhfdat-jp.bin,マイストＦヘッド・桜,Maisto Head・Pink
0x4703fc@mhfdat-jp.bin,マイストハット・桜,Maisto F Head・Pink
0x470400@mhfdat-jp.bin,マイストＦハット・桜,Maisto Hat・Pink
0x470404@mhfdat-jp.bin,ワグネヘッド,Maisto F Hat・Pink
0x470408@mhfdat-jp.bin,ワグネＦヘッド,Wagune Head
0x47040c@mhfdat-jp.bin,ワグネキャップ,Wagune F Head
0x470410@mhfdat-jp.bin,ワグネＦキャップ,Wagune Cap
0x470414@mhfdat-jp.bin,ピスティスＦヘッド,Wagune F Cap
0x470418@mhfdat-jp.bin,ピスティスＦハット,Pistis F Head
0x47041c@mhfdat-jp.bin,ヒプノヘルムSP緑,Pistis F Hat
0x470420@mhfdat-jp.bin,ヒプノヘルムSP赤,Hypnoc Helm SP Green
0x470424@mhfdat-jp.bin,ヒプノヘルムSP黄,Hypnoc Helm SP Red
0x470428@mhfdat-jp.bin,ベルヘルムSP黒,Hypnoc Helm SP Yellow
0x47042c@mhfdat-jp.bin,ベルヘルムSP赤,Beru Helm SP Black
0x470430@mhfdat-jp.bin,ベルヘルムSP紫,Beru Helm SP Red
0x470434@mhfdat-jp.bin,ベルキャップSP黒,Beru Helm SP Purple
0x470438@mhfdat-jp.bin,ベルキャップSP赤,Beru Cap SP Black
0x47043c@mhfdat-jp.bin,ベルキャップSP紫,Beru Cap SP Red
0x470440@mhfdat-jp.bin,エルペコサージュ,Beru Cap SP Purple
0x470444@mhfdat-jp.bin,エルペコサージュＦ,Erupe Corsage
0x470448@mhfdat-jp.bin,ルココサージュ,Erupe Corsage F
0x47044c@mhfdat-jp.bin,ルココサージュＦ,Rukodiora Corsage
0x470450@mhfdat-jp.bin,エナピアス貤,Rukodiora Corsage F
0x470454@mhfdat-jp.bin,エナＦピアス貤,Ena Piercings I
0x470458@mhfdat-jp.bin,エナピアス賖,Ena F Piercings I
0x47045c@mhfdat-jp.bin,エナＦピアス賖,Ena Piercings II
0x470460@mhfdat-jp.bin,エナピアス賕,Ena F Piercings II
0x470464@mhfdat-jp.bin,エナＦピアス賕,Ena Piercings III
0x470468@mhfdat-jp.bin,エナピアス賙,Ena F Piercings III
0x47046c@mhfdat-jp.bin,エナＦピアス賙,Ena Piercings IV
0x470470@mhfdat-jp.bin,エナピアス𧶠,Ena F Piercings IV
0x470474@mhfdat-jp.bin,エナＦピアス𧶠,Ena Piercings V
0x470478@mhfdat-jp.bin,エナピアス賰,Ena F Piercings V
0x47047c@mhfdat-jp.bin,エナＦピアス賰,Ena Piercings VI
0x470480@mhfdat-jp.bin,エナピアス賱,Ena F Piercings VI
0x470484@mhfdat-jp.bin,エナＦピアス賱,Ena Piercings VII
0x470488@mhfdat-jp.bin,エナピアス𧸐,Ena F Piercings VII
0x47048c@mhfdat-jp.bin,エナＦピアス𧸐,Ena Piercings VIII
0x470490@mhfdat-jp.bin,ルルディヘッド,Ena F Piercings VIII
0x470494@mhfdat-jp.bin,ルルディピアス,Rurudi Head
0x470498@mhfdat-jp.bin,アークＦヘルム,Rurudi Piercings
0x47049c@mhfdat-jp.bin,アークＦキャップ,Arc F Helm
0x4704a0@mhfdat-jp.bin,ストレガFXヘルム,Arc F Cap
0x4704a4@mhfdat-jp.bin,ストレガFXキャップ,Strega FX Helm
0x4704a8@mhfdat-jp.bin,リオハートRXヘルム,Strega FX Cap
0x4704ac@mhfdat-jp.bin,レイアLXヘルム,Rath Heart RX Helm
0x4704b0@mhfdat-jp.bin,ランゴRXキャップ,Rathian LX Helm
0x4704b4@mhfdat-jp.bin,ランゴLXキャップ,Vespoid RX Cap
0x4704b8@mhfdat-jp.bin,ザザミRXヘルム,Vespoid LX Cap
0x4704bc@mhfdat-jp.bin,ザザミLXヘルム,Hermitaur RX Helm
0x4704c0@mhfdat-jp.bin,ディアブロRXヘルム,Hermitaur LX Helm
0x4704c4@mhfdat-jp.bin,ディアブロLXヘルム,Diablos RX Helm
0x4704c8@mhfdat-jp.bin,リリオヘルム,Diablos LX Helm
0x4704cc@mhfdat-jp.bin,フレサヘルム,リリオ Helm
0x4704d0@mhfdat-jp.bin,クラベルヘルム,フレサ Helm
0x4704d4@mhfdat-jp.bin,シルエラヘルム,クラ Beru Helm
0x4704d8@mhfdat-jp.bin,カメリアヘルム,シルエラ Helm
0x4704dc@mhfdat-jp.bin,ハシントヘルム,カメ Lea Helm
0x4704e0@mhfdat-jp.bin,セレソヘルム,ハシント Helm
0x4704e4@mhfdat-jp.bin,オリバヘルム,セレソ Helm
0x4704e8@mhfdat-jp.bin,ラウレルキャップ,オリバ Helm
0x4704ec@mhfdat-jp.bin,ココキャップ,ラウレル Cap
0x4704f0@mhfdat-jp.bin,グラナダキャップ,ココ Cap
0x4704f4@mhfdat-jp.bin,アトロヘッド,グラナダ Cap
0x4704f8@mhfdat-jp.bin,アトロＦヘッド,アトロ Head
0x4704fc@mhfdat-jp.bin,アトロバンド,アトロF Head
0x470500@mhfdat-jp.bin,アトロＦバンド,アトロ Band
0x470504@mhfdat-jp.bin,ゴゴヘルム,アトロF Band
0x470508@mhfdat-jp.bin,ゴゴＦヘルム,Gogo Helm
0x47050c@mhfdat-jp.bin,ゴゴキャップ,Gogo F Helm
0x470510@mhfdat-jp.bin,ゴゴＦキャップ,Gogo Cap
0x470514@mhfdat-jp.bin,ゴゴバレッタ,Gogo F Cap
0x470518@mhfdat-jp.bin,ゴゴバレッタＦ,Gogo Beretta
0x47051c@mhfdat-jp.bin,ワダツミ【烏帽子】,Gogo Beretta F
0x470520@mhfdat-jp.bin,オカミ【烏帽子】,Wadatsumi [Eboshi 】
0x470524@mhfdat-jp.bin,ディーナヘッド,Okami [Eboshi 】
0x470528@mhfdat-jp.bin,ディーナＦヘッド,Diina Head
0x47052c@mhfdat-jp.bin,絶影ノ鉢金,Diina F Head
0x470530@mhfdat-jp.bin,絶影ノ鉢金・魁,True Shadow Headguard
0x470534@mhfdat-jp.bin,翔影ノ鉢金,True Shadow Headguard・魁
0x470538@mhfdat-jp.bin,翔影ノ鉢金・魁,翔影ノ Headguard
0x47053c@mhfdat-jp.bin,黒虎ノ鉢金,翔影ノ Headguard・魁
0x470540@mhfdat-jp.bin,黒豹ノ鉢金,Black Tiger Headguard
0x470544@mhfdat-jp.bin,刹帝利ノ角,Black 豹ノ Headguard
0x470548@mhfdat-jp.bin,婆羅門ノ角,刹帝利ノ角
0x47054c@mhfdat-jp.bin,ガリトスヘッド・茶,婆羅門ノ角
0x470550@mhfdat-jp.bin,ガリトスＦヘッド・茶,Galitos Head・Tea
0x470554@mhfdat-jp.bin,ガリトスバンド・茶,Galitos F Head・Tea
0x470558@mhfdat-jp.bin,ガリトスＦバンド・茶,Galitos Band・Tea
0x47055c@mhfdat-jp.bin,ガリトスヘッド・赤,Galitos F Band・Tea
0x470560@mhfdat-jp.bin,ガリトスＦヘッド・赤,Galitos Head・Red
0x470564@mhfdat-jp.bin,ガリトスバンド・赤,Galitos F Head・Red
0x470568@mhfdat-jp.bin,ガリトスＦバンド・赤,Galitos Band・Red
0x47056c@mhfdat-jp.bin,ガリトスヘッド・黒,Galitos F Band・Red
0x470570@mhfdat-jp.bin,ガリトスＦヘッド・黒,Galitos Head・Black
0x470574@mhfdat-jp.bin,ガリトスバンド・黒,Galitos F Head・Black
0x470578@mhfdat-jp.bin,ガリトスＦバンド・黒,Galitos Band・Black
0x47057c@mhfdat-jp.bin,ガリトスヘッド・水,Galitos F Band・Black
0x470580@mhfdat-jp.bin,ガリトスＦヘッド・水,Galitos Head・Water
0x470584@mhfdat-jp.bin,ガリトスバンド・水,Galitos F Head・Water
0x470588@mhfdat-jp.bin,ガリトスＦバンド・水,Galitos Band・Water
0x47058c@mhfdat-jp.bin,リブリーヘッド,Galitos F Band・Water
0x470590@mhfdat-jp.bin,リブリーＦヘッド,Riburi Head
0x470594@mhfdat-jp.bin,リブリーFZヘッド,Riburi F Head
0x470598@mhfdat-jp.bin,リブリーハール,Riburi FZ Head
0x47059c@mhfdat-jp.bin,リブリーＦハール,Riburi Haar
0x4705a0@mhfdat-jp.bin,リブリーFZハール,Riburi F Haar
0x4705a4@mhfdat-jp.bin,リーデレヘルム,Riburi FZ Haar
0x4705a8@mhfdat-jp.bin,リーデレＦヘルム,Ridere Helm
0x4705ac@mhfdat-jp.bin,リーデレキャップ,Ridere F Helm
0x4705b0@mhfdat-jp.bin,リーデレＦキャップ,Ridere Cap
0x4705b4@mhfdat-jp.bin,リエットヘルム,Ridere F Cap
0x4705b8@mhfdat-jp.bin,リエットＦヘルム,Riot Helm
0x4705bc@mhfdat-jp.bin,リエットキャップ,Riot F Helm
0x4705c0@mhfdat-jp.bin,リエットＦキャップ,Riot Cap
0x4705c4@mhfdat-jp.bin,スケイナヘルム,Riot F Cap
0x4705c8@mhfdat-jp.bin,スケイナＦヘルム,スケ Ina Helm
0x4705cc@mhfdat-jp.bin,ミッシナヘルム,スケ Ina F Helm
0x4705d0@mhfdat-jp.bin,ミッシナＦヘルム,ミッシナ Helm
0x4705d4@mhfdat-jp.bin,プリースヘルム,ミッシナF Helm
0x4705d8@mhfdat-jp.bin,プリースＦヘルム,プリース Helm
0x4705dc@mhfdat-jp.bin,レキトリキャップ,プリースF Helm
0x4705e0@mhfdat-jp.bin,レキトリＦキャップ,レキトリ Cap
0x4705e4@mhfdat-jp.bin,マドニカヘルム,レキトリF Cap
0x4705e8@mhfdat-jp.bin,マドニカＦヘルム,マドニカ Helm
0x4705ec@mhfdat-jp.bin,ヴィリヤヘルム,マドニカF Helm
0x4705f0@mhfdat-jp.bin,ヴィリヤＦヘルム,ヴィリヤ Helm
0x4705f4@mhfdat-jp.bin,ラプラルヘルム,ヴィリヤF Helm
0x4705f8@mhfdat-jp.bin,ラプラルＦヘルム,ラプラル Helm
0x4705fc@mhfdat-jp.bin,サザールキャップ,ラプラルF Helm
0x470600@mhfdat-jp.bin,サザールＦキャップ,サザール Cap
0x470604@mhfdat-jp.bin,トラスモンテラ青,サザールF Cap
0x470608@mhfdat-jp.bin,トラスＦモンテラ青,Truss Montera Blue
0x47060c@mhfdat-jp.bin,トラスビコーヌ青,Truss F Montera Blue
0x470610@mhfdat-jp.bin,トラスＦビコーヌ青,Truss Bikoonu Blue
0x470614@mhfdat-jp.bin,トラスモンテラ赤,Truss F Bikoonu Blue
0x470618@mhfdat-jp.bin,トラスＦモンテラ赤,Truss Montera Red
0x47061c@mhfdat-jp.bin,トラスビコーヌ赤,Truss F Montera Red
0x470620@mhfdat-jp.bin,トラスＦビコーヌ赤,Truss Bikoonu Red
0x470624@mhfdat-jp.bin,トラスモンテラ白,Truss F Bikoonu Red
0x470628@mhfdat-jp.bin,トラスＦモンテラ白,Truss Montera White
0x47062c@mhfdat-jp.bin,トラスビコーヌ白,Truss F Montera White
0x470630@mhfdat-jp.bin,トラスＦビコーヌ白,Truss Bikoonu White
0x470634@mhfdat-jp.bin,トラスモンテラ紫,Truss F Bikoonu White
0x470638@mhfdat-jp.bin,トラスＦモンテラ紫,Truss Montera Purple
0x47063c@mhfdat-jp.bin,トラスビコーヌ紫,Truss F Montera Purple
0x470640@mhfdat-jp.bin,トラスＦビコーヌ紫,Truss Bikoonu Purple
0x470644@mhfdat-jp.bin,デモンヘッド青,Truss F Bikoonu Purple
0x470648@mhfdat-jp.bin,デモンＦヘッド青,Demon Head Blue
0x47064c@mhfdat-jp.bin,カオスヘッド青,Demon F Head Blue
0x470650@mhfdat-jp.bin,カオスＦヘッド青,Chaos Head Blue
0x470654@mhfdat-jp.bin,デモンヘッド赤,Chaos F Head Blue
0x470658@mhfdat-jp.bin,デモンＦヘッド赤,Demon Head Red
0x47065c@mhfdat-jp.bin,カオスヘッド赤,Demon F Head Red
0x470660@mhfdat-jp.bin,カオスＦヘッド赤,Chaos Head Red
0x470664@mhfdat-jp.bin,デモンヘッド緑,Chaos F Head Red
0x470668@mhfdat-jp.bin,デモンＦヘッド緑,Demon Head Green
0x47066c@mhfdat-jp.bin,カオスヘッド緑,Demon F Head Green
0x470670@mhfdat-jp.bin,カオスＦヘッド緑,Chaos Head Green
0x470674@mhfdat-jp.bin,デモンヘッド白,Chaos F Head Green
0x470678@mhfdat-jp.bin,デモンＦヘッド白,Demon Head White
0x47067c@mhfdat-jp.bin,カオスヘッド白,Demon F Head White
0x470680@mhfdat-jp.bin,カオスＦヘッド白,Chaos Head White
0x470684@mhfdat-jp.bin,シャドウウィッグ紫,Chaos F Head White
0x470688@mhfdat-jp.bin,シャドウＦウィッグ紫,Shadow Wig Purple
0x47068c@mhfdat-jp.bin,ソウルウィッグ紫,Shadow F Wig Purple
0x470690@mhfdat-jp.bin,ソウルＦウィッグ紫,Soul Wig Purple
0x470694@mhfdat-jp.bin,シャドウウィッグ赤,Soul F Wig Purple
0x470698@mhfdat-jp.bin,シャドウＦウィッグ赤,Shadow Wig Red
0x47069c@mhfdat-jp.bin,ソウルウィッグ赤,Shadow F Wig Red
0x4706a0@mhfdat-jp.bin,ソウルＦウィッグ赤,Soul Wig Red
0x4706a4@mhfdat-jp.bin,シャドウウィッグ緑,Soul F Wig Red
0x4706a8@mhfdat-jp.bin,シャドウＦウィッグ緑,Shadow Wig Green
0x4706ac@mhfdat-jp.bin,ソウルウィッグ緑,Shadow F Wig Green
0x4706b0@mhfdat-jp.bin,ソウルＦウィッグ緑,Soul Wig Green
0x4706b4@mhfdat-jp.bin,シャドウウィッグ白,Soul F Wig Green
0x4706b8@mhfdat-jp.bin,シャドウＦウィッグ白,Shadow Wig White
0x4706bc@mhfdat-jp.bin,ソウルウィッグ白,Shadow F Wig White
0x4706c0@mhfdat-jp.bin,ソウルＦウィッグ白,Soul Wig White
0x4706c4@mhfdat-jp.bin,フィディヘルム,Soul F Wig White
0x4706c8@mhfdat-jp.bin,エピディヘルム,フィディ Helm
0x4706cc@mhfdat-jp.bin,ヴェルフィヘルム,エピディ Helm
0x4706d0@mhfdat-jp.bin,ヴェルフィキャップ,ヴェルフィ Helm
0x4706d4@mhfdat-jp.bin,テリオグヘルム,ヴェルフィ Cap
0x4706d8@mhfdat-jp.bin,テリオグキャップ,テリオグ Helm
0x4706dc@mhfdat-jp.bin,クロッスヘッド,テリオグ Cap
0x4706e0@mhfdat-jp.bin,クロッスＦヘッド,Kurossu Head
0x4706e4@mhfdat-jp.bin,クロッスハット,Kurossu F Head
0x4706e8@mhfdat-jp.bin,クロッスＦハット,Kurossu Hat
0x4706ec@mhfdat-jp.bin,セケンピアス貤,Kurossu F Hat
0x4706f0@mhfdat-jp.bin,セケンＦピアス貤,セケン Piercings I
0x4706f4@mhfdat-jp.bin,セケンピアス賖,セケンF Piercings I
0x4706f8@mhfdat-jp.bin,セケンＦピアス賖,セケン Piercings II
0x4706fc@mhfdat-jp.bin,セケンピアス賕,セケンF Piercings II
0x470700@mhfdat-jp.bin,セケンＦピアス賕,セケン Piercings III
0x470704@mhfdat-jp.bin,セケンピアス賙,セケンF Piercings III
0x470708@mhfdat-jp.bin,セケンＦピアス賙,セケン Piercings IV
0x47070c@mhfdat-jp.bin,セケンピアス𧶠,セケンF Piercings IV
0x470710@mhfdat-jp.bin,セケンＦピアス𧶠,セケン Piercings V
0x470714@mhfdat-jp.bin,セケンピアス賰,セケンF Piercings V
0x470718@mhfdat-jp.bin,セケンＦピアス賰,セケン Piercings VI
0x47071c@mhfdat-jp.bin,セケンピアス賱,セケンF Piercings VI
0x470720@mhfdat-jp.bin,セケンＦピアス賱,セケン Piercings VII
0x470724@mhfdat-jp.bin,セケンピアス𧸐,セケンF Piercings VII
0x470728@mhfdat-jp.bin,セケンＦピアス𧸐,セケン Piercings VIII
0x47072c@mhfdat-jp.bin,ダミー,セケンF Piercings VIII
0x470730@mhfdat-jp.bin,ダミー,ダミー
0x470734@mhfdat-jp.bin,ダミー,ダミー
0x470738@mhfdat-jp.bin,ダミー,ダミー
0x47073c@mhfdat-jp.bin,シエリーFXヘルム,ダミー
0x470740@mhfdat-jp.bin,シエリーFXキャップ,Shieri FX Helm
0x470744@mhfdat-jp.bin,クラフトFXヘッド,Shieri FX Cap
0x470748@mhfdat-jp.bin,クラフトFXピアス,Craft FX Head
0x47074c@mhfdat-jp.bin,モスカバFXヘルム,Craft FX Piercings
0x470750@mhfdat-jp.bin,モスカバFXキャップ,Moss Cover FX Helm
0x470754@mhfdat-jp.bin,エクセレFXヘルム,Moss Cover FX Cap
0x470758@mhfdat-jp.bin,エクセレFXキャップ,Excelle FX Helm
0x47075c@mhfdat-jp.bin,蒼空ノ鉢金・真,Excelle FX Cap
0x470760@mhfdat-jp.bin,蒼天ノ鉢金・真,Blue Sky Headguard・True
0x470764@mhfdat-jp.bin,ビステマヘッド,Welkin Headguard・True
0x470768@mhfdat-jp.bin,リオデュオＦヘルム,ビステマ Head
0x47076c@mhfdat-jp.bin,リオデュオＦキャップ,Rath Duo F Helm
0x470770@mhfdat-jp.bin,ロークＦヘルム,Rath Duo F Cap
0x470774@mhfdat-jp.bin,ロークＦキャップ,ロークF Helm
0x470778@mhfdat-jp.bin,ブルホＦヘッド・青,ロークF Cap
0x47077c@mhfdat-jp.bin,マーギアＦハット・青,Buruho F Head・Blue
0x470780@mhfdat-jp.bin,ゴゴFXヘルム,マー Gear F Hat・Blue
0x470784@mhfdat-jp.bin,ゴゴFXキャップ,Gogo FX Helm
0x470788@mhfdat-jp.bin,クラージFXヘルム,Gogo FX Cap
0x47078c@mhfdat-jp.bin,クラージFXキャップ,Kuraaji FX Helm
0x470790@mhfdat-jp.bin,ザーカーFXヘッド,Kuraaji FX Cap
0x470794@mhfdat-jp.bin,チェイサーFXキャップ,Zaakaa FX Head
0x470798@mhfdat-jp.bin,アビットFZヘッド,Chaser FX Cap
0x47079c@mhfdat-jp.bin,アビットFZハール,Abitto FZ Head
0x4707a0@mhfdat-jp.bin,アージェFZヘッド,Abitto FZ Haar
0x4707a4@mhfdat-jp.bin,アージェFZハール,Arge FZ Head
0x4707a8@mhfdat-jp.bin,カマレラFZヘッド,Arge FZ Haar
0x4707ac@mhfdat-jp.bin,カマレラFZハール,Camarera FZ Head
0x4707b0@mhfdat-jp.bin,メテネラFZヘッド,Camarera FZ Haar
0x4707b4@mhfdat-jp.bin,メテネラFZハール,Metenera FZ Head
0x4707b8@mhfdat-jp.bin,ルコFXヘッド,Metenera FZ Haar
0x4707bc@mhfdat-jp.bin,ルコFXフェイス,Rukodiora FX Head
0x4707c0@mhfdat-jp.bin,アクラチャーム,Rukodiora FX Face
0x4707c4@mhfdat-jp.bin,アクラチャームＦ,Akura Charm
0x4707c8@mhfdat-jp.bin,アクラチャームSP,Akura Charm F
0x4707cc@mhfdat-jp.bin,ベルチャーム,Akura Charm SP
0x4707d0@mhfdat-jp.bin,ベルチャームＦ,Beru Charm
0x4707d4@mhfdat-jp.bin,ベルチャームSP,Beru Charm F
0x4707d8@mhfdat-jp.bin,パリアチャーム,Beru Charm SP
0x4707dc@mhfdat-jp.bin,パリアチャームＦ,Pariapuria Charm
0x4707e0@mhfdat-jp.bin,パリアチャームSP,Pariapuria Charm F
0x4707e4@mhfdat-jp.bin,ルーキーピアス,Pariapuria Charm SP
0x4707e8@mhfdat-jp.bin,ザムザヘルム,Rookie Piercings
0x4707ec@mhfdat-jp.bin,ザムザＦヘルム,Zamuza Helm
0x4707f0@mhfdat-jp.bin,ザムザFXヘルム,Zamuza F Helm
0x4707f4@mhfdat-jp.bin,ザムザキャップ,Zamuza FX Helm
0x4707f8@mhfdat-jp.bin,ザムザＦキャップ,Zamuza Cap
0x4707fc@mhfdat-jp.bin,ザムザFXキャップ,Zamuza F Cap
0x470800@mhfdat-jp.bin,アビオヘルム,Zamuza FX Cap
0x470804@mhfdat-jp.bin,アビオＦヘルム,Abiorugu Helm
0x470808@mhfdat-jp.bin,アビオFXヘルム,Abiorugu F Helm
0x47080c@mhfdat-jp.bin,アビオキャップ,Abiorugu FX Helm
0x470810@mhfdat-jp.bin,アビオＦキャップ,Abiorugu Cap
0x470814@mhfdat-jp.bin,アビオFXキャップ,Abiorugu F Cap
0x470818@mhfdat-jp.bin,クロオビヘルムSP白,Abiorugu FX Cap
0x47081c@mhfdat-jp.bin,クロオビヘルムSP黒,Black Belt Helm SP White
0x470820@mhfdat-jp.bin,クロオビヘルムSP青,Black Belt Helm SP Black
0x470824@mhfdat-jp.bin,アプカルヘルムSP白,Black Belt Helm SP Blue
0x470828@mhfdat-jp.bin,アプカルヘルムSP緑,Apkallu Helm SP White
0x47082c@mhfdat-jp.bin,アプカルヘルムSP黄,Apkallu Helm SP Green
0x470830@mhfdat-jp.bin,ガレオスLXヘルム,Apkallu Helm SP Yellow
0x470834@mhfdat-jp.bin,ブランゴLXヘルム,Cepha LX Helm
0x470838@mhfdat-jp.bin,グラビドLXヘルム,Blango LX Helm
0x47083c@mhfdat-jp.bin,ボーンLXキャップ,Gravios LX Helm
0x470840@mhfdat-jp.bin,ガレオスRXヘルム,Bone LX Cap
0x470844@mhfdat-jp.bin,ブランゴRXヘルム,Cepha RX Helm
0x470848@mhfdat-jp.bin,グラビドRXヘルム,Blango RX Helm
0x47084c@mhfdat-jp.bin,ボーンRXキャップ,Gravios RX Helm
0x470850@mhfdat-jp.bin,白蛇ノ鉢金,Bone RX Cap
0x470854@mhfdat-jp.bin,白蛇ノ鉢金・魁,White Snake Headguard
0x470858@mhfdat-jp.bin,白鳥ノ鉢金,White Snake Headguard・魁
0x47085c@mhfdat-jp.bin,白鳥ノ鉢金・魁, White 鳥ノ Headguard
0x470860@mhfdat-jp.bin,カカブヘッド,White 鳥ノ Headguard・魁
0x470864@mhfdat-jp.bin,カカブキャップ,Kakabu Head
0x470868@mhfdat-jp.bin,オネロヘルム,Kakabu Cap
0x47086c@mhfdat-jp.bin,オネロキャップ,Onero Helm
0x470870@mhfdat-jp.bin,ジャガーヘルム,Onero Cap
0x470874@mhfdat-jp.bin,ジャガーキャップ,Jyaga Helm
0x470878@mhfdat-jp.bin,オメットヘルム・黒,Jyaga Cap
0x47087c@mhfdat-jp.bin,オメットＦヘルム・黒,Omet Helm・Black
0x470880@mhfdat-jp.bin,オメットマスク・黒,Omet F Helm・Black
0x470884@mhfdat-jp.bin,オメットＦマスク・黒,Omet Mask・Black
0x470888@mhfdat-jp.bin,オメットヘルム・赤,Omet F Mask・Black
0x47088c@mhfdat-jp.bin,オメットＦヘルム・赤,Omet Helm・Red
0x470890@mhfdat-jp.bin,オメットマスク・赤,Omet F Helm・Red
0x470894@mhfdat-jp.bin,オメットＦマスク・赤,Omet Mask・Red
0x470898@mhfdat-jp.bin,オメットヘルム・白,Omet F Mask・Red
0x47089c@mhfdat-jp.bin,オメットＦヘルム・白,Omet Helm・White
0x4708a0@mhfdat-jp.bin,オメットマスク・白,Omet F Helm・White
0x4708a4@mhfdat-jp.bin,オメットＦマスク・白,Omet Mask・White
0x4708a8@mhfdat-jp.bin,オメットヘルム・青,Omet F Mask・White
0x4708ac@mhfdat-jp.bin,オメットＦヘルム・青,Omet Helm・Blue
0x4708b0@mhfdat-jp.bin,オメットマスク・青,Omet F Helm・Blue
0x4708b4@mhfdat-jp.bin,オメットＦマスク・青,Omet Mask・Blue
0x4708b8@mhfdat-jp.bin,ルターレヘルム,Omet F Mask・Blue
0x4708bc@mhfdat-jp.bin,ルターレＦヘルム,Rutare Helm
0x4708c0@mhfdat-jp.bin,ルターレキャップ,Rutare F Helm
0x4708c4@mhfdat-jp.bin,ルターレＦキャップ,Rutare Cap
0x4708c8@mhfdat-jp.bin,流転の鉢金,Rutare F Cap
0x4708cc@mhfdat-jp.bin,流転の鉢金・魁,Rolling Flow の Headguard
0x4708d0@mhfdat-jp.bin,旋転の鉢金,Rolling Flow の Headguard・魁
0x4708d4@mhfdat-jp.bin,旋転の鉢金・魁,旋転の Headguard
0x4708d8@mhfdat-jp.bin,厳岩の帽,旋転の Headguard・魁
0x4708dc@mhfdat-jp.bin,厳岩の帽・魁,厳岩 Hat
0x4708e0@mhfdat-jp.bin,不破の帽,厳岩 Hat・魁
0x4708e4@mhfdat-jp.bin,不破の帽・魁,不破 Hat
0x4708e8@mhfdat-jp.bin,無想の帽,不破 Hat・魁
0x4708ec@mhfdat-jp.bin,無想の帽・魁,無想 Hat
0x4708f0@mhfdat-jp.bin,俊激の面,無想 Hat・魁
0x4708f4@mhfdat-jp.bin,俊激の面・魁,俊激 Mask
0x4708f8@mhfdat-jp.bin,スイフドヘッド,俊激 Mask・魁
0x4708fc@mhfdat-jp.bin,スイフドＦヘッド,Suifudo Head
0x470900@mhfdat-jp.bin,メロデスヘッド,Suifudo F Head
0x470904@mhfdat-jp.bin,メロデスＦヘッド,Merodesu Head
0x470908@mhfdat-jp.bin,スマトスヘッド,Merodesu F Head
0x47090c@mhfdat-jp.bin,スマトスＦヘッド,Sumatosu Head
0x470910@mhfdat-jp.bin,パッシオハール,Sumatosu F Head
0x470914@mhfdat-jp.bin,パッシオＦハール,Passhio Haar
0x470918@mhfdat-jp.bin,カウチュピアス・灰,Passhio F Haar
0x47091c@mhfdat-jp.bin,カウチュＦピアス・灰,Cultu Piercings・Ash
0x470920@mhfdat-jp.bin,カウチュハール・灰,Cultu F Piercings・Ash
0x470924@mhfdat-jp.bin,カウチュＦハール・灰,Cultu Haar・Ash
0x470928@mhfdat-jp.bin,カウチュピアス・青,Cultu F Haar・Ash
0x47092c@mhfdat-jp.bin,カウチュＦピアス・青,Cultu Piercings・Blue
0x470930@mhfdat-jp.bin,カウチュハール・青,Cultu F Piercings・Blue
0x470934@mhfdat-jp.bin,カウチュＦハール・青,Cultu Haar・Blue
0x470938@mhfdat-jp.bin,カウチュピアス・橙,Cultu F Haar・Blue
0x47093c@mhfdat-jp.bin,カウチュＦピアス・橙,Cultu Piercings・Orange
0x470940@mhfdat-jp.bin,カウチュハール・橙,Cultu F Piercings・Orange
0x470944@mhfdat-jp.bin,カウチュＦハール・橙,Cultu Haar・Orange
0x470948@mhfdat-jp.bin,カウチュピアス・緑,Cultu F Haar・Orange
0x47094c@mhfdat-jp.bin,カウチュＦピアス・緑,Cultu Piercings・Green
0x470950@mhfdat-jp.bin,カウチュハール・緑,Cultu F Piercings・Green
0x470954@mhfdat-jp.bin,カウチュＦハール・緑,Cultu Haar・Green
0x470958@mhfdat-jp.bin,ジストレルＦヘッド,Cultu F Haar・Green
0x47095c@mhfdat-jp.bin,リサーザＦヘッド,Jisutoreru F Head
0x470960@mhfdat-jp.bin,リサーザＦマスク,Risaaza F Head
0x470964@mhfdat-jp.bin,テクストFZヘッド・紫,Risaaza F Mask
0x470968@mhfdat-jp.bin,テクストFZヘッド・緑,Text FZ Head・Purple
0x47096c@mhfdat-jp.bin,テクストFZヘッド・青,Text FZ Head・Green
0x470970@mhfdat-jp.bin,テクストFZヘッド・黒,Text FZ Head・Blue
0x470974@mhfdat-jp.bin,テクストFZマスク・紫,Text FZ Head・Black
0x470978@mhfdat-jp.bin,テクストFZマスク・緑,Text FZ Mask・Purple
0x47097c@mhfdat-jp.bin,テクストFZマスク・青,Text FZ Mask・Green
0x470980@mhfdat-jp.bin,テクストFZマスク・黒,Text FZ Mask・Blue
0x470984@mhfdat-jp.bin,スリートFZヘッド・黄,Text FZ Mask・Black
0x470988@mhfdat-jp.bin,スリートFZヘッド・銀,Suriito FZ Head・Yellow
0x47098c@mhfdat-jp.bin,スリートFZヘッド・赤,Suriito FZ Head・Silver
0x470990@mhfdat-jp.bin,スリートFZヘッド・青,Suriito FZ Head・Red
0x470994@mhfdat-jp.bin,スリートFZハール・黄,Suriito FZ Head・Blue
0x470998@mhfdat-jp.bin,スリートFZハール・銀,Suriito FZ Haar・Yellow
0x47099c@mhfdat-jp.bin,スリートFZハール・赤,Suriito FZ Haar・Silver
0x4709a0@mhfdat-jp.bin,スリートFZハール・青,Suriito FZ Haar・Red
0x4709a4@mhfdat-jp.bin,ステノFZヘルム・橙,Suriito FZ Haar・Blue
0x4709a8@mhfdat-jp.bin,ステノFZヘルム・桃,Steno FZ Helm・Orange
0x4709ac@mhfdat-jp.bin,ステノFZヘルム・青,Steno FZ Helm・Peach
0x4709b0@mhfdat-jp.bin,ステノFZヘルム・赤,Steno FZ Helm・Blue
0x4709b4@mhfdat-jp.bin,ステノFZキャップ・橙,Steno FZ Helm・Red
0x4709b8@mhfdat-jp.bin,ステノFZキャップ・桃,Steno FZ Cap・Orange
0x4709bc@mhfdat-jp.bin,ステノFZキャップ・青,Steno FZ Cap・Peach
0x4709c0@mhfdat-jp.bin,ステノFZキャップ・赤,Steno FZ Cap・Blue
0x4709c4@mhfdat-jp.bin,エディオFZヘルム・青,Steno FZ Cap・Red
0x4709c8@mhfdat-jp.bin,エディオFZヘルム・赤,Edio FZ Helm・Blue
0x4709cc@mhfdat-jp.bin,エディオFZヘルム・黄,Edio FZ Helm・Red
0x4709d0@mhfdat-jp.bin,エディオFZヘルム・黒,Edio FZ Helm・Yellow
0x4709d4@mhfdat-jp.bin,エディオFZマスク・青,Edio FZ Helm・Black
0x4709d8@mhfdat-jp.bin,エディオFZマスク・赤,Edio FZ Mask・Blue
0x4709dc@mhfdat-jp.bin,エディオFZマスク・黄,Edio FZ Mask・Red
0x4709e0@mhfdat-jp.bin,エディオFZマスク・黒,Edio FZ Mask・Yellow
0x4709e4@mhfdat-jp.bin,ガリトスFZヘッド・茶,Edio FZ Mask・Black
0x4709e8@mhfdat-jp.bin,ガリトスFZヘッド・赤,Galitos FZ Head・Tea
0x4709ec@mhfdat-jp.bin,ガリトスFZヘッド・黒,Galitos FZ Head・Red
0x4709f0@mhfdat-jp.bin,ガリトスFZヘッド・水,Galitos FZ Head・Black
0x4709f4@mhfdat-jp.bin,ガリトスFZバンド・茶,Galitos FZ Head・Water
0x4709f8@mhfdat-jp.bin,ガリトスFZバンド・赤,Galitos FZ Band・Tea
0x4709fc@mhfdat-jp.bin,ガリトスFZバンド・黒,Galitos FZ Band・Red
0x470a00@mhfdat-jp.bin,ガリトスFZバンド・水,Galitos FZ Band・Black
0x470a04@mhfdat-jp.bin,アビオバレッタ,Galitos FZ Band・Water
0x470a08@mhfdat-jp.bin,アビオバレッタF,Abiorugu Beretta
0x470a0c@mhfdat-jp.bin,エルペフェイク,Abiorugu Beretta F
0x470a10@mhfdat-jp.bin,エルペフェイクＦ,Erupe Mask
0x470a14@mhfdat-jp.bin,ブルックフェイク,Erupe Mask F
0x470a18@mhfdat-jp.bin,ブルックフェイクＦ,Brooke Mask
0x470a1c@mhfdat-jp.bin,ゴゴコサージュ,Brooke Mask F
0x470a20@mhfdat-jp.bin,ゴゴコサージュＦ,Gogo Corsage
0x470a24@mhfdat-jp.bin,ジオピアス貤,Gogo Corsage F
0x470a28@mhfdat-jp.bin,ジオＦピアス貤,ジオ Piercings I
0x470a2c@mhfdat-jp.bin,ジオピアス賖,ジオF Piercings I
0x470a30@mhfdat-jp.bin,ジオＦピアス賖,ジオ Piercings II
0x470a34@mhfdat-jp.bin,ジオピアス賕,ジオF Piercings II
0x470a38@mhfdat-jp.bin,ジオＦピアス賕,ジオ Piercings III
0x470a3c@mhfdat-jp.bin,ジオピアス賙,ジオF Piercings III
0x470a40@mhfdat-jp.bin,ジオＦピアス賙,ジオ Piercings IV
0x470a44@mhfdat-jp.bin,ジオピアス𧶠,ジオF Piercings IV
0x470a48@mhfdat-jp.bin,ジオＦピアス𧶠,ジオ Piercings V
0x470a4c@mhfdat-jp.bin,ジオピアス賰,ジオF Piercings V
0x470a50@mhfdat-jp.bin,ジオＦピアス賰,ジオ Piercings VI
0x470a54@mhfdat-jp.bin,ジオピアス賱,ジオF Piercings VI
0x470a58@mhfdat-jp.bin,ジオＦピアス賱,ジオ Piercings VII
0x470a5c@mhfdat-jp.bin,ジオピアス𧸐,ジオF Piercings VII
0x470a60@mhfdat-jp.bin,ジオＦピアス𧸐,ジオ Piercings VIII
0x470a64@mhfdat-jp.bin,ベイルＦイヤリング,ジオF Piercings VIII
0x470a68@mhfdat-jp.bin,アハバーピアス,Beil F Earrings
0x470a6c@mhfdat-jp.bin,アハバーＦピアス,Ahaba ー Piercings
0x470a70@mhfdat-jp.bin,クローニーピアス,Ahaba ーF Piercings
0x470a74@mhfdat-jp.bin,クローニーＦピアス,クローニー Piercings
0x470a78@mhfdat-jp.bin,ダミー,クローニーF Piercings
0x470a7c@mhfdat-jp.bin,ザムザバレッタ,ダミー
0x470a80@mhfdat-jp.bin,ザムザバレッタＦ,Zamuza Beretta
0x470a84@mhfdat-jp.bin,ジェスヘルム,Zamuza Beretta F
0x470a88@mhfdat-jp.bin,ジェスＦヘルム,Jess Helm
0x470a8c@mhfdat-jp.bin,ジェスFYヘルム,Jess F Helm
0x470a90@mhfdat-jp.bin,ジェスHCヘルム,Jess FY Helm
0x470a94@mhfdat-jp.bin,ジェスキャップ,Jess HC Helm
0x470a98@mhfdat-jp.bin,ジェスＦキャップ,Jess Cap
0x470a9c@mhfdat-jp.bin,ジェスFYキャップ,Jess F Cap
0x470aa0@mhfdat-jp.bin,ジェスHCキャップ,Jess FY Cap
0x470aa4@mhfdat-jp.bin,エクエスHCヘルム,Jess HC Cap
0x470aa8@mhfdat-jp.bin,エクエスHCキャップ,Eques HC Helm
0x470aac@mhfdat-jp.bin,クラージHCヘルム,Eques HC Cap
0x470ab0@mhfdat-jp.bin,クラージHCキャップ,Kuraaji HC Helm
0x470ab4@mhfdat-jp.bin,メランFYヘッド,Kuraaji HC Cap
0x470ab8@mhfdat-jp.bin,メランHCヘッド,Melan FY Head
0x470abc@mhfdat-jp.bin,メランFYウィッグ,Melan HC Head
0x470ac0@mhfdat-jp.bin,メランHCウィッグ,Melan FY Wig
0x470ac4@mhfdat-jp.bin,ハルバダーFYヘッド,Melan HC Wig
0x470ac8@mhfdat-jp.bin,ハルバダーHCヘッド,Harubadaa FY Head
0x470acc@mhfdat-jp.bin,トラッカーFYキャップ,Harubadaa HC Head
0x470ad0@mhfdat-jp.bin,トラッカーHCキャップ,Tracker FY Cap
0x470ad4@mhfdat-jp.bin,オメットFZヘルム・黒,Tracker HC Cap
0x470ad8@mhfdat-jp.bin,オメットFZマスク・黒,Omet FZ Helm・Black
0x470adc@mhfdat-jp.bin,オメットFZヘルム・赤,Omet FZ Mask・Black
0x470ae0@mhfdat-jp.bin,オメットFZマスク・赤,Omet FZ Helm・Red
0x470ae4@mhfdat-jp.bin,オメットFZヘルム・白,Omet FZ Mask・Red
0x470ae8@mhfdat-jp.bin,オメットFZマスク・白,Omet FZ Helm・White
0x470aec@mhfdat-jp.bin,オメットFZヘルム・青,Omet FZ Mask・White
0x470af0@mhfdat-jp.bin,オメットFZマスク・青,Omet FZ Helm・Blue
0x470af4@mhfdat-jp.bin,カウチュFZピアス・灰,Omet FZ Mask・Blue
0x470af8@mhfdat-jp.bin,カウチュFZハール・灰,Cultu FZ Piercings・Ash
0x470afc@mhfdat-jp.bin,カウチュFZピアス・青,Cultu FZ Haar・Ash
0x470b00@mhfdat-jp.bin,カウチュFZハール・青,Cultu FZ Piercings・Blue
0x470b04@mhfdat-jp.bin,カウチュFZピアス・橙,Cultu FZ Haar・Blue
0x470b08@mhfdat-jp.bin,カウチュFZハール・橙,Cultu FZ Piercings・Orange
0x470b0c@mhfdat-jp.bin,カウチュFZピアス・緑,Cultu FZ Haar・Orange
0x470b10@mhfdat-jp.bin,カウチュFZハール・緑,Cultu FZ Piercings・Green
0x470b14@mhfdat-jp.bin,カウチュHCピアス・灰,Cultu FZ Haar・Green
0x470b18@mhfdat-jp.bin,カウチュHCハール・灰,Cultu HC Piercings・Ash
0x470b1c@mhfdat-jp.bin,カウチュHCピアス・青,Cultu HC Haar・Ash
0x470b20@mhfdat-jp.bin,カウチュHCハール・青,Cultu HC Piercings・Blue
0x470b24@mhfdat-jp.bin,カウチュHCピアス・橙,Cultu HC Haar・Blue
0x470b28@mhfdat-jp.bin,カウチュHCハール・橙,Cultu HC Piercings・Orange
0x470b2c@mhfdat-jp.bin,カウチュHCピアス・緑,Cultu HC Haar・Orange
0x470b30@mhfdat-jp.bin,カウチュHCハール・緑,Cultu HC Piercings・Green
0x470b34@mhfdat-jp.bin,ガウスFZヘルム,Cultu HC Haar・Green
0x470b38@mhfdat-jp.bin,ウェーバFZヘルム,Gauss FZ Helm
0x470b3c@mhfdat-jp.bin,ギルバートFZヘルム,Weber FZ Helm
0x470b40@mhfdat-jp.bin,ガウスFZマスク,Gilbert FZ Helm
0x470b44@mhfdat-jp.bin,ウェーバFZマスク,Gauss FZ Mask
0x470b48@mhfdat-jp.bin,ギルバートFZマスク,Weber FZ Mask
0x470b4c@mhfdat-jp.bin,ガウスHCヘルム,Gilbert FZ Mask
0x470b50@mhfdat-jp.bin,ウェーバHCヘルム,Gauss HC Helm
0x470b54@mhfdat-jp.bin,ギルバートHCヘルム,Weber HC Helm
0x470b58@mhfdat-jp.bin,ガウスHCマスク,Gilbert HC Helm
0x470b5c@mhfdat-jp.bin,ウェーバHCマスク,Gauss HC Mask
0x470b60@mhfdat-jp.bin,ギルバートHCマスク,Weber HC Mask
0x470b64@mhfdat-jp.bin,シャランFZヘッド・青,Gilbert HC Mask
0x470b68@mhfdat-jp.bin,シャランHCヘッド・青,Shaln FZ Head・Blue
0x470b6c@mhfdat-jp.bin,シャランFZハット・青,Shaln HC Head・Blue
0x470b70@mhfdat-jp.bin,シャランHCハット・青,Shaln FZ Hat・Blue
0x470b74@mhfdat-jp.bin,シャランFZヘッド・緑,Shaln HC Hat・Blue
0x470b78@mhfdat-jp.bin,シャランHCヘッド・緑,Shaln FZ Head・Green
0x470b7c@mhfdat-jp.bin,シャランFZハット・緑,Shaln HC Head・Green
0x470b80@mhfdat-jp.bin,シャランHCハット・緑,Shaln FZ Hat・Green
0x470b84@mhfdat-jp.bin,シャランFZヘッド・紫,Shaln HC Hat・Green
0x470b88@mhfdat-jp.bin,シャランHCヘッド・紫,Shaln FZ Head・Purple
0x470b8c@mhfdat-jp.bin,シャランFZハット・紫,Shaln HC Head・Purple
0x470b90@mhfdat-jp.bin,シャランHCハット・紫,Shaln FZ Hat・Purple
0x470b94@mhfdat-jp.bin,シャランFZヘッド・白,Shaln HC Hat・Purple
0x470b98@mhfdat-jp.bin,シャランHCヘッド・白,Shaln FZ Head・White
0x470b9c@mhfdat-jp.bin,シャランFZハット・白,Shaln HC Head・White
0x470ba0@mhfdat-jp.bin,シャランHCハット・白,Shaln FZ Hat・White
0x470ba4@mhfdat-jp.bin,ダミー,Shaln HC Hat・White
0x470ba8@mhfdat-jp.bin,ダミー,ダミー
0x470bac@mhfdat-jp.bin,ダミー,ダミー
0x470bb0@mhfdat-jp.bin,ダミー,ダミー
0x470bb4@mhfdat-jp.bin,ダミー,ダミー
0x470bb8@mhfdat-jp.bin,ダミー,ダミー
0x470bbc@mhfdat-jp.bin,ダミー,ダミー
0x470bc0@mhfdat-jp.bin,ダミー,ダミー
0x470bc4@mhfdat-jp.bin,ダミー,ダミー
0x470bc8@mhfdat-jp.bin,ダミー,ダミー
0x470bcc@mhfdat-jp.bin,ダミー,ダミー
0x470bd0@mhfdat-jp.bin,ダミー,ダミー
0x470bd4@mhfdat-jp.bin,ダミー,ダミー
0x470bd8@mhfdat-jp.bin,ダミー,ダミー
0x470bdc@mhfdat-jp.bin,ダミー,ダミー
0x470be0@mhfdat-jp.bin,ダミー,ダミー
0x470be4@mhfdat-jp.bin,ダミー,ダミー
0x470be8@mhfdat-jp.bin,ダミー,ダミー
0x470bec@mhfdat-jp.bin,ダミー,ダミー
0x470bf0@mhfdat-jp.bin,ダミー,ダミー
0x470bf4@mhfdat-jp.bin,ダミー,ダミー
0x470bf8@mhfdat-jp.bin,ダミー,ダミー
0x470bfc@mhfdat-jp.bin,クアルヘルム,ダミー
0x470c00@mhfdat-jp.bin,クアルＦヘルム,Kuaru Helm
0x470c04@mhfdat-jp.bin,クアルFXヘルム,Kuaru F Helm
0x470c08@mhfdat-jp.bin,クアルキャップ,Kuaru FX Helm
0x470c0c@mhfdat-jp.bin,クアルＦキャップ,Kuaru Cap
0x470c10@mhfdat-jp.bin,クアルFXキャップ,Kuaru F Cap
0x470c14@mhfdat-jp.bin,ウィンドアンク,Kuaru FX Cap
0x470c18@mhfdat-jp.bin,ウィンドスーラ,Wind Glare
0x470c1c@mhfdat-jp.bin,ルコヘッドSP白,Wind Snarl
0x470c20@mhfdat-jp.bin,ルコヘッドSP青,Rukodiora Head SP White
0x470c24@mhfdat-jp.bin,ルコヘッドSP赤,Rukodiora Head SP Blue
0x470c28@mhfdat-jp.bin,ルコフェイスSP白,Rukodiora Head SP Red
0x470c2c@mhfdat-jp.bin,ルコフェイスSP青,Rukodiora Face SP White
0x470c30@mhfdat-jp.bin,ルコフェイスSP赤,Rukodiora Face SP Blue
0x470c34@mhfdat-jp.bin,コムラダヘルムSP白赤,Rukodiora Face SP Red
0x470c38@mhfdat-jp.bin,コムラダヘルムSP白青,Comrade Helm SP White Red
0x470c3c@mhfdat-jp.bin,コムラダヘルムSP白黄,Comrade Helm SP White Blue
0x470c40@mhfdat-jp.bin,ルベライトヘルム,Comrade Helm SP White Yellow
0x470c44@mhfdat-jp.bin,ルベライトＦヘルム,Rubellite Helm
0x470c48@mhfdat-jp.bin,ルベライトFXヘルム,Rubellite F Helm
0x470c4c@mhfdat-jp.bin,ラズライトヘルム,Rubellite FX Helm
0x470c50@mhfdat-jp.bin,ラズライトＦヘルム,ラズライト Helm
0x470c54@mhfdat-jp.bin,ラズライトFXヘルム,ラズライトF Helm
0x470c58@mhfdat-jp.bin,ジルコンヘルム,ラズライトFX Helm
0x470c5c@mhfdat-jp.bin,ジルコンＦヘルム,Zircon Helm
0x470c60@mhfdat-jp.bin,ジルコンFXヘルム,Zircon F Helm
0x470c64@mhfdat-jp.bin,スピネルヘルム,Zircon FX Helm
0x470c68@mhfdat-jp.bin,スピネルＦヘルム,Spinel Helm
0x470c6c@mhfdat-jp.bin,スピネルFXヘルム,Spinel F Helm
0x470c70@mhfdat-jp.bin,パイローブヘルム,Spinel FX Helm
0x470c74@mhfdat-jp.bin,パイローブＦヘルム,Pyrope Helm
0x470c78@mhfdat-jp.bin,パイローブFXヘルム,Pyrope F Helm
0x470c7c@mhfdat-jp.bin,アイオラヘルム,Pyrope FX Helm
0x470c80@mhfdat-jp.bin,アイオラＦヘルム,アイオラ Helm
0x470c84@mhfdat-jp.bin,アイオラFXヘルム,アイオラF Helm
0x470c88@mhfdat-jp.bin,ジェイドヘルム,アイオラFX Helm
0x470c8c@mhfdat-jp.bin,ジェイドＦヘルム,Jade Helm
0x470c90@mhfdat-jp.bin,ジェイドFXヘルム,Jade F Helm
0x470c94@mhfdat-jp.bin,アゲートヘルム,Jade FX Helm
0x470c98@mhfdat-jp.bin,アゲートＦヘルム,Agate Helm
0x470c9c@mhfdat-jp.bin,アゲートFXヘルム,Agate F Helm
0x470ca0@mhfdat-jp.bin,シトリンキャップ,Agate FX Helm
0x470ca4@mhfdat-jp.bin,シトリンＦキャップ,Citrine Cap
0x470ca8@mhfdat-jp.bin,シトリンFXキャップ,Citrine F Cap
0x470cac@mhfdat-jp.bin,ペリドットキャップ,Citrine FX Cap
0x470cb0@mhfdat-jp.bin,ペリドットＦキャップ,Peridot Cap
0x470cb4@mhfdat-jp.bin,ペリドットFXキャップ,Peridot F Cap
0x470cb8@mhfdat-jp.bin,ターコイズキャップ,Peridot FX Cap
0x470cbc@mhfdat-jp.bin,ターコイズＦキャップ,Turquoise Cap
0x470cc0@mhfdat-jp.bin,ターコイズFXキャップ,Turquoise F Cap
0x470cc4@mhfdat-jp.bin,納言ノ鉢金,Turquoise FX Cap
0x470cc8@mhfdat-jp.bin,納言ノ鉢金・魁,Valued Word Headguard
0x470ccc@mhfdat-jp.bin,納言ノ鉢金・粋,Valued Word Headguard・魁
0x470cd0@mhfdat-jp.bin,納言ノ鉢金・華,Valued Word Headguard・Smart
0x470cd4@mhfdat-jp.bin,式部ノ鉢金,Valued Word Headguard・Flower
0x470cd8@mhfdat-jp.bin,式部ノ鉢金・魁,式部ノ Headguard
0x470cdc@mhfdat-jp.bin,式部ノ鉢金・粋,式部ノ Headguard・魁
0x470ce0@mhfdat-jp.bin,式部ノ鉢金・華,式部ノ Headguard・Smart
0x470ce4@mhfdat-jp.bin,アルルヘッド,式部ノ Headguard・Flower
0x470ce8@mhfdat-jp.bin,アルルＦヘッド,Aruru Head
0x470cec@mhfdat-jp.bin,アルルFYヘッド,Aruru F Head
0x470cf0@mhfdat-jp.bin,アルルHCヘッド,Aruru FY Head
0x470cf4@mhfdat-jp.bin,アルルキャップ,Aruru HC Head
0x470cf8@mhfdat-jp.bin,アルルＦキャップ,Aruru Cap
0x470cfc@mhfdat-jp.bin,アルルFYキャップ,Aruru F Cap
0x470d00@mhfdat-jp.bin,アルルHCキャップ,Aruru FY Cap
0x470d04@mhfdat-jp.bin,オーロワヘルム,Aruru HC Cap
0x470d08@mhfdat-jp.bin,オーロワＦヘルム,Oorowa Helm
0x470d0c@mhfdat-jp.bin,オーロワFYヘルム,Oorowa F Helm
0x470d10@mhfdat-jp.bin,オーロワHCヘルム,Oorowa FY Helm
0x470d14@mhfdat-jp.bin,オーロワキャップ,Oorowa HC Helm
0x470d18@mhfdat-jp.bin,オーロワＦキャップ,Oorowa Cap
0x470d1c@mhfdat-jp.bin,オーロワFYキャップ,Oorowa F Cap
0x470d20@mhfdat-jp.bin,オーロワHCキャップ,Oorowa FY Cap
0x470d24@mhfdat-jp.bin,オネロＦヘルム,Oorowa HC Cap
0x470d28@mhfdat-jp.bin,オネロＦキャップ,Onero F Helm
0x470d2c@mhfdat-jp.bin,ディールFYヘッド,Onero F Cap
0x470d30@mhfdat-jp.bin,ディールFYウィッグ,Diru FY Head
0x470d34@mhfdat-jp.bin,ストレガHCヘルム,Diru FY Wig
0x470d38@mhfdat-jp.bin,ストレガHCキャップ,Strega HC Helm
0x470d3c@mhfdat-jp.bin,ザーカーHCヘッド,Strega HC Cap
0x470d40@mhfdat-jp.bin,チェイサーHCキャップ,Zaakaa HC Head
0x470d44@mhfdat-jp.bin,鬼神ノ角・極,Chaser HC Cap
0x470d48@mhfdat-jp.bin,鬼神ノ角・天,Demon Lord ノ角・Extreme
0x470d4c@mhfdat-jp.bin,童子ノ角・極,Demon Lord ノ角・Heaven
0x470d50@mhfdat-jp.bin,童子ノ角・天,童子ノ角・Extreme
0x470d54@mhfdat-jp.bin,アナキＦヘッド,童子ノ角・Heaven
0x470d58@mhfdat-jp.bin,アナキFYヘッド,アナキF Head
0x470d5c@mhfdat-jp.bin,アナキHCヘッド,アナキFY Head
0x470d60@mhfdat-jp.bin,アナキＦバンド,アナキHC Head
0x470d64@mhfdat-jp.bin,アナキFYバンド,アナキF Band
0x470d68@mhfdat-jp.bin,アナキHCバンド,アナキFY Band
0x470d6c@mhfdat-jp.bin,ロイヤルFYヘッド,アナキHC Band
0x470d70@mhfdat-jp.bin,ロイヤルHCヘッド,Royal FY Head
0x470d74@mhfdat-jp.bin,ロードFYキャップ,Royal HC Head
0x470d78@mhfdat-jp.bin,ロードHCキャップ,Lord FY Cap
0x470d7c@mhfdat-jp.bin,フレイヘッド,Lord HC Cap
0x470d80@mhfdat-jp.bin,クロノスヘッド,フレイ Head
0x470d84@mhfdat-jp.bin,フレイピアス,クロノス Head
0x470d88@mhfdat-jp.bin,クロノスピアス,フレイ Piercings
0x470d8c@mhfdat-jp.bin,ヒメロスHCヘルム,クロノス Piercings
0x470d90@mhfdat-jp.bin,ブレシスHCヘルム,Himeros HC Helm
0x470d94@mhfdat-jp.bin,カリエンHCキャップ,Bureshisu HC Helm
0x470d98@mhfdat-jp.bin,ブランFYピアス,Charien HC Cap
0x470d9c@mhfdat-jp.bin,ブランHCピアス,Buran FY Piercings
0x470da0@mhfdat-jp.bin,ゲリョスLXヘルム,Buran HC Piercings
0x470da4@mhfdat-jp.bin,ギザミLXヘルム,Gypceros LX Helm
0x470da8@mhfdat-jp.bin,レックスLXヘルム,Ceanataur LX Helm
0x470dac@mhfdat-jp.bin,モノブロスLXキャップ,Tigrex LX Helm
0x470db0@mhfdat-jp.bin,ゲリョスRXヘルム,Monoblos LX Cap
0x470db4@mhfdat-jp.bin,ギザミRXヘルム,Gypceros RX Helm
0x470db8@mhfdat-jp.bin,エスピナRXゲヒル,Ceanataur RX Helm
0x470dbc@mhfdat-jp.bin,モノデビルRXキャップ,Espinas RX Brain
0x470dc0@mhfdat-jp.bin,カエシスヘルム水,Monodevil RX Cap
0x470dc4@mhfdat-jp.bin,カエシスＦヘルム水,Cayssis Helm Water
0x470dc8@mhfdat-jp.bin,カエシスFZヘルム水,Cayssis F Helm Water
0x470dcc@mhfdat-jp.bin,カエシスマスク水,Cayssis FZ Helm Water
0x470dd0@mhfdat-jp.bin,カエシスＦマスク水,Cayssis Mask Water
0x470dd4@mhfdat-jp.bin,カエシスFZマスク水,Cayssis F Mask Water
0x470dd8@mhfdat-jp.bin,カエシスヘルム赤,Cayssis FZ Mask Water
0x470ddc@mhfdat-jp.bin,カエシスＦヘルム赤,Cayssis Helm Red
0x470de0@mhfdat-jp.bin,カエシスFZヘルム赤,Cayssis F Helm Red
0x470de4@mhfdat-jp.bin,カエシスマスク赤,Cayssis FZ Helm Red
0x470de8@mhfdat-jp.bin,カエシスＦマスク赤,Cayssis Mask Red
0x470dec@mhfdat-jp.bin,カエシスFZマスク赤,Cayssis F Mask Red
0x470df0@mhfdat-jp.bin,カエシスヘルム青,Cayssis FZ Mask Red
0x470df4@mhfdat-jp.bin,カエシスＦヘルム青,Cayssis Helm Blue
0x470df8@mhfdat-jp.bin,カエシスFZヘルム青,Cayssis F Helm Blue
0x470dfc@mhfdat-jp.bin,カエシスマスク青,Cayssis FZ Helm Blue
0x470e00@mhfdat-jp.bin,カエシスＦマスク青,Cayssis Mask Blue
0x470e04@mhfdat-jp.bin,カエシスFZマスク青,Cayssis F Mask Blue
0x470e08@mhfdat-jp.bin,カエシスヘルム橙,Cayssis FZ Mask Blue
0x470e0c@mhfdat-jp.bin,カエシスＦヘルム橙,Cayssis Helm Orange
0x470e10@mhfdat-jp.bin,カエシスFZヘルム橙,Cayssis F Helm Orange
0x470e14@mhfdat-jp.bin,カエシスマスク橙,Cayssis FZ Helm Orange
0x470e18@mhfdat-jp.bin,カエシスＦマスク橙,Cayssis Mask Orange
0x470e1c@mhfdat-jp.bin,カエシスFZマスク橙,Cayssis F Mask Orange
0x470e20@mhfdat-jp.bin,嵐転の鉢金,Cayssis FZ Mask Orange
0x470e24@mhfdat-jp.bin,嵐転の鉢金・魁,Rolling Sky の Headguard
0x470e28@mhfdat-jp.bin,地転の鉢金,Rolling Sky の Headguard・魁
0x470e2c@mhfdat-jp.bin,地転の鉢金・魁,Rolling Earth の Headguard
0x470e30@mhfdat-jp.bin,キュビィヘルム,Rolling Earth の Headguard・魁
0x470e34@mhfdat-jp.bin,キュビィＦヘルム,Cubie Helm
0x470e38@mhfdat-jp.bin,キュビィFZヘルム,Cubie F Helm
0x470e3c@mhfdat-jp.bin,キュビィマスク,Cubie FZ Helm
0x470e40@mhfdat-jp.bin,キュビィＦマスク,Cubie Mask
0x470e44@mhfdat-jp.bin,キュビィFZマスク,Cubie F Mask
0x470e48@mhfdat-jp.bin,フラートヘッド,Cubie FZ Mask
0x470e4c@mhfdat-jp.bin,フラートＦヘッド,フラート Head
0x470e50@mhfdat-jp.bin,ナーレーヘッド,フラートF Head
0x470e54@mhfdat-jp.bin,ナーレーＦヘッド,ナーレー Head
0x470e58@mhfdat-jp.bin,ヘイツヘッド,ナーレーF Head
0x470e5c@mhfdat-jp.bin,ヘイツＦヘッド,ヘイツ Head
0x470e60@mhfdat-jp.bin,レーングハール,ヘイツF Head
0x470e64@mhfdat-jp.bin,レーングＦハール,レーング Haar
0x470e68@mhfdat-jp.bin,シャッドヘッド,レーングF Haar
0x470e6c@mhfdat-jp.bin,シャッドＦヘッド,シャッド Head
0x470e70@mhfdat-jp.bin,フュージヘッド,シャッドF Head
0x470e74@mhfdat-jp.bin,フュージＦヘッド,フュージ Head
0x470e78@mhfdat-jp.bin,タニイヘッド,フュージF Head
0x470e7c@mhfdat-jp.bin,タニイＦヘッド,タニイ Head
0x470e80@mhfdat-jp.bin,ミナムハール,タニイF Head
0x470e84@mhfdat-jp.bin,ミナムＦハール,ミナム Haar
0x470e88@mhfdat-jp.bin,シエナヘルム・銀,ミナムF Haar
0x470e8c@mhfdat-jp.bin,シエナＦヘルム・銀,Siena Helm・Silver
0x470e90@mhfdat-jp.bin,シエナFZヘルム・銀,Siena F Helm・Silver
0x470e94@mhfdat-jp.bin,シエナHCヘルム・銀,Siena FZ Helm・Silver
0x470e98@mhfdat-jp.bin,シエナキャップ・銀,Siena HC Helm・Silver
0x470e9c@mhfdat-jp.bin,シエナＦキャップ・銀,Siena Cap・Silver
0x470ea0@mhfdat-jp.bin,シエナFZキャップ・銀,Siena F Cap・Silver
0x470ea4@mhfdat-jp.bin,シエナHCキャップ・銀,Siena FZ Cap・Silver
0x470ea8@mhfdat-jp.bin,シエナヘルム・黒,Siena HC Cap・Silver
0x470eac@mhfdat-jp.bin,シエナＦヘルム・黒,Siena Helm・Black
0x470eb0@mhfdat-jp.bin,シエナFZヘルム・黒,Siena F Helm・Black
0x470eb4@mhfdat-jp.bin,シエナHCヘルム・黒,Siena FZ Helm・Black
0x470eb8@mhfdat-jp.bin,シエナキャップ・黒,Siena HC Helm・Black
0x470ebc@mhfdat-jp.bin,シエナＦキャップ・黒,Siena Cap・Black
0x470ec0@mhfdat-jp.bin,シエナFZキャップ・黒,Siena F Cap・Black
0x470ec4@mhfdat-jp.bin,シエナHCキャップ・黒,Siena FZ Cap・Black
0x470ec8@mhfdat-jp.bin,シエナヘルム・赤,Siena HC Cap・Black
0x470ecc@mhfdat-jp.bin,シエナＦヘルム・赤,Siena Helm・Red
0x470ed0@mhfdat-jp.bin,シエナFZヘルム・赤,Siena F Helm・Red
0x470ed4@mhfdat-jp.bin,シエナHCヘルム・赤,Siena FZ Helm・Red
0x470ed8@mhfdat-jp.bin,シエナキャップ・赤,Siena HC Helm・Red
0x470edc@mhfdat-jp.bin,シエナＦキャップ・赤,Siena Cap・Red
0x470ee0@mhfdat-jp.bin,シエナFZキャップ・赤,Siena F Cap・Red
0x470ee4@mhfdat-jp.bin,シエナHCキャップ・赤,Siena FZ Cap・Red
0x470ee8@mhfdat-jp.bin,シエナヘルム・青,Siena HC Cap・Red
0x470eec@mhfdat-jp.bin,シエナＦヘルム・青,Siena Helm・Blue
0x470ef0@mhfdat-jp.bin,シエナFZヘルム・青,Siena F Helm・Blue
0x470ef4@mhfdat-jp.bin,シエナHCヘルム・青,Siena FZ Helm・Blue
0x470ef8@mhfdat-jp.bin,シエナキャップ・青,Siena HC Helm・Blue
0x470efc@mhfdat-jp.bin,シエナＦキャップ・青,Siena Cap・Blue
0x470f00@mhfdat-jp.bin,シエナFZキャップ・青,Siena F Cap・Blue
0x470f04@mhfdat-jp.bin,シエナHCキャップ・青,Siena FZ Cap・Blue
0x470f08@mhfdat-jp.bin,ガウスヘルム,Siena HC Cap・Blue
0x470f0c@mhfdat-jp.bin,ガウスＦヘルム,Gauss Helm
0x470f10@mhfdat-jp.bin,ウェーバヘルム,Gauss F Helm
0x470f14@mhfdat-jp.bin,ウェーバＦヘルム,Weber Helm
0x470f18@mhfdat-jp.bin,ギルバートヘルム,Weber F Helm
0x470f1c@mhfdat-jp.bin,ギルバートＦヘルム,Gilbert Helm
0x470f20@mhfdat-jp.bin,ガウスマスク,Gilbert F Helm
0x470f24@mhfdat-jp.bin,ガウスＦマスク,Gauss Mask
0x470f28@mhfdat-jp.bin,ウェーバマスク,Gauss F Mask
0x470f2c@mhfdat-jp.bin,ウェーバＦマスク,Weber Mask
0x470f30@mhfdat-jp.bin,ギルバートマスク,Weber F Mask
0x470f34@mhfdat-jp.bin,ギルバートＦマスク,Gilbert Mask
0x470f38@mhfdat-jp.bin,レギュクスＦヘッド,Gilbert F Mask
0x470f3c@mhfdat-jp.bin,レギュクスＦマスク,Regyukusu F Head
0x470f40@mhfdat-jp.bin,ガルーダFZヘッド,Regyukusu F Mask
0x470f44@mhfdat-jp.bin,ガルーダFZピアス,Garuda FZ Head
0x470f48@mhfdat-jp.bin,フィアラルFZヘッド,Garuda FZ Piercings
0x470f4c@mhfdat-jp.bin,フィアラルFZピアス,Feral FZ Head
0x470f50@mhfdat-jp.bin,パンデウムFZヘッド,Feral FZ Piercings
0x470f54@mhfdat-jp.bin,パンデウムFZピアス,Pandeum FZ Head
0x470f58@mhfdat-jp.bin,ディアンFZヘッド,Pandeum FZ Piercings
0x470f5c@mhfdat-jp.bin,ディアンFZピアス,Dian FZ Head
0x470f60@mhfdat-jp.bin,ワイルドFZヘッド,Dian FZ Piercings
0x470f64@mhfdat-jp.bin,ワイルドFZピアス,Wild FZ Head
0x470f68@mhfdat-jp.bin,フラウアFZヘッド,Wild FZ Piercings
0x470f6c@mhfdat-jp.bin,フラウアFZピアス,Flower FZ Head
0x470f70@mhfdat-jp.bin,フィアスFZヘッド,Flower FZ Piercings
0x470f74@mhfdat-jp.bin,フィアスFZピアス,Fias FZ Head
0x470f78@mhfdat-jp.bin,ヴィルトFZヘッド,Fias FZ Piercings
0x470f7c@mhfdat-jp.bin,ヴィルトFZピアス,Viruto FZ Head
0x470f80@mhfdat-jp.bin,テューンFZヘッド,Viruto FZ Piercings
0x470f84@mhfdat-jp.bin,シュナイトFZピアス,Tune FZ Head
0x470f88@mhfdat-jp.bin,ディクトFZヘッド,Schnite FZ Piercings
0x470f8c@mhfdat-jp.bin,ディレットFZピアス,Dicto FZ Head
0x470f90@mhfdat-jp.bin,クリュスFZヘッド,Diletto FZ Piercings
0x470f94@mhfdat-jp.bin,クォートFZピアス,Kruss FZ Head
0x470f98@mhfdat-jp.bin,スタリナFZヘッド,Quote FZ Piercings
0x470f9c@mhfdat-jp.bin,スタリナFZピアス,Starina FZ Head
0x470fa0@mhfdat-jp.bin,ルースFZヘッド,Starina FZ Piercings
0x470fa4@mhfdat-jp.bin,ルースFZピアス,Loose FZ Head
0x470fa8@mhfdat-jp.bin,ミラドFZヘッド,Loose FZ Piercings
0x470fac@mhfdat-jp.bin,ミラドFZピアス,Mirado FZ Head
0x470fb0@mhfdat-jp.bin,デュールFZヘルム,Mirado FZ Piercings
0x470fb4@mhfdat-jp.bin,デュールFZキャップ,Deyuru FZ Helm
0x470fb8@mhfdat-jp.bin,ロバストFZアンク,Deyuru FZ Cap
0x470fbc@mhfdat-jp.bin,ロバストFZフェイス,Robust FZ Glare
0x470fc0@mhfdat-jp.bin,ファルコFZヘルム,Robust FZ Face
0x470fc4@mhfdat-jp.bin,ファルコFZキャップ,Falco FZ Helm
0x470fc8@mhfdat-jp.bin,ハウクスFZヘルム,Falco FZ Cap
0x470fcc@mhfdat-jp.bin,ハウクスFZキャップ,Howx FZ Helm
0x470fd0@mhfdat-jp.bin,ピラータFZヘッド,Howx FZ Cap
0x470fd4@mhfdat-jp.bin,ピラータFZキャップ,Pirata FZ Head
0x470fd8@mhfdat-jp.bin,ゼロイFZヘッド,Pirata FZ Cap
0x470fdc@mhfdat-jp.bin,ゼロイFZキャップ,Zeroi FZ Head
0x470fe0@mhfdat-jp.bin,レイルFZヘルム,Zeroi FZ Cap
0x470fe4@mhfdat-jp.bin,レイルFZキャップ,Rail FZ Helm
0x470fe8@mhfdat-jp.bin,リーデレFZヘルム,Rail FZ Cap
0x470fec@mhfdat-jp.bin,リーデレFZキャップ,Ridere FZ Helm
0x470ff0@mhfdat-jp.bin,リエットFZヘルム,Ridere FZ Cap
0x470ff4@mhfdat-jp.bin,リエットFZキャップ,Riot FZ Helm
0x470ff8@mhfdat-jp.bin,ルターレFZヘルム,Riot FZ Cap
0x470ffc@mhfdat-jp.bin,ルターレFZキャップ,Rutare FZ Helm
0x471000@mhfdat-jp.bin,流転の鉢金・雅,Rutare FZ Cap
0x471004@mhfdat-jp.bin,旋転の鉢金・雅,Rolling Flow の Headguard・Elegant
0x471008@mhfdat-jp.bin,嵐転の鉢金・雅,旋転の Headguard・Elegant
0x47100c@mhfdat-jp.bin,地転の鉢金・雅,Rolling Sky の Headguard・Elegant
0x471010@mhfdat-jp.bin,クアルバレッタ,Rolling Earth の Headguard・Elegant
0x471014@mhfdat-jp.bin,クアルバレッタＦ,Kuaru Beretta
0x471018@mhfdat-jp.bin,アビオコサージュ,Kuaru Beretta F
0x47101c@mhfdat-jp.bin,アビオコサージュＦ,Abiorugu Corsage
0x471020@mhfdat-jp.bin,ザムザコサージュ,Abiorugu Corsage F
0x471024@mhfdat-jp.bin,ザムザコサージュＦ,Zamuza Corsage
0x471028@mhfdat-jp.bin,レグラスカーフFZ,Zamuza Corsage F
0x47102c@mhfdat-jp.bin,フェロウスカーフFZ,レグラ Scarf FZ
0x471030@mhfdat-jp.bin,トリアピアス貤,Fellow Scarf FZ
0x471034@mhfdat-jp.bin,トリアＦピアス貤,ト Lea Piercings I
0x471038@mhfdat-jp.bin,トリアピアス賖,ト Lea F Piercings I
0x47103c@mhfdat-jp.bin,トリアＦピアス賖,ト Lea Piercings II
0x471040@mhfdat-jp.bin,トリアピアス賕,ト Lea F Piercings II
0x471044@mhfdat-jp.bin,トリアＦピアス賕,ト Lea Piercings III
0x471048@mhfdat-jp.bin,トリアピアス賙,ト Lea F Piercings III
0x47104c@mhfdat-jp.bin,トリアＦピアス賙,ト Lea Piercings IV
0x471050@mhfdat-jp.bin,トリアピアス𧶠,ト Lea F Piercings IV
0x471054@mhfdat-jp.bin,トリアＦピアス𧶠,ト Lea Piercings V
0x471058@mhfdat-jp.bin,トリアピアス賰,ト Lea F Piercings V
0x47105c@mhfdat-jp.bin,トリアＦピアス賰,ト Lea Piercings VI
0x471060@mhfdat-jp.bin,トリアピアス賱,ト Lea F Piercings VI
0x471064@mhfdat-jp.bin,トリアＦピアス賱,ト Lea Piercings VII
0x471068@mhfdat-jp.bin,トリアピアス𧸐,ト Lea F Piercings VII
0x47106c@mhfdat-jp.bin,トリアＦピアス𧸐,ト Lea Piercings VIII
0x471070@mhfdat-jp.bin,ブランFYヘッド,ト Lea F Piercings VIII
0x471074@mhfdat-jp.bin,ブランHCヘッド,Buran FY Head
0x471078@mhfdat-jp.bin,オディバヘルム,Buran HC Head
0x47107c@mhfdat-jp.bin,オディバＦヘルム,Odiva Helm
0x471080@mhfdat-jp.bin,オディバFXヘルム,Odiva F Helm
0x471084@mhfdat-jp.bin,オディバキャップ,Odiva FX Helm
0x471088@mhfdat-jp.bin,オディバＦキャップ,Odiva Cap
0x47108c@mhfdat-jp.bin,オディバFXキャップ,Odiva F Cap
0x471090@mhfdat-jp.bin,武者【兜】,Odiva FX Cap
0x471094@mhfdat-jp.bin,日光【兜】,武者 Kabuto
0x471098@mhfdat-jp.bin,ブリッツＦホーン,日光 Kabuto
0x47109c@mhfdat-jp.bin,ブリッツＦコルノ,Blitz F Horn
0x4710a0@mhfdat-jp.bin,フレイムＦクラウン,Blitz F Corno
0x4710a4@mhfdat-jp.bin,フレイムＦマスク,Flame F Crown
0x4710a8@mhfdat-jp.bin,ウィンドＦアンク,Flame F Mask
0x4710ac@mhfdat-jp.bin,ウィンドＦスーラ,Wind F Glare
0x4710b0@mhfdat-jp.bin,武者Ｆ【兜】,Wind F Snarl
0x4710b4@mhfdat-jp.bin,日光Ｆ【兜】,武者F Kabuto
0x4710b8@mhfdat-jp.bin,ワダツミＦ【烏帽子】,日光F Kabuto
0x4710bc@mhfdat-jp.bin,オカミＦ【烏帽子】,Wadatsumi F [Eboshi 】
0x4710c0@mhfdat-jp.bin,オディバレッタ,Okami F [Eboshi 】
0x4710c4@mhfdat-jp.bin,オディバレッタＦ,Odiva レッタ
0x4710c8@mhfdat-jp.bin,トリートヘッド,Odiva レッタF
0x4710cc@mhfdat-jp.bin,トリートＦヘッド,トリート Head
0x4710d0@mhfdat-jp.bin,トリートFYヘッド,トリートF Head
0x4710d4@mhfdat-jp.bin,トリートHCヘッド,トリートFY Head
0x4710d8@mhfdat-jp.bin,トリートピアス,トリートHC Head
0x4710dc@mhfdat-jp.bin,トリートＦピアス,トリート Piercings
0x4710e0@mhfdat-jp.bin,トリートFYピアス,トリートF Piercings
0x4710e4@mhfdat-jp.bin,トリートHCピアス,トリートFY Piercings
0x4710e8@mhfdat-jp.bin,タングスヘッド,トリートHC Piercings
0x4710ec@mhfdat-jp.bin,タングスＦヘッド,Tangusu Head
0x4710f0@mhfdat-jp.bin,タングスFYヘッド,Tangusu F Head
0x4710f4@mhfdat-jp.bin,タングスHCヘッド,Tangusu FY Head
0x4710f8@mhfdat-jp.bin,コバルタキャップ,Tangusu HC Head
0x4710fc@mhfdat-jp.bin,コバルタＦキャップ,Kobaruta Cap
0x471100@mhfdat-jp.bin,コバルタFYキャップ,Kobaruta F Cap
0x471104@mhfdat-jp.bin,コバルタHCキャップ,Kobaruta FY Cap
0x471108@mhfdat-jp.bin,ドグメアヘルム,Kobaruta HC Cap
0x47110c@mhfdat-jp.bin,ドグメアＦヘルム,Dogumea Helm
0x471110@mhfdat-jp.bin,ドグメアFYヘルム,Dogumea F Helm
0x471114@mhfdat-jp.bin,ドグメアHCヘルム,Dogumea FY Helm
0x471118@mhfdat-jp.bin,ドグメアキャップ,Dogumea HC Helm
0x47111c@mhfdat-jp.bin,ドグメアＦキャップ,Dogumea Cap
0x471120@mhfdat-jp.bin,ドグメアFYキャップ,Dogumea F Cap
0x471124@mhfdat-jp.bin,ドグメアHCキャップ,Dogumea FY Cap
0x471128@mhfdat-jp.bin,クアルコサージュ,Dogumea HC Cap
0x47112c@mhfdat-jp.bin,クアルコサージュＦ,Kuaru Corsage
0x471130@mhfdat-jp.bin,マダルヘルム,Kuaru Corsage F
0x471134@mhfdat-jp.bin,マダルＦヘルム,Madaru Helm
0x471138@mhfdat-jp.bin,マダルFYヘルム,Madaru F Helm
0x47113c@mhfdat-jp.bin,マダルHCヘルム,Madaru FY Helm
0x471140@mhfdat-jp.bin,マダルキャップ,Madaru HC Helm
0x471144@mhfdat-jp.bin,マダルＦキャップ,Madaru Cap
0x471148@mhfdat-jp.bin,マダルFYキャップ,Madaru F Cap
0x47114c@mhfdat-jp.bin,マダルHCキャップ,Madaru FY Cap
0x471150@mhfdat-jp.bin,ディールHCヘッド,Madaru HC Cap
0x471154@mhfdat-jp.bin,ディールHCウィッグ,Diru HC Head
0x471158@mhfdat-jp.bin,ヴィネンFYヘッド,Diru HC Wig
0x47115c@mhfdat-jp.bin,ヴィネンHCヘッド,Vinen FY Head
0x471160@mhfdat-jp.bin,ヴィネンFYバンド,Vinen HC Head
0x471164@mhfdat-jp.bin,ヴィネンHCバンド,Vinen FY Band
0x471168@mhfdat-jp.bin,ブレオFYヘッド,Vinen HC Band
0x47116c@mhfdat-jp.bin,ブレオFYピアス,Breo FY Head
0x471170@mhfdat-jp.bin,ブレオHCヘッド,Breo FY Piercings
0x471174@mhfdat-jp.bin,ブレオHCピアス,Breo HC Head
0x471178@mhfdat-jp.bin,カカブＦヘッド,Breo HC Piercings
0x47117c@mhfdat-jp.bin,カカブFYヘッド,Kakabu F Head
0x471180@mhfdat-jp.bin,カカブHCヘッド,Kakabu FY Head
0x471184@mhfdat-jp.bin,カカブＦキャップ,Kakabu HC Head
0x471188@mhfdat-jp.bin,カカブFYキャップ,Kakabu F Cap
0x47118c@mhfdat-jp.bin,カカブHCキャップ,Kakabu FY Cap
0x471190@mhfdat-jp.bin,ゴスペルFYヘルム,Kakabu HC Cap
0x471194@mhfdat-jp.bin,ゴスペルHCヘルム,Gospel FY Helm
0x471198@mhfdat-jp.bin,ゴスペルFYキャップ,Gospel HC Helm
0x47119c@mhfdat-jp.bin,ゴスペルHCキャップ,Gospel FY Cap
0x4711a0@mhfdat-jp.bin,ゾデックヘルム・青,Gospel HC Cap
0x4711a4@mhfdat-jp.bin,ゾデックＦヘルム・青,Zodic Helm・Blue
0x4711a8@mhfdat-jp.bin,ゾデックFZヘルム・青,Zodic F Helm・Blue
0x4711ac@mhfdat-jp.bin,ゾデックマスク・青,Zodic FZ Helm・Blue
0x4711b0@mhfdat-jp.bin,ゾデックＦマスク・青,Zodic Mask・Blue
0x4711b4@mhfdat-jp.bin,ゾデックFZマスク・青,Zodic F Mask・Blue
0x4711b8@mhfdat-jp.bin,ゾデックヘルム・茶,Zodic FZ Mask・Blue
0x4711bc@mhfdat-jp.bin,ゾデックＦヘルム・茶,Zodic Helm・Tea
0x4711c0@mhfdat-jp.bin,ゾデックFZヘルム・茶,Zodic F Helm・Tea
0x4711c4@mhfdat-jp.bin,ゾデックマスク・茶,Zodic FZ Helm・Tea
0x4711c8@mhfdat-jp.bin,ゾデックＦマスク・茶,Zodic Mask・Tea
0x4711cc@mhfdat-jp.bin,ゾデックFZマスク・茶,Zodic F Mask・Tea
0x4711d0@mhfdat-jp.bin,ゾデックヘルム・緑,Zodic FZ Mask・Tea
0x4711d4@mhfdat-jp.bin,ゾデックＦヘルム・緑,Zodic Helm・Green
0x4711d8@mhfdat-jp.bin,ゾデックFZヘルム・緑,Zodic F Helm・Green
0x4711dc@mhfdat-jp.bin,ゾデックマスク・緑,Zodic FZ Helm・Green
0x4711e0@mhfdat-jp.bin,ゾデックＦマスク・緑,Zodic Mask・Green
0x4711e4@mhfdat-jp.bin,ゾデックFZマスク・緑,Zodic F Mask・Green
0x4711e8@mhfdat-jp.bin,ゾデックヘルム・桜,Zodic FZ Mask・Green
0x4711ec@mhfdat-jp.bin,ゾデックＦヘルム・桜,Zodic Helm・Pink
0x4711f0@mhfdat-jp.bin,ゾデックFZヘルム・桜,Zodic F Helm・Pink
0x4711f4@mhfdat-jp.bin,ゾデックマスク・桜,Zodic FZ Helm・Pink
0x4711f8@mhfdat-jp.bin,ゾデックＦマスク・桜,Zodic Mask・Pink
0x4711fc@mhfdat-jp.bin,ゾデックFZマスク・桜,Zodic F Mask・Pink
0x471200@mhfdat-jp.bin,レイストヘッド・黒,Zodic FZ Mask・Pink
0x471204@mhfdat-jp.bin,レイストＦヘッド・黒,Rast Head・Black
0x471208@mhfdat-jp.bin,レイストFZヘッド・黒,Rast F Head・Black
0x47120c@mhfdat-jp.bin,レイストHCヘッド・黒,Rast FZ Head・Black
0x471210@mhfdat-jp.bin,レイストハール・黒,Rast HC Head・Black
0x471214@mhfdat-jp.bin,レイストＦハール・黒,Rast Haar・Black
0x471218@mhfdat-jp.bin,レイストFZハール・黒,Rast F Haar・Black
0x47121c@mhfdat-jp.bin,レイストHCハール・黒,Rast FZ Haar・Black
0x471220@mhfdat-jp.bin,レイストヘッド・青,Rast HC Haar・Black
0x471224@mhfdat-jp.bin,レイストＦヘッド・青,Rast Head・Blue
0x471228@mhfdat-jp.bin,レイストFZヘッド・青,Rast F Head・Blue
0x47122c@mhfdat-jp.bin,レイストHCヘッド・青,Rast FZ Head・Blue
0x471230@mhfdat-jp.bin,レイストハール・青,Rast HC Head・Blue
0x471234@mhfdat-jp.bin,レイストＦハール・青,Rast Haar・Blue
0x471238@mhfdat-jp.bin,レイストFZハール・青,Rast F Haar・Blue
0x47123c@mhfdat-jp.bin,レイストHCハール・青,Rast FZ Haar・Blue
0x471240@mhfdat-jp.bin,レイストヘッド・紅,Rast HC Haar・Blue
0x471244@mhfdat-jp.bin,レイストＦヘッド・紅,Rast Head・Crimson
0x471248@mhfdat-jp.bin,レイストFZヘッド・紅,Rast F Head・Crimson
0x47124c@mhfdat-jp.bin,レイストHCヘッド・紅,Rast FZ Head・Crimson
0x471250@mhfdat-jp.bin,レイストハール・紅,Rast HC Head・Crimson
0x471254@mhfdat-jp.bin,レイストＦハール・紅,Rast Haar・Crimson
0x471258@mhfdat-jp.bin,レイストFZハール・紅,Rast F Haar・Crimson
0x47125c@mhfdat-jp.bin,レイストHCハール・紅,Rast FZ Haar・Crimson
0x471260@mhfdat-jp.bin,レイストヘッド・白,Rast HC Haar・Crimson
0x471264@mhfdat-jp.bin,レイストＦヘッド・白,Rast Head・White
0x471268@mhfdat-jp.bin,レイストFZヘッド・白,Rast F Head・White
0x47126c@mhfdat-jp.bin,レイストHCヘッド・白,Rast FZ Head・White
0x471270@mhfdat-jp.bin,レイストハール・白,Rast HC Head・White
0x471274@mhfdat-jp.bin,レイストＦハール・白,Rast Haar・White
0x471278@mhfdat-jp.bin,レイストFZハール・白,Rast F Haar・White
0x47127c@mhfdat-jp.bin,レイストHCハール・白,Rast FZ Haar・White
0x471280@mhfdat-jp.bin,ラトリアヘッド,Rast HC Haar・White
0x471284@mhfdat-jp.bin,ラトリアＦヘッド,Latria Head
0x471288@mhfdat-jp.bin,ラトリアFZヘッド,Latria F Head
0x47128c@mhfdat-jp.bin,ラトリアハール,Latria FZ Head
0x471290@mhfdat-jp.bin,ラトリアＦハール,Latria Haar
0x471294@mhfdat-jp.bin,ラトリアFZハール,Latria F Haar
0x471298@mhfdat-jp.bin,ケモルヘルム,Latria FZ Haar
0x47129c@mhfdat-jp.bin,ケモルＦヘルム,Kemor Helm
0x4712a0@mhfdat-jp.bin,ケモルFZヘルム,Kemor F Helm
0x4712a4@mhfdat-jp.bin,ケモルマスク,Kemor FZ Helm
0x4712a8@mhfdat-jp.bin,ケモルＦマスク,Kemor Mask
0x4712ac@mhfdat-jp.bin,ケモルFZマスク,Kemor F Mask
0x4712b0@mhfdat-jp.bin,ダミー,Kemor FZ Mask
0x4712b4@mhfdat-jp.bin,ダミー,ダミー
0x4712b8@mhfdat-jp.bin,ダミー,ダミー
0x4712bc@mhfdat-jp.bin,ダミー,ダミー
0x4712c0@mhfdat-jp.bin,ダミー,ダミー
0x4712c4@mhfdat-jp.bin,ダミー,ダミー
0x4712c8@mhfdat-jp.bin,ダミー,ダミー
0x4712cc@mhfdat-jp.bin,ダミー,ダミー
0x4712d0@mhfdat-jp.bin,ダミー,ダミー
0x4712d4@mhfdat-jp.bin,ダミー,ダミー
0x4712d8@mhfdat-jp.bin,ダミー,ダミー
0x4712dc@mhfdat-jp.bin,ダミー,ダミー
0x4712e0@mhfdat-jp.bin,ダミー,ダミー
0x4712e4@mhfdat-jp.bin,ダミー,ダミー
0x4712e8@mhfdat-jp.bin,ダミー,ダミー
0x4712ec@mhfdat-jp.bin,ダミー,ダミー
0x4712f0@mhfdat-jp.bin,ダミー,ダミー
0x4712f4@mhfdat-jp.bin,ダミー,ダミー
0x4712f8@mhfdat-jp.bin,剣士ランク１,ダミー
0x4712fc@mhfdat-jp.bin,剣士ランク２,Blade 士ランク1
0x471300@mhfdat-jp.bin,剣士ランク３, Blade 士ランク2
0x471304@mhfdat-jp.bin,剣士ランク４, Blade 士ランク3
0x471308@mhfdat-jp.bin,剣士ランク５, Blade 士ランク4
0x47130c@mhfdat-jp.bin,剣士ランク６, Blade 士ランク5
0x471310@mhfdat-jp.bin,剣士ランク７, Blade 士ランク6
0x471314@mhfdat-jp.bin,ガンランク１, Blade 士ランク7
0x471318@mhfdat-jp.bin,ガンランク２,ガンランク1
0x47131c@mhfdat-jp.bin,ガンランク３,ガンランク2
0x471320@mhfdat-jp.bin,ガンランク４,ガンランク3
0x471324@mhfdat-jp.bin,ガンランク５,ガンランク4
0x471328@mhfdat-jp.bin,ガンランク６,ガンランク5
0x47132c@mhfdat-jp.bin,ガンランク７,ガンランク6
0x471330@mhfdat-jp.bin,デュスノＦヘルム,ガンランク7
0x471334@mhfdat-jp.bin,デュスノＦキャップ,デュスノF Helm
0x471338@mhfdat-jp.bin,ブリッツFXホーン,デュスノF Cap
0x47133c@mhfdat-jp.bin,ブリッツFXコルノ,Blitz FX Horn
0x471340@mhfdat-jp.bin,フレイムFXクラウン,Blitz FX Corno
0x471344@mhfdat-jp.bin,フレイムFXマスク,Flame FX Crown
0x471348@mhfdat-jp.bin,ウィンドFXアンク,Flame FX Mask
0x47134c@mhfdat-jp.bin,ウィンドFXスーラ,Wind FX Glare
0x471350@mhfdat-jp.bin,武者FX【兜】,Wind FX Snarl
0x471354@mhfdat-jp.bin,日光FX【兜】,武者FX Kabuto
0x471358@mhfdat-jp.bin,ワダツミFX【烏帽子】,日光FX Kabuto
0x47135c@mhfdat-jp.bin,オカミFX【烏帽子】,Wadatsumi FX [Eboshi 】
0x471360@mhfdat-jp.bin,ラヴィHCヘッド,Okami FX [Eboshi 】
0x471364@mhfdat-jp.bin,ラヴィHCキャップ,Raviente HC Head
0x471368@mhfdat-jp.bin,エスピナHCゲヒル,Raviente HC Cap
0x47136c@mhfdat-jp.bin,エスピナHCアゼレ,Espinas HC Brain
0x471370@mhfdat-jp.bin,アクラHCヘルム,Espinas HC Soul
0x471374@mhfdat-jp.bin,アクラHCキャップ,Akura HC Helm
0x471378@mhfdat-jp.bin,アクラHCヘルム黄,Akura HC Cap
0x47137c@mhfdat-jp.bin,アクラHCキャップ黄,Akura HC Helm Yellow
0x471380@mhfdat-jp.bin,アクラHCヘルム蒼,Akura HC Cap Yellow
0x471384@mhfdat-jp.bin,アクラHCキャップ蒼,Akura HC Helm Green
0x471388@mhfdat-jp.bin,アクラHCヘルム紅,Akura HC Cap Green
0x47138c@mhfdat-jp.bin,アクラHCキャップ紅,Akura HC Helm Crimson
0x471390@mhfdat-jp.bin,稲荷・HC【兜】,Akura HC Cap Crimson
0x471394@mhfdat-jp.bin,玉藻・HC【御面】,Inari HC Kabuto
0x471398@mhfdat-jp.bin,ベルHCヘルム,Tamamo HC【御 Mask 】
0x47139c@mhfdat-jp.bin,ベルHCキャップ,Beru HC Helm
0x4713a0@mhfdat-jp.bin,パリアHCヘルム,Beru HC Cap
0x4713a4@mhfdat-jp.bin,パリアHCキャップ,Pariapuria HC Helm
0x4713a8@mhfdat-jp.bin,グレンHCヘッド,Pariapuria HC Cap
0x4713ac@mhfdat-jp.bin,グレンHCキャップ,Guren HC Head
0x4713b0@mhfdat-jp.bin,神楽HC【兜】,Guren HC Cap
0x4713b4@mhfdat-jp.bin,神座HC【鉢金】,Kagura HC Kabuto
0x4713b8@mhfdat-jp.bin,ゴゴHCヘルム,Kamiza HC Hachigane
0x4713bc@mhfdat-jp.bin,ゴゴHCキャップ,Gogo HC Helm
0x4713c0@mhfdat-jp.bin,ルコHCヘッド,Gogo HC Cap
0x4713c4@mhfdat-jp.bin,ルコHCフェイス,Rukodiora HC Head
0x4713c8@mhfdat-jp.bin,ザムザHCヘルム,Rukodiora HC Face
0x4713cc@mhfdat-jp.bin,ザムザHCキャップ,Zamuza HC Helm
0x4713d0@mhfdat-jp.bin,アビオHCヘルム,Zamuza HC Cap
0x4713d4@mhfdat-jp.bin,アビオHCキャップ,Abiorugu HC Helm
0x4713d8@mhfdat-jp.bin,クアルHCヘルム,Abiorugu HC Cap
0x4713dc@mhfdat-jp.bin,クアルHCキャップ,Kuaru HC Helm
0x4713e0@mhfdat-jp.bin,テクストHCヘッド・紫,Kuaru HC Cap
0x4713e4@mhfdat-jp.bin,テクストHCマスク・紫,Text HC Head・Purple
0x4713e8@mhfdat-jp.bin,テクストHCヘッド・緑,Text HC Mask・Purple
0x4713ec@mhfdat-jp.bin,テクストHCマスク・緑,Text HC Head・Green
0x4713f0@mhfdat-jp.bin,テクストHCヘッド・青,Text HC Mask・Green
0x4713f4@mhfdat-jp.bin,テクストHCマスク・青,Text HC Head・Blue
0x4713f8@mhfdat-jp.bin,テクストHCヘッド・黒,Text HC Mask・Blue
0x4713fc@mhfdat-jp.bin,テクストHCマスク・黒,Text HC Head・Black
0x471400@mhfdat-jp.bin,スリートHCヘッド・黄,Text HC Mask・Black
0x471404@mhfdat-jp.bin,スリートHCハール・黄,Suriito HC Head・Yellow
0x471408@mhfdat-jp.bin,スリートHCヘッド・銀,Suriito HC Haar・Yellow
0x47140c@mhfdat-jp.bin,スリートHCハール・銀,Suriito HC Head・Silver
0x471410@mhfdat-jp.bin,スリートHCヘッド・赤,Suriito HC Haar・Silver
0x471414@mhfdat-jp.bin,スリートHCハール・赤,Suriito HC Head・Red
0x471418@mhfdat-jp.bin,スリートHCヘッド・青,Suriito HC Haar・Red
0x47141c@mhfdat-jp.bin,スリートHCハール・青,Suriito HC Head・Blue
0x471420@mhfdat-jp.bin,ステノHCヘルム・橙,Suriito HC Haar・Blue
0x471424@mhfdat-jp.bin,ステノHCキャップ・橙,Steno HC Helm・Orange
0x471428@mhfdat-jp.bin,ステノHCヘルム・桃,Steno HC Cap・Orange
0x47142c@mhfdat-jp.bin,ステノHCキャップ・桃,Steno HC Helm・Peach
0x471430@mhfdat-jp.bin,ステノHCヘルム・青,Steno HC Cap・Peach
0x471434@mhfdat-jp.bin,ステノHCキャップ・青,Steno HC Helm・Blue
0x471438@mhfdat-jp.bin,ステノHCヘルム・赤,Steno HC Cap・Blue
0x47143c@mhfdat-jp.bin,ステノHCキャップ・赤,Steno HC Helm・Red
0x471440@mhfdat-jp.bin,レイジFZヘルム,Steno HC Cap・Red
0x471444@mhfdat-jp.bin,レイジHCヘルム,Rage FZ Helm
0x471448@mhfdat-jp.bin,レイジFZマスク,Rage HC Helm
0x47144c@mhfdat-jp.bin,レイジHCマスク,Rage FZ Mask
0x471450@mhfdat-jp.bin,ランページFZヘルム,Rage HC Mask
0x471454@mhfdat-jp.bin,ランページHCヘルム,Rampage FZ Helm
0x471458@mhfdat-jp.bin,ランページFZマスク,Rampage HC Helm
0x47145c@mhfdat-jp.bin,ランページHCマスク,Rampage FZ Mask
0x471460@mhfdat-jp.bin,ブレイズFZヘルム,Rampage HC Mask
0x471464@mhfdat-jp.bin,ブレイズHCヘルム,Blaze FZ Helm
0x471468@mhfdat-jp.bin,ブレイズFZマスク,Blaze HC Helm
0x47146c@mhfdat-jp.bin,ブレイズHCマスク,Blaze FZ Mask
0x471470@mhfdat-jp.bin,アージェHCヘッド,Blaze HC Mask
0x471474@mhfdat-jp.bin,アージェHCハール,Arge HC Head
0x471478@mhfdat-jp.bin,カマレラHCヘッド,Arge HC Haar
0x47147c@mhfdat-jp.bin,カマレラHCハール,Camarera HC Head
0x471480@mhfdat-jp.bin,メテネラHCヘッド,Camarera HC Haar
0x471484@mhfdat-jp.bin,メテネラHCハール,Metenera HC Head
0x471488@mhfdat-jp.bin,ファランFZヘルム・白,Metenera HC Haar
0x47148c@mhfdat-jp.bin,ファランHCヘルム・白,Pharan FZ Helm・White
0x471490@mhfdat-jp.bin,ファランFZマスク・白,Pharan HC Helm・White
0x471494@mhfdat-jp.bin,ファランHCマスク・白,Pharan FZ Mask・White
0x471498@mhfdat-jp.bin,ファランFZヘルム・黒,Pharan HC Mask・White
0x47149c@mhfdat-jp.bin,ファランHCヘルム・黒,Pharan FZ Helm・Black
0x4714a0@mhfdat-jp.bin,ファランFZマスク・黒,Pharan HC Helm・Black
0x4714a4@mhfdat-jp.bin,ファランHCマスク・黒,Pharan FZ Mask・Black
0x4714a8@mhfdat-jp.bin,ファランFZヘルム・赤,Pharan HC Mask・Black
0x4714ac@mhfdat-jp.bin,ファランHCヘルム・赤,Pharan FZ Helm・Red
0x4714b0@mhfdat-jp.bin,ファランFZマスク・赤,Pharan HC Helm・Red
0x4714b4@mhfdat-jp.bin,ファランHCマスク・赤,Pharan FZ Mask・Red
0x4714b8@mhfdat-jp.bin,ファランFZヘルム・青,Pharan HC Mask・Red
0x4714bc@mhfdat-jp.bin,ファランHCヘルム・青,Pharan FZ Helm・Blue
0x4714c0@mhfdat-jp.bin,ファランFZマスク・青,Pharan HC Helm・Blue
0x4714c4@mhfdat-jp.bin,ファランHCマスク・青,Pharan FZ Mask・Blue
0x4714c8@mhfdat-jp.bin,エスピFZマスク・緑,Pharan HC Mask・Blue
0x4714cc@mhfdat-jp.bin,エスピHCマスク・緑,Espi FZ Mask・Green
0x4714d0@mhfdat-jp.bin,エスピFZマスク・茶,Espi HC Mask・Green
0x4714d4@mhfdat-jp.bin,エスピHCマスク・茶,Espi FZ Mask・Tea
0x4714d8@mhfdat-jp.bin,エスピFZマスク・白,Espi HC Mask・Tea
0x4714dc@mhfdat-jp.bin,エスピHCマスク・白,Espi FZ Mask・White
0x4714e0@mhfdat-jp.bin,ゾデックHCヘルム・青,Espi HC Mask・White
0x4714e4@mhfdat-jp.bin,ゾデックHCマスク・青,Zodic HC Helm・Blue
0x4714e8@mhfdat-jp.bin,ゾデックHCヘルム・茶,Zodic HC Mask・Blue
0x4714ec@mhfdat-jp.bin,ゾデックHCマスク・茶,Zodic HC Helm・Tea
0x4714f0@mhfdat-jp.bin,ゾデックHCヘルム・緑,Zodic HC Mask・Tea
0x4714f4@mhfdat-jp.bin,ゾデックHCマスク・緑,Zodic HC Helm・Green
0x4714f8@mhfdat-jp.bin,ゾデックHCヘルム・桜,Zodic HC Mask・Green
0x4714fc@mhfdat-jp.bin,ゾデックHCマスク・桜,Zodic HC Helm・Pink
0x471500@mhfdat-jp.bin,稲荷・HC【烏帽子】,Zodic HC Mask・Pink
0x471504@mhfdat-jp.bin,玉藻・HC【覆面】,Inari HC [Eboshi 】
0x471508@mhfdat-jp.bin,ラヴィHSヘッド,Tamamo HC【覆 Mask 】
0x47150c@mhfdat-jp.bin,ラヴィHSキャップ,Raviente HS Head
0x471510@mhfdat-jp.bin,エスピナHSゲヒル,Raviente HS Cap
0x471514@mhfdat-jp.bin,エスピナHSアゼレ,Espinas HS Brain
0x471518@mhfdat-jp.bin,アクラHSヘルム,Espinas HS Soul
0x47151c@mhfdat-jp.bin,アクラHSキャップ,Akura HS Helm
0x471520@mhfdat-jp.bin,アクラHSヘルム黄,Akura HS Cap
0x471524@mhfdat-jp.bin,アクラHSキャップ黄,Akura HS Helm Yellow
0x471528@mhfdat-jp.bin,アクラHSヘルム蒼,Akura HS Cap Yellow
0x47152c@mhfdat-jp.bin,アクラHSキャップ蒼,Akura HS Helm Green
0x471530@mhfdat-jp.bin,アクラHSヘルム紅,Akura HS Cap Green
0x471534@mhfdat-jp.bin,アクラHSキャップ紅,Akura HS Helm Crimson
0x471538@mhfdat-jp.bin,稲荷・HS【兜】,Akura HS Cap Crimson
0x47153c@mhfdat-jp.bin,稲荷・HS【烏帽子】,Inari HS Kabuto
0x471540@mhfdat-jp.bin,玉藻・HS【御面】,Inari HS [Eboshi 】
0x471544@mhfdat-jp.bin,玉藻・HS【覆面】,Tamamo HS【御 Mask 】
0x471548@mhfdat-jp.bin,ベルHSヘルム,Tamamo HS【覆 Mask 】
0x47154c@mhfdat-jp.bin,ベルHSキャップ,Beru HS Helm
0x471550@mhfdat-jp.bin,パリアHSヘルム,Beru HS Cap
0x471554@mhfdat-jp.bin,パリアHSキャップ,Pariapuria HS Helm
0x471558@mhfdat-jp.bin,グレンHSヘッド,Pariapuria HS Cap
0x47155c@mhfdat-jp.bin,グレンHSキャップ,Guren HS Head
0x471560@mhfdat-jp.bin,神楽HS【兜】,Guren HS Cap
0x471564@mhfdat-jp.bin,神座HS【鉢金】,Kagura HS Kabuto
0x471568@mhfdat-jp.bin,ゴゴHSヘルム,Kamiza HS Hachigane
0x47156c@mhfdat-jp.bin,ゴゴHSキャップ,Gogo HS Helm
0x471570@mhfdat-jp.bin,ルコHSヘッド,Gogo HS Cap
0x471574@mhfdat-jp.bin,ルコHSフェイス,Rukodiora HS Head
0x471578@mhfdat-jp.bin,ザムザHSヘルム,Rukodiora HS Face
0x47157c@mhfdat-jp.bin,ザムザHSキャップ,Zamuza HS Helm
0x471580@mhfdat-jp.bin,アビオHSヘルム,Zamuza HS Cap
0x471584@mhfdat-jp.bin,アビオHSキャップ,Abiorugu HS Helm
0x471588@mhfdat-jp.bin,クアルHSヘルム,Abiorugu HS Cap
0x47158c@mhfdat-jp.bin,クアルHSキャップ,Kuaru HS Helm
0x471590@mhfdat-jp.bin,リルスＦヘッド,Kuaru HS Cap
0x471594@mhfdat-jp.bin,リルスＦキャップ,Lils F Head
0x471598@mhfdat-jp.bin,リルスFXヘッド,Lils F Cap
0x47159c@mhfdat-jp.bin,リルスFXキャップ,Lils FX Head
0x4715a0@mhfdat-jp.bin,ゾデックHSヘルム・青,Lils FX Cap
0x4715a4@mhfdat-jp.bin,ゾデックHSマスク・青,Zodic HS Helm・Blue
0x4715a8@mhfdat-jp.bin,ゾデックHSヘルム・茶,Zodic HS Mask・Blue
0x4715ac@mhfdat-jp.bin,ゾデックHSマスク・茶,Zodic HS Helm・Tea
0x4715b0@mhfdat-jp.bin,ゾデックHSヘルム・緑,Zodic HS Mask・Tea
0x4715b4@mhfdat-jp.bin,ゾデックHSマスク・緑,Zodic HS Helm・Green
0x4715b8@mhfdat-jp.bin,ゾデックHSヘルム・桜,Zodic HS Mask・Green
0x4715bc@mhfdat-jp.bin,ゾデックHSマスク・桜,Zodic HS Helm・Pink
0x4715c0@mhfdat-jp.bin,レイストHSヘッド・黒,Zodic HS Mask・Pink
0x4715c4@mhfdat-jp.bin,レイストHSハール・黒,Rast HS Head・Black
0x4715c8@mhfdat-jp.bin,レイストHSヘッド・青,Rast HS Haar・Black
0x4715cc@mhfdat-jp.bin,レイストHSハール・青,Rast HS Head・Blue
0x4715d0@mhfdat-jp.bin,レイストHSヘッド・紅,Rast HS Haar・Blue
0x4715d4@mhfdat-jp.bin,レイストHSハール・紅,Rast HS Head・Crimson
0x4715d8@mhfdat-jp.bin,レイストHSヘッド・白,Rast HS Haar・Crimson
0x4715dc@mhfdat-jp.bin,レイストHSハール・白,Rast HS Head・White
0x4715e0@mhfdat-jp.bin,クロースヘッド・赤,Rast HS Haar・White
0x4715e4@mhfdat-jp.bin,クロースＦヘッド・赤,Cloth Head・Red
0x4715e8@mhfdat-jp.bin,クロースFZヘッド・赤,Cloth F Head・Red
0x4715ec@mhfdat-jp.bin,クロースHCヘッド・赤,Cloth FZ Head・Red
0x4715f0@mhfdat-jp.bin,クロースHSヘッド・赤,Cloth HC Head・Red
0x4715f4@mhfdat-jp.bin,クロースハール・赤,Cloth HS Head・Red
0x4715f8@mhfdat-jp.bin,クロースＦハール・赤,Cloth Haar・Red
0x4715fc@mhfdat-jp.bin,クロースFZハール・赤,Cloth F Haar・Red
0x471600@mhfdat-jp.bin,クロースHCハール・赤,Cloth FZ Haar・Red
0x471604@mhfdat-jp.bin,クロースHSハール・赤,Cloth HC Haar・Red
0x471608@mhfdat-jp.bin,クロースヘッド・青,Cloth HS Haar・Red
0x47160c@mhfdat-jp.bin,クロースＦヘッド・青,Cloth Head・Blue
0x471610@mhfdat-jp.bin,クロースFZヘッド・青,Cloth F Head・Blue
0x471614@mhfdat-jp.bin,クロースHCヘッド・青,Cloth FZ Head・Blue
0x471618@mhfdat-jp.bin,クロースHSヘッド・青,Cloth HC Head・Blue
0x47161c@mhfdat-jp.bin,クロースハール・青,Cloth HS Head・Blue
0x471620@mhfdat-jp.bin,クロースＦハール・青,Cloth Haar・Blue
0x471624@mhfdat-jp.bin,クロースFZハール・青,Cloth F Haar・Blue
0x471628@mhfdat-jp.bin,クロースHCハール・青,Cloth FZ Haar・Blue
0x47162c@mhfdat-jp.bin,クロースHSハール・青,Cloth HC Haar・Blue
0x471630@mhfdat-jp.bin,クロースヘッド・紫,Cloth HS Haar・Blue
0x471634@mhfdat-jp.bin,クロースＦヘッド・紫,Cloth Head・Purple
0x471638@mhfdat-jp.bin,クロースFZヘッド・紫,Cloth F Head・Purple
0x47163c@mhfdat-jp.bin,クロースHCヘッド・紫,Cloth FZ Head・Purple
0x471640@mhfdat-jp.bin,クロースHSヘッド・紫,Cloth HC Head・Purple
0x471644@mhfdat-jp.bin,クロースハール・紫,Cloth HS Head・Purple
0x471648@mhfdat-jp.bin,クロースＦハール・紫,Cloth Haar・Purple
0x47164c@mhfdat-jp.bin,クロースFZハール・紫,Cloth F Haar・Purple
0x471650@mhfdat-jp.bin,クロースHCハール・紫,Cloth FZ Haar・Purple
0x471654@mhfdat-jp.bin,クロースHSハール・紫,Cloth HC Haar・Purple
0x471658@mhfdat-jp.bin,クロースヘッド・緑,Cloth HS Haar・Purple
0x47165c@mhfdat-jp.bin,クロースＦヘッド・緑,Cloth Head・Green
0x471660@mhfdat-jp.bin,クロースFZヘッド・緑,Cloth F Head・Green
0x471664@mhfdat-jp.bin,クロースHCヘッド・緑,Cloth FZ Head・Green
0x471668@mhfdat-jp.bin,クロースHSヘッド・緑,Cloth HC Head・Green
0x47166c@mhfdat-jp.bin,クロースハール・緑,Cloth HS Head・Green
0x471670@mhfdat-jp.bin,クロースＦハール・緑,Cloth Haar・Green
0x471674@mhfdat-jp.bin,クロースFZハール・緑,Cloth F Haar・Green
0x471678@mhfdat-jp.bin,クロースHCハール・緑,Cloth FZ Haar・Green
0x47167c@mhfdat-jp.bin,クロースHSハール・緑,Cloth HC Haar・Green
0x471680@mhfdat-jp.bin,一閃【鉢金】・赤,Cloth HS Haar・Green
0x471684@mhfdat-jp.bin,一閃Ｆ【鉢金】・赤,Issen Hachigane・Red
0x471688@mhfdat-jp.bin,一閃FZ【鉢金】・赤,Issen F Hachigane・Red
0x47168c@mhfdat-jp.bin,一閃HC【鉢金】・赤,Issen FZ Hachigane・Red
0x471690@mhfdat-jp.bin,一閃HS【鉢金】・赤,Issen HC Hachigane・Red
0x471694@mhfdat-jp.bin,構射【鉢金】・赤,Issen HS Hachigane・Red
0x471698@mhfdat-jp.bin,構射Ｆ【鉢金】・赤,構射 Hachigane・Red
0x47169c@mhfdat-jp.bin,構射FZ【鉢金】・赤,構射F Hachigane・Red
0x4716a0@mhfdat-jp.bin,構射HC【鉢金】・赤,構射FZ Hachigane・Red
0x4716a4@mhfdat-jp.bin,構射HS【鉢金】・赤,構射HC Hachigane・Red
0x4716a8@mhfdat-jp.bin,一閃【鉢金】・青,構射HS Hachigane・Red
0x4716ac@mhfdat-jp.bin,一閃Ｆ【鉢金】・青,Issen Hachigane・Blue
0x4716b0@mhfdat-jp.bin,一閃FZ【鉢金】・青,Issen F Hachigane・Blue
0x4716b4@mhfdat-jp.bin,一閃HC【鉢金】・青,Issen FZ Hachigane・Blue
0x4716b8@mhfdat-jp.bin,一閃HS【鉢金】・青,Issen HC Hachigane・Blue
0x4716bc@mhfdat-jp.bin,構射【鉢金】・青,Issen HS Hachigane・Blue
0x4716c0@mhfdat-jp.bin,構射Ｆ【鉢金】・青,構射 Hachigane・Blue
0x4716c4@mhfdat-jp.bin,構射FZ【鉢金】・青,構射F Hachigane・Blue
0x4716c8@mhfdat-jp.bin,構射HC【鉢金】・青,構射FZ Hachigane・Blue
0x4716cc@mhfdat-jp.bin,構射HS【鉢金】・青,構射HC Hachigane・Blue
0x4716d0@mhfdat-jp.bin,一閃【鉢金】・黄,構射HS Hachigane・Blue
0x4716d4@mhfdat-jp.bin,一閃Ｆ【鉢金】・黄,Issen Hachigane・Yellow
0x4716d8@mhfdat-jp.bin,一閃FZ【鉢金】・黄,Issen F Hachigane・Yellow
0x4716dc@mhfdat-jp.bin,一閃HC【鉢金】・黄,Issen FZ Hachigane・Yellow
0x4716e0@mhfdat-jp.bin,一閃HS【鉢金】・黄,Issen HC Hachigane・Yellow
0x4716e4@mhfdat-jp.bin,構射【鉢金】・黄,Issen HS Hachigane・Yellow
0x4716e8@mhfdat-jp.bin,構射Ｆ【鉢金】・黄,構射 Hachigane・Yellow
0x4716ec@mhfdat-jp.bin,構射FZ【鉢金】・黄,構射F Hachigane・Yellow
0x4716f0@mhfdat-jp.bin,構射HC【鉢金】・黄,構射FZ Hachigane・Yellow
0x4716f4@mhfdat-jp.bin,構射HS【鉢金】・黄,構射HC Hachigane・Yellow
0x4716f8@mhfdat-jp.bin,一閃【鉢金】・黒,構射HS Hachigane・Yellow
0x4716fc@mhfdat-jp.bin,一閃Ｆ【鉢金】・黒,Issen Hachigane・Black
0x471700@mhfdat-jp.bin,一閃FZ【鉢金】・黒,Issen F Hachigane・Black
0x471704@mhfdat-jp.bin,一閃HC【鉢金】・黒,Issen FZ Hachigane・Black
0x471708@mhfdat-jp.bin,一閃HS【鉢金】・黒,Issen HC Hachigane・Black
0x47170c@mhfdat-jp.bin,構射【鉢金】・黒,Issen HS Hachigane・Black
0x471710@mhfdat-jp.bin,構射Ｆ【鉢金】・黒,構射 Hachigane・Black
0x471714@mhfdat-jp.bin,構射FZ【鉢金】・黒,構射F Hachigane・Black
0x471718@mhfdat-jp.bin,構射HC【鉢金】・黒,構射FZ Hachigane・Black
0x47171c@mhfdat-jp.bin,構射HS【鉢金】・黒,構射HC Hachigane・Black
0x471720@mhfdat-jp.bin,蜂針【鉢金】・橙,構射HS Hachigane・Black
0x471724@mhfdat-jp.bin,蜂針Ｆ【鉢金】・橙,蜂針 Hachigane・Orange
0x471728@mhfdat-jp.bin,蜂針FZ【鉢金】・橙,蜂針F Hachigane・Orange
0x47172c@mhfdat-jp.bin,蜂針HC【鉢金】・橙,蜂針FZ Hachigane・Orange
0x471730@mhfdat-jp.bin,蜂針HS【鉢金】・橙,蜂針HC Hachigane・Orange
0x471734@mhfdat-jp.bin,気弾【鉢金】・橙,蜂針HS Hachigane・Orange
0x471738@mhfdat-jp.bin,気弾Ｆ【鉢金】・橙,気弾 Hachigane・Orange
0x47173c@mhfdat-jp.bin,気弾FZ【鉢金】・橙,気弾F Hachigane・Orange
0x471740@mhfdat-jp.bin,気弾HC【鉢金】・橙,気弾FZ Hachigane・Orange
0x471744@mhfdat-jp.bin,気弾HS【鉢金】・橙,気弾HC Hachigane・Orange
0x471748@mhfdat-jp.bin,蜂針【鉢金】・青,気弾HS Hachigane・Orange
0x47174c@mhfdat-jp.bin,蜂針Ｆ【鉢金】・青,蜂針 Hachigane・Blue
0x471750@mhfdat-jp.bin,蜂針FZ【鉢金】・青,蜂針F Hachigane・Blue
0x471754@mhfdat-jp.bin,蜂針HC【鉢金】・青,蜂針FZ Hachigane・Blue
0x471758@mhfdat-jp.bin,蜂針HS【鉢金】・青,蜂針HC Hachigane・Blue
0x47175c@mhfdat-jp.bin,気弾【鉢金】・青,蜂針HS Hachigane・Blue
0x471760@mhfdat-jp.bin,気弾Ｆ【鉢金】・青,気弾 Hachigane・Blue
0x471764@mhfdat-jp.bin,気弾FZ【鉢金】・青,気弾F Hachigane・Blue
0x471768@mhfdat-jp.bin,気弾HC【鉢金】・青,気弾FZ Hachigane・Blue
0x47176c@mhfdat-jp.bin,気弾HS【鉢金】・青,気弾HC Hachigane・Blue
0x471770@mhfdat-jp.bin,蜂針【鉢金】・黄,気弾HS Hachigane・Blue
0x471774@mhfdat-jp.bin,蜂針Ｆ【鉢金】・黄,蜂針 Hachigane・Yellow
0x471778@mhfdat-jp.bin,蜂針FZ【鉢金】・黄,蜂針F Hachigane・Yellow
0x47177c@mhfdat-jp.bin,蜂針HC【鉢金】・黄,蜂針FZ Hachigane・Yellow
0x471780@mhfdat-jp.bin,蜂針HS【鉢金】・黄,蜂針HC Hachigane・Yellow
0x471784@mhfdat-jp.bin,気弾【鉢金】・黄,蜂針HS Hachigane・Yellow
0x471788@mhfdat-jp.bin,気弾Ｆ【鉢金】・黄,気弾 Hachigane・Yellow
0x47178c@mhfdat-jp.bin,気弾FZ【鉢金】・黄,気弾F Hachigane・Yellow
0x471790@mhfdat-jp.bin,気弾HC【鉢金】・黄,気弾FZ Hachigane・Yellow
0x471794@mhfdat-jp.bin,気弾HS【鉢金】・黄,気弾HC Hachigane・Yellow
0x471798@mhfdat-jp.bin,蜂針【鉢金】・黒,気弾HS Hachigane・Yellow
0x47179c@mhfdat-jp.bin,蜂針Ｆ【鉢金】・黒,蜂針 Hachigane・Black
0x4717a0@mhfdat-jp.bin,蜂針FZ【鉢金】・黒,蜂針F Hachigane・Black
0x4717a4@mhfdat-jp.bin,蜂針HC【鉢金】・黒,蜂針FZ Hachigane・Black
0x4717a8@mhfdat-jp.bin,蜂針HS【鉢金】・黒,蜂針HC Hachigane・Black
0x4717ac@mhfdat-jp.bin,気弾【鉢金】・黒,蜂針HS Hachigane・Black
0x4717b0@mhfdat-jp.bin,気弾Ｆ【鉢金】・黒,気弾 Hachigane・Black
0x4717b4@mhfdat-jp.bin,気弾FZ【鉢金】・黒,気弾F Hachigane・Black
0x4717b8@mhfdat-jp.bin,気弾HC【鉢金】・黒,気弾FZ Hachigane・Black
0x4717bc@mhfdat-jp.bin,気弾HS【鉢金】・黒,気弾HC Hachigane・Black
0x4717c0@mhfdat-jp.bin,アルゴルＦヘルム,気弾HS Hachigane・Black
0x4717c4@mhfdat-jp.bin,アルゴルFXヘルム,Algol F Helm
0x4717c8@mhfdat-jp.bin,アルゴルＦキャップ,Algol FX Helm
0x4717cc@mhfdat-jp.bin,アルゴルFXキャップ,Algol F Cap
0x4717d0@mhfdat-jp.bin,抜胴【鉢金】,Algol FX Cap
0x4717d4@mhfdat-jp.bin,抜胴Ｆ【鉢金】,抜胴 Hachigane
0x4717d8@mhfdat-jp.bin,抜胴FZ【鉢金】,抜胴F Hachigane
0x4717dc@mhfdat-jp.bin,抜胴HS【鉢金】,抜胴FZ Hachigane
0x4717e0@mhfdat-jp.bin,長根【鉢金】,抜胴HS Hachigane
0x4717e4@mhfdat-jp.bin,長根Ｆ【鉢金】,長根 Hachigane
0x4717e8@mhfdat-jp.bin,長根FZ【鉢金】,長根F Hachigane
0x4717ec@mhfdat-jp.bin,長根HS【鉢金】,長根FZ Hachigane
0x4717f0@mhfdat-jp.bin,花火【鉢金】,長根HS Hachigane
0x4717f4@mhfdat-jp.bin,花火Ｆ【鉢金】,花火 Hachigane
0x4717f8@mhfdat-jp.bin,花火FZ【鉢金】,花火F Hachigane
0x4717fc@mhfdat-jp.bin,花火HS【鉢金】,花火FZ Hachigane
0x471800@mhfdat-jp.bin,流星【鉢金】,花火HS Hachigane
0x471804@mhfdat-jp.bin,流星Ｆ【鉢金】,流星 Hachigane
0x471808@mhfdat-jp.bin,流星FZ【鉢金】,流星F Hachigane
0x47180c@mhfdat-jp.bin,流星HS【鉢金】,流星FZ Hachigane
0x471810@mhfdat-jp.bin,居合【鉢金】,流星HS Hachigane
0x471814@mhfdat-jp.bin,居合Ｆ【鉢金】,居合 Hachigane
0x471818@mhfdat-jp.bin,居合FZ【鉢金】,居合F Hachigane
0x47181c@mhfdat-jp.bin,居合HC【鉢金】,居合FZ Hachigane
0x471820@mhfdat-jp.bin,爆裂【鉢金】,居合HC Hachigane
0x471824@mhfdat-jp.bin,爆裂Ｆ【鉢金】,爆裂 Hachigane
0x471828@mhfdat-jp.bin,爆裂FZ【鉢金】,爆裂F Hachigane
0x47182c@mhfdat-jp.bin,爆裂HC【鉢金】,爆裂FZ Hachigane
0x471830@mhfdat-jp.bin,脱兎【鉢金】,爆裂HC Hachigane
0x471834@mhfdat-jp.bin,脱兎Ｆ【鉢金】,脱兎 Hachigane
0x471838@mhfdat-jp.bin,脱兎FZ【鉢金】,脱兎F Hachigane
0x47183c@mhfdat-jp.bin,脱兎HC【鉢金】,脱兎FZ Hachigane
0x471840@mhfdat-jp.bin,狂咲【鉢金】,脱兎HC Hachigane
0x471844@mhfdat-jp.bin,狂咲Ｆ【鉢金】,Violent 咲 Hachigane
0x471848@mhfdat-jp.bin,狂咲FZ【鉢金】,Violent 咲F Hachigane
0x47184c@mhfdat-jp.bin,狂咲HC【鉢金】,Violent 咲FZ Hachigane
0x471850@mhfdat-jp.bin,正拳FZ鉢巻,Violent 咲HC Hachigane
0x471854@mhfdat-jp.bin,正拳HC鉢巻,正拳FZ Hachimaki
0x471858@mhfdat-jp.bin,灼熱FZ鉢巻,正拳HC Hachimaki
0x47185c@mhfdat-jp.bin,灼熱HC鉢巻,灼熱FZ Hachimaki
0x471860@mhfdat-jp.bin,龍星FZお団子,灼熱HC Hachimaki
0x471864@mhfdat-jp.bin,龍星HCお団子,龍星FZお団子
0x471868@mhfdat-jp.bin,虎襲FZお団子,龍星HCお団子
0x47186c@mhfdat-jp.bin,虎襲HCお団子,虎襲FZお団子
0x471870@mhfdat-jp.bin,コンタオヘッド,虎襲HCお団子
0x471874@mhfdat-jp.bin,コンタオＦヘッド,Kontao Head
0x471878@mhfdat-jp.bin,コンタオFZヘッド,Kontao F Head
0x47187c@mhfdat-jp.bin,ダミー,Kontao FZ Head
0x471880@mhfdat-jp.bin,ダミー,ダミー
0x471884@mhfdat-jp.bin,コンタオハール,ダミー
0x471888@mhfdat-jp.bin,コンタオＦハール,Kontao Haar
0x47188c@mhfdat-jp.bin,コンタオFZハール,Kontao F Haar
0x471890@mhfdat-jp.bin,ダミー,Kontao FZ Haar
0x471894@mhfdat-jp.bin,ダミー,ダミー
0x471898@mhfdat-jp.bin,グロリアヘルム・金,ダミー
0x47189c@mhfdat-jp.bin,グロリアＦヘルム・金,Gloria Helm・Gold
0x4718a0@mhfdat-jp.bin,グロリアFZヘルム・金,Gloria F Helm・Gold
0x4718a4@mhfdat-jp.bin,グロリアHCヘルム・金,Gloria FZ Helm・Gold
0x4718a8@mhfdat-jp.bin,グロリアHSヘルム・金,Gloria HC Helm・Gold
0x4718ac@mhfdat-jp.bin,グロリアマスク・金,Gloria HS Helm・Gold
0x4718b0@mhfdat-jp.bin,グロリアＦマスク・金,Gloria Mask・Gold
0x4718b4@mhfdat-jp.bin,グロリアFZマスク・金,Gloria F Mask・Gold
0x4718b8@mhfdat-jp.bin,グロリアHCマスク・金,Gloria FZ Mask・Gold
0x4718bc@mhfdat-jp.bin,グロリアHSマスク・金,Gloria HC Mask・Gold
0x4718c0@mhfdat-jp.bin,グロリアヘルム・青,Gloria HS Mask・Gold
0x4718c4@mhfdat-jp.bin,グロリアＦヘルム・青,Gloria Helm・Blue
0x4718c8@mhfdat-jp.bin,グロリアFZヘルム・青,Gloria F Helm・Blue
0x4718cc@mhfdat-jp.bin,グロリアHCヘルム・青,Gloria FZ Helm・Blue
0x4718d0@mhfdat-jp.bin,グロリアHSヘルム・青,Gloria HC Helm・Blue
0x4718d4@mhfdat-jp.bin,グロリアマスク・青,Gloria HS Helm・Blue
0x4718d8@mhfdat-jp.bin,グロリアＦマスク・青,Gloria Mask・Blue
0x4718dc@mhfdat-jp.bin,グロリアFZマスク・青,Gloria F Mask・Blue
0x4718e0@mhfdat-jp.bin,グロリアHCマスク・青,Gloria FZ Mask・Blue
0x4718e4@mhfdat-jp.bin,グロリアHSマスク・青,Gloria HC Mask・Blue
0x4718e8@mhfdat-jp.bin,グロリアヘルム・水,Gloria HS Mask・Blue
0x4718ec@mhfdat-jp.bin,グロリアＦヘルム・水,Gloria Helm・Water
0x4718f0@mhfdat-jp.bin,グロリアFZヘルム・水,Gloria F Helm・Water
0x4718f4@mhfdat-jp.bin,グロリアHCヘルム・水,Gloria FZ Helm・Water
0x4718f8@mhfdat-jp.bin,グロリアHSヘルム・水,Gloria HC Helm・Water
0x4718fc@mhfdat-jp.bin,グロリアマスク・水,Gloria HS Helm・Water
0x471900@mhfdat-jp.bin,グロリアＦマスク・水,Gloria Mask・Water
0x471904@mhfdat-jp.bin,グロリアFZマスク・水,Gloria F Mask・Water
0x471908@mhfdat-jp.bin,グロリアHCマスク・水,Gloria FZ Mask・Water
0x47190c@mhfdat-jp.bin,グロリアHSマスク・水,Gloria HC Mask・Water
0x471910@mhfdat-jp.bin,グロリアヘルム・赤,Gloria HS Mask・Water
0x471914@mhfdat-jp.bin,グロリアＦヘルム・赤,Gloria Helm・Red
0x471918@mhfdat-jp.bin,グロリアFZヘルム・赤,Gloria F Helm・Red
0x47191c@mhfdat-jp.bin,グロリアHCヘルム・赤,Gloria FZ Helm・Red
0x471920@mhfdat-jp.bin,グロリアHSヘルム・赤,Gloria HC Helm・Red
0x471924@mhfdat-jp.bin,グロリアマスク・赤,Gloria HS Helm・Red
0x471928@mhfdat-jp.bin,グロリアＦマスク・赤,Gloria Mask・Red
0x47192c@mhfdat-jp.bin,グロリアFZマスク・赤,Gloria F Mask・Red
0x471930@mhfdat-jp.bin,グロリアHCマスク・赤,Gloria FZ Mask・Red
0x471934@mhfdat-jp.bin,グロリアHSマスク・赤,Gloria HC Mask・Red
0x471938@mhfdat-jp.bin,神龍鉢巻・赤,Gloria HS Mask・Red
0x47193c@mhfdat-jp.bin,神龍Ｆ鉢巻・赤,Shinryu Hachimaki・Red
0x471940@mhfdat-jp.bin,神龍FZ鉢巻・赤,Shinryu F Hachimaki・Red
0x471944@mhfdat-jp.bin,神龍HC鉢巻・赤,Shinryu FZ Hachimaki・Red
0x471948@mhfdat-jp.bin,神龍HS鉢巻・赤,Shinryu HC Hachimaki・Red
0x47194c@mhfdat-jp.bin,裂破鉢巻・赤,Shinryu HS Hachimaki・Red
0x471950@mhfdat-jp.bin,裂破Ｆ鉢巻・赤,Reppa Hachimaki・Red
0x471954@mhfdat-jp.bin,裂破FZ鉢巻・赤,Reppa F Hachimaki・Red
0x471958@mhfdat-jp.bin,裂破HC鉢巻・赤,Reppa FZ Hachimaki・Red
0x47195c@mhfdat-jp.bin,裂破HS鉢巻・赤,Reppa HC Hachimaki・Red
0x471960@mhfdat-jp.bin,神龍鉢巻・白,Reppa HS Hachimaki・Red
0x471964@mhfdat-jp.bin,神龍Ｆ鉢巻・白,Shinryu Hachimaki・White
0x471968@mhfdat-jp.bin,神龍FZ鉢巻・白,Shinryu F Hachimaki・White
0x47196c@mhfdat-jp.bin,神龍HC鉢巻・白,Shinryu FZ Hachimaki・White
0x471970@mhfdat-jp.bin,神龍HS鉢巻・白,Shinryu HC Hachimaki・White
0x471974@mhfdat-jp.bin,裂破鉢巻・白,Shinryu HS Hachimaki・White
0x471978@mhfdat-jp.bin,裂破Ｆ鉢巻・白,Reppa Hachimaki・White
0x47197c@mhfdat-jp.bin,裂破FZ鉢巻・白,Reppa F Hachimaki・White
0x471980@mhfdat-jp.bin,裂破HC鉢巻・白,Reppa FZ Hachimaki・White
0x471984@mhfdat-jp.bin,裂破HS鉢巻・白,Reppa HC Hachimaki・White
0x471988@mhfdat-jp.bin,神龍鉢巻・紫,Reppa HS Hachimaki・White
0x47198c@mhfdat-jp.bin,神龍Ｆ鉢巻・紫,Shinryu Hachimaki・Purple
0x471990@mhfdat-jp.bin,神龍FZ鉢巻・紫,Shinryu F Hachimaki・Purple
0x471994@mhfdat-jp.bin,神龍HC鉢巻・紫,Shinryu FZ Hachimaki・Purple
0x471998@mhfdat-jp.bin,神龍HS鉢巻・紫,Shinryu HC Hachimaki・Purple
0x47199c@mhfdat-jp.bin,裂破鉢巻・紫,Shinryu HS Hachimaki・Purple
0x4719a0@mhfdat-jp.bin,裂破Ｆ鉢巻・紫,Reppa Hachimaki・Purple
0x4719a4@mhfdat-jp.bin,裂破FZ鉢巻・紫,Reppa F Hachimaki・Purple
0x4719a8@mhfdat-jp.bin,裂破HC鉢巻・紫,Reppa FZ Hachimaki・Purple
0x4719ac@mhfdat-jp.bin,裂破HS鉢巻・紫,Reppa HC Hachimaki・Purple
0x4719b0@mhfdat-jp.bin,神龍鉢巻・黄,Reppa HS Hachimaki・Purple
0x4719b4@mhfdat-jp.bin,神龍Ｆ鉢巻・黄,Shinryu Hachimaki・Yellow
0x4719b8@mhfdat-jp.bin,神龍FZ鉢巻・黄,Shinryu F Hachimaki・Yellow
0x4719bc@mhfdat-jp.bin,神龍HC鉢巻・黄,Shinryu FZ Hachimaki・Yellow
0x4719c0@mhfdat-jp.bin,神龍HS鉢巻・黄,Shinryu HC Hachimaki・Yellow
0x4719c4@mhfdat-jp.bin,裂破鉢巻・黄,Shinryu HS Hachimaki・Yellow
0x4719c8@mhfdat-jp.bin,裂破Ｆ鉢巻・黄,Reppa Hachimaki・Yellow
0x4719cc@mhfdat-jp.bin,裂破FZ鉢巻・黄,Reppa F Hachimaki・Yellow
0x4719d0@mhfdat-jp.bin,裂破HC鉢巻・黄,Reppa FZ Hachimaki・Yellow
0x4719d4@mhfdat-jp.bin,裂破HS鉢巻・黄,Reppa HC Hachimaki・Yellow
0x4719d8@mhfdat-jp.bin,キャノンベレー・水,Reppa HS Hachimaki・Yellow
0x4719dc@mhfdat-jp.bin,キャノンＦベレー・水,Cannon Beret・Water
0x4719e0@mhfdat-jp.bin,キャノンFZベレー・水,Cannon F Beret・Water
0x4719e4@mhfdat-jp.bin,キャノンHCベレー・水,Cannon FZ Beret・Water
0x4719e8@mhfdat-jp.bin,キャノンHSベレー・水,Cannon HC Beret・Water
0x4719ec@mhfdat-jp.bin,アクセルベレー・水,Cannon HS Beret・Water
0x4719f0@mhfdat-jp.bin,アクセルＦベレー・水,Axel Beret・Water
0x4719f4@mhfdat-jp.bin,アクセルFZベレー・水,Axel F Beret・Water
0x4719f8@mhfdat-jp.bin,アクセルHCベレー・水,Axel FZ Beret・Water
0x4719fc@mhfdat-jp.bin,アクセルHSベレー・水,Axel HC Beret・Water
0x471a00@mhfdat-jp.bin,キャノンベレー・緑,Axel HS Beret・Water
0x471a04@mhfdat-jp.bin,キャノンＦベレー・緑,Cannon Beret・Green
0x471a08@mhfdat-jp.bin,キャノンFZベレー・緑,Cannon F Beret・Green
0x471a0c@mhfdat-jp.bin,キャノンHCベレー・緑,Cannon FZ Beret・Green
0x471a10@mhfdat-jp.bin,キャノンHSベレー・緑,Cannon HC Beret・Green
0x471a14@mhfdat-jp.bin,アクセルベレー・緑,Cannon HS Beret・Green
0x471a18@mhfdat-jp.bin,アクセルＦベレー・緑,Axel Beret・Green
0x471a1c@mhfdat-jp.bin,アクセルFZベレー・緑,Axel F Beret・Green
0x471a20@mhfdat-jp.bin,アクセルHCベレー・緑,Axel FZ Beret・Green
0x471a24@mhfdat-jp.bin,アクセルHSベレー・緑,Axel HC Beret・Green
0x471a28@mhfdat-jp.bin,キャノンベレー・桃,Axel HS Beret・Green
0x471a2c@mhfdat-jp.bin,キャノンＦベレー・桃,Cannon Beret・Peach
0x471a30@mhfdat-jp.bin,キャノンFZベレー・桃,Cannon F Beret・Peach
0x471a34@mhfdat-jp.bin,キャノンHCベレー・桃,Cannon FZ Beret・Peach
0x471a38@mhfdat-jp.bin,キャノンHSベレー・桃,Cannon HC Beret・Peach
0x471a3c@mhfdat-jp.bin,アクセルベレー・桃,Cannon HS Beret・Peach
0x471a40@mhfdat-jp.bin,アクセルＦベレー・桃,Axel Beret・Peach
0x471a44@mhfdat-jp.bin,アクセルFZベレー・桃,Axel F Beret・Peach
0x471a48@mhfdat-jp.bin,アクセルHCベレー・桃,Axel FZ Beret・Peach
0x471a4c@mhfdat-jp.bin,アクセルHSベレー・桃,Axel HC Beret・Peach
0x471a50@mhfdat-jp.bin,キャノンベレー・紫,Axel HS Beret・Peach
0x471a54@mhfdat-jp.bin,キャノンＦベレー・紫,Cannon Beret・Purple
0x471a58@mhfdat-jp.bin,キャノンFZベレー・紫,Cannon F Beret・Purple
0x471a5c@mhfdat-jp.bin,キャノンHCベレー・紫,Cannon FZ Beret・Purple
0x471a60@mhfdat-jp.bin,キャノンHSベレー・紫,Cannon HC Beret・Purple
0x471a64@mhfdat-jp.bin,アクセルベレー・紫,Cannon HS Beret・Purple
0x471a68@mhfdat-jp.bin,アクセルＦベレー・紫,Axel Beret・Purple
0x471a6c@mhfdat-jp.bin,アクセルFZベレー・紫,Axel F Beret・Purple
0x471a70@mhfdat-jp.bin,アクセルHCベレー・紫,Axel FZ Beret・Purple
0x471a74@mhfdat-jp.bin,アクセルHSベレー・紫,Axel HC Beret・Purple
0x471a78@mhfdat-jp.bin,剣士ランク8,Axel HS Beret・Purple
0x471a7c@mhfdat-jp.bin,剣士ランク9,Blade 士ランク8
0x471a80@mhfdat-jp.bin,ガンランク8, Blade 士ランク9
0x471a84@mhfdat-jp.bin,ガンランク9,ガンランク8
0x471a88@mhfdat-jp.bin,ダミー,ガンランク9
0x471a8c@mhfdat-jp.bin,ダミー,ダミー
0x471a90@mhfdat-jp.bin,ダミー,ダミー
0x471a94@mhfdat-jp.bin,ダミー,ダミー
0x471a98@mhfdat-jp.bin,ダミー,ダミー
0x471a9c@mhfdat-jp.bin,ダミー,ダミー
0x471aa0@mhfdat-jp.bin,ダミー,ダミー
0x471aa4@mhfdat-jp.bin,ダミー,ダミー
0x471aa8@mhfdat-jp.bin,ダミー,ダミー
0x471aac@mhfdat-jp.bin,ダミー,ダミー
0x471ab0@mhfdat-jp.bin,ダミー,ダミー
0x471ab4@mhfdat-jp.bin,ダミー,ダミー
0x471ab8@mhfdat-jp.bin,ダミー,ダミー
0x471abc@mhfdat-jp.bin,ダミー,ダミー
0x471ac0@mhfdat-jp.bin,ダミー,ダミー
0x471ac4@mhfdat-jp.bin,ダミー,ダミー
0x471ac8@mhfdat-jp.bin,ダミー,ダミー
0x471acc@mhfdat-jp.bin,ダミー,ダミー
0x471ad0@mhfdat-jp.bin,ダミー,ダミー
0x471ad4@mhfdat-jp.bin,ダミー,ダミー
0x471ad8@mhfdat-jp.bin,ダミー,ダミー
0x471adc@mhfdat-jp.bin,ダミー,ダミー
0x471ae0@mhfdat-jp.bin,ダミー,ダミー
0x471ae4@mhfdat-jp.bin,ダミー,ダミー
0x471ae8@mhfdat-jp.bin,ダミー,ダミー
0x471aec@mhfdat-jp.bin,ダミー,ダミー
0x471af0@mhfdat-jp.bin,ダミー,ダミー
0x471af4@mhfdat-jp.bin,ダミー,ダミー
0x471af8@mhfdat-jp.bin,ダミー,ダミー
0x471afc@mhfdat-jp.bin,ダミー,ダミー
0x471b00@mhfdat-jp.bin,ダミー,ダミー
0x471b04@mhfdat-jp.bin,ダミー,ダミー
0x471b08@mhfdat-jp.bin,ダミー,ダミー
0x471b0c@mhfdat-jp.bin,ダミー,ダミー
0x471b10@mhfdat-jp.bin,ホープヘルム,ダミー
0x471b14@mhfdat-jp.bin,エミットヘルム,Hope Helm
0x471b18@mhfdat-jp.bin,エミットＦヘルム,エミット Helm
0x471b1c@mhfdat-jp.bin,エミットFXヘルム,エミットF Helm
0x471b20@mhfdat-jp.bin,エミットキャップ,エミットFX Helm
0x471b24@mhfdat-jp.bin,エミットＦキャップ,エミット Cap
0x471b28@mhfdat-jp.bin,エミットFXキャップ,エミットF Cap
0x471b2c@mhfdat-jp.bin,ディボアヘルム,エミットFX Cap
0x471b30@mhfdat-jp.bin,ディボアＦヘルム,Diboa Helm
0x471b34@mhfdat-jp.bin,ディボアFXヘルム,Diboa F Helm
0x471b38@mhfdat-jp.bin,ディボアキャップ,Diboa FX Helm
0x471b3c@mhfdat-jp.bin,ディボアＦキャップ,Diboa Cap
0x471b40@mhfdat-jp.bin,ディボアFXキャップ,Diboa F Cap
0x471b44@mhfdat-jp.bin,ピエトラＧヘルム,Diboa FX Cap
0x471b48@mhfdat-jp.bin,ピエトラGFヘルム,Pietra G Helm
0x471b4c@mhfdat-jp.bin,ピエトラＧキャップ,Pietra GF Helm
0x471b50@mhfdat-jp.bin,ピエトラGFキャップ,Pietra G Cap
0x471b54@mhfdat-jp.bin,ポカラＧヘルム,Pietra GF Cap
0x471b58@mhfdat-jp.bin,ポカラGFヘルム,Pokara G Helm
0x471b5c@mhfdat-jp.bin,ポカラＧキャップ,Pokara GF Helm
0x471b60@mhfdat-jp.bin,ポカラGFキャップ,Pokara G Cap
0x471b64@mhfdat-jp.bin,ザザミＧヘルム,Pokara GF Cap
0x471b68@mhfdat-jp.bin,ザザミGFヘルム,Hermitaur G Helm
0x471b6c@mhfdat-jp.bin,ザザミＧキャップ,Hermitaur GF Helm
0x471b70@mhfdat-jp.bin,ザザミGFキャップ,Hermitaur G Cap
0x471b74@mhfdat-jp.bin,クックＧヘルム,Hermitaur GF Cap
0x471b78@mhfdat-jp.bin,クックGFヘルム,Kut-Ku G Helm
0x471b7c@mhfdat-jp.bin,クックＧキャップ,Kut-Ku GF Helm
0x471b80@mhfdat-jp.bin,クックGFキャップ,Kut-Ku G Cap
0x471b84@mhfdat-jp.bin,ファルノＧヘルム,Kut-Ku GF Cap
0x471b88@mhfdat-jp.bin,ファルノGFヘルム,Farunokku G Helm
0x471b8c@mhfdat-jp.bin,ファルノＧキャップ,Farunokku GF Helm
0x471b90@mhfdat-jp.bin,ファルノGFキャップ,Farunokku G Cap
0x471b94@mhfdat-jp.bin,ゲリョスＧヘルム,Farunokku GF Cap
0x471b98@mhfdat-jp.bin,ゲリョスGFヘルム,Gypceros G Helm
0x471b9c@mhfdat-jp.bin,ゲリョスＧキャップ,Gypceros GF Helm
0x471ba0@mhfdat-jp.bin,ゲリョスGFキャップ,Gypceros G Cap
0x471ba4@mhfdat-jp.bin,コンガＧヘルム,Gypceros GF Cap
0x471ba8@mhfdat-jp.bin,コンガGFヘルム,Congalala G Helm
0x471bac@mhfdat-jp.bin,コンガＧキャップ,Congalala GF Helm
0x471bb0@mhfdat-jp.bin,コンガGFキャップ,Congalala G Cap
0x471bb4@mhfdat-jp.bin,ヘッジＧヘルム,Congalala GF Cap
0x471bb8@mhfdat-jp.bin,ヘッジGFヘルム,Hyuj G Helm
0x471bbc@mhfdat-jp.bin,ヘッジＧキャップ,Hyuj GF Helm
0x471bc0@mhfdat-jp.bin,ヘッジGFキャップ,Hyuj G Cap
0x471bc4@mhfdat-jp.bin,バサルＧヘルム,Hyuj GF Cap
0x471bc8@mhfdat-jp.bin,バサルGFヘルム,Basarios G Helm
0x471bcc@mhfdat-jp.bin,バサルＧキャップ,Basarios GF Helm
0x471bd0@mhfdat-jp.bin,バサルGFキャップ,Basarios G Cap
0x471bd4@mhfdat-jp.bin,レイアＧヘルム,Basarios GF Cap
0x471bd8@mhfdat-jp.bin,レイアGFヘルム,Rathian G Helm
0x471bdc@mhfdat-jp.bin,レイアＧキャップ,Rathian GF Helm
0x471be0@mhfdat-jp.bin,レイアGFキャップ,Rathian G Cap
0x471be4@mhfdat-jp.bin,ギザミＧヘルム,Rathian GF Cap
0x471be8@mhfdat-jp.bin,ギザミGFヘルム,Ceanataur G Helm
0x471bec@mhfdat-jp.bin,ギザミＧキャップ,Ceanataur GF Helm
0x471bf0@mhfdat-jp.bin,ギザミGFキャップ,Ceanataur G Cap
0x471bf4@mhfdat-jp.bin,御神楽Ｇ【兜】,Ceanataur GF Cap
0x471bf8@mhfdat-jp.bin,御神楽GF【兜】,Mikagura G Kabuto
0x471bfc@mhfdat-jp.bin,里神楽Ｇ【鉢金】,Mikagura GF Kabuto
0x471c00@mhfdat-jp.bin,里神楽GF【鉢金】,Satokagura G Hachigane
0x471c04@mhfdat-jp.bin,レウスＧヘルム,Satokagura GF Hachigane
0x471c08@mhfdat-jp.bin,レウスGFヘルム,Rathalos G Helm
0x471c0c@mhfdat-jp.bin,レウスＧキャップ,Rathalos GF Helm
0x471c10@mhfdat-jp.bin,レウスGFキャップ,Rathalos G Cap
0x471c14@mhfdat-jp.bin,ブランゴＧヘルム,Rathalos GF Cap
0x471c18@mhfdat-jp.bin,ブランゴGFヘルム,Blango G Helm
0x471c1c@mhfdat-jp.bin,ブランゴＧキャップ,Blango GF Helm
0x471c20@mhfdat-jp.bin,ブランゴGFキャップ,Blango G Cap
0x471c24@mhfdat-jp.bin,フルフルＧヘルム,Blango GF Cap
0x471c28@mhfdat-jp.bin,フルフルGFヘルム,Khezu G Helm
0x471c2c@mhfdat-jp.bin,フルフルＧキャップ,Khezu GF Helm
0x471c30@mhfdat-jp.bin,フルフルGFキャップ,Khezu G Cap
0x471c34@mhfdat-jp.bin,ホープＧヘルム,Khezu GF Cap
0x471c38@mhfdat-jp.bin,ホープGFヘルム,Hope G Helm
0x471c3c@mhfdat-jp.bin,ホープＧキャップ,Hope GF Helm
0x471c40@mhfdat-jp.bin,ホープGFキャップ,Hope G Cap
0x471c44@mhfdat-jp.bin,シャンバレッタ,Hope GF Cap
0x471c48@mhfdat-jp.bin,シャンバレッタＦ,シャン Beretta
0x471c4c@mhfdat-jp.bin,チャチャブファシーネ,シャン Beretta F
0x471c50@mhfdat-jp.bin,チャチャブキュリーオ,チャチャブファシーネ
0x471c54@mhfdat-jp.bin,オディコサージュ,チャチャブキュリーオ
0x471c58@mhfdat-jp.bin,オディコサージュＦ,Odi Corsage
0x471c5c@mhfdat-jp.bin,グラッシュヘッド,Odi Corsage F
0x471c60@mhfdat-jp.bin,グラッシュＦヘッド,グラッシュ Head
0x471c64@mhfdat-jp.bin,グラッシュFYヘッド,グラッシュF Head
0x471c68@mhfdat-jp.bin,グラッシュHCヘッド,グラッシュFY Head
0x471c6c@mhfdat-jp.bin,グラッシュピアス,グラッシュHC Head
0x471c70@mhfdat-jp.bin,グラッシュＦピアス,グラッシュ Piercings
0x471c74@mhfdat-jp.bin,グラッシュFYピアス,グラッシュF Piercings
0x471c78@mhfdat-jp.bin,グラッシュHCピアス,グラッシュFY Piercings
0x471c7c@mhfdat-jp.bin,タンドレスヘッド,グラッシュHC Piercings
0x471c80@mhfdat-jp.bin,タンドレスＦヘッド,Tandress Head
0x471c84@mhfdat-jp.bin,タンドレスFYヘッド,Tandress F Head
0x471c88@mhfdat-jp.bin,タンドレスHCヘッド,Tandress FY Head
0x471c8c@mhfdat-jp.bin,タンドレスピアス,Tandress HC Head
0x471c90@mhfdat-jp.bin,タンドレスＦピアス,Tandress Piercings
0x471c94@mhfdat-jp.bin,タンドレスFYピアス,Tandress F Piercings
0x471c98@mhfdat-jp.bin,タンドレスHCピアス,Tandress FY Piercings
0x471c9c@mhfdat-jp.bin,ダミー,Tandress HC Piercings
0x471ca0@mhfdat-jp.bin,ダミー,ダミー
0x471ca4@mhfdat-jp.bin,ダミー,ダミー
0x471ca8@mhfdat-jp.bin,ダミー,ダミー
0x471cac@mhfdat-jp.bin,ダミー,ダミー
0x471cb0@mhfdat-jp.bin,ダミー,ダミー
0x471cb4@mhfdat-jp.bin,ダミー,ダミー
0x471cb8@mhfdat-jp.bin,ダミー,ダミー
0x471cbc@mhfdat-jp.bin,ロウセスＧヘルム,ダミー
0x471cc0@mhfdat-jp.bin,ロウセスＧキャップ,Roses G Helm
0x471cc4@mhfdat-jp.bin,シェルカＧヘッド,Roses G Cap
0x471cc8@mhfdat-jp.bin,チェスカＧキャップ,Shell カG Head
0x471ccc@mhfdat-jp.bin,ロアースＧヘッド,チェスカG Cap
0x471cd0@mhfdat-jp.bin,ライードＧキャップ,ロ Black Blos G Head
0x471cd4@mhfdat-jp.bin,蒼竜ノ具足【兜】,ライードG Cap
0x471cd8@mhfdat-jp.bin,蒼竜ノ具足Ｆ【兜】,Green 竜ノ Greaves Kabuto
0x471cdc@mhfdat-jp.bin,蒼竜ノ具足FZ【兜】,Green 竜ノ Greaves F Kabuto
0x471ce0@mhfdat-jp.bin,蒼竜ノ具足HC【兜】,Green 竜ノ Greaves FZ Kabuto
0x471ce4@mhfdat-jp.bin,蒼竜ノ具足HS【兜】,Green 竜ノ Greaves HC Kabuto
0x471ce8@mhfdat-jp.bin,蒼竜ノ羽織【兜】,Green 竜ノ Greaves HS Kabuto
0x471cec@mhfdat-jp.bin,蒼竜ノ羽織Ｆ【兜】,Green 竜ノ Haori Kabuto
0x471cf0@mhfdat-jp.bin,蒼竜ノ羽織FZ【兜】,Green 竜ノ Haori F Kabuto
0x471cf4@mhfdat-jp.bin,蒼竜ノ羽織HC【兜】,Green 竜ノ Haori FZ Kabuto
0x471cf8@mhfdat-jp.bin,蒼竜ノ羽織HS【兜】,Green 竜ノ Haori HC Kabuto
0x471cfc@mhfdat-jp.bin,オービスヘッド,Green 竜ノ Haori HS Kabuto
0x471d00@mhfdat-jp.bin,オービスＦヘッド,Ukon Head
0x471d04@mhfdat-jp.bin,オービスFZヘッド,Ukon F Head
0x471d08@mhfdat-jp.bin,オービスHCヘッド,Ukon FZ Head
0x471d0c@mhfdat-jp.bin,オービスマスク,Ukon HC Head
0x471d10@mhfdat-jp.bin,オービスＦマスク,Ukon Mask
0x471d14@mhfdat-jp.bin,オービスFZマスク,Ukon F Mask
0x471d18@mhfdat-jp.bin,オービスHCマスク,Ukon FZ Mask
0x471d1c@mhfdat-jp.bin,オービスHSヘッド,Ukon HC Mask
0x471d20@mhfdat-jp.bin,オービスGSヘッド,Ukon HS Head
0x471d24@mhfdat-jp.bin,オービスHSマスク,Ukon GS Head
0x471d28@mhfdat-jp.bin,オービスGSマスク,Ukon HS Mask
0x471d2c@mhfdat-jp.bin,蒼竜ノ具足GS【兜】,Ukon GS Mask
0x471d30@mhfdat-jp.bin,蒼竜ノ羽織GS【兜】,Green 竜ノ Greaves GS Kabuto
0x471d34@mhfdat-jp.bin,ロウセスGFヘルム,Green 竜ノ Haori GS Kabuto
0x471d38@mhfdat-jp.bin,ロウセスGFキャップ,Roses GF Helm
0x471d3c@mhfdat-jp.bin,ダミー,Roses GF Cap
0x471d40@mhfdat-jp.bin,ダミー,ダミー
0x471d44@mhfdat-jp.bin,マゴスヘッド・黄,ダミー
0x471d48@mhfdat-jp.bin,マゴスＦヘッド・黄,Magos Head・Yellow
0x471d4c@mhfdat-jp.bin,マゴスFZヘッド・黄,Magos F Head・Yellow
0x471d50@mhfdat-jp.bin,マゴスHCヘッド・黄,Magos FZ Head・Yellow
0x471d54@mhfdat-jp.bin,マゴスHSヘッド・黄,Magos HC Head・Yellow
0x471d58@mhfdat-jp.bin,マゴスハール・黄,Magos HS Head・Yellow
0x471d5c@mhfdat-jp.bin,マゴスＦハール・黄,Magos Haar・Yellow
0x471d60@mhfdat-jp.bin,マゴスFZハール・黄,Magos F Haar・Yellow
0x471d64@mhfdat-jp.bin,マゴスHCハール・黄,Magos FZ Haar・Yellow
0x471d68@mhfdat-jp.bin,マゴスHSハール・黄,Magos HC Haar・Yellow
0x471d6c@mhfdat-jp.bin,マゴスヘッド・赤,Magos HS Haar・Yellow
0x471d70@mhfdat-jp.bin,マゴスＦヘッド・赤,Magos Head・Red
0x471d74@mhfdat-jp.bin,マゴスFZヘッド・赤,Magos F Head・Red
0x471d78@mhfdat-jp.bin,マゴスHCヘッド・赤,Magos FZ Head・Red
0x471d7c@mhfdat-jp.bin,マゴスHSヘッド・赤,Magos HC Head・Red
0x471d80@mhfdat-jp.bin,マゴスハール・赤,Magos HS Head・Red
0x471d84@mhfdat-jp.bin,マゴスＦハール・赤,Magos Haar・Red
0x471d88@mhfdat-jp.bin,マゴスFZハール・赤,Magos F Haar・Red
0x471d8c@mhfdat-jp.bin,マゴスHCハール・赤,Magos FZ Haar・Red
0x471d90@mhfdat-jp.bin,マゴスHSハール・赤,Magos HC Haar・Red
0x471d94@mhfdat-jp.bin,マゴスヘッド・水,Magos HS Haar・Red
0x471d98@mhfdat-jp.bin,マゴスＦヘッド・水,Magos Head・Water
0x471d9c@mhfdat-jp.bin,マゴスFZヘッド・水,Magos F Head・Water
0x471da0@mhfdat-jp.bin,マゴスHCヘッド・水,Magos FZ Head・Water
0x471da4@mhfdat-jp.bin,マゴスHSヘッド・水,Magos HC Head・Water
0x471da8@mhfdat-jp.bin,マゴスハール・水,Magos HS Head・Water
0x471dac@mhfdat-jp.bin,マゴスＦハール・水,Magos Haar・Water
0x471db0@mhfdat-jp.bin,マゴスFZハール・水,Magos F Haar・Water
0x471db4@mhfdat-jp.bin,マゴスHCハール・水,Magos FZ Haar・Water
0x471db8@mhfdat-jp.bin,マゴスHSハール・水,Magos HC Haar・Water
0x471dbc@mhfdat-jp.bin,マゴスヘッド・青,Magos HS Haar・Water
0x471dc0@mhfdat-jp.bin,マゴスＦヘッド・青,Magos Head・Blue
0x471dc4@mhfdat-jp.bin,マゴスFZヘッド・青,Magos F Head・Blue
0x471dc8@mhfdat-jp.bin,マゴスHCヘッド・青,Magos FZ Head・Blue
0x471dcc@mhfdat-jp.bin,マゴスHSヘッド・青,Magos HC Head・Blue
0x471dd0@mhfdat-jp.bin,マゴスハール・青,Magos HS Head・Blue
0x471dd4@mhfdat-jp.bin,マゴスＦハール・青,Magos Haar・Blue
0x471dd8@mhfdat-jp.bin,マゴスFZハール・青,Magos F Haar・Blue
0x471ddc@mhfdat-jp.bin,マゴスHCハール・青,Magos FZ Haar・Blue
0x471de0@mhfdat-jp.bin,マゴスHSハール・青,Magos HC Haar・Blue
0x471de4@mhfdat-jp.bin,マゴスGSヘッド・黄,Magos HS Haar・Blue
0x471de8@mhfdat-jp.bin,マゴスGSハール・黄,Magos GS Head・Yellow
0x471dec@mhfdat-jp.bin,マゴスGSヘッド・赤,Magos GS Haar・Yellow
0x471df0@mhfdat-jp.bin,マゴスGSハール・赤,Magos GS Head・Red
0x471df4@mhfdat-jp.bin,マゴスGSヘッド・水,Magos GS Haar・Red
0x471df8@mhfdat-jp.bin,マゴスGSハール・水,Magos GS Head・Water
0x471dfc@mhfdat-jp.bin,マゴスGSヘッド・青,Magos GS Haar・Water
0x471e00@mhfdat-jp.bin,マゴスGSハール・青,Magos GS Head・Blue
0x471e04@mhfdat-jp.bin,赤備ノ具足【兜】,Magos GS Haar・Blue
0x471e08@mhfdat-jp.bin,赤備ノ具足Ｆ【兜】,Red 備ノ Greaves Kabuto
0x471e0c@mhfdat-jp.bin,赤備ノ具足FZ【兜】,Red 備ノ Greaves F Kabuto
0x471e10@mhfdat-jp.bin,赤備ノ具足HC【兜】,Red 備ノ Greaves FZ Kabuto
0x471e14@mhfdat-jp.bin,赤備ノ具足HS【兜】,Red 備ノ Greaves HC Kabuto
0x471e18@mhfdat-jp.bin,赤備ノ具足GS【兜】,Red 備ノ Greaves HS Kabuto
0x471e1c@mhfdat-jp.bin,赤備ノ羽織【兜】,Red 備ノ Greaves GS Kabuto
0x471e20@mhfdat-jp.bin,赤備ノ羽織Ｆ【兜】,Red 備ノ Haori Kabuto
0x471e24@mhfdat-jp.bin,赤備ノ羽織FZ【兜】,Red 備ノ Haori F Kabuto
0x471e28@mhfdat-jp.bin,赤備ノ羽織HC【兜】,Red 備ノ Haori FZ Kabuto
0x471e2c@mhfdat-jp.bin,赤備ノ羽織HS【兜】,Red 備ノ Haori HC Kabuto
0x471e30@mhfdat-jp.bin,赤備ノ羽織GS【兜】,Red 備ノ Haori HS Kabuto
0x471e34@mhfdat-jp.bin,ミクヘッド,Red 備ノ Haori GS Kabuto
0x471e38@mhfdat-jp.bin,ミクＦヘッド,Miku Head
0x471e3c@mhfdat-jp.bin,ミクFZヘッド,Miku F Head
0x471e40@mhfdat-jp.bin,ミクHCヘッド,Miku FZ Head
0x471e44@mhfdat-jp.bin,ミクHSヘッド,Miku HC Head
0x471e48@mhfdat-jp.bin,ミクGSヘッド,Miku HS Head
0x471e4c@mhfdat-jp.bin,ミクピアス,Miku GS Head
0x471e50@mhfdat-jp.bin,ミクＦピアス,Miku Piercings
0x471e54@mhfdat-jp.bin,ミクFZピアス,Miku F Piercings
0x471e58@mhfdat-jp.bin,ミクHCピアス,Miku FZ Piercings
0x471e5c@mhfdat-jp.bin,ミクHSピアス,Miku HC Piercings
0x471e60@mhfdat-jp.bin,ミクGSピアス,Miku HS Piercings
0x471e64@mhfdat-jp.bin,赤原礼装・頭：剣赤,Miku GS Piercings
0x471e68@mhfdat-jp.bin,赤原礼装・頭：剣Ｆ赤,Akahara Reisou BM Head Red
0x471e6c@mhfdat-jp.bin,赤原礼装・頭：剣FZ赤,Akahara Reisou BM Head F Red
0x471e70@mhfdat-jp.bin,赤原礼装・頭：剣HC赤,Akahara Reisou BM Head FZ Red
0x471e74@mhfdat-jp.bin,赤原礼装・頭：剣HS赤,Akahara Reisou BM Head HC Red
0x471e78@mhfdat-jp.bin,赤原礼装・頭：剣GS赤,Akahara Reisou BM Head HS Red
0x471e7c@mhfdat-jp.bin,赤原礼装・頭：弓赤,Akahara Reisou BM Head GS Red
0x471e80@mhfdat-jp.bin,赤原礼装・頭：弓Ｆ赤,Akahara Reisou GN Head Red
0x471e84@mhfdat-jp.bin,赤原礼装・頭：弓FZ赤,Akahara Reisou GN Head F Red
0x471e88@mhfdat-jp.bin,赤原礼装・頭：弓HC赤,Akahara Reisou GN Head FZ Red
0x471e8c@mhfdat-jp.bin,赤原礼装・頭：弓HS赤,Akahara Reisou GN Head HC Red
0x471e90@mhfdat-jp.bin,赤原礼装・頭：弓GS赤,Akahara Reisou GN Head HS Red
0x471e94@mhfdat-jp.bin,赤原礼装・頭：剣青,Akahara Reisou GN Head GS Red
0x471e98@mhfdat-jp.bin,赤原礼装・頭：剣Ｆ青,Akahara Reisou BM Head Blue
0x471e9c@mhfdat-jp.bin,赤原礼装・頭：剣FZ青,Akahara Reisou BM Head F Blue
0x471ea0@mhfdat-jp.bin,赤原礼装・頭：剣HC青,Akahara Reisou BM Head FZ Blue
0x471ea4@mhfdat-jp.bin,赤原礼装・頭：剣HS青,Akahara Reisou BM Head HC Blue
0x471ea8@mhfdat-jp.bin,赤原礼装・頭：剣GS青,Akahara Reisou BM Head HS Blue
0x471eac@mhfdat-jp.bin,赤原礼装・頭：弓青,Akahara Reisou BM Head GS Blue
0x471eb0@mhfdat-jp.bin,赤原礼装・頭：弓Ｆ青,Akahara Reisou GN Head Blue
0x471eb4@mhfdat-jp.bin,赤原礼装・頭：弓FZ青,Akahara Reisou GN Head F Blue
0x471eb8@mhfdat-jp.bin,赤原礼装・頭：弓HC青,Akahara Reisou GN Head FZ Blue
0x471ebc@mhfdat-jp.bin,赤原礼装・頭：弓HS青,Akahara Reisou GN Head HC Blue
0x471ec0@mhfdat-jp.bin,赤原礼装・頭：弓GS青,Akahara Reisou GN Head HS Blue
0x471ec4@mhfdat-jp.bin,赤原礼装・頭：剣黒,Akahara Reisou GN Head GS Blue
0x471ec8@mhfdat-jp.bin,赤原礼装・頭：剣Ｆ黒,Akahara Reisou BM Head Black
0x471ecc@mhfdat-jp.bin,赤原礼装・頭：剣FZ黒,Akahara Reisou BM Head F Black
0x471ed0@mhfdat-jp.bin,赤原礼装・頭：剣HC黒,Akahara Reisou BM Head FZ Black
0x471ed4@mhfdat-jp.bin,赤原礼装・頭：剣HS黒,Akahara Reisou BM Head HC Black
0x471ed8@mhfdat-jp.bin,赤原礼装・頭：剣GS黒,Akahara Reisou BM Head HS Black
0x471edc@mhfdat-jp.bin,赤原礼装・頭：弓黒,Akahara Reisou BM Head GS Black
0x471ee0@mhfdat-jp.bin,赤原礼装・頭：弓Ｆ黒,Akahara Reisou GN Head Black
0x471ee4@mhfdat-jp.bin,赤原礼装・頭：弓FZ黒,Akahara Reisou GN Head F Black
0x471ee8@mhfdat-jp.bin,赤原礼装・頭：弓HC黒,Akahara Reisou GN Head FZ Black
0x471eec@mhfdat-jp.bin,赤原礼装・頭：弓HS黒,Akahara Reisou GN Head HC Black
0x471ef0@mhfdat-jp.bin,赤原礼装・頭：弓GS黒,Akahara Reisou GN Head HS Black
0x471ef4@mhfdat-jp.bin,赤原礼装・頭：剣白,Akahara Reisou GN Head GS Black
0x471ef8@mhfdat-jp.bin,赤原礼装・頭：剣Ｆ白,Akahara Reisou BM Head White
0x471efc@mhfdat-jp.bin,赤原礼装・頭：剣FZ白,Akahara Reisou BM Head F White
0x471f00@mhfdat-jp.bin,赤原礼装・頭：剣HC白,Akahara Reisou BM Head FZ White
0x471f04@mhfdat-jp.bin,赤原礼装・頭：剣HS白,Akahara Reisou BM Head HC White
0x471f08@mhfdat-jp.bin,赤原礼装・頭：剣GS白,Akahara Reisou BM Head HS White
0x471f0c@mhfdat-jp.bin,赤原礼装・頭：弓白,Akahara Reisou BM Head GS White
0x471f10@mhfdat-jp.bin,赤原礼装・頭：弓Ｆ白,Akahara Reisou GN Head White
0x471f14@mhfdat-jp.bin,赤原礼装・頭：弓FZ白,Akahara Reisou GN Head F White
0x471f18@mhfdat-jp.bin,赤原礼装・頭：弓HC白,Akahara Reisou GN Head FZ White
0x471f1c@mhfdat-jp.bin,赤原礼装・頭：弓HS白,Akahara Reisou GN Head HC White
0x471f20@mhfdat-jp.bin,赤原礼装・頭：弓GS白,Akahara Reisou GN Head HS White
0x471f24@mhfdat-jp.bin,騎士王の髪結：剣青,Akahara Reisou GN Head GS White
0x471f28@mhfdat-jp.bin,騎士王の髪結：剣Ｆ青,Knight King Hair BM Blue
0x471f2c@mhfdat-jp.bin,騎士王の髪結：剣FZ青,Knight King Hair BM F Blue
0x471f30@mhfdat-jp.bin,騎士王の髪結：剣HC青,Knight King Hair BM FZ Blue
0x471f34@mhfdat-jp.bin,騎士王の髪結：剣HS青,Knight King Hair BM HC Blue
0x471f38@mhfdat-jp.bin,騎士王の髪結：剣GS青,Knight King Hair BM HS Blue
0x471f3c@mhfdat-jp.bin,騎士王の髪結：弓青,Knight King Hair BM GS Blue
0x471f40@mhfdat-jp.bin,騎士王の髪結：弓Ｆ青,Knight King Hair GN Blue
0x471f44@mhfdat-jp.bin,騎士王の髪結：弓FZ青,Knight King Hair GN F Blue
0x471f48@mhfdat-jp.bin,騎士王の髪結：弓HC青,Knight King Hair GN FZ Blue
0x471f4c@mhfdat-jp.bin,騎士王の髪結：弓HS青,Knight King Hair GN HC Blue
0x471f50@mhfdat-jp.bin,騎士王の髪結：弓GS青,Knight King Hair GN HS Blue
0x471f54@mhfdat-jp.bin,騎士王の髪結：剣赤,Knight King Hair GN GS Blue
0x471f58@mhfdat-jp.bin,騎士王の髪結：剣Ｆ赤,Knight King Hair BM Red
0x471f5c@mhfdat-jp.bin,騎士王の髪結：剣FZ赤,Knight King Hair BM F Red
0x471f60@mhfdat-jp.bin,騎士王の髪結：剣HC赤,Knight King Hair BM FZ Red
0x471f64@mhfdat-jp.bin,騎士王の髪結：剣HS赤,Knight King Hair BM HC Red
0x471f68@mhfdat-jp.bin,騎士王の髪結：剣GS赤,Knight King Hair BM HS Red
0x471f6c@mhfdat-jp.bin,騎士王の髪結：弓赤,Knight King Hair BM GS Red
0x471f70@mhfdat-jp.bin,騎士王の髪結：弓Ｆ赤,Knight King Hair GN Red
0x471f74@mhfdat-jp.bin,騎士王の髪結：弓FZ赤,Knight King Hair GN F Red
0x471f78@mhfdat-jp.bin,騎士王の髪結：弓HC赤,Knight King Hair GN FZ Red
0x471f7c@mhfdat-jp.bin,騎士王の髪結：弓HS赤,Knight King Hair GN HC Red
0x471f80@mhfdat-jp.bin,騎士王の髪結：弓GS赤,Knight King Hair GN HS Red
0x471f84@mhfdat-jp.bin,騎士王の髪結：剣黒,Knight King Hair GN GS Red
0x471f88@mhfdat-jp.bin,騎士王の髪結：剣Ｆ黒,Knight King Hair BM Black
0x471f8c@mhfdat-jp.bin,騎士王の髪結：剣FZ黒,Knight King Hair BM F Black
0x471f90@mhfdat-jp.bin,騎士王の髪結：剣HC黒,Knight King Hair BM FZ Black
0x471f94@mhfdat-jp.bin,騎士王の髪結：剣HS黒,Knight King Hair BM HC Black
0x471f98@mhfdat-jp.bin,騎士王の髪結：剣GS黒,Knight King Hair BM HS Black
0x471f9c@mhfdat-jp.bin,騎士王の髪結：弓黒,Knight King Hair BM GS Black
0x471fa0@mhfdat-jp.bin,騎士王の髪結：弓Ｆ黒,Knight King Hair GN Black
0x471fa4@mhfdat-jp.bin,騎士王の髪結：弓FZ黒,Knight King Hair GN F Black
0x471fa8@mhfdat-jp.bin,騎士王の髪結：弓HC黒,Knight King Hair GN FZ Black
0x471fac@mhfdat-jp.bin,騎士王の髪結：弓HS黒,Knight King Hair GN HC Black
0x471fb0@mhfdat-jp.bin,騎士王の髪結：弓GS黒,Knight King Hair GN HS Black
0x471fb4@mhfdat-jp.bin,騎士王の髪結：剣白,Knight King Hair GN GS Black
0x471fb8@mhfdat-jp.bin,騎士王の髪結：剣Ｆ白,Knight King Hair BM White
0x471fbc@mhfdat-jp.bin,騎士王の髪結：剣FZ白,Knight King Hair BM F White
0x471fc0@mhfdat-jp.bin,騎士王の髪結：剣HC白,Knight King Hair BM FZ White
0x471fc4@mhfdat-jp.bin,騎士王の髪結：剣HS白,Knight King Hair BM HC White
0x471fc8@mhfdat-jp.bin,騎士王の髪結：剣GS白,Knight King Hair BM HS White
0x471fcc@mhfdat-jp.bin,騎士王の髪結：弓白,Knight King Hair BM GS White
0x471fd0@mhfdat-jp.bin,騎士王の髪結：弓Ｆ白,Knight King Hair GN White
0x471fd4@mhfdat-jp.bin,騎士王の髪結：弓FZ白,Knight King Hair GN F White
0x471fd8@mhfdat-jp.bin,騎士王の髪結：弓HC白,Knight King Hair GN FZ White
0x471fdc@mhfdat-jp.bin,騎士王の髪結：弓HS白,Knight King Hair GN HC White
0x471fe0@mhfdat-jp.bin,騎士王の髪結：弓GS白,Knight King Hair GN HS White
0x471fe4@mhfdat-jp.bin,ヴェルフFZヘルム,Knight King Hair GN GS White
0x471fe8@mhfdat-jp.bin,ヴェルフHCヘルム,ヴェルフFZ Helm
0x471fec@mhfdat-jp.bin,ヴェルフFZキャップ,ヴェルフHC Helm
0x471ff0@mhfdat-jp.bin,ヴェルフHCキャップ,ヴェルフFZ Cap
0x471ff4@mhfdat-jp.bin,テリオグFZヘルム,ヴェルフHC Cap
0x471ff8@mhfdat-jp.bin,テリオグHCヘルム,テリオグFZ Helm
0x471ffc@mhfdat-jp.bin,テリオグFZキャップ,テリオグHC Helm
0x472000@mhfdat-jp.bin,テリオグHCキャップ,テリオグFZ Cap
0x472004@mhfdat-jp.bin,ベイルFZイヤリング,テリオグHC Cap
0x472008@mhfdat-jp.bin,ベイルHCイヤリング,Beil FZ Earrings
0x47200c@mhfdat-jp.bin,アハバーFZピアス,Beil HC Earrings
0x472010@mhfdat-jp.bin,アハバーHCピアス,Ahaba ーFZ Piercings
0x472014@mhfdat-jp.bin,アハバーHSピアス,Ahaba ーHC Piercings
0x472018@mhfdat-jp.bin,クローニーFZピアス,Ahaba ーHS Piercings
0x47201c@mhfdat-jp.bin,クローニーHCピアス,クローニーFZ Piercings
0x472020@mhfdat-jp.bin,クローニーHSピアス,クローニーHC Piercings
0x472024@mhfdat-jp.bin,ピエトラGXヘルム,クローニーHS Piercings
0x472028@mhfdat-jp.bin,ピエトラGXキャップ,Pietra GX Helm
0x47202c@mhfdat-jp.bin,ポカラGXヘルム,Pietra GX Cap
0x472030@mhfdat-jp.bin,ポカラGXキャップ,Pokara GX Helm
0x472034@mhfdat-jp.bin,ザザミGXヘルム,Pokara GX Cap
0x472038@mhfdat-jp.bin,ザザミGXキャップ,Hermitaur GX Helm
0x47203c@mhfdat-jp.bin,クックGXヘルム,Hermitaur GX Cap
0x472040@mhfdat-jp.bin,クックGXキャップ,Kut-Ku GX Helm
0x472044@mhfdat-jp.bin,ファルノGXヘルム,Kut-Ku GX Cap
0x472048@mhfdat-jp.bin,ファルノGXキャップ,Farunokku GX Helm
0x47204c@mhfdat-jp.bin,ゲリョスGXヘルム,Farunokku GX Cap
0x472050@mhfdat-jp.bin,ゲリョスGXキャップ,Gypceros GX Helm
0x472054@mhfdat-jp.bin,コンガGXヘルム,Gypceros GX Cap
0x472058@mhfdat-jp.bin,コンガGXキャップ,Congalala GX Helm
0x47205c@mhfdat-jp.bin,ヘッジGXヘルム,Congalala GX Cap
0x472060@mhfdat-jp.bin,ヘッジGXキャップ,Hyuj GX Helm
0x472064@mhfdat-jp.bin,バサルGXヘルム,Hyuj GX Cap
0x472068@mhfdat-jp.bin,バサルGXキャップ,Basarios GX Helm
0x47206c@mhfdat-jp.bin,レイアGXヘルム,Basarios GX Cap
0x472070@mhfdat-jp.bin,レイアGXキャップ,Rathian GX Helm
0x472074@mhfdat-jp.bin,ギザミGXヘルム,Rathian GX Cap
0x472078@mhfdat-jp.bin,ギザミGXキャップ,Ceanataur GX Helm
0x47207c@mhfdat-jp.bin,御神楽GX【兜】,Ceanataur GX Cap
0x472080@mhfdat-jp.bin,里神楽GX【鉢金】,Mikagura GX Kabuto
0x472084@mhfdat-jp.bin,レウスGXヘルム,Satokagura GX Hachigane
0x472088@mhfdat-jp.bin,レウスGXキャップ,Rathalos GX Helm
0x47208c@mhfdat-jp.bin,ブランゴGXヘルム,Rathalos GX Cap
0x472090@mhfdat-jp.bin,ブランゴGXキャップ,Blango GX Helm
0x472094@mhfdat-jp.bin,フルフルGXヘルム,Blango GX Cap
0x472098@mhfdat-jp.bin,フルフルGXキャップ,Khezu GX Helm
0x47209c@mhfdat-jp.bin,ホープGXヘルム,Khezu GX Cap
0x4720a0@mhfdat-jp.bin,ホープGXキャップ,Hope GX Helm
0x4720a4@mhfdat-jp.bin,マグシアＧヘルム,Hope GX Cap
0x4720a8@mhfdat-jp.bin,マグシアGFヘルム,Gougarf G Helm
0x4720ac@mhfdat-jp.bin,マグシアGXヘルム,Gougarf GF Helm
0x4720b0@mhfdat-jp.bin,マグシアＧキャップ,Gougarf GX Helm
0x4720b4@mhfdat-jp.bin,マグシアGFキャップ,Gougarf G Cap
0x4720b8@mhfdat-jp.bin,マグシアGXキャップ,Gougarf GF Cap
0x4720bc@mhfdat-jp.bin,ショウロウ【天頭】Ｇ,Gougarf GX Cap
0x4720c0@mhfdat-jp.bin,ショウロウ【天頭】GF,Shourou [Heaven 頭】G
0x4720c4@mhfdat-jp.bin,ショウロウ【天頭】GX,Shourou [Heaven 頭】GF
0x4720c8@mhfdat-jp.bin,ミタマ【天頭】Ｇ,Shourou [Heaven 頭】GX
0x4720cc@mhfdat-jp.bin,ミタマ【天頭】GF,Mitama [Heaven 頭】G
0x4720d0@mhfdat-jp.bin,ミタマ【天頭】GX,Mitama [Heaven 頭】GF
0x4720d4@mhfdat-jp.bin,サベージＧヘルム,Mitama [Heaven 頭】GX
0x4720d8@mhfdat-jp.bin,サベージGFヘルム,Giaorugu G Helm
0x4720dc@mhfdat-jp.bin,サベージGXヘルム,Giaorugu GF Helm
0x4720e0@mhfdat-jp.bin,サベージＧキャップ,Giaorugu GX Helm
0x4720e4@mhfdat-jp.bin,サベージGFキャップ,Giaorugu G Cap
0x4720e8@mhfdat-jp.bin,サベージGXキャップ,Giaorugu GF Cap
0x4720ec@mhfdat-jp.bin,グラビドＧヘルム,Giaorugu GX Cap
0x4720f0@mhfdat-jp.bin,グラビドGFヘルム,Gravios G Helm
0x4720f4@mhfdat-jp.bin,グラビドGXヘルム,Gravios GF Helm
0x4720f8@mhfdat-jp.bin,グラビドＧキャップ,Gravios GX Helm
0x4720fc@mhfdat-jp.bin,グラビドGFキャップ,Gravios G Cap
0x472100@mhfdat-jp.bin,グラビドGXキャップ,Gravios GF Cap
0x472104@mhfdat-jp.bin,レックスＧヘルム,Gravios GX Cap
0x472108@mhfdat-jp.bin,レックスGFヘルム,Tigrex G Helm
0x47210c@mhfdat-jp.bin,レックスGXヘルム,Tigrex GF Helm
0x472110@mhfdat-jp.bin,レックスＧキャップ,Tigrex GX Helm
0x472114@mhfdat-jp.bin,レックスGFキャップ,Tigrex G Cap
0x472118@mhfdat-jp.bin,レックスGXキャップ,Tigrex GF Cap
0x47211c@mhfdat-jp.bin,パリアＧヘルム,Tigrex GX Cap
0x472120@mhfdat-jp.bin,パリアGFヘルム,Pariapuria G Helm
0x472124@mhfdat-jp.bin,パリアGXヘルム,Pariapuria GF Helm
0x472128@mhfdat-jp.bin,パリアＧキャップ,Pariapuria GX Helm
0x47212c@mhfdat-jp.bin,パリアGFキャップ,Pariapuria G Cap
0x472130@mhfdat-jp.bin,パリアGXキャップ,Pariapuria GF Cap
0x472134@mhfdat-jp.bin,トルペドＧヘルム,Pariapuria GX Cap
0x472138@mhfdat-jp.bin,トルペドGFヘルム,Torpedo G Helm
0x47213c@mhfdat-jp.bin,トルペドGXヘルム,Torpedo GF Helm
0x472140@mhfdat-jp.bin,トルペドＧキャップ,Torpedo GX Helm
0x472144@mhfdat-jp.bin,トルペドGFキャップ,Torpedo G Cap
0x472148@mhfdat-jp.bin,トルペドGXキャップ,Torpedo GF Cap
0x47214c@mhfdat-jp.bin,ラヴァＧヘルム,Torpedo GX Cap
0x472150@mhfdat-jp.bin,ラヴァGFヘルム,Lavasioth G Helm
0x472154@mhfdat-jp.bin,ラヴァGXヘルム,Lavasioth GF Helm
0x472158@mhfdat-jp.bin,ラヴァＧキャップ,Lavasioth GX Helm
0x47215c@mhfdat-jp.bin,ラヴァGFキャップ,Lavasioth G Cap
0x472160@mhfdat-jp.bin,ラヴァGXキャップ,Lavasioth GF Cap
0x472164@mhfdat-jp.bin,エスピナＧゲヒル,Lavasioth GX Cap
0x472168@mhfdat-jp.bin,エスピナGFゲヒル,Espinas G Brain
0x47216c@mhfdat-jp.bin,エスピナGXゲヒル,Espinas GF Brain
0x472170@mhfdat-jp.bin,エスピナＧアゼレ,Espinas GX Brain
0x472174@mhfdat-jp.bin,エスピナGFアゼレ,Espinas G Soul
0x472178@mhfdat-jp.bin,エスピナGXアゼレ,Espinas GF Soul
0x47217c@mhfdat-jp.bin,金色ノ添髪・Ｇ,Espinas GX Soul
0x472180@mhfdat-jp.bin,金色ノ添髪・GF,Golden Headdress・G
0x472184@mhfdat-jp.bin,金色ノ添髪・GX,Golden Headdress・GF
0x472188@mhfdat-jp.bin,黒子ノ面隠・Ｇ,Golden Headdress・GX
0x47218c@mhfdat-jp.bin,黒子ノ面隠・GF,Black Cub Mask 隠・G
0x472190@mhfdat-jp.bin,黒子ノ面隠・GX,Black Cub Mask 隠・GF
0x472194@mhfdat-jp.bin,レビＧヘッド,Black Cub Mask 隠・GX
0x472198@mhfdat-jp.bin,レビGFヘッド,Rebidiora G Head
0x47219c@mhfdat-jp.bin,レビGXヘッド,Rebidiora GF Head
0x4721a0@mhfdat-jp.bin,レビＧフェイス,Rebidiora GX Head
0x4721a4@mhfdat-jp.bin,レビGFフェイス,Rebidiora G Face
0x4721a8@mhfdat-jp.bin,レビGXフェイス,Rebidiora GF Face
0x4721ac@mhfdat-jp.bin,ガルルガＧヘルム,Rebidiora GX Face
0x4721b0@mhfdat-jp.bin,ガルルガGFヘルム,Garuga G Helm
0x4721b4@mhfdat-jp.bin,ガルルガGXヘルム,Garuga GF Helm
0x4721b8@mhfdat-jp.bin,ガルルガＧキャップ,Garuga GX Helm
0x4721bc@mhfdat-jp.bin,ガルルガGFキャップ,Garuga G Cap
0x4721c0@mhfdat-jp.bin,ガルルガGXキャップ,Garuga GF Cap
0x4721c4@mhfdat-jp.bin,アクラＧヘルム,Garuga GX Cap
0x4721c8@mhfdat-jp.bin,アクラGFヘルム,Akura G Helm
0x4721cc@mhfdat-jp.bin,アクラGXヘルム,Akura GF Helm
0x4721d0@mhfdat-jp.bin,アクラＧキャップ,Akura GX Helm
0x4721d4@mhfdat-jp.bin,アクラGFキャップ,Akura G Cap
0x4721d8@mhfdat-jp.bin,アクラGXキャップ,Akura GF Cap
0x4721dc@mhfdat-jp.bin,グレンＧヘルム,Akura GX Cap
0x4721e0@mhfdat-jp.bin,グレンGFヘルム,Guren G Helm
0x4721e4@mhfdat-jp.bin,グレンGXヘルム,Guren GF Helm
0x4721e8@mhfdat-jp.bin,グレンＧキャップ,Guren GX Helm
0x4721ec@mhfdat-jp.bin,グレンGFキャップ,Guren G Cap
0x4721f0@mhfdat-jp.bin,グレンGXキャップ,Guren GF Cap
0x4721f4@mhfdat-jp.bin,稲荷・Ｇ【兜】,Guren GX Cap
0x4721f8@mhfdat-jp.bin,稲荷・GF【兜】,Inari G Kabuto
0x4721fc@mhfdat-jp.bin,稲荷・GX【兜】,Inari GF Kabuto
0x472200@mhfdat-jp.bin,玉藻・Ｇ【御面】,Inari GX Kabuto
0x472204@mhfdat-jp.bin,玉藻・GF【御面】,Tamamo G【御 Mask 】
0x472208@mhfdat-jp.bin,玉藻・GX【御面】,Tamamo GF【御 Mask 】
0x47220c@mhfdat-jp.bin,ディスＧヘルム,Tamamo GX【御 Mask 】
0x472210@mhfdat-jp.bin,ディスGFヘルム,Disu G Helm
0x472214@mhfdat-jp.bin,ディスGXヘルム,Disu GF Helm
0x472218@mhfdat-jp.bin,ディスＧキャップ,Disu GX Helm
0x47221c@mhfdat-jp.bin,ディスGFキャップ,Disu G Cap
0x472220@mhfdat-jp.bin,ディスGXキャップ,Disu GF Cap
0x472224@mhfdat-jp.bin,黒影ノ面・Ｇ,Disu GX Cap
0x472228@mhfdat-jp.bin,黒影ノ面・GF,Shadow Mask・G
0x47222c@mhfdat-jp.bin,黒影ノ面・GX,Shadow Mask・GF
0x472230@mhfdat-jp.bin,黒陰ノ面・Ｇ,Shadow Mask・GX
0x472234@mhfdat-jp.bin,黒陰ノ面・GF,Shade Mask・G
0x472238@mhfdat-jp.bin,黒陰ノ面・GX,Shade Mask・GF
0x47223c@mhfdat-jp.bin,白虎・剣聖Ｇヘルム,Shade Mask・GX
0x472240@mhfdat-jp.bin,白虎・剣聖GFヘルム,Byakko・Kensei G Helm
0x472244@mhfdat-jp.bin,朱雀・剣聖Ｇヘルム,Byakko・Kensei GF Helm
0x472248@mhfdat-jp.bin,朱雀・剣聖GFヘルム,Suzaku・Kensei G Helm
0x47224c@mhfdat-jp.bin,玄武・剣聖Ｇヘルム,Suzaku・Kensei GF Helm
0x472250@mhfdat-jp.bin,玄武・剣聖GFヘルム,Genbu・Kensei G Helm
0x472254@mhfdat-jp.bin,青龍・剣聖Ｇヘルム,Genbu・Kensei GF Helm
0x472258@mhfdat-jp.bin,青龍・剣聖GFヘルム,Seiryu・Kensei G Helm
0x47225c@mhfdat-jp.bin,白虎・双龍Ｇヘルム,Seiryu・Kensei GF Helm
0x472260@mhfdat-jp.bin,白虎・双龍GFヘルム,Byakko・双龍G Helm
0x472264@mhfdat-jp.bin,朱雀・双龍Ｇヘルム,Byakko・双龍GF Helm
0x472268@mhfdat-jp.bin,朱雀・双龍GFヘルム,Suzaku・双龍G Helm
0x47226c@mhfdat-jp.bin,玄武・双龍Ｇヘルム,Suzaku・双龍GF Helm
0x472270@mhfdat-jp.bin,玄武・双龍GFヘルム,Genbu・双龍G Helm
0x472274@mhfdat-jp.bin,青龍・双龍Ｇヘルム,Genbu・双龍GF Helm
0x472278@mhfdat-jp.bin,青龍・双龍GFヘルム,Seiryu・双龍G Helm
0x47227c@mhfdat-jp.bin,白虎・剣王Ｇヘルム,Seiryu・双龍GF Helm
0x472280@mhfdat-jp.bin,白虎・剣王GFヘルム,Byakko・Blade 王G Helm
0x472284@mhfdat-jp.bin,朱雀・剣王Ｇヘルム,Byakko・Blade 王GF Helm
0x472288@mhfdat-jp.bin,朱雀・剣王GFヘルム,Suzaku・Blade 王G Helm
0x47228c@mhfdat-jp.bin,玄武・剣王Ｇヘルム,Suzaku・Blade 王GF Helm
0x472290@mhfdat-jp.bin,玄武・剣王GFヘルム,Genbu・Blade 王G Helm
0x472294@mhfdat-jp.bin,青龍・剣王Ｇヘルム,Genbu・Blade 王GF Helm
0x472298@mhfdat-jp.bin,青龍・剣王GFヘルム,Seiryu・Blade 王G Helm
0x47229c@mhfdat-jp.bin,白虎・刀神Ｇヘルム,Seiryu・Blade 王GF Helm
0x4722a0@mhfdat-jp.bin,白虎・刀神GFヘルム,Byakko・刀神G Helm
0x4722a4@mhfdat-jp.bin,朱雀・刀神Ｇヘルム,Byakko・刀神GF Helm
0x4722a8@mhfdat-jp.bin,朱雀・刀神GFヘルム,Suzaku・刀神G Helm
0x4722ac@mhfdat-jp.bin,玄武・刀神Ｇヘルム,Suzaku・刀神GF Helm
0x4722b0@mhfdat-jp.bin,玄武・刀神GFヘルム,Genbu・刀神G Helm
0x4722b4@mhfdat-jp.bin,青龍・刀神Ｇヘルム,Genbu・刀神GF Helm
0x4722b8@mhfdat-jp.bin,青龍・刀神GFヘルム,Seiryu・刀神G Helm
0x4722bc@mhfdat-jp.bin,白虎・天槍Ｇヘルム,Seiryu・刀神GF Helm
0x4722c0@mhfdat-jp.bin,白虎・天槍GFヘルム,Byakko・Heaven 槍G Helm
0x4722c4@mhfdat-jp.bin,朱雀・天槍Ｇヘルム,Byakko・Heaven 槍GF Helm
0x4722c8@mhfdat-jp.bin,朱雀・天槍GFヘルム,Suzaku・Heaven 槍G Helm
0x4722cc@mhfdat-jp.bin,玄武・天槍Ｇヘルム,Suzaku・Heaven 槍GF Helm
0x4722d0@mhfdat-jp.bin,玄武・天槍GFヘルム,Genbu・Heaven 槍G Helm
0x4722d4@mhfdat-jp.bin,青龍・天槍Ｇヘルム,Genbu・Heaven 槍GF Helm
0x4722d8@mhfdat-jp.bin,青龍・天槍GFヘルム,Seiryu・Heaven 槍G Helm
0x4722dc@mhfdat-jp.bin,白虎・砲皇Ｇヘルム,Seiryu・Heaven 槍GF Helm
0x4722e0@mhfdat-jp.bin,白虎・砲皇GFヘルム,Byakko・砲皇G Helm
0x4722e4@mhfdat-jp.bin,朱雀・砲皇Ｇヘルム,Byakko・砲皇GF Helm
0x4722e8@mhfdat-jp.bin,朱雀・砲皇GFヘルム,Suzaku・砲皇G Helm
0x4722ec@mhfdat-jp.bin,玄武・砲皇Ｇヘルム,Suzaku・砲皇GF Helm
0x4722f0@mhfdat-jp.bin,玄武・砲皇GFヘルム,Genbu・砲皇G Helm
0x4722f4@mhfdat-jp.bin,青龍・砲皇Ｇヘルム,Genbu・砲皇GF Helm
0x4722f8@mhfdat-jp.bin,青龍・砲皇GFヘルム,Seiryu・砲皇G Helm
0x4722fc@mhfdat-jp.bin,白虎・鈍器獣Ｇヘルム,Seiryu・砲皇GF Helm
0x472300@mhfdat-jp.bin,白虎・鈍器獣GFヘルム,Byakko・鈍器獣G Helm
0x472304@mhfdat-jp.bin,朱雀・鈍器獣Ｇヘルム,Byakko・鈍器獣GF Helm
0x472308@mhfdat-jp.bin,朱雀・鈍器獣GFヘルム,Suzaku・鈍器獣G Helm
0x47230c@mhfdat-jp.bin,玄武・鈍器獣Ｇヘルム,Suzaku・鈍器獣GF Helm
0x472310@mhfdat-jp.bin,玄武・鈍器獣GFヘルム,Genbu・鈍器獣G Helm
0x472314@mhfdat-jp.bin,青龍・鈍器獣Ｇヘルム,Genbu・鈍器獣GF Helm
0x472318@mhfdat-jp.bin,青龍・鈍器獣GFヘルム,Seiryu・鈍器獣G Helm
0x47231c@mhfdat-jp.bin,白虎・奏帝Ｇヘルム,Seiryu・鈍器獣GF Helm
0x472320@mhfdat-jp.bin,白虎・奏帝GFヘルム,Byakko・奏帝G Helm
0x472324@mhfdat-jp.bin,朱雀・奏帝Ｇヘルム,Byakko・奏帝GF Helm
0x472328@mhfdat-jp.bin,朱雀・奏帝GFヘルム,Suzaku・奏帝G Helm
0x47232c@mhfdat-jp.bin,玄武・奏帝Ｇヘルム,Suzaku・奏帝GF Helm
0x472330@mhfdat-jp.bin,玄武・奏帝GFヘルム,Genbu・奏帝G Helm
0x472334@mhfdat-jp.bin,青龍・奏帝Ｇヘルム,Genbu・奏帝GF Helm
0x472338@mhfdat-jp.bin,青龍・奏帝GFヘルム,Seiryu・奏帝G Helm
0x47233c@mhfdat-jp.bin,白虎・銃傑Ｇマスク,Seiryu・奏帝GF Helm
0x472340@mhfdat-jp.bin,白虎・銃傑GFマスク,Byakko・銃傑G Mask
0x472344@mhfdat-jp.bin,朱雀・銃傑Ｇマスク,Byakko・銃傑GF Mask
0x472348@mhfdat-jp.bin,朱雀・銃傑GFマスク,Suzaku・銃傑G Mask
0x47234c@mhfdat-jp.bin,玄武・銃傑Ｇマスク,Suzaku・銃傑GF Mask
0x472350@mhfdat-jp.bin,玄武・銃傑GFマスク,Genbu・銃傑G Mask
0x472354@mhfdat-jp.bin,青龍・銃傑Ｇマスク,Genbu・銃傑GF Mask
0x472358@mhfdat-jp.bin,青龍・銃傑GFマスク,Seiryu・銃傑G Mask
0x47235c@mhfdat-jp.bin,白虎・銃仙Ｇマスク,Seiryu・銃傑GF Mask
0x472360@mhfdat-jp.bin,白虎・銃仙GFマスク,Byakko・銃仙G Mask
0x472364@mhfdat-jp.bin,朱雀・銃仙Ｇマスク,Byakko・銃仙GF Mask
0x472368@mhfdat-jp.bin,朱雀・銃仙GFマスク,Suzaku・銃仙G Mask
0x47236c@mhfdat-jp.bin,玄武・銃仙Ｇマスク,Suzaku・銃仙GF Mask
0x472370@mhfdat-jp.bin,玄武・銃仙GFマスク,Genbu・銃仙G Mask
0x472374@mhfdat-jp.bin,青龍・銃仙Ｇマスク,Genbu・銃仙GF Mask
0x472378@mhfdat-jp.bin,青龍・銃仙GFマスク,Seiryu・銃仙G Mask
0x47237c@mhfdat-jp.bin,白虎・弓鬼Ｇマスク,Seiryu・銃仙GF Mask
0x472380@mhfdat-jp.bin,白虎・弓鬼GFマスク,Byakko・Bow 鬼G Mask
0x472384@mhfdat-jp.bin,朱雀・弓鬼Ｇマスク,Byakko・Bow 鬼GF Mask
0x472388@mhfdat-jp.bin,朱雀・弓鬼GFマスク,Suzaku・Bow 鬼G Mask
0x47238c@mhfdat-jp.bin,玄武・弓鬼Ｇマスク,Suzaku・Bow 鬼GF Mask
0x472390@mhfdat-jp.bin,玄武・弓鬼GFマスク,Genbu・Bow 鬼G Mask
0x472394@mhfdat-jp.bin,青龍・弓鬼Ｇマスク,Genbu・Bow 鬼GF Mask
0x472398@mhfdat-jp.bin,青龍・弓鬼GFマスク,Seiryu・Bow 鬼G Mask
0x47239c@mhfdat-jp.bin,オディバＧヘルム,Seiryu・Bow 鬼GF Mask
0x4723a0@mhfdat-jp.bin,オディバＧキャップ,Odiva G Helm
0x4723a4@mhfdat-jp.bin,ブリッツＧホーン,Odiva G Cap
0x4723a8@mhfdat-jp.bin,ブリッツＧコルノ,Blitz G Horn
0x4723ac@mhfdat-jp.bin,フレイムＧクラウン,Blitz G Corno
0x4723b0@mhfdat-jp.bin,フレイムＧマスク,Flame G Crown
0x4723b4@mhfdat-jp.bin,ウィンドＧアンク,Flame G Mask
0x4723b8@mhfdat-jp.bin,ウィンドＧスーラ,Wind G Glare
0x4723bc@mhfdat-jp.bin,武者Ｇ【兜】,Wind G Snarl
0x4723c0@mhfdat-jp.bin,日光Ｇ【兜】,武者G Kabuto
0x4723c4@mhfdat-jp.bin,ワダツミＧ【烏帽子】,日光G Kabuto
0x4723c8@mhfdat-jp.bin,オカミＧ【烏帽子】,Wadatsumi G [Eboshi 】
0x4723cc@mhfdat-jp.bin,リルスＧヘッド,Okami G [Eboshi 】
0x4723d0@mhfdat-jp.bin,リルスＧキャップ,Lils G Head
0x4723d4@mhfdat-jp.bin,アルゴルＧヘルム,Lils G Cap
0x4723d8@mhfdat-jp.bin,アルゴルＧキャップ,Algol G Helm
0x4723dc@mhfdat-jp.bin,エミットＧヘルム,Algol G Cap
0x4723e0@mhfdat-jp.bin,エミットＧキャップ,エミットG Helm
0x4723e4@mhfdat-jp.bin,ディボアＧヘルム,エミットG Cap
0x4723e8@mhfdat-jp.bin,ディボアＧキャップ,Diboa G Helm
0x4723ec@mhfdat-jp.bin,鬼神ノ鉢金,Diboa G Cap
0x4723f0@mhfdat-jp.bin,童子ノ鉢金,Demon Lord Headguard
0x4723f4@mhfdat-jp.bin,レアーヘッド,童子ノ Headguard
0x4723f8@mhfdat-jp.bin,ハーデスヘッド,レアー Head
0x4723fc@mhfdat-jp.bin,レアーピアス,ハーデス Head
0x472400@mhfdat-jp.bin,ハーデスピアス,レアー Piercings
0x472404@mhfdat-jp.bin,ロウセスGXヘルム,ハーデス Piercings
0x472408@mhfdat-jp.bin,ロウセスGXキャップ,Roses GX Helm
0x47240c@mhfdat-jp.bin,ストレガＧヘルム,Roses GX Cap
0x472410@mhfdat-jp.bin,ストレガGFヘルム,Strega G Helm
0x472414@mhfdat-jp.bin,ストレガGXヘルム,Strega GF Helm
0x472418@mhfdat-jp.bin,ストレガＧキャップ,Strega GX Helm
0x47241c@mhfdat-jp.bin,ストレガGFキャップ,Strega G Cap
0x472420@mhfdat-jp.bin,ストレガGXキャップ,Strega GF Cap
0x472424@mhfdat-jp.bin,ピクスヘッド・緑,Strega GX Cap
0x472428@mhfdat-jp.bin,ピクスＦヘッド・緑,Pics Head・Green
0x47242c@mhfdat-jp.bin,ピクスFZヘッド・緑,Pics F Head・Green
0x472430@mhfdat-jp.bin,ピクスHCヘッド・緑,Pics FZ Head・Green
0x472434@mhfdat-jp.bin,ピクスHSヘッド・緑,Pics HC Head・Green
0x472438@mhfdat-jp.bin,ピクスGSヘッド・緑,Pics HS Head・Green
0x47243c@mhfdat-jp.bin,ピクスハット・緑,Pics GS Head・Green
0x472440@mhfdat-jp.bin,ピクスＦハット・緑,Pics Hat・Green
0x472444@mhfdat-jp.bin,ピクスFZハット・緑,Pics F Hat・Green
0x472448@mhfdat-jp.bin,ピクスHCハット・緑,Pics FZ Hat・Green
0x47244c@mhfdat-jp.bin,ピクスHSハット・緑,Pics HC Hat・Green
0x472450@mhfdat-jp.bin,ピクスGSハット・緑,Pics HS Hat・Green
0x472454@mhfdat-jp.bin,ピクスヘッド・紫,Pics GS Hat・Green
0x472458@mhfdat-jp.bin,ピクスＦヘッド・紫,Pics Head・Purple
0x47245c@mhfdat-jp.bin,ピクスFZヘッド・紫,Pics F Head・Purple
0x472460@mhfdat-jp.bin,ピクスHCヘッド・紫,Pics FZ Head・Purple
0x472464@mhfdat-jp.bin,ピクスHSヘッド・紫,Pics HC Head・Purple
0x472468@mhfdat-jp.bin,ピクスGSヘッド・紫,Pics HS Head・Purple
0x47246c@mhfdat-jp.bin,ピクスハット・紫,Pics GS Head・Purple
0x472470@mhfdat-jp.bin,ピクスＦハット・紫,Pics Hat・Purple
0x472474@mhfdat-jp.bin,ピクスFZハット・紫,Pics F Hat・Purple
0x472478@mhfdat-jp.bin,ピクスHCハット・紫,Pics FZ Hat・Purple
0x47247c@mhfdat-jp.bin,ピクスHSハット・紫,Pics HC Hat・Purple
0x472480@mhfdat-jp.bin,ピクスGSハット・紫,Pics HS Hat・Purple
0x472484@mhfdat-jp.bin,ピクスヘッド・黒,Pics GS Hat・Purple
0x472488@mhfdat-jp.bin,ピクスＦヘッド・黒,Pics Head・Black
0x47248c@mhfdat-jp.bin,ピクスFZヘッド・黒,Pics F Head・Black
0x472490@mhfdat-jp.bin,ピクスHCヘッド・黒,Pics FZ Head・Black
0x472494@mhfdat-jp.bin,ピクスHSヘッド・黒,Pics HC Head・Black
0x472498@mhfdat-jp.bin,ピクスGSヘッド・黒,Pics HS Head・Black
0x47249c@mhfdat-jp.bin,ピクスハット・黒,Pics GS Head・Black
0x4724a0@mhfdat-jp.bin,ピクスＦハット・黒,Pics Hat・Black
0x4724a4@mhfdat-jp.bin,ピクスFZハット・黒,Pics F Hat・Black
0x4724a8@mhfdat-jp.bin,ピクスHCハット・黒,Pics FZ Hat・Black
0x4724ac@mhfdat-jp.bin,ピクスHSハット・黒,Pics HC Hat・Black
0x4724b0@mhfdat-jp.bin,ピクスGSハット・黒,Pics HS Hat・Black
0x4724b4@mhfdat-jp.bin,ピクスヘッド・水,Pics GS Hat・Black
0x4724b8@mhfdat-jp.bin,ピクスＦヘッド・水,Pics Head・Water
0x4724bc@mhfdat-jp.bin,ピクスFZヘッド・水,Pics F Head・Water
0x4724c0@mhfdat-jp.bin,ピクスHCヘッド・水,Pics FZ Head・Water
0x4724c4@mhfdat-jp.bin,ピクスHSヘッド・水,Pics HC Head・Water
0x4724c8@mhfdat-jp.bin,ピクスGSヘッド・水,Pics HS Head・Water
0x4724cc@mhfdat-jp.bin,ピクスハット・水,Pics GS Head・Water
0x4724d0@mhfdat-jp.bin,ピクスＦハット・水,Pics Hat・Water
0x4724d4@mhfdat-jp.bin,ピクスFZハット・水,Pics F Hat・Water
0x4724d8@mhfdat-jp.bin,ピクスHCハット・水,Pics FZ Hat・Water
0x4724dc@mhfdat-jp.bin,ピクスHSハット・水,Pics HC Hat・Water
0x4724e0@mhfdat-jp.bin,ピクスGSハット・水,Pics HS Hat・Water
0x4724e4@mhfdat-jp.bin,ブライトヘルム,Pics GS Hat・Water
0x4724e8@mhfdat-jp.bin,ブライトＦヘルム,Bright Helm
0x4724ec@mhfdat-jp.bin,ブライトFZヘルム,Bright F Helm
0x4724f0@mhfdat-jp.bin,ブライトHCヘルム,Bright FZ Helm
0x4724f4@mhfdat-jp.bin,ブライトHSヘルム,Bright HC Helm
0x4724f8@mhfdat-jp.bin,ブライトGSヘルム,Bright HS Helm
0x4724fc@mhfdat-jp.bin,ブライトキャップ,Bright GS Helm
0x472500@mhfdat-jp.bin,ブライトＦキャップ,Bright Cap
0x472504@mhfdat-jp.bin,ブライトFZキャップ,Bright F Cap
0x472508@mhfdat-jp.bin,ブライトHCキャップ,Bright FZ Cap
0x47250c@mhfdat-jp.bin,ブライトHSキャップ,Bright HC Cap
0x472510@mhfdat-jp.bin,ブライトGSキャップ,Bright HS Cap
0x472514@mhfdat-jp.bin,ジュアリヘルム,Bright GS Cap
0x472518@mhfdat-jp.bin,ジュアリＦヘルム,Juari Helm
0x47251c@mhfdat-jp.bin,ジュアリFZヘルム,Juari F Helm
0x472520@mhfdat-jp.bin,ジュアリHCヘルム,Juari FZ Helm
0x472524@mhfdat-jp.bin,ジュアリHSヘルム,Juari HC Helm
0x472528@mhfdat-jp.bin,ジュアリGSヘルム,Juari HS Helm
0x47252c@mhfdat-jp.bin,ジュアリキャップ,Juari GS Helm
0x472530@mhfdat-jp.bin,ジュアリＦキャップ,Juari Cap
0x472534@mhfdat-jp.bin,ジュアリFZキャップ,Juari F Cap
0x472538@mhfdat-jp.bin,ジュアリHCキャップ,Juari FZ Cap
0x47253c@mhfdat-jp.bin,ジュアリHSキャップ,Juari HC Cap
0x472540@mhfdat-jp.bin,ジュアリGSキャップ,Juari HS Cap
0x472544@mhfdat-jp.bin,ティンクヘルム,Juari GS Cap
0x472548@mhfdat-jp.bin,ティンクＦヘルム,Tinku Helm
0x47254c@mhfdat-jp.bin,ティンクFZヘルム,Tinku F Helm
0x472550@mhfdat-jp.bin,ティンクHCヘルム,Tinku FZ Helm
0x472554@mhfdat-jp.bin,ティンクHSヘルム,Tinku HC Helm
0x472558@mhfdat-jp.bin,ティンクGSヘルム,Tinku HS Helm
0x47255c@mhfdat-jp.bin,ティンクキャップ,Tinku GS Helm
0x472560@mhfdat-jp.bin,ティンクＦキャップ,Tinku Cap
0x472564@mhfdat-jp.bin,ティンクFZキャップ,Tinku F Cap
0x472568@mhfdat-jp.bin,ティンクHCキャップ,Tinku FZ Cap
0x47256c@mhfdat-jp.bin,ティンクHSキャップ,Tinku HC Cap
0x472570@mhfdat-jp.bin,ティンクGSキャップ,Tinku HS Cap
0x472574@mhfdat-jp.bin,レアルFZヘッド・白,Tinku GS Cap
0x472578@mhfdat-jp.bin,レアルHCヘッド・白,Real FZ Head・White
0x47257c@mhfdat-jp.bin,レアルHSヘッド・白,Real HC Head・White
0x472580@mhfdat-jp.bin,レアルGSヘッド・白,Real HS Head・White
0x472584@mhfdat-jp.bin,レアルFZマスク・白,Real GS Head・White
0x472588@mhfdat-jp.bin,レアルHCマスク・白,Real FZ Mask・White
0x47258c@mhfdat-jp.bin,レアルHSマスク・白,Real HC Mask・White
0x472590@mhfdat-jp.bin,レアルGSマスク・白,Real HS Mask・White
0x472594@mhfdat-jp.bin,リアンFZヘッド・青,Real GS Mask・White
0x472598@mhfdat-jp.bin,リアンHCヘッド・青,Lien FZ Head・Blue
0x47259c@mhfdat-jp.bin,リアンHSヘッド・青,Lien HC Head・Blue
0x4725a0@mhfdat-jp.bin,リアンGSヘッド・青,Lien HS Head・Blue
0x4725a4@mhfdat-jp.bin,リアンFZハット・青,Lien GS Head・Blue
0x4725a8@mhfdat-jp.bin,リアンHCハット・青,Lien FZ Hat・Blue
0x4725ac@mhfdat-jp.bin,リアンHSハット・青,Lien HC Hat・Blue
0x4725b0@mhfdat-jp.bin,リアンGSハット・青,Lien HS Hat・Blue
0x4725b4@mhfdat-jp.bin,メレティFZヘッド・白,Lien GS Hat・Blue
0x4725b8@mhfdat-jp.bin,メレティHCヘッド・白,Melety FZ Head・White
0x4725bc@mhfdat-jp.bin,メレティHSヘッド・白,Melety HC Head・White
0x4725c0@mhfdat-jp.bin,メレティGSヘッド・白,Melety HS Head・White
0x4725c4@mhfdat-jp.bin,メレティFZハット・青,Melety GS Head・White
0x4725c8@mhfdat-jp.bin,メレティHCハット・青,Melety FZ Hat・Blue
0x4725cc@mhfdat-jp.bin,メレティHSハット・青,Melety HC Hat・Blue
0x4725d0@mhfdat-jp.bin,メレティGSハット・青,Melety HS Hat・Blue
0x4725d4@mhfdat-jp.bin,リゲリアFZヘルム・白,Melety GS Hat・Blue
0x4725d8@mhfdat-jp.bin,リゲリアHCヘルム・白,Regelia FZ Helm・White
0x4725dc@mhfdat-jp.bin,リゲリアHSヘルム・白,Regelia HC Helm・White
0x4725e0@mhfdat-jp.bin,リゲリアGSヘルム・白,Regelia HS Helm・White
0x4725e4@mhfdat-jp.bin,リゲリアFZマスク・青,Regelia GS Helm・White
0x4725e8@mhfdat-jp.bin,リゲリアHCマスク・青,Regelia FZ Mask・Blue
0x4725ec@mhfdat-jp.bin,リゲリアHSマスク・青,Regelia HC Mask・Blue
0x4725f0@mhfdat-jp.bin,リゲリアGSマスク・青,Regelia HS Mask・Blue
0x4725f4@mhfdat-jp.bin,スリートHSヘッド・黄,Regelia GS Mask・Blue
0x4725f8@mhfdat-jp.bin,スリートGSヘッド・黄,Suriito HS Head・Yellow
0x4725fc@mhfdat-jp.bin,スリートHSハール・黄,Suriito GS Head・Yellow
0x472600@mhfdat-jp.bin,スリートGSハール・黄,Suriito HS Haar・Yellow
0x472604@mhfdat-jp.bin,ステノHSヘルム・橙,Suriito GS Haar・Yellow
0x472608@mhfdat-jp.bin,ステノGSヘルム・橙,Steno HS Helm・Orange
0x47260c@mhfdat-jp.bin,ステノHSキャップ・橙,Steno GS Helm・Orange
0x472610@mhfdat-jp.bin,ステノGSキャップ・橙,Steno HS Cap・Orange
0x472614@mhfdat-jp.bin,エディオHCヘルム・青,Steno GS Cap・Orange
0x472618@mhfdat-jp.bin,エディオHSヘルム・青,Edio HC Helm・Blue
0x47261c@mhfdat-jp.bin,エディオGSヘルム・青,Edio HS Helm・Blue
0x472620@mhfdat-jp.bin,エディオHCマスク・青,Edio GS Helm・Blue
0x472624@mhfdat-jp.bin,エディオHSマスク・青,Edio HC Mask・Blue
0x472628@mhfdat-jp.bin,エディオGSマスク・青,Edio HS Mask・Blue
0x47262c@mhfdat-jp.bin,ガリトスHCヘッド・茶,Edio GS Mask・Blue
0x472630@mhfdat-jp.bin,ガリトスHSヘッド・茶,Galitos HC Head・Tea
0x472634@mhfdat-jp.bin,ガリトスGSヘッド・茶,Galitos HS Head・Tea
0x472638@mhfdat-jp.bin,ガリトスHCバンド・茶,Galitos GS Head・Tea
0x47263c@mhfdat-jp.bin,ガリトスHSバンド・茶,Galitos HC Band・Tea
0x472640@mhfdat-jp.bin,ガリトスGSバンド・茶,Galitos HS Band・Tea
0x472644@mhfdat-jp.bin,ロットヘッド,Galitos GS Band・Tea
0x472648@mhfdat-jp.bin,ロットＦヘッド,ロット Head
0x47264c@mhfdat-jp.bin,ロットFZヘッド,ロットF Head
0x472650@mhfdat-jp.bin,ロットHCヘッド,ロットFZ Head
0x472654@mhfdat-jp.bin,ロットHSヘッド,ロットHC Head
0x472658@mhfdat-jp.bin,ロットGSヘッド,ロットHS Head
0x47265c@mhfdat-jp.bin,ロットマスク,ロットGS Head
0x472660@mhfdat-jp.bin,ロットＦマスク,ロット Mask
0x472664@mhfdat-jp.bin,ロットFZマスク,ロットF Mask
0x472668@mhfdat-jp.bin,ロットHCマスク,ロットFZ Mask
0x47266c@mhfdat-jp.bin,ロットHSマスク,ロットHC Mask
0x472670@mhfdat-jp.bin,ロットGSマスク,ロットHS Mask
0x472674@mhfdat-jp.bin,ブリンクＦバンド,ロットGS Mask
0x472678@mhfdat-jp.bin,ブリンクＦヘッド,Blink F Band
0x47267c@mhfdat-jp.bin,スマートＦヘッド,Blink F Head
0x472680@mhfdat-jp.bin,スマートFZヘッド,Smart F Head
0x472684@mhfdat-jp.bin,スマートHCヘッド,Smart FZ Head
0x472688@mhfdat-jp.bin,ゴウバレッタ,Smart HC Head
0x47268c@mhfdat-jp.bin,ゴウバレッタＦ,ゴウ Beretta
0x472690@mhfdat-jp.bin,アハバーGSピアス,ゴウ Beretta F
0x472694@mhfdat-jp.bin,クローニーGSピアス,Ahaba ーGS Piercings
0x472698@mhfdat-jp.bin,マグシアFXヘルム,クローニーGS Piercings
0x47269c@mhfdat-jp.bin,マグシアHSヘルム,Gougarf FX Helm
0x4726a0@mhfdat-jp.bin,マグシアFXキャップ,Gougarf HS Helm
0x4726a4@mhfdat-jp.bin,マグシアHSキャップ,Gougarf FX Cap
0x4726a8@mhfdat-jp.bin,レギュクスHCヘッド,Gougarf HS Cap
0x4726ac@mhfdat-jp.bin,レギュクスHSヘッド,Regyukusu HC Head
0x4726b0@mhfdat-jp.bin,レギュクスGSヘッド,Regyukusu HS Head
0x4726b4@mhfdat-jp.bin,レギュクスHCマスク,Regyukusu GS Head
0x4726b8@mhfdat-jp.bin,レギュクスHSマスク,Regyukusu HC Mask
0x4726bc@mhfdat-jp.bin,レギュクスGSマスク,Regyukusu HS Mask
0x4726c0@mhfdat-jp.bin,ピスティスHCヘッド,Regyukusu GS Mask
0x4726c4@mhfdat-jp.bin,ピスティスHSヘッド,Pistis HC Head
0x4726c8@mhfdat-jp.bin,ピスティスGSヘッド,Pistis HS Head
0x4726cc@mhfdat-jp.bin,ピスティスHCハット,Pistis GS Head
0x4726d0@mhfdat-jp.bin,ピスティスHSハット,Pistis HC Hat
0x4726d4@mhfdat-jp.bin,ピスティスGSハット,Pistis HS Hat
0x4726d8@mhfdat-jp.bin,星祭FZ面【赤】,Pistis GS Hat
0x4726dc@mhfdat-jp.bin,星祭HC面【赤】,Star Festival FZ Mask [Red 】
0x4726e0@mhfdat-jp.bin,星祭HS面【赤】,Star Festival HC Mask [Red 】
0x4726e4@mhfdat-jp.bin,星祭GS面【赤】,Star Festival HS Mask [Red 】
0x4726e8@mhfdat-jp.bin,七夕FZ面【赤】,Star Festival GS Mask [Red 】
0x4726ec@mhfdat-jp.bin,七夕HC面【赤】,Tanabata FZ Mask [Red 】
0x4726f0@mhfdat-jp.bin,七夕HS面【赤】,Tanabata HC Mask [Red 】
0x4726f4@mhfdat-jp.bin,七夕GS面【赤】,Tanabata HS Mask [Red 】
0x4726f8@mhfdat-jp.bin,レアルFZヘッド・金,Tanabata GS Mask [Red 】
0x4726fc@mhfdat-jp.bin,レアルHCヘッド・金,Real FZ Head・Gold
0x472700@mhfdat-jp.bin,レアルHSヘッド・金,Real HC Head・Gold
0x472704@mhfdat-jp.bin,レアルGSヘッド・金,Real HS Head・Gold
0x472708@mhfdat-jp.bin,レアルFZマスク・金,Real GS Head・Gold
0x47270c@mhfdat-jp.bin,レアルHCマスク・金,Real FZ Mask・Gold
0x472710@mhfdat-jp.bin,レアルHSマスク・金,Real HC Mask・Gold
0x472714@mhfdat-jp.bin,レアルGSマスク・金,Real HS Mask・Gold
0x472718@mhfdat-jp.bin,レアルFZヘッド・青,Real GS Mask・Gold
0x47271c@mhfdat-jp.bin,レアルHCヘッド・青,Real FZ Head・Blue
0x472720@mhfdat-jp.bin,レアルHSヘッド・青,Real HC Head・Blue
0x472724@mhfdat-jp.bin,レアルGSヘッド・青,Real HS Head・Blue
0x472728@mhfdat-jp.bin,レアルFZマスク・青,Real GS Head・Blue
0x47272c@mhfdat-jp.bin,レアルHCマスク・青,Real FZ Mask・Blue
0x472730@mhfdat-jp.bin,レアルHSマスク・青,Real HC Mask・Blue
0x472734@mhfdat-jp.bin,レアルGSマスク・青,Real HS Mask・Blue
0x472738@mhfdat-jp.bin,レアルFZヘッド・赤,Real GS Mask・Blue
0x47273c@mhfdat-jp.bin,レアルHCヘッド・赤,Real FZ Head・Red
0x472740@mhfdat-jp.bin,レアルHSヘッド・赤,Real HC Head・Red
0x472744@mhfdat-jp.bin,レアルGSヘッド・赤,Real HS Head・Red
0x472748@mhfdat-jp.bin,レアルFZマスク・赤,Real GS Head・Red
0x47274c@mhfdat-jp.bin,レアルHCマスク・赤,Real FZ Mask・Red
0x472750@mhfdat-jp.bin,レアルHSマスク・赤,Real HC Mask・Red
0x472754@mhfdat-jp.bin,レアルGSマスク・赤,Real HS Mask・Red
0x472758@mhfdat-jp.bin,リアンFZヘッド・赤,Real GS Mask・Red
0x47275c@mhfdat-jp.bin,リアンHCヘッド・赤,Lien FZ Head・Red
0x472760@mhfdat-jp.bin,リアンHSヘッド・赤,Lien HC Head・Red
0x472764@mhfdat-jp.bin,リアンGSヘッド・赤,Lien HS Head・Red
0x472768@mhfdat-jp.bin,リアンFZハット・赤,Lien GS Head・Red
0x47276c@mhfdat-jp.bin,リアンHCハット・赤,Lien FZ Hat・Red
0x472770@mhfdat-jp.bin,リアンHSハット・赤,Lien HC Hat・Red
0x472774@mhfdat-jp.bin,リアンGSハット・赤,Lien HS Hat・Red
0x472778@mhfdat-jp.bin,リアンFZヘッド・黒,Lien GS Hat・Red
0x47277c@mhfdat-jp.bin,リアンHCヘッド・黒,Lien FZ Head・Black
0x472780@mhfdat-jp.bin,リアンHSヘッド・黒,Lien HC Head・Black
0x472784@mhfdat-jp.bin,リアンGSヘッド・黒,Lien HS Head・Black
0x472788@mhfdat-jp.bin,リアンFZハット・黒,Lien GS Head・Black
0x47278c@mhfdat-jp.bin,リアンHCハット・黒,Lien FZ Hat・Black
0x472790@mhfdat-jp.bin,リアンHSハット・黒,Lien HC Hat・Black
0x472794@mhfdat-jp.bin,リアンGSハット・黒,Lien HS Hat・Black
0x472798@mhfdat-jp.bin,リアンFZヘッド・白,Lien GS Hat・Black
0x47279c@mhfdat-jp.bin,リアンHCヘッド・白,Lien FZ Head・White
0x4727a0@mhfdat-jp.bin,リアンHSヘッド・白,Lien HC Head・White
0x4727a4@mhfdat-jp.bin,リアンGSヘッド・白,Lien HS Head・White
0x4727a8@mhfdat-jp.bin,リアンFZハット・白,Lien GS Head・White
0x4727ac@mhfdat-jp.bin,リアンHCハット・白,Lien FZ Hat・White
0x4727b0@mhfdat-jp.bin,リアンHSハット・白,Lien HC Hat・White
0x4727b4@mhfdat-jp.bin,リアンGSハット・白,Lien HS Hat・White
0x4727b8@mhfdat-jp.bin,メレティFZヘッド・赤,Lien GS Hat・White
0x4727bc@mhfdat-jp.bin,メレティHCヘッド・赤,Melety FZ Head・Red
0x4727c0@mhfdat-jp.bin,メレティHSヘッド・赤,Melety HC Head・Red
0x4727c4@mhfdat-jp.bin,メレティGSヘッド・赤,Melety HS Head・Red
0x4727c8@mhfdat-jp.bin,メレティFZヘッド・青,Melety GS Head・Red
0x4727cc@mhfdat-jp.bin,メレティHCヘッド・青,Melety FZ Head・Blue
0x4727d0@mhfdat-jp.bin,メレティHSヘッド・青,Melety HC Head・Blue
0x4727d4@mhfdat-jp.bin,メレティGSヘッド・青,Melety HS Head・Blue
0x4727d8@mhfdat-jp.bin,メレティFZヘッド・黒,Melety GS Head・Blue
0x4727dc@mhfdat-jp.bin,メレティHCヘッド・黒,Melety FZ Head・Black
0x4727e0@mhfdat-jp.bin,メレティHSヘッド・黒,Melety HC Head・Black
0x4727e4@mhfdat-jp.bin,メレティGSヘッド・黒,Melety HS Head・Black
0x4727e8@mhfdat-jp.bin,メレティFZハット・白,Melety GS Head・Black
0x4727ec@mhfdat-jp.bin,メレティHCハット・白,Melety FZ Hat・White
0x4727f0@mhfdat-jp.bin,メレティHSハット・白,Melety HC Hat・White
0x4727f4@mhfdat-jp.bin,メレティGSハット・白,Melety HS Hat・White
0x4727f8@mhfdat-jp.bin,メレティFZハット・赤,Melety GS Hat・White
0x4727fc@mhfdat-jp.bin,メレティHCハット・赤,Melety FZ Hat・Red
0x472800@mhfdat-jp.bin,メレティHSハット・赤,Melety HC Hat・Red
0x472804@mhfdat-jp.bin,メレティGSハット・赤,Melety HS Hat・Red
0x472808@mhfdat-jp.bin,メレティFZハット・黒,Melety GS Hat・Red
0x47280c@mhfdat-jp.bin,メレティHCハット・黒,Melety FZ Hat・Black
0x472810@mhfdat-jp.bin,メレティHSハット・黒,Melety HC Hat・Black
0x472814@mhfdat-jp.bin,メレティGSハット・黒,Melety HS Hat・Black
0x472818@mhfdat-jp.bin,リゲリアFZヘルム・赤,Melety GS Hat・Black
0x47281c@mhfdat-jp.bin,リゲリアHCヘルム・赤,Regelia FZ Helm・Red
0x472820@mhfdat-jp.bin,リゲリアHSヘルム・赤,Regelia HC Helm・Red
0x472824@mhfdat-jp.bin,リゲリアGSヘルム・赤,Regelia HS Helm・Red
0x472828@mhfdat-jp.bin,リゲリアFZヘルム・緑,Regelia GS Helm・Red
0x47282c@mhfdat-jp.bin,リゲリアHCヘルム・緑,Regelia FZ Helm・Green
0x472830@mhfdat-jp.bin,リゲリアHSヘルム・緑,Regelia HC Helm・Green
0x472834@mhfdat-jp.bin,リゲリアGSヘルム・緑,Regelia HS Helm・Green
0x472838@mhfdat-jp.bin,リゲリアFZヘルム・青,Regelia GS Helm・Green
0x47283c@mhfdat-jp.bin,リゲリアHCヘルム・青,Regelia FZ Helm・Blue
0x472840@mhfdat-jp.bin,リゲリアHSヘルム・青,Regelia HC Helm・Blue
0x472844@mhfdat-jp.bin,リゲリアGSヘルム・青,Regelia HS Helm・Blue
0x472848@mhfdat-jp.bin,リゲリアFZマスク・白,Regelia GS Helm・Blue
0x47284c@mhfdat-jp.bin,リゲリアHCマスク・白,Regelia FZ Mask・White
0x472850@mhfdat-jp.bin,リゲリアHSマスク・白,Regelia HC Mask・White
0x472854@mhfdat-jp.bin,リゲリアGSマスク・白,Regelia HS Mask・White
0x472858@mhfdat-jp.bin,リゲリアFZマスク・赤,Regelia GS Mask・White
0x47285c@mhfdat-jp.bin,リゲリアHCマスク・赤,Regelia FZ Mask・Red
0x472860@mhfdat-jp.bin,リゲリアHSマスク・赤,Regelia HC Mask・Red
0x472864@mhfdat-jp.bin,リゲリアGSマスク・赤,Regelia HS Mask・Red
0x472868@mhfdat-jp.bin,リゲリアFZマスク・緑,Regelia GS Mask・Red
0x47286c@mhfdat-jp.bin,リゲリアHCマスク・緑,Regelia FZ Mask・Green
0x472870@mhfdat-jp.bin,リゲリアHSマスク・緑,Regelia HC Mask・Green
0x472874@mhfdat-jp.bin,リゲリアGSマスク・緑,Regelia HS Mask・Green
0x472878@mhfdat-jp.bin,スリートHSヘッド・銀,Regelia GS Mask・Green
0x47287c@mhfdat-jp.bin,スリートGSヘッド・銀,Suriito HS Head・Silver
0x472880@mhfdat-jp.bin,スリートHSハール・銀,Suriito GS Head・Silver
0x472884@mhfdat-jp.bin,スリートGSハール・銀,Suriito HS Haar・Silver
0x472888@mhfdat-jp.bin,スリートHSヘッド・赤,Suriito GS Haar・Silver
0x47288c@mhfdat-jp.bin,スリートGSヘッド・赤,Suriito HS Head・Red
0x472890@mhfdat-jp.bin,スリートHSハール・赤,Suriito GS Head・Red
0x472894@mhfdat-jp.bin,スリートGSハール・赤,Suriito HS Haar・Red
0x472898@mhfdat-jp.bin,スリートHSヘッド・青,Suriito GS Haar・Red
0x47289c@mhfdat-jp.bin,スリートGSヘッド・青,Suriito HS Head・Blue
0x4728a0@mhfdat-jp.bin,スリートHSハール・青,Suriito GS Head・Blue
0x4728a4@mhfdat-jp.bin,スリートGSハール・青,Suriito HS Haar・Blue
0x4728a8@mhfdat-jp.bin,ステノHSヘルム・桃,Suriito GS Haar・Blue
0x4728ac@mhfdat-jp.bin,ステノGSヘルム・桃,Steno HS Helm・Peach
0x4728b0@mhfdat-jp.bin,ステノHSキャップ・桃,Steno GS Helm・Peach
0x4728b4@mhfdat-jp.bin,ステノGSキャップ・桃,Steno HS Cap・Peach
0x4728b8@mhfdat-jp.bin,ステノHSヘルム・青,Steno GS Cap・Peach
0x4728bc@mhfdat-jp.bin,ステノGSヘルム・青,Steno HS Helm・Blue
0x4728c0@mhfdat-jp.bin,ステノHSキャップ・青,Steno GS Helm・Blue
0x4728c4@mhfdat-jp.bin,ステノGSキャップ・青,Steno HS Cap・Blue
0x4728c8@mhfdat-jp.bin,ステノHSヘルム・赤,Steno GS Cap・Blue
0x4728cc@mhfdat-jp.bin,ステノGSヘルム・赤,Steno HS Helm・Red
0x4728d0@mhfdat-jp.bin,ステノHSキャップ・赤,Steno GS Helm・Red
0x4728d4@mhfdat-jp.bin,ステノGSキャップ・赤,Steno HS Cap・Red
0x4728d8@mhfdat-jp.bin,エディオHCヘルム・赤,Steno GS Cap・Red
0x4728dc@mhfdat-jp.bin,エディオHSヘルム・赤,Edio HC Helm・Red
0x4728e0@mhfdat-jp.bin,エディオGSヘルム・赤,Edio HS Helm・Red
0x4728e4@mhfdat-jp.bin,エディオHCマスク・赤,Edio GS Helm・Red
0x4728e8@mhfdat-jp.bin,エディオHSマスク・赤,Edio HC Mask・Red
0x4728ec@mhfdat-jp.bin,エディオGSマスク・赤,Edio HS Mask・Red
0x4728f0@mhfdat-jp.bin,エディオHCヘルム・黄,Edio GS Mask・Red
0x4728f4@mhfdat-jp.bin,エディオHSヘルム・黄,Edio HC Helm・Yellow
0x4728f8@mhfdat-jp.bin,エディオGSヘルム・黄,Edio HS Helm・Yellow
0x4728fc@mhfdat-jp.bin,エディオHCマスク・黄,Edio GS Helm・Yellow
0x472900@mhfdat-jp.bin,エディオHSマスク・黄,Edio HC Mask・Yellow
0x472904@mhfdat-jp.bin,エディオGSマスク・黄,Edio HS Mask・Yellow
0x472908@mhfdat-jp.bin,エディオHCヘルム・黒,Edio GS Mask・Yellow
0x47290c@mhfdat-jp.bin,エディオHSヘルム・黒,Edio HC Helm・Black
0x472910@mhfdat-jp.bin,エディオGSヘルム・黒,Edio HS Helm・Black
0x472914@mhfdat-jp.bin,エディオHCマスク・黒,Edio GS Helm・Black
0x472918@mhfdat-jp.bin,エディオHSマスク・黒,Edio HC Mask・Black
0x47291c@mhfdat-jp.bin,エディオGSマスク・黒,Edio HS Mask・Black
0x472920@mhfdat-jp.bin,ガリトスHCヘッド・赤,Edio GS Mask・Black
0x472924@mhfdat-jp.bin,ガリトスHSヘッド・赤,Galitos HC Head・Red
0x472928@mhfdat-jp.bin,ガリトスGSヘッド・赤,Galitos HS Head・Red
0x47292c@mhfdat-jp.bin,ガリトスHCバンド・赤,Galitos GS Head・Red
0x472930@mhfdat-jp.bin,ガリトスHSバンド・赤,Galitos HC Band・Red
0x472934@mhfdat-jp.bin,ガリトスGSバンド・赤,Galitos HS Band・Red
0x472938@mhfdat-jp.bin,ガリトスHCヘッド・黒,Galitos GS Band・Red
0x47293c@mhfdat-jp.bin,ガリトスHSヘッド・黒,Galitos HC Head・Black
0x472940@mhfdat-jp.bin,ガリトスGSヘッド・黒,Galitos HS Head・Black
0x472944@mhfdat-jp.bin,ガリトスHCバンド・黒,Galitos GS Head・Black
0x472948@mhfdat-jp.bin,ガリトスHSバンド・黒,Galitos HC Band・Black
0x47294c@mhfdat-jp.bin,ガリトスGSバンド・黒,Galitos HS Band・Black
0x472950@mhfdat-jp.bin,ガリトスHCヘッド・水,Galitos GS Band・Black
0x472954@mhfdat-jp.bin,ガリトスHSヘッド・水,Galitos HC Head・Water
0x472958@mhfdat-jp.bin,ガリトスGSヘッド・水,Galitos HS Head・Water
0x47295c@mhfdat-jp.bin,ガリトスHCバンド・水,Galitos GS Head・Water
0x472960@mhfdat-jp.bin,ガリトスHSバンド・水,Galitos HC Band・Water
0x472964@mhfdat-jp.bin,ガリトスGSバンド・水,Galitos HS Band・Water
0x472968@mhfdat-jp.bin,星祭FZ面【青】,Galitos GS Band・Water
0x47296c@mhfdat-jp.bin,星祭HC面【青】,Star Festival FZ Mask [Blue 】
0x472970@mhfdat-jp.bin,星祭HS面【青】,Star Festival HC Mask [Blue 】
0x472974@mhfdat-jp.bin,星祭GS面【青】,Star Festival HS Mask [Blue 】
0x472978@mhfdat-jp.bin,七夕FZ面【青】,Star Festival GS Mask [Blue 】
0x47297c@mhfdat-jp.bin,七夕HC面【青】,Tanabata FZ Mask [Blue 】
0x472980@mhfdat-jp.bin,七夕HS面【青】,Tanabata HC Mask [Blue 】
0x472984@mhfdat-jp.bin,七夕GS面【青】,Tanabata HS Mask [Blue 】
0x472988@mhfdat-jp.bin,星祭FZ面【黒】,Tanabata GS Mask [Blue 】
0x47298c@mhfdat-jp.bin,星祭HC面【黒】,Star Festival FZ Mask [Black 】
0x472990@mhfdat-jp.bin,星祭HS面【黒】,Star Festival HC Mask [Black 】
0x472994@mhfdat-jp.bin,星祭GS面【黒】,Star Festival HS Mask [Black 】
0x472998@mhfdat-jp.bin,七夕FZ面【黒】,Star Festival GS Mask [Black 】
0x47299c@mhfdat-jp.bin,七夕HC面【黒】,Tanabata FZ Mask [Black 】
0x4729a0@mhfdat-jp.bin,七夕HS面【黒】,Tanabata HC Mask [Black 】
0x4729a4@mhfdat-jp.bin,七夕GS面【黒】,Tanabata HS Mask [Black 】
0x4729a8@mhfdat-jp.bin,星祭FZ面【白】,Tanabata GS Mask [Black 】
0x4729ac@mhfdat-jp.bin,星祭HC面【白】,Star Festival FZ Mask [White 】
0x4729b0@mhfdat-jp.bin,星祭HS面【白】,Star Festival HC Mask [White 】
0x4729b4@mhfdat-jp.bin,星祭GS面【白】,Star Festival HS Mask [White 】
0x4729b8@mhfdat-jp.bin,七夕FZ面【白】,Star Festival GS Mask [White 】
0x4729bc@mhfdat-jp.bin,七夕HC面【白】,Tanabata FZ Mask [White 】
0x4729c0@mhfdat-jp.bin,七夕HS面【白】,Tanabata HC Mask [White 】
0x4729c4@mhfdat-jp.bin,七夕GS面【白】,Tanabata HS Mask [White 】
0x4729c8@mhfdat-jp.bin,ダミー,Tanabata GS Mask [White 】
0x4729cc@mhfdat-jp.bin,ダミー,ダミー
0x4729d0@mhfdat-jp.bin,ダミー,ダミー
0x4729d4@mhfdat-jp.bin,ダミー,ダミー
0x4729d8@mhfdat-jp.bin,ダミー,ダミー
0x4729dc@mhfdat-jp.bin,ダミー,ダミー
0x4729e0@mhfdat-jp.bin,ダミー,ダミー
0x4729e4@mhfdat-jp.bin,ダミー,ダミー
0x4729e8@mhfdat-jp.bin,ダミー,ダミー
0x4729ec@mhfdat-jp.bin,ダミー,ダミー
0x4729f0@mhfdat-jp.bin,ダミー,ダミー
0x4729f4@mhfdat-jp.bin,ダミー,ダミー
0x4729f8@mhfdat-jp.bin,ヴェルフHSヘルム,ダミー
0x4729fc@mhfdat-jp.bin,ヴェルフGSヘルム,ヴェルフHS Helm
0x472a00@mhfdat-jp.bin,ヴェルフHSキャップ,ヴェルフGS Helm
0x472a04@mhfdat-jp.bin,ヴェルフGSキャップ,ヴェルフHS Cap
0x472a08@mhfdat-jp.bin,テリオグHSヘルム,ヴェルフGS Cap
0x472a0c@mhfdat-jp.bin,テリオグGSヘルム,テリオグHS Helm
0x472a10@mhfdat-jp.bin,テリオグHSキャップ,テリオグGS Helm
0x472a14@mhfdat-jp.bin,テリオグGSキャップ,テリオグHS Cap
0x472a18@mhfdat-jp.bin,ベイルHSイヤリング,テリオグGS Cap
0x472a1c@mhfdat-jp.bin,ベイルGSイヤリング,Beil HS Earrings
0x472a20@mhfdat-jp.bin,ミクヘッド・白,Beil GS Earrings
0x472a24@mhfdat-jp.bin,ミクＦヘッド・白,Miku Head・White
0x472a28@mhfdat-jp.bin,ミクFZヘッド・白,Miku F Head・White
0x472a2c@mhfdat-jp.bin,ミクHCヘッド・白,Miku FZ Head・White
0x472a30@mhfdat-jp.bin,ミクHSヘッド・白,Miku HC Head・White
0x472a34@mhfdat-jp.bin,ミクGSヘッド・白,Miku HS Head・White
0x472a38@mhfdat-jp.bin,ミクピアス・白,Miku GS Head・White
0x472a3c@mhfdat-jp.bin,ミクＦピアス・白,Miku Piercings・White
0x472a40@mhfdat-jp.bin,ミクFZピアス・白,Miku F Piercings・White
0x472a44@mhfdat-jp.bin,ミクHCピアス・白,Miku FZ Piercings・White
0x472a48@mhfdat-jp.bin,ミクHSピアス・白,Miku HC Piercings・White
0x472a4c@mhfdat-jp.bin,ミクGSピアス・白,Miku HS Piercings・White
0x472a50@mhfdat-jp.bin,ミクヘッド・黄,Miku GS Piercings・White
0x472a54@mhfdat-jp.bin,ミクＦヘッド・黄,Miku Head・Yellow
0x472a58@mhfdat-jp.bin,ミクFZヘッド・黄,Miku F Head・Yellow
0x472a5c@mhfdat-jp.bin,ミクHCヘッド・黄,Miku FZ Head・Yellow
0x472a60@mhfdat-jp.bin,ミクHSヘッド・黄,Miku HC Head・Yellow
0x472a64@mhfdat-jp.bin,ミクGSヘッド・黄,Miku HS Head・Yellow
0x472a68@mhfdat-jp.bin,ミクピアス・黄,Miku GS Head・Yellow
0x472a6c@mhfdat-jp.bin,ミクＦピアス・黄,Miku Piercings・Yellow
0x472a70@mhfdat-jp.bin,ミクFZピアス・黄,Miku F Piercings・Yellow
0x472a74@mhfdat-jp.bin,ミクHCピアス・黄,Miku FZ Piercings・Yellow
0x472a78@mhfdat-jp.bin,ミクHSピアス・黄,Miku HC Piercings・Yellow
0x472a7c@mhfdat-jp.bin,ミクGSピアス・黄,Miku HS Piercings・Yellow
0x472a80@mhfdat-jp.bin,ミクヘッド・黒,Miku GS Piercings・Yellow
0x472a84@mhfdat-jp.bin,ミクＦヘッド・黒,Miku Head・Black
0x472a88@mhfdat-jp.bin,ミクFZヘッド・黒,Miku F Head・Black
0x472a8c@mhfdat-jp.bin,ミクHCヘッド・黒,Miku FZ Head・Black
0x472a90@mhfdat-jp.bin,ミクHSヘッド・黒,Miku HC Head・Black
0x472a94@mhfdat-jp.bin,ミクGSヘッド・黒,Miku HS Head・Black
0x472a98@mhfdat-jp.bin,ミクピアス・黒,Miku GS Head・Black
0x472a9c@mhfdat-jp.bin,ミクＦピアス・黒,Miku Piercings・Black
0x472aa0@mhfdat-jp.bin,ミクFZピアス・黒,Miku F Piercings・Black
0x472aa4@mhfdat-jp.bin,ミクHCピアス・黒,Miku FZ Piercings・Black
0x472aa8@mhfdat-jp.bin,ミクHSピアス・黒,Miku HC Piercings・Black
0x472aac@mhfdat-jp.bin,ミクGSピアス・黒,Miku HS Piercings・Black
0x472ab0@mhfdat-jp.bin,ミクヘッド・褐,Miku GS Piercings・Black
0x472ab4@mhfdat-jp.bin,ミクＦヘッド・褐,Miku Head・Brown
0x472ab8@mhfdat-jp.bin,ミクFZヘッド・褐,Miku F Head・Brown
0x472abc@mhfdat-jp.bin,ミクHCヘッド・褐,Miku FZ Head・Brown
0x472ac0@mhfdat-jp.bin,ミクHSヘッド・褐,Miku HC Head・Brown
0x472ac4@mhfdat-jp.bin,ミクGSヘッド・褐,Miku HS Head・Brown
0x472ac8@mhfdat-jp.bin,ミクピアス・褐,Miku GS Head・Brown
0x472acc@mhfdat-jp.bin,ミクＦピアス・褐,Miku Piercings・Brown
0x472ad0@mhfdat-jp.bin,ミクFZピアス・褐,Miku F Piercings・Brown
0x472ad4@mhfdat-jp.bin,ミクHCピアス・褐,Miku FZ Piercings・Brown
0x472ad8@mhfdat-jp.bin,ミクHSピアス・褐,Miku HC Piercings・Brown
0x472adc@mhfdat-jp.bin,ミクGSピアス・褐,Miku HS Piercings・Brown
0x472ae0@mhfdat-jp.bin,ランポスＧヘルム,Miku GS Piercings・Brown
0x472ae4@mhfdat-jp.bin,ランポスGFヘルム,Veloci G Helm
0x472ae8@mhfdat-jp.bin,ランポスGXヘルム,Veloci GF Helm
0x472aec@mhfdat-jp.bin,ランポスＧキャップ,Veloci GX Helm
0x472af0@mhfdat-jp.bin,ランポスGFキャップ,Veloci G Cap
0x472af4@mhfdat-jp.bin,ランポスGXキャップ,Veloci GF Cap
0x472af8@mhfdat-jp.bin,イーオスＧヘルム,Veloci GX Cap
0x472afc@mhfdat-jp.bin,イーオスGFヘルム,Io G Helm
0x472b00@mhfdat-jp.bin,イーオスGXヘルム,Io GF Helm
0x472b04@mhfdat-jp.bin,イーオスＧキャップ,Io GX Helm
0x472b08@mhfdat-jp.bin,イーオスGFキャップ,Io G Cap
0x472b0c@mhfdat-jp.bin,イーオスGXキャップ,Io GF Cap
0x472b10@mhfdat-jp.bin,ゲネポスＧヘルム,Io GX Cap
0x472b14@mhfdat-jp.bin,ゲネポスGFヘルム,Gen G Helm
0x472b18@mhfdat-jp.bin,ゲネポスGXヘルム,Gen GF Helm
0x472b1c@mhfdat-jp.bin,ゲネポスＧキャップ,Gen GX Helm
0x472b20@mhfdat-jp.bin,ゲネポスGFキャップ,Gen G Cap
0x472b24@mhfdat-jp.bin,ゲネポスGXキャップ,Gen GF Cap
0x472b28@mhfdat-jp.bin,ガレオスＧヘルム,Gen GX Cap
0x472b2c@mhfdat-jp.bin,ガレオスGFヘルム,Cepha G Helm
0x472b30@mhfdat-jp.bin,ガレオスGXヘルム,Cepha GF Helm
0x472b34@mhfdat-jp.bin,ガレオスＧキャップ,Cepha GX Helm
0x472b38@mhfdat-jp.bin,ガレオスGFキャップ,Cepha G Cap
0x472b3c@mhfdat-jp.bin,ガレオスGXキャップ,Cepha GF Cap
0x472b40@mhfdat-jp.bin,ディアブロＧヘルム,Cepha GX Cap
0x472b44@mhfdat-jp.bin,ディアブロGFヘルム,Diablos G Helm
0x472b48@mhfdat-jp.bin,ディアブロGXヘルム,Diablos GF Helm
0x472b4c@mhfdat-jp.bin,ディアブロＧキャップ,Diablos GX Helm
0x472b50@mhfdat-jp.bin,ディアブロGFキャップ,Diablos G Cap
0x472b54@mhfdat-jp.bin,ディアブロGXキャップ,Diablos GF Cap
0x472b58@mhfdat-jp.bin,ガノスＧヘルム,Diablos GX Cap
0x472b5c@mhfdat-jp.bin,ガノスGFヘルム,Plesioth G Helm
0x472b60@mhfdat-jp.bin,ガノスGXヘルム,Plesioth GF Helm
0x472b64@mhfdat-jp.bin,ガノスＧキャップ,Plesioth GX Helm
0x472b68@mhfdat-jp.bin,ガノスGFキャップ,Plesioth G Cap
0x472b6c@mhfdat-jp.bin,ガノスGXキャップ,Plesioth GF Cap
0x472b70@mhfdat-jp.bin,ベルＧヘルム,Plesioth GX Cap
0x472b74@mhfdat-jp.bin,ベルGFヘルム,Beru G Helm
0x472b78@mhfdat-jp.bin,ベルGXヘルム,Beru GF Helm
0x472b7c@mhfdat-jp.bin,ベルＧキャップ,Beru GX Helm
0x472b80@mhfdat-jp.bin,ベルGFキャップ,Beru G Cap
0x472b84@mhfdat-jp.bin,ベルGXキャップ,Beru GF Cap
0x472b88@mhfdat-jp.bin,グラビデＧヘルム,Beru GX Cap
0x472b8c@mhfdat-jp.bin,グラビデGFヘルム,Black Gravios G Helm
0x472b90@mhfdat-jp.bin,グラビデGXヘルム,Black Gravios GF Helm
0x472b94@mhfdat-jp.bin,グラビデＧキャップ,Black Gravios GX Helm
0x472b98@mhfdat-jp.bin,グラビデGFキャップ,Black Gravios G Cap
0x472b9c@mhfdat-jp.bin,グラビデGXキャップ,Black Gravios GF Cap
0x472ba0@mhfdat-jp.bin,ルナＧヘルム,Black Gravios GX Cap
0x472ba4@mhfdat-jp.bin,ルナGFヘルム,Lune G Helm
0x472ba8@mhfdat-jp.bin,ルナGXヘルム,Lune GF Helm
0x472bac@mhfdat-jp.bin,ルナＧキャップ,Lune GX Helm
0x472bb0@mhfdat-jp.bin,ルナGFキャップ,Lune G Cap
0x472bb4@mhfdat-jp.bin,ルナGXキャップ,Lune GF Cap
0x472bb8@mhfdat-jp.bin,ストロマヘルム,Lune GX Cap
0x472bbc@mhfdat-jp.bin,ストロマＦヘルム,Stroma Helm
0x472bc0@mhfdat-jp.bin,ストロマFXヘルム,Stroma F Helm
0x472bc4@mhfdat-jp.bin,ストロマＧヘルム,Stroma FX Helm
0x472bc8@mhfdat-jp.bin,ストロマキャップ,Stroma G Helm
0x472bcc@mhfdat-jp.bin,ストロマＦキャップ,Stroma Cap
0x472bd0@mhfdat-jp.bin,ストロマFXキャップ,Stroma F Cap
0x472bd4@mhfdat-jp.bin,ストロマＧキャップ,Stroma FX Cap
0x472bd8@mhfdat-jp.bin,プランダＧヘルム,Stroma G Cap
0x472bdc@mhfdat-jp.bin,プランダGFヘルム,Plunder G Helm
0x472be0@mhfdat-jp.bin,プランダGXヘルム,Plunder GF Helm
0x472be4@mhfdat-jp.bin,プランダＧキャップ,Plunder GX Helm
0x472be8@mhfdat-jp.bin,プランダGFキャップ,Plunder G Cap
0x472bec@mhfdat-jp.bin,プランダGXキャップ,Plunder GF Cap
0x472bf0@mhfdat-jp.bin,アルテラヘルム,Plunder GX Cap
0x472bf4@mhfdat-jp.bin,アルテラＦヘルム,Altera Helm
0x472bf8@mhfdat-jp.bin,アルテラFXヘルム,Altera F Helm
0x472bfc@mhfdat-jp.bin,アルテラＧヘルム,Altera FX Helm
0x472c00@mhfdat-jp.bin,アルテラGFヘルム,Altera G Helm
0x472c04@mhfdat-jp.bin,アルテラキャップ,Altera GF Helm
0x472c08@mhfdat-jp.bin,アルテラＦキャップ,Altera Cap
0x472c0c@mhfdat-jp.bin,アルテラFXキャップ,Altera F Cap
0x472c10@mhfdat-jp.bin,アルテラＧキャップ,Altera FX Cap
0x472c14@mhfdat-jp.bin,アルテラGFキャップ,Altera G Cap
0x472c18@mhfdat-jp.bin,ドラゴンＧヘッド,Altera GF Cap
0x472c1c@mhfdat-jp.bin,ドラゴンGFヘッド,Dragon G Head
0x472c20@mhfdat-jp.bin,ドラゴンGXヘッド,Dragon GF Head
0x472c24@mhfdat-jp.bin,ドラゴンＧフェイス,Dragon GX Head
0x472c28@mhfdat-jp.bin,ドラゴンGFフェイス,Dragon G Face
0x472c2c@mhfdat-jp.bin,ドラゴンGXフェイス,Dragon GF Face
0x472c30@mhfdat-jp.bin,イリークヘルム,Dragon GX Face
0x472c34@mhfdat-jp.bin,イリークＦヘルム,Iriku Helm
0x472c38@mhfdat-jp.bin,イリークFXヘルム,Iriku F Helm
0x472c3c@mhfdat-jp.bin,イリークHCヘルム,Iriku FX Helm
0x472c40@mhfdat-jp.bin,イリークキャップ,Iriku HC Helm
0x472c44@mhfdat-jp.bin,イリークＦキャップ,Iriku Cap
0x472c48@mhfdat-jp.bin,イリークFXキャップ,Iriku F Cap
0x472c4c@mhfdat-jp.bin,イリークHCキャップ,Iriku FX Cap
0x472c50@mhfdat-jp.bin,イリークＧヘルム,Iriku HC Cap
0x472c54@mhfdat-jp.bin,イリークGFヘルム,Iriku G Helm
0x472c58@mhfdat-jp.bin,イリークGXヘルム,Iriku GF Helm
0x472c5c@mhfdat-jp.bin,イリークＧキャップ,Iriku GX Helm
0x472c60@mhfdat-jp.bin,イリークGFキャップ,Iriku G Cap
0x472c64@mhfdat-jp.bin,イリークGXキャップ,Iriku GF Cap
0x472c68@mhfdat-jp.bin,アフティＧヘルム,Iriku GX Cap
0x472c6c@mhfdat-jp.bin,アフティGFヘルム,Afti G Helm
0x472c70@mhfdat-jp.bin,アフティGXヘルム,Afti GF Helm
0x472c74@mhfdat-jp.bin,アフティＧキャップ,Afti GX Helm
0x472c78@mhfdat-jp.bin,アフティGFキャップ,Afti G Cap
0x472c7c@mhfdat-jp.bin,アフティGXキャップ,Afti GF Cap
0x472c80@mhfdat-jp.bin,セクティヘルム・黒,Afti GX Cap
0x472c84@mhfdat-jp.bin,セクティＦヘルム・黒,Secuti Helm・Black
0x472c88@mhfdat-jp.bin,セクティFZヘルム・黒,Secuti F Helm・Black
0x472c8c@mhfdat-jp.bin,セクティHSヘルム・黒,Secuti FZ Helm・Black
0x472c90@mhfdat-jp.bin,セクティGSヘルム・黒,Secuti HS Helm・Black
0x472c94@mhfdat-jp.bin,セクティGPヘルム・黒,Secuti GS Helm・Black
0x472c98@mhfdat-jp.bin,セクティマスク・黒,Secuti GP Helm・Black
0x472c9c@mhfdat-jp.bin,セクティＦマスク・黒,Secuti Mask・Black
0x472ca0@mhfdat-jp.bin,セクティFZマスク・黒,Secuti F Mask・Black
0x472ca4@mhfdat-jp.bin,セクティHSマスク・黒,Secuti FZ Mask・Black
0x472ca8@mhfdat-jp.bin,セクティGSマスク・黒,Secuti HS Mask・Black
0x472cac@mhfdat-jp.bin,セクティGPマスク・黒,Secuti GS Mask・Black
0x472cb0@mhfdat-jp.bin,セクティヘルム・青,Secuti GP Mask・Black
0x472cb4@mhfdat-jp.bin,セクティＦヘルム・青,Secuti Helm・Blue
0x472cb8@mhfdat-jp.bin,セクティFZヘルム・青,Secuti F Helm・Blue
0x472cbc@mhfdat-jp.bin,セクティHSヘルム・青,Secuti FZ Helm・Blue
0x472cc0@mhfdat-jp.bin,セクティGSヘルム・青,Secuti HS Helm・Blue
0x472cc4@mhfdat-jp.bin,セクティGPヘルム・青,Secuti GS Helm・Blue
0x472cc8@mhfdat-jp.bin,セクティマスク・青,Secuti GP Helm・Blue
0x472ccc@mhfdat-jp.bin,セクティＦマスク・青,Secuti Mask・Blue
0x472cd0@mhfdat-jp.bin,セクティFZマスク・青,Secuti F Mask・Blue
0x472cd4@mhfdat-jp.bin,セクティHSマスク・青,Secuti FZ Mask・Blue
0x472cd8@mhfdat-jp.bin,セクティGSマスク・青,Secuti HS Mask・Blue
0x472cdc@mhfdat-jp.bin,セクティGPマスク・青,Secuti GS Mask・Blue
0x472ce0@mhfdat-jp.bin,セクティヘルム・赤,Secuti GP Mask・Blue
0x472ce4@mhfdat-jp.bin,セクティＦヘルム・赤,Secuti Helm・Red
0x472ce8@mhfdat-jp.bin,セクティFZヘルム・赤,Secuti F Helm・Red
0x472cec@mhfdat-jp.bin,セクティHSヘルム・赤,Secuti FZ Helm・Red
0x472cf0@mhfdat-jp.bin,セクティGSヘルム・赤,Secuti HS Helm・Red
0x472cf4@mhfdat-jp.bin,セクティGPヘルム・赤,Secuti GS Helm・Red
0x472cf8@mhfdat-jp.bin,セクティマスク・赤,Secuti GP Helm・Red
0x472cfc@mhfdat-jp.bin,セクティＦマスク・赤,Secuti Mask・Red
0x472d00@mhfdat-jp.bin,セクティFZマスク・赤,Secuti F Mask・Red
0x472d04@mhfdat-jp.bin,セクティHSマスク・赤,Secuti FZ Mask・Red
0x472d08@mhfdat-jp.bin,セクティGSマスク・赤,Secuti HS Mask・Red
0x472d0c@mhfdat-jp.bin,セクティGPマスク・赤,Secuti GS Mask・Red
0x472d10@mhfdat-jp.bin,セクティヘルム・白,Secuti GP Mask・Red
0x472d14@mhfdat-jp.bin,セクティＦヘルム・白,Secuti Helm・White
0x472d18@mhfdat-jp.bin,セクティFZヘルム・白,Secuti F Helm・White
0x472d1c@mhfdat-jp.bin,セクティHSヘルム・白,Secuti FZ Helm・White
0x472d20@mhfdat-jp.bin,セクティGSヘルム・白,Secuti HS Helm・White
0x472d24@mhfdat-jp.bin,セクティGPヘルム・白,Secuti GS Helm・White
0x472d28@mhfdat-jp.bin,セクティマスク・白,Secuti GP Helm・White
0x472d2c@mhfdat-jp.bin,セクティＦマスク・白,Secuti Mask・White
0x472d30@mhfdat-jp.bin,セクティFZマスク・白,Secuti F Mask・White
0x472d34@mhfdat-jp.bin,セクティHSマスク・白,Secuti FZ Mask・White
0x472d38@mhfdat-jp.bin,セクティGSマスク・白,Secuti HS Mask・White
0x472d3c@mhfdat-jp.bin,セクティGPマスク・白,Secuti GS Mask・White
0x472d40@mhfdat-jp.bin,ゲルトヘルム・黒,Secuti GP Mask・White
0x472d44@mhfdat-jp.bin,ゲルトＦヘルム・黒,Gelt Helm・Black
0x472d48@mhfdat-jp.bin,ゲルトFZヘルム・黒,Gelt F Helm・Black
0x472d4c@mhfdat-jp.bin,ゲルトHSヘルム・黒,Gelt FZ Helm・Black
0x472d50@mhfdat-jp.bin,ゲルトGSヘルム・黒,Gelt HS Helm・Black
0x472d54@mhfdat-jp.bin,ゲルトGPヘルム・黒,Gelt GS Helm・Black
0x472d58@mhfdat-jp.bin,ゲルトマスク・黒,Gelt GP Helm・Black
0x472d5c@mhfdat-jp.bin,ゲルトＦマスク・黒,Gelt Mask・Black
0x472d60@mhfdat-jp.bin,ゲルトFZマスク・黒,Gelt F Mask・Black
0x472d64@mhfdat-jp.bin,ゲルトHSマスク・黒,Gelt FZ Mask・Black
0x472d68@mhfdat-jp.bin,ゲルトGSマスク・黒,Gelt HS Mask・Black
0x472d6c@mhfdat-jp.bin,ゲルトGPマスク・黒,Gelt GS Mask・Black
0x472d70@mhfdat-jp.bin,ゲルトヘルム・銅,Gelt GP Mask・Black
0x472d74@mhfdat-jp.bin,ゲルトＦヘルム・銅,Gelt Helm・Copper
0x472d78@mhfdat-jp.bin,ゲルトFZヘルム・銅,Gelt F Helm・Copper
0x472d7c@mhfdat-jp.bin,ゲルトHSヘルム・銅,Gelt FZ Helm・Copper
0x472d80@mhfdat-jp.bin,ゲルトGSヘルム・銅,Gelt HS Helm・Copper
0x472d84@mhfdat-jp.bin,ゲルトGPヘルム・銅,Gelt GS Helm・Copper
0x472d88@mhfdat-jp.bin,ゲルトマスク・銅,Gelt GP Helm・Copper
0x472d8c@mhfdat-jp.bin,ゲルトＦマスク・銅,Gelt Mask・Copper
0x472d90@mhfdat-jp.bin,ゲルトFZマスク・銅,Gelt F Mask・Copper
0x472d94@mhfdat-jp.bin,ゲルトHSマスク・銅,Gelt FZ Mask・Copper
0x472d98@mhfdat-jp.bin,ゲルトGSマスク・銅,Gelt HS Mask・Copper
0x472d9c@mhfdat-jp.bin,ゲルトGPマスク・銅,Gelt GS Mask・Copper
0x472da0@mhfdat-jp.bin,ゲルトヘルム・銀,Gelt GP Mask・Copper
0x472da4@mhfdat-jp.bin,ゲルトＦヘルム・銀,Gelt Helm・Silver
0x472da8@mhfdat-jp.bin,ゲルトFZヘルム・銀,Gelt F Helm・Silver
0x472dac@mhfdat-jp.bin,ゲルトHSヘルム・銀,Gelt FZ Helm・Silver
0x472db0@mhfdat-jp.bin,ゲルトGSヘルム・銀,Gelt HS Helm・Silver
0x472db4@mhfdat-jp.bin,ゲルトGPヘルム・銀,Gelt GS Helm・Silver
0x472db8@mhfdat-jp.bin,ゲルトマスク・銀,Gelt GP Helm・Silver
0x472dbc@mhfdat-jp.bin,ゲルトＦマスク・銀,Gelt Mask・Silver
0x472dc0@mhfdat-jp.bin,ゲルトFZマスク・銀,Gelt F Mask・Silver
0x472dc4@mhfdat-jp.bin,ゲルトHSマスク・銀,Gelt FZ Mask・Silver
0x472dc8@mhfdat-jp.bin,ゲルトGSマスク・銀,Gelt HS Mask・Silver
0x472dcc@mhfdat-jp.bin,ゲルトGPマスク・銀,Gelt GS Mask・Silver
0x472dd0@mhfdat-jp.bin,ゲルトヘルム・金,Gelt GP Mask・Silver
0x472dd4@mhfdat-jp.bin,ゲルトＦヘルム・金,Gelt Helm・Gold
0x472dd8@mhfdat-jp.bin,ゲルトFZヘルム・金,Gelt F Helm・Gold
0x472ddc@mhfdat-jp.bin,ゲルトHSヘルム・金,Gelt FZ Helm・Gold
0x472de0@mhfdat-jp.bin,ゲルトGSヘルム・金,Gelt HS Helm・Gold
0x472de4@mhfdat-jp.bin,ゲルトGPヘルム・金,Gelt GS Helm・Gold
0x472de8@mhfdat-jp.bin,ゲルトマスク・金,Gelt GP Helm・Gold
0x472dec@mhfdat-jp.bin,ゲルトＦマスク・金,Gelt Mask・Gold
0x472df0@mhfdat-jp.bin,ゲルトFZマスク・金,Gelt F Mask・Gold
0x472df4@mhfdat-jp.bin,ゲルトHSマスク・金,Gelt FZ Mask・Gold
0x472df8@mhfdat-jp.bin,ゲルトGSマスク・金,Gelt HS Mask・Gold
0x472dfc@mhfdat-jp.bin,ゲルトGPマスク・金,Gelt GS Mask・Gold
0x472e00@mhfdat-jp.bin,ウーコンヘッド,Gelt GP Mask・Gold
0x472e04@mhfdat-jp.bin,ウーコンＦヘッド,Shoko Head
0x472e08@mhfdat-jp.bin,ウーコンFZヘッド,Shoko F Head
0x472e0c@mhfdat-jp.bin,ウーコンHSヘッド,Shoko FZ Head
0x472e10@mhfdat-jp.bin,ウーコンGSヘッド,Shoko HS Head
0x472e14@mhfdat-jp.bin,ウーコンGPヘッド,Shoko GS Head
0x472e18@mhfdat-jp.bin,ウーコンバンド,Shoko GP Head
0x472e1c@mhfdat-jp.bin,ウーコンＦバンド,Shoko Band
0x472e20@mhfdat-jp.bin,ウーコンFZバンド,Shoko F Band
0x472e24@mhfdat-jp.bin,ウーコンHSバンド,Shoko FZ Band
0x472e28@mhfdat-jp.bin,ウーコンGSバンド,Shoko HS Band
0x472e2c@mhfdat-jp.bin,ウーコンGPバンド,Shoko GS Band
0x472e30@mhfdat-jp.bin,ゲノムヘッド・緑,Shoko GP Band
0x472e34@mhfdat-jp.bin,ゲノムＦヘッド・緑,Genom Head・Green
0x472e38@mhfdat-jp.bin,ゲノムFZヘッド・緑,Genom F Head・Green
0x472e3c@mhfdat-jp.bin,ゲノムHSヘッド・緑,Genom FZ Head・Green
0x472e40@mhfdat-jp.bin,ゲノムGSヘッド・緑,Genom HS Head・Green
0x472e44@mhfdat-jp.bin,ゲノムGPヘッド・緑,Genom GS Head・Green
0x472e48@mhfdat-jp.bin,ゲノムマスク・緑,Genom GP Head・Green
0x472e4c@mhfdat-jp.bin,ゲノムＦマスク・緑,Genom Mask・Green
0x472e50@mhfdat-jp.bin,ゲノムFZマスク・緑,Genom F Mask・Green
0x472e54@mhfdat-jp.bin,ゲノムHSマスク・緑,Genom FZ Mask・Green
0x472e58@mhfdat-jp.bin,ゲノムGSマスク・緑,Genom HS Mask・Green
0x472e5c@mhfdat-jp.bin,ゲノムGPマスク・緑,Genom GS Mask・Green
0x472e60@mhfdat-jp.bin,ゲノムヘッド・水,Genom GP Mask・Green
0x472e64@mhfdat-jp.bin,ゲノムＦヘッド・水,Genom Head・Water
0x472e68@mhfdat-jp.bin,ゲノムFZヘッド・水,Genom F Head・Water
0x472e6c@mhfdat-jp.bin,ゲノムHSヘッド・水,Genom FZ Head・Water
0x472e70@mhfdat-jp.bin,ゲノムGSヘッド・水,Genom HS Head・Water
0x472e74@mhfdat-jp.bin,ゲノムGPヘッド・水,Genom GS Head・Water
0x472e78@mhfdat-jp.bin,ゲノムマスク・水,Genom GP Head・Water
0x472e7c@mhfdat-jp.bin,ゲノムＦマスク・水,Genom Mask・Water
0x472e80@mhfdat-jp.bin,ゲノムFZマスク・水,Genom F Mask・Water
0x472e84@mhfdat-jp.bin,ゲノムHSマスク・水,Genom FZ Mask・Water
0x472e88@mhfdat-jp.bin,ゲノムGSマスク・水,Genom HS Mask・Water
0x472e8c@mhfdat-jp.bin,ゲノムGPマスク・水,Genom GS Mask・Water
0x472e90@mhfdat-jp.bin,ゲノムヘッド・赤,Genom GP Mask・Water
0x472e94@mhfdat-jp.bin,ゲノムＦヘッド・赤,Genom Head・Red
0x472e98@mhfdat-jp.bin,ゲノムFZヘッド・赤,Genom F Head・Red
0x472e9c@mhfdat-jp.bin,ゲノムHSヘッド・赤,Genom FZ Head・Red
0x472ea0@mhfdat-jp.bin,ゲノムGSヘッド・赤,Genom HS Head・Red
0x472ea4@mhfdat-jp.bin,ゲノムGPヘッド・赤,Genom GS Head・Red
0x472ea8@mhfdat-jp.bin,ゲノムマスク・赤,Genom GP Head・Red
0x472eac@mhfdat-jp.bin,ゲノムＦマスク・赤,Genom Mask・Red
0x472eb0@mhfdat-jp.bin,ゲノムFZマスク・赤,Genom F Mask・Red
0x472eb4@mhfdat-jp.bin,ゲノムHSマスク・赤,Genom FZ Mask・Red
0x472eb8@mhfdat-jp.bin,ゲノムGSマスク・赤,Genom HS Mask・Red
0x472ebc@mhfdat-jp.bin,ゲノムGPマスク・赤,Genom GS Mask・Red
0x472ec0@mhfdat-jp.bin,ゲノムヘッド・紫,Genom GP Mask・Red
0x472ec4@mhfdat-jp.bin,ゲノムＦヘッド・紫,Genom Head・Purple
0x472ec8@mhfdat-jp.bin,ゲノムFZヘッド・紫,Genom F Head・Purple
0x472ecc@mhfdat-jp.bin,ゲノムHSヘッド・紫,Genom FZ Head・Purple
0x472ed0@mhfdat-jp.bin,ゲノムGSヘッド・紫,Genom HS Head・Purple
0x472ed4@mhfdat-jp.bin,ゲノムGPヘッド・紫,Genom GS Head・Purple
0x472ed8@mhfdat-jp.bin,ゲノムマスク・紫,Genom GP Head・Purple
0x472edc@mhfdat-jp.bin,ゲノムＦマスク・紫,Genom Mask・Purple
0x472ee0@mhfdat-jp.bin,ゲノムFZマスク・紫,Genom F Mask・Purple
0x472ee4@mhfdat-jp.bin,ゲノムHSマスク・紫,Genom FZ Mask・Purple
0x472ee8@mhfdat-jp.bin,ゲノムGSマスク・紫,Genom HS Mask・Purple
0x472eec@mhfdat-jp.bin,ゲノムGPマスク・紫,Genom GS Mask・Purple
0x472ef0@mhfdat-jp.bin,ディヴォルヘッド緑,Genom GP Mask・Purple
0x472ef4@mhfdat-jp.bin,ディヴォルＦヘッド緑,Divol Head Green
0x472ef8@mhfdat-jp.bin,ディヴォルFZヘッド緑,Divol F Head Green
0x472efc@mhfdat-jp.bin,ディヴォルHSヘッド緑,Divol FZ Head Green
0x472f00@mhfdat-jp.bin,ディヴォルGSヘッド緑,Divol HS Head Green
0x472f04@mhfdat-jp.bin,ディヴォルGPヘッド緑,Divol GS Head Green
0x472f08@mhfdat-jp.bin,ディヴォルマスク緑,Divol GP Head Green
0x472f0c@mhfdat-jp.bin,ディヴォルＦマスク緑,Divol Mask Green
0x472f10@mhfdat-jp.bin,ディヴォルFZマスク緑,Divol F Mask Green
0x472f14@mhfdat-jp.bin,ディヴォルHSマスク緑,Divol FZ Mask Green
0x472f18@mhfdat-jp.bin,ディヴォルGSマスク緑,Divol HS Mask Green
0x472f1c@mhfdat-jp.bin,ディヴォルGPマスク緑,Divol GS Mask Green
0x472f20@mhfdat-jp.bin,ディヴォルヘッド茶,Divol GP Mask Green
0x472f24@mhfdat-jp.bin,ディヴォルＦヘッド茶,Divol Head Tea
0x472f28@mhfdat-jp.bin,ディヴォルFZヘッド茶,Divol F Head Tea
0x472f2c@mhfdat-jp.bin,ディヴォルHSヘッド茶,Divol FZ Head Tea
0x472f30@mhfdat-jp.bin,ディヴォルGSヘッド茶,Divol HS Head Tea
0x472f34@mhfdat-jp.bin,ディヴォルGPヘッド茶,Divol GS Head Tea
0x472f38@mhfdat-jp.bin,ディヴォルマスク茶,Divol GP Head Tea
0x472f3c@mhfdat-jp.bin,ディヴォルＦマスク茶,Divol Mask Tea
0x472f40@mhfdat-jp.bin,ディヴォルFZマスク茶,Divol F Mask Tea
0x472f44@mhfdat-jp.bin,ディヴォルHSマスク茶,Divol FZ Mask Tea
0x472f48@mhfdat-jp.bin,ディヴォルGSマスク茶,Divol HS Mask Tea
0x472f4c@mhfdat-jp.bin,ディヴォルGPマスク茶,Divol GS Mask Tea
0x472f50@mhfdat-jp.bin,ディヴォルヘッド白,Divol GP Mask Tea
0x472f54@mhfdat-jp.bin,ディヴォルＦヘッド白,Divol Head White
0x472f58@mhfdat-jp.bin,ディヴォルFZヘッド白,Divol F Head White
0x472f5c@mhfdat-jp.bin,ディヴォルHSヘッド白,Divol FZ Head White
0x472f60@mhfdat-jp.bin,ディヴォルGSヘッド白,Divol HS Head White
0x472f64@mhfdat-jp.bin,ディヴォルGPヘッド白,Divol GS Head White
0x472f68@mhfdat-jp.bin,ディヴォルマスク白,Divol GP Head White
0x472f6c@mhfdat-jp.bin,ディヴォルＦマスク白,Divol Mask White
0x472f70@mhfdat-jp.bin,ディヴォルFZマスク白,Divol F Mask White
0x472f74@mhfdat-jp.bin,ディヴォルHSマスク白,Divol FZ Mask White
0x472f78@mhfdat-jp.bin,ディヴォルGSマスク白,Divol HS Mask White
0x472f7c@mhfdat-jp.bin,ディヴォルGPマスク白,Divol GS Mask White
0x472f80@mhfdat-jp.bin,ダンテヘッド・赤,Divol GP Mask White
0x472f84@mhfdat-jp.bin,ダンテＦヘッド・赤,Dante Head・Red
0x472f88@mhfdat-jp.bin,ダンテFZヘッド・赤,Dante F Head・Red
0x472f8c@mhfdat-jp.bin,ダンテHSヘッド・赤,Dante FZ Head・Red
0x472f90@mhfdat-jp.bin,ダンテGSヘッド・赤,Dante HS Head・Red
0x472f94@mhfdat-jp.bin,ダンテGPヘッド・赤,Dante GS Head・Red
0x472f98@mhfdat-jp.bin,ダンテウィッグ・赤,Dante GP Head・Red
0x472f9c@mhfdat-jp.bin,ダンテＦウィッグ・赤,Dante Wig・Red
0x472fa0@mhfdat-jp.bin,ダンテFZウィッグ・赤,Dante F Wig・Red
0x472fa4@mhfdat-jp.bin,ダンテHSウィッグ・赤,Dante FZ Wig・Red
0x472fa8@mhfdat-jp.bin,ダンテGSウィッグ・赤,Dante HS Wig・Red
0x472fac@mhfdat-jp.bin,ダンテGPウィッグ・赤,Dante GS Wig・Red
0x472fb0@mhfdat-jp.bin,レディヘッド・白,Dante GP Wig・Red
0x472fb4@mhfdat-jp.bin,レディＦヘッド・白,Lady Head・White
0x472fb8@mhfdat-jp.bin,レディFZヘッド・白,Lady F Head・White
0x472fbc@mhfdat-jp.bin,レディHSヘッド・白,Lady FZ Head・White
0x472fc0@mhfdat-jp.bin,レディGSヘッド・白,Lady HS Head・White
0x472fc4@mhfdat-jp.bin,レディGPヘッド・白,Lady GS Head・White
0x472fc8@mhfdat-jp.bin,レディウィッグ・白,Lady GP Head・White
0x472fcc@mhfdat-jp.bin,レディＦウィッグ・白,Lady Wig・White
0x472fd0@mhfdat-jp.bin,レディFZウィッグ・白,Lady F Wig・White
0x472fd4@mhfdat-jp.bin,レディHSウィッグ・白,Lady FZ Wig・White
0x472fd8@mhfdat-jp.bin,レディGSウィッグ・白,Lady HS Wig・White
0x472fdc@mhfdat-jp.bin,レディGPウィッグ・白,Lady GS Wig・White
0x472fe0@mhfdat-jp.bin,ダンテヘッド・黒,Lady GP Wig・White
0x472fe4@mhfdat-jp.bin,ダンテＦヘッド・黒,Dante Head・Black
0x472fe8@mhfdat-jp.bin,ダンテFZヘッド・黒,Dante F Head・Black
0x472fec@mhfdat-jp.bin,ダンテHSヘッド・黒,Dante FZ Head・Black
0x472ff0@mhfdat-jp.bin,ダンテGSヘッド・黒,Dante HS Head・Black
0x472ff4@mhfdat-jp.bin,ダンテGPヘッド・黒,Dante GS Head・Black
0x472ff8@mhfdat-jp.bin,ダンテウィッグ・黒,Dante GP Head・Black
0x472ffc@mhfdat-jp.bin,ダンテＦウィッグ・黒,Dante Wig・Black
0x473000@mhfdat-jp.bin,ダンテFZウィッグ・黒,Dante F Wig・Black
0x473004@mhfdat-jp.bin,ダンテHSウィッグ・黒,Dante FZ Wig・Black
0x473008@mhfdat-jp.bin,ダンテGSウィッグ・黒,Dante HS Wig・Black
0x47300c@mhfdat-jp.bin,ダンテGPウィッグ・黒,Dante GS Wig・Black
0x473010@mhfdat-jp.bin,レディヘッド・黒,Dante GP Wig・Black
0x473014@mhfdat-jp.bin,レディＦヘッド・黒,Lady Head・Black
0x473018@mhfdat-jp.bin,レディFZヘッド・黒,Lady F Head・Black
0x47301c@mhfdat-jp.bin,レディHSヘッド・黒,Lady FZ Head・Black
0x473020@mhfdat-jp.bin,レディGSヘッド・黒,Lady HS Head・Black
0x473024@mhfdat-jp.bin,レディGPヘッド・黒,Lady GS Head・Black
0x473028@mhfdat-jp.bin,レディウィッグ・黒,Lady GP Head・Black
0x47302c@mhfdat-jp.bin,レディＦウィッグ・黒,Lady Wig・Black
0x473030@mhfdat-jp.bin,レディFZウィッグ・黒,Lady F Wig・Black
0x473034@mhfdat-jp.bin,レディHSウィッグ・黒,Lady FZ Wig・Black
0x473038@mhfdat-jp.bin,レディGSウィッグ・黒,Lady HS Wig・Black
0x47303c@mhfdat-jp.bin,レディGPウィッグ・黒,Lady GS Wig・Black
0x473040@mhfdat-jp.bin,ダンテヘッド・白,Lady GP Wig・Black
0x473044@mhfdat-jp.bin,ダンテＦヘッド・白,Dante Head・White
0x473048@mhfdat-jp.bin,ダンテFZヘッド・白,Dante F Head・White
0x47304c@mhfdat-jp.bin,ダンテHSヘッド・白,Dante FZ Head・White
0x473050@mhfdat-jp.bin,ダンテGSヘッド・白,Dante HS Head・White
0x473054@mhfdat-jp.bin,ダンテGPヘッド・白,Dante GS Head・White
0x473058@mhfdat-jp.bin,ダンテウィッグ・白,Dante GP Head・White
0x47305c@mhfdat-jp.bin,ダンテＦウィッグ・白,Dante Wig・White
0x473060@mhfdat-jp.bin,ダンテFZウィッグ・白,Dante F Wig・White
0x473064@mhfdat-jp.bin,ダンテHSウィッグ・白,Dante FZ Wig・White
0x473068@mhfdat-jp.bin,ダンテGSウィッグ・白,Dante HS Wig・White
0x47306c@mhfdat-jp.bin,ダンテGPウィッグ・白,Dante GS Wig・White
0x473070@mhfdat-jp.bin,レディヘッド・赤,Dante GP Wig・White
0x473074@mhfdat-jp.bin,レディＦヘッド・赤,Lady Head・Red
0x473078@mhfdat-jp.bin,レディFZヘッド・赤,Lady F Head・Red
0x47307c@mhfdat-jp.bin,レディHSヘッド・赤,Lady FZ Head・Red
0x473080@mhfdat-jp.bin,レディGSヘッド・赤,Lady HS Head・Red
0x473084@mhfdat-jp.bin,レディGPヘッド・赤,Lady GS Head・Red
0x473088@mhfdat-jp.bin,レディウィッグ・赤,Lady GP Head・Red
0x47308c@mhfdat-jp.bin,レディＦウィッグ・赤,Lady Wig・Red
0x473090@mhfdat-jp.bin,レディFZウィッグ・赤,Lady F Wig・Red
0x473094@mhfdat-jp.bin,レディHSウィッグ・赤,Lady FZ Wig・Red
0x473098@mhfdat-jp.bin,レディGSウィッグ・赤,Lady HS Wig・Red
0x47309c@mhfdat-jp.bin,レディGPウィッグ・赤,Lady GS Wig・Red
0x4730a0@mhfdat-jp.bin,ダンテヘッド・緑,Lady GP Wig・Red
0x4730a4@mhfdat-jp.bin,ダンテＦヘッド・緑,Dante Head・Green
0x4730a8@mhfdat-jp.bin,ダンテFZヘッド・緑,Dante F Head・Green
0x4730ac@mhfdat-jp.bin,ダンテHSヘッド・緑,Dante FZ Head・Green
0x4730b0@mhfdat-jp.bin,ダンテGSヘッド・緑,Dante HS Head・Green
0x4730b4@mhfdat-jp.bin,ダンテGPヘッド・緑,Dante GS Head・Green
0x4730b8@mhfdat-jp.bin,ダンテウィッグ・緑,Dante GP Head・Green
0x4730bc@mhfdat-jp.bin,ダンテＦウィッグ・緑,Dante Wig・Green
0x4730c0@mhfdat-jp.bin,ダンテFZウィッグ・緑,Dante F Wig・Green
0x4730c4@mhfdat-jp.bin,ダンテHSウィッグ・緑,Dante FZ Wig・Green
0x4730c8@mhfdat-jp.bin,ダンテGSウィッグ・緑,Dante HS Wig・Green
0x4730cc@mhfdat-jp.bin,ダンテGPウィッグ・緑,Dante GS Wig・Green
0x4730d0@mhfdat-jp.bin,レディヘッド・緑,Dante GP Wig・Green
0x4730d4@mhfdat-jp.bin,レディＦヘッド・緑,Lady Head・Green
0x4730d8@mhfdat-jp.bin,レディFZヘッド・緑,Lady F Head・Green
0x4730dc@mhfdat-jp.bin,レディHSヘッド・緑,Lady FZ Head・Green
0x4730e0@mhfdat-jp.bin,レディGSヘッド・緑,Lady HS Head・Green
0x4730e4@mhfdat-jp.bin,レディGPヘッド・緑,Lady GS Head・Green
0x4730e8@mhfdat-jp.bin,レディウィッグ・緑,Lady GP Head・Green
0x4730ec@mhfdat-jp.bin,レディＦウィッグ・緑,Lady Wig・Green
0x4730f0@mhfdat-jp.bin,レディFZウィッグ・緑,Lady F Wig・Green
0x4730f4@mhfdat-jp.bin,レディHSウィッグ・緑,Lady FZ Wig・Green
0x4730f8@mhfdat-jp.bin,レディGSウィッグ・緑,Lady HS Wig・Green
0x4730fc@mhfdat-jp.bin,レディGPウィッグ・緑,Lady GS Wig・Green
0x473100@mhfdat-jp.bin,昇龍FZ鉢巻・白,Lady GP Wig・Green
0x473104@mhfdat-jp.bin,昇龍HS鉢巻・白,昇龍FZ Hachimaki・White
0x473108@mhfdat-jp.bin,昇龍GS鉢巻・白,昇龍HS Hachimaki・White
0x47310c@mhfdat-jp.bin,昇龍GP鉢巻・白,昇龍GS Hachimaki・White
0x473110@mhfdat-jp.bin,波動FZ鉢巻・白,昇龍GP Hachimaki・White
0x473114@mhfdat-jp.bin,波動HS鉢巻・白,波動FZ Hachimaki・White
0x473118@mhfdat-jp.bin,波動GS鉢巻・白,波動HS Hachimaki・White
0x47311c@mhfdat-jp.bin,波動GP鉢巻・白,波動GS Hachimaki・White
0x473120@mhfdat-jp.bin,百裂FZお団子・青,波動GP Hachimaki・White
0x473124@mhfdat-jp.bin,百裂HSお団子・青,百裂FZお団子・Blue
0x473128@mhfdat-jp.bin,百裂GSお団子・青,百裂HSお団子・Blue
0x47312c@mhfdat-jp.bin,百裂GPお団子・青,百裂GSお団子・Blue
0x473130@mhfdat-jp.bin,気功FZお団子・青,百裂GPお団子・Blue
0x473134@mhfdat-jp.bin,気功HSお団子・青,気功FZお団子・Blue
0x473138@mhfdat-jp.bin,気功GSお団子・青,気功HSお団子・Blue
0x47313c@mhfdat-jp.bin,気功GPお団子・青,気功GSお団子・Blue
0x473140@mhfdat-jp.bin,昇龍FZ鉢巻・紺,気功GPお団子・Blue
0x473144@mhfdat-jp.bin,昇龍HS鉢巻・紺,昇龍FZ Hachimaki・紺
0x473148@mhfdat-jp.bin,昇龍GS鉢巻・紺,昇龍HS Hachimaki・紺
0x47314c@mhfdat-jp.bin,昇龍GP鉢巻・紺,昇龍GS Hachimaki・紺
0x473150@mhfdat-jp.bin,波動FZ鉢巻・紺,昇龍GP Hachimaki・紺
0x473154@mhfdat-jp.bin,波動HS鉢巻・紺,波動FZ Hachimaki・紺
0x473158@mhfdat-jp.bin,波動GS鉢巻・紺,波動HS Hachimaki・紺
0x47315c@mhfdat-jp.bin,波動GP鉢巻・紺,波動GS Hachimaki・紺
0x473160@mhfdat-jp.bin,百裂FZお団子・黒,波動GP Hachimaki・紺
0x473164@mhfdat-jp.bin,百裂HSお団子・黒,百裂FZお団子・Black
0x473168@mhfdat-jp.bin,百裂GSお団子・黒,百裂HSお団子・Black
0x47316c@mhfdat-jp.bin,百裂GPお団子・黒,百裂GSお団子・Black
0x473170@mhfdat-jp.bin,気功FZお団子・黒,百裂GPお団子・Black
0x473174@mhfdat-jp.bin,気功HSお団子・黒,気功FZお団子・Black
0x473178@mhfdat-jp.bin,気功GSお団子・黒,気功HSお団子・Black
0x47317c@mhfdat-jp.bin,気功GPお団子・黒,気功GSお団子・Black
0x473180@mhfdat-jp.bin,昇龍FZ鉢巻・黄,気功GPお団子・Black
0x473184@mhfdat-jp.bin,昇龍HS鉢巻・黄,昇龍FZ Hachimaki・Yellow
0x473188@mhfdat-jp.bin,昇龍GS鉢巻・黄,昇龍HS Hachimaki・Yellow
0x47318c@mhfdat-jp.bin,昇龍GP鉢巻・黄,昇龍GS Hachimaki・Yellow
0x473190@mhfdat-jp.bin,波動FZ鉢巻・黄,昇龍GP Hachimaki・Yellow
0x473194@mhfdat-jp.bin,波動HS鉢巻・黄,波動FZ Hachimaki・Yellow
0x473198@mhfdat-jp.bin,波動GS鉢巻・黄,波動HS Hachimaki・Yellow
0x47319c@mhfdat-jp.bin,波動GP鉢巻・黄,波動GS Hachimaki・Yellow
0x4731a0@mhfdat-jp.bin,百裂FZお団子・黄,波動GP Hachimaki・Yellow
0x4731a4@mhfdat-jp.bin,百裂HSお団子・黄,百裂FZお団子・Yellow
0x4731a8@mhfdat-jp.bin,百裂GSお団子・黄,百裂HSお団子・Yellow
0x4731ac@mhfdat-jp.bin,百裂GPお団子・黄,百裂GSお団子・Yellow
0x4731b0@mhfdat-jp.bin,気功FZお団子・黄,百裂GPお団子・Yellow
0x4731b4@mhfdat-jp.bin,気功HSお団子・黄,気功FZお団子・Yellow
0x4731b8@mhfdat-jp.bin,気功GSお団子・黄,気功HSお団子・Yellow
0x4731bc@mhfdat-jp.bin,気功GPお団子・黄,気功GSお団子・Yellow
0x4731c0@mhfdat-jp.bin,昇龍FZ鉢巻・紫,気功GPお団子・Yellow
0x4731c4@mhfdat-jp.bin,昇龍HS鉢巻・紫,昇龍FZ Hachimaki・Purple
0x4731c8@mhfdat-jp.bin,昇龍GS鉢巻・紫,昇龍HS Hachimaki・Purple
0x4731cc@mhfdat-jp.bin,昇龍GP鉢巻・紫,昇龍GS Hachimaki・Purple
0x4731d0@mhfdat-jp.bin,波動FZ鉢巻・紫,昇龍GP Hachimaki・Purple
0x4731d4@mhfdat-jp.bin,波動HS鉢巻・紫,波動FZ Hachimaki・Purple
0x4731d8@mhfdat-jp.bin,波動GS鉢巻・紫,波動HS Hachimaki・Purple
0x4731dc@mhfdat-jp.bin,波動GP鉢巻・紫,波動GS Hachimaki・Purple
0x4731e0@mhfdat-jp.bin,百裂FZお団子・緑,波動GP Hachimaki・Purple
0x4731e4@mhfdat-jp.bin,百裂HSお団子・緑,百裂FZお団子・Green
0x4731e8@mhfdat-jp.bin,百裂GSお団子・緑,百裂HSお団子・Green
0x4731ec@mhfdat-jp.bin,百裂GPお団子・緑,百裂GSお団子・Green
0x4731f0@mhfdat-jp.bin,気功FZお団子・緑,百裂GPお団子・Green
0x4731f4@mhfdat-jp.bin,気功HSお団子・緑,気功FZお団子・Green
0x4731f8@mhfdat-jp.bin,気功GSお団子・緑,気功HSお団子・Green
0x4731fc@mhfdat-jp.bin,気功GPお団子・緑,気功GSお団子・Green
0x473200@mhfdat-jp.bin,竜巻FZ鉢巻・黒,気功GPお団子・Green
0x473204@mhfdat-jp.bin,竜巻HS鉢巻・黒,竜巻FZ Hachimaki・Black
0x473208@mhfdat-jp.bin,竜巻GS鉢巻・黒,竜巻HS Hachimaki・Black
0x47320c@mhfdat-jp.bin,竜巻GP鉢巻・黒,竜巻GS Hachimaki・Black
0x473210@mhfdat-jp.bin,真空FZ鉢巻・黒,竜巻GP Hachimaki・Black
0x473214@mhfdat-jp.bin,真空HS鉢巻・黒,True 空FZ Hachimaki・Black
0x473218@mhfdat-jp.bin,真空GS鉢巻・黒,True 空HS Hachimaki・Black
0x47321c@mhfdat-jp.bin,真空GP鉢巻・黒,True 空GS Hachimaki・Black
0x473220@mhfdat-jp.bin,千裂FZお団子・黒,True 空GP Hachimaki・Black
0x473224@mhfdat-jp.bin,千裂HSお団子・黒,千裂FZお団子・Black
0x473228@mhfdat-jp.bin,千裂GSお団子・黒,千裂HSお団子・Black
0x47322c@mhfdat-jp.bin,千裂GPお団子・黒,千裂GSお団子・Black
0x473230@mhfdat-jp.bin,覇山FZお団子・黒,千裂GPお団子・Black
0x473234@mhfdat-jp.bin,覇山HSお団子・黒,覇山FZお団子・Black
0x473238@mhfdat-jp.bin,覇山GSお団子・黒,覇山HSお団子・Black
0x47323c@mhfdat-jp.bin,覇山GPお団子・黒,覇山GSお団子・Black
0x473240@mhfdat-jp.bin,竜巻FZ鉢巻・茶,覇山GPお団子・Black
0x473244@mhfdat-jp.bin,竜巻HS鉢巻・茶,竜巻FZ Hachimaki・Tea
0x473248@mhfdat-jp.bin,竜巻GS鉢巻・茶,竜巻HS Hachimaki・Tea
0x47324c@mhfdat-jp.bin,竜巻GP鉢巻・茶,竜巻GS Hachimaki・Tea
0x473250@mhfdat-jp.bin,真空FZ鉢巻・茶,竜巻GP Hachimaki・Tea
0x473254@mhfdat-jp.bin,真空HS鉢巻・茶,True 空FZ Hachimaki・Tea
0x473258@mhfdat-jp.bin,真空GS鉢巻・茶,True 空HS Hachimaki・Tea
0x47325c@mhfdat-jp.bin,真空GP鉢巻・茶,True 空GS Hachimaki・Tea
0x473260@mhfdat-jp.bin,千裂FZお団子・紫,True 空GP Hachimaki・Tea
0x473264@mhfdat-jp.bin,千裂HSお団子・紫,千裂FZお団子・Purple
0x473268@mhfdat-jp.bin,千裂GSお団子・紫,千裂HSお団子・Purple
0x47326c@mhfdat-jp.bin,千裂GPお団子・紫,千裂GSお団子・Purple
0x473270@mhfdat-jp.bin,覇山FZお団子・紫,千裂GPお団子・Purple
0x473274@mhfdat-jp.bin,覇山HSお団子・紫,覇山FZお団子・Purple
0x473278@mhfdat-jp.bin,覇山GSお団子・紫,覇山HSお団子・Purple
0x47327c@mhfdat-jp.bin,覇山GPお団子・紫,覇山GSお団子・Purple
0x473280@mhfdat-jp.bin,竜巻FZ鉢巻・白,覇山GPお団子・Purple
0x473284@mhfdat-jp.bin,竜巻HS鉢巻・白,竜巻FZ Hachimaki・White
0x473288@mhfdat-jp.bin,竜巻GS鉢巻・白,竜巻HS Hachimaki・White
0x47328c@mhfdat-jp.bin,竜巻GP鉢巻・白,竜巻GS Hachimaki・White
0x473290@mhfdat-jp.bin,真空FZ鉢巻・白,竜巻GP Hachimaki・White
0x473294@mhfdat-jp.bin,真空HS鉢巻・白,True 空FZ Hachimaki・White
0x473298@mhfdat-jp.bin,真空GS鉢巻・白,True 空HS Hachimaki・White
0x47329c@mhfdat-jp.bin,真空GP鉢巻・白,True 空GS Hachimaki・White
0x4732a0@mhfdat-jp.bin,千裂FZお団子・白,True 空GP Hachimaki・White
0x4732a4@mhfdat-jp.bin,千裂HSお団子・白,千裂FZお団子・White
0x4732a8@mhfdat-jp.bin,千裂GSお団子・白,千裂HSお団子・White
0x4732ac@mhfdat-jp.bin,千裂GPお団子・白,千裂GSお団子・White
0x4732b0@mhfdat-jp.bin,覇山FZお団子・白,千裂GPお団子・White
0x4732b4@mhfdat-jp.bin,覇山HSお団子・白,覇山FZお団子・White
0x4732b8@mhfdat-jp.bin,覇山GSお団子・白,覇山HSお団子・White
0x4732bc@mhfdat-jp.bin,覇山GPお団子・白,覇山GSお団子・White
0x4732c0@mhfdat-jp.bin,竜巻FZ鉢巻・青,覇山GPお団子・White
0x4732c4@mhfdat-jp.bin,竜巻HS鉢巻・青,竜巻FZ Hachimaki・Blue
0x4732c8@mhfdat-jp.bin,竜巻GS鉢巻・青,竜巻HS Hachimaki・Blue
0x4732cc@mhfdat-jp.bin,竜巻GP鉢巻・青,竜巻GS Hachimaki・Blue
0x4732d0@mhfdat-jp.bin,真空FZ鉢巻・青,竜巻GP Hachimaki・Blue
0x4732d4@mhfdat-jp.bin,真空HS鉢巻・青,True 空FZ Hachimaki・Blue
0x4732d8@mhfdat-jp.bin,真空GS鉢巻・青,True 空HS Hachimaki・Blue
0x4732dc@mhfdat-jp.bin,真空GP鉢巻・青,True 空GS Hachimaki・Blue
0x4732e0@mhfdat-jp.bin,千裂FZお団子・緑,True 空GP Hachimaki・Blue
0x4732e4@mhfdat-jp.bin,千裂HSお団子・緑,千裂FZお団子・Green
0x4732e8@mhfdat-jp.bin,千裂GSお団子・緑,千裂HSお団子・Green
0x4732ec@mhfdat-jp.bin,千裂GPお団子・緑,千裂GSお団子・Green
0x4732f0@mhfdat-jp.bin,覇山FZお団子・緑,千裂GPお団子・Green
0x4732f4@mhfdat-jp.bin,覇山HSお団子・緑,覇山FZお団子・Green
0x4732f8@mhfdat-jp.bin,覇山GSお団子・緑,覇山HSお団子・Green
0x4732fc@mhfdat-jp.bin,覇山GPお団子・緑,覇山GSお団子・Green
0x473300@mhfdat-jp.bin,デモンFZヘッド・青,覇山GPお団子・Green
0x473304@mhfdat-jp.bin,デモンHSヘッド・青,Demon FZ Head・Blue
0x473308@mhfdat-jp.bin,デモンGSヘッド・青,Demon HS Head・Blue
0x47330c@mhfdat-jp.bin,デモンGPヘッド・青,Demon GS Head・Blue
0x473310@mhfdat-jp.bin,カオスFZヘッド・青,Demon GP Head・Blue
0x473314@mhfdat-jp.bin,カオスHSヘッド・青,Chaos FZ Head・Blue
0x473318@mhfdat-jp.bin,カオスGSヘッド・青,Chaos HS Head・Blue
0x47331c@mhfdat-jp.bin,カオスGPヘッド・青,Chaos GS Head・Blue
0x473320@mhfdat-jp.bin,シャドウFZウィッグ紫,Chaos GP Head・Blue
0x473324@mhfdat-jp.bin,シャドウHSウィッグ紫,Shadow FZ Wig Purple
0x473328@mhfdat-jp.bin,シャドウGSウィッグ紫,Shadow HS Wig Purple
0x47332c@mhfdat-jp.bin,シャドウGPウィッグ紫,Shadow GS Wig Purple
0x473330@mhfdat-jp.bin,ソウルFZウィッグ・紫,Shadow GP Wig Purple
0x473334@mhfdat-jp.bin,ソウルHSウィッグ・紫,Soul FZ Wig・Purple
0x473338@mhfdat-jp.bin,ソウルGSウィッグ・紫,Soul HS Wig・Purple
0x47333c@mhfdat-jp.bin,ソウルGPウィッグ・紫,Soul GS Wig・Purple
0x473340@mhfdat-jp.bin,デモンFZヘッド・赤,Soul GP Wig・Purple
0x473344@mhfdat-jp.bin,デモンHSヘッド・赤,Demon FZ Head・Red
0x473348@mhfdat-jp.bin,デモンGSヘッド・赤,Demon HS Head・Red
0x47334c@mhfdat-jp.bin,デモンGPヘッド・赤,Demon GS Head・Red
0x473350@mhfdat-jp.bin,カオスFZヘッド・赤,Demon GP Head・Red
0x473354@mhfdat-jp.bin,カオスHSヘッド・赤,Chaos FZ Head・Red
0x473358@mhfdat-jp.bin,カオスGSヘッド・赤,Chaos HS Head・Red
0x47335c@mhfdat-jp.bin,カオスGPヘッド・赤,Chaos GS Head・Red
0x473360@mhfdat-jp.bin,シャドウFZウィッグ赤,Chaos GP Head・Red
0x473364@mhfdat-jp.bin,シャドウHSウィッグ赤,Shadow FZ Wig Red
0x473368@mhfdat-jp.bin,シャドウGSウィッグ赤,Shadow HS Wig Red
0x47336c@mhfdat-jp.bin,シャドウGPウィッグ赤,Shadow GS Wig Red
0x473370@mhfdat-jp.bin,ソウルFZウィッグ・赤,Shadow GP Wig Red
0x473374@mhfdat-jp.bin,ソウルHSウィッグ・赤,Soul FZ Wig・Red
0x473378@mhfdat-jp.bin,ソウルGSウィッグ・赤,Soul HS Wig・Red
0x47337c@mhfdat-jp.bin,ソウルGPウィッグ・赤,Soul GS Wig・Red
0x473380@mhfdat-jp.bin,デモンFZヘッド・緑,Soul GP Wig・Red
0x473384@mhfdat-jp.bin,デモンHSヘッド・緑,Demon FZ Head・Green
0x473388@mhfdat-jp.bin,デモンGSヘッド・緑,Demon HS Head・Green
0x47338c@mhfdat-jp.bin,デモンGPヘッド・緑,Demon GS Head・Green
0x473390@mhfdat-jp.bin,カオスFZヘッド・緑,Demon GP Head・Green
0x473394@mhfdat-jp.bin,カオスHSヘッド・緑,Chaos FZ Head・Green
0x473398@mhfdat-jp.bin,カオスGSヘッド・緑,Chaos HS Head・Green
0x47339c@mhfdat-jp.bin,カオスGPヘッド・緑,Chaos GS Head・Green
0x4733a0@mhfdat-jp.bin,シャドウFZウィッグ緑,Chaos GP Head・Green
0x4733a4@mhfdat-jp.bin,シャドウHSウィッグ緑,Shadow FZ Wig Green
0x4733a8@mhfdat-jp.bin,シャドウGSウィッグ緑,Shadow HS Wig Green
0x4733ac@mhfdat-jp.bin,シャドウGPウィッグ緑,Shadow GS Wig Green
0x4733b0@mhfdat-jp.bin,ソウルFZウィッグ・緑,Shadow GP Wig Green
0x4733b4@mhfdat-jp.bin,ソウルHSウィッグ・緑,Soul FZ Wig・Green
0x4733b8@mhfdat-jp.bin,ソウルGSウィッグ・緑,Soul HS Wig・Green
0x4733bc@mhfdat-jp.bin,ソウルGPウィッグ・緑,Soul GS Wig・Green
0x4733c0@mhfdat-jp.bin,デモンFZヘッド・白,Soul GP Wig・Green
0x4733c4@mhfdat-jp.bin,デモンHSヘッド・白,Demon FZ Head・White
0x4733c8@mhfdat-jp.bin,デモンGSヘッド・白,Demon HS Head・White
0x4733cc@mhfdat-jp.bin,デモンGPヘッド・白,Demon GS Head・White
0x4733d0@mhfdat-jp.bin,カオスFZヘッド・白,Demon GP Head・White
0x4733d4@mhfdat-jp.bin,カオスHSヘッド・白,Chaos FZ Head・White
0x4733d8@mhfdat-jp.bin,カオスGSヘッド・白,Chaos HS Head・White
0x4733dc@mhfdat-jp.bin,カオスGPヘッド・白,Chaos GS Head・White
0x4733e0@mhfdat-jp.bin,シャドウFZウィッグ白,Chaos GP Head・White
0x4733e4@mhfdat-jp.bin,シャドウHSウィッグ白,Shadow FZ Wig White
0x4733e8@mhfdat-jp.bin,シャドウGSウィッグ白,Shadow HS Wig White
0x4733ec@mhfdat-jp.bin,シャドウGPウィッグ白,Shadow GS Wig White
0x4733f0@mhfdat-jp.bin,ソウルFZウィッグ・白,Shadow GP Wig White
0x4733f4@mhfdat-jp.bin,ソウルHSウィッグ・白,Soul FZ Wig・White
0x4733f8@mhfdat-jp.bin,ソウルGSウィッグ・白,Soul HS Wig・White
0x4733fc@mhfdat-jp.bin,ソウルGPウィッグ・白,Soul GS Wig・White
0x473400@mhfdat-jp.bin,一閃GS【鉢金】・赤,Soul GP Wig・White
0x473404@mhfdat-jp.bin,一閃GP【鉢金】・赤,Issen GS Hachigane・Red
0x473408@mhfdat-jp.bin,構射GS【鉢金】・赤,Issen GP Hachigane・Red
0x47340c@mhfdat-jp.bin,構射GP【鉢金】・赤,構射GS Hachigane・Red
0x473410@mhfdat-jp.bin,蜂針GS【鉢金】・橙,構射GP Hachigane・Red
0x473414@mhfdat-jp.bin,蜂針GP【鉢金】・橙,蜂針GS Hachigane・Orange
0x473418@mhfdat-jp.bin,気弾GS【鉢金】・橙,蜂針GP Hachigane・Orange
0x47341c@mhfdat-jp.bin,気弾GP【鉢金】・橙,気弾GS Hachigane・Orange
0x473420@mhfdat-jp.bin,一閃GS【鉢金】・青,気弾GP Hachigane・Orange
0x473424@mhfdat-jp.bin,一閃GP【鉢金】・青,Issen GS Hachigane・Blue
0x473428@mhfdat-jp.bin,構射GS【鉢金】・青,Issen GP Hachigane・Blue
0x47342c@mhfdat-jp.bin,構射GP【鉢金】・青,構射GS Hachigane・Blue
0x473430@mhfdat-jp.bin,蜂針GS【鉢金】・青,構射GP Hachigane・Blue
0x473434@mhfdat-jp.bin,蜂針GP【鉢金】・青,蜂針GS Hachigane・Blue
0x473438@mhfdat-jp.bin,気弾GS【鉢金】・青,蜂針GP Hachigane・Blue
0x47343c@mhfdat-jp.bin,気弾GP【鉢金】・青,気弾GS Hachigane・Blue
0x473440@mhfdat-jp.bin,一閃GS【鉢金】・黄,気弾GP Hachigane・Blue
0x473444@mhfdat-jp.bin,一閃GP【鉢金】・黄,Issen GS Hachigane・Yellow
0x473448@mhfdat-jp.bin,構射GS【鉢金】・黄,Issen GP Hachigane・Yellow
0x47344c@mhfdat-jp.bin,構射GP【鉢金】・黄,構射GS Hachigane・Yellow
0x473450@mhfdat-jp.bin,蜂針GS【鉢金】・黄,構射GP Hachigane・Yellow
0x473454@mhfdat-jp.bin,蜂針GP【鉢金】・黄,蜂針GS Hachigane・Yellow
0x473458@mhfdat-jp.bin,気弾GS【鉢金】・黄,蜂針GP Hachigane・Yellow
0x47345c@mhfdat-jp.bin,気弾GP【鉢金】・黄,気弾GS Hachigane・Yellow
0x473460@mhfdat-jp.bin,一閃GS【鉢金】・黒,気弾GP Hachigane・Yellow
0x473464@mhfdat-jp.bin,一閃GP【鉢金】・黒,Issen GS Hachigane・Black
0x473468@mhfdat-jp.bin,構射GS【鉢金】・黒,Issen GP Hachigane・Black
0x47346c@mhfdat-jp.bin,構射GP【鉢金】・黒,構射GS Hachigane・Black
0x473470@mhfdat-jp.bin,蜂針GS【鉢金】・黒,構射GP Hachigane・Black
0x473474@mhfdat-jp.bin,蜂針GP【鉢金】・黒,蜂針GS Hachigane・Black
0x473478@mhfdat-jp.bin,気弾GS【鉢金】・黒,蜂針GP Hachigane・Black
0x47347c@mhfdat-jp.bin,気弾GP【鉢金】・黒,気弾GS Hachigane・Black
0x473480@mhfdat-jp.bin,神龍GS鉢巻・赤,気弾GP Hachigane・Black
0x473484@mhfdat-jp.bin,神龍GP鉢巻・赤,Shinryu GS Hachimaki・Red
0x473488@mhfdat-jp.bin,裂破GS鉢巻・赤,Shinryu GP Hachimaki・Red
0x47348c@mhfdat-jp.bin,裂破GP鉢巻・赤,Reppa GS Hachimaki・Red
0x473490@mhfdat-jp.bin,キャノンGSベレー・水,Reppa GP Hachimaki・Red
0x473494@mhfdat-jp.bin,キャノンGPベレー・水,Cannon GS Beret・Water
0x473498@mhfdat-jp.bin,アクセルGSベレー・水,Cannon GP Beret・Water
0x47349c@mhfdat-jp.bin,アクセルGPベレー・水,Axel GS Beret・Water
0x4734a0@mhfdat-jp.bin,神龍GS鉢巻・白,Axel GP Beret・Water
0x4734a4@mhfdat-jp.bin,神龍GP鉢巻・白,Shinryu GS Hachimaki・White
0x4734a8@mhfdat-jp.bin,裂破GS鉢巻・白,Shinryu GP Hachimaki・White
0x4734ac@mhfdat-jp.bin,裂破GP鉢巻・白,Reppa GS Hachimaki・White
0x4734b0@mhfdat-jp.bin,キャノンGSベレー・緑,Reppa GP Hachimaki・White
0x4734b4@mhfdat-jp.bin,キャノンGPベレー・緑,Cannon GS Beret・Green
0x4734b8@mhfdat-jp.bin,アクセルGSベレー・緑,Cannon GP Beret・Green
0x4734bc@mhfdat-jp.bin,アクセルGPベレー・緑,Axel GS Beret・Green
0x4734c0@mhfdat-jp.bin,神龍GS鉢巻・紫,Axel GP Beret・Green
0x4734c4@mhfdat-jp.bin,神龍GP鉢巻・紫,Shinryu GS Hachimaki・Purple
0x4734c8@mhfdat-jp.bin,裂破GS鉢巻・紫,Shinryu GP Hachimaki・Purple
0x4734cc@mhfdat-jp.bin,裂破GP鉢巻・紫,Reppa GS Hachimaki・Purple
0x4734d0@mhfdat-jp.bin,キャノンGSベレー・桃,Reppa GP Hachimaki・Purple
0x4734d4@mhfdat-jp.bin,キャノンGPベレー・桃,Cannon GS Beret・Peach
0x4734d8@mhfdat-jp.bin,アクセルGSベレー・桃,Cannon GP Beret・Peach
0x4734dc@mhfdat-jp.bin,アクセルGPベレー・桃,Axel GS Beret・Peach
0x4734e0@mhfdat-jp.bin,神龍GS鉢巻・黄,Axel GP Beret・Peach
0x4734e4@mhfdat-jp.bin,神龍GP鉢巻・黄,Shinryu GS Hachimaki・Yellow
0x4734e8@mhfdat-jp.bin,裂破GS鉢巻・黄,Shinryu GP Hachimaki・Yellow
0x4734ec@mhfdat-jp.bin,裂破GP鉢巻・黄,Reppa GS Hachimaki・Yellow
0x4734f0@mhfdat-jp.bin,キャノンGSベレー・紫,Reppa GP Hachimaki・Yellow
0x4734f4@mhfdat-jp.bin,キャノンGPベレー・紫,Cannon GS Beret・Purple
0x4734f8@mhfdat-jp.bin,アクセルGSベレー・紫,Cannon GP Beret・Purple
0x4734fc@mhfdat-jp.bin,アクセルGPベレー・紫,Axel GS Beret・Purple
0x473500@mhfdat-jp.bin,ガルーダHSヘッド,Axel GP Beret・Purple
0x473504@mhfdat-jp.bin,ガルーダGSヘッド,Garuda HS Head
0x473508@mhfdat-jp.bin,ガルーダGPヘッド,Garuda GS Head
0x47350c@mhfdat-jp.bin,ガルーダHSピアス,Garuda GP Head
0x473510@mhfdat-jp.bin,ガルーダGSピアス,Garuda HS Piercings
0x473514@mhfdat-jp.bin,ガルーダGPピアス,Garuda GS Piercings
0x473518@mhfdat-jp.bin,フィアラルHSヘッド,Garuda GP Piercings
0x47351c@mhfdat-jp.bin,フィアラルGSヘッド,Feral HS Head
0x473520@mhfdat-jp.bin,フィアラルGPヘッド,Feral GS Head
0x473524@mhfdat-jp.bin,フィアラルHSピアス,Feral GP Head
0x473528@mhfdat-jp.bin,フィアラルGSピアス,Feral HS Piercings
0x47352c@mhfdat-jp.bin,フィアラルGPピアス,Feral GS Piercings
0x473530@mhfdat-jp.bin,フィアスHSヘッド,Feral GP Piercings
0x473534@mhfdat-jp.bin,フィアスGSヘッド,Fias HS Head
0x473538@mhfdat-jp.bin,フィアスGPヘッド,Fias GS Head
0x47353c@mhfdat-jp.bin,フィアスHSピアス,Fias GP Head
0x473540@mhfdat-jp.bin,フィアスGSピアス,Fias HS Piercings
0x473544@mhfdat-jp.bin,フィアスGPピアス,Fias GS Piercings
0x473548@mhfdat-jp.bin,ヴィルトHSヘッド,Fias GP Piercings
0x47354c@mhfdat-jp.bin,ヴィルトGSヘッド,Viruto HS Head
0x473550@mhfdat-jp.bin,ヴィルトGPヘッド,Viruto GS Head
0x473554@mhfdat-jp.bin,ヴィルトHSピアス,Viruto GP Head
0x473558@mhfdat-jp.bin,ヴィルトGSピアス,Viruto HS Piercings
0x47355c@mhfdat-jp.bin,ヴィルトGPピアス,Viruto GS Piercings
0x473560@mhfdat-jp.bin,ファルコHSヘルム,Viruto GP Piercings
0x473564@mhfdat-jp.bin,ファルコGSヘルム,Falco HS Helm
0x473568@mhfdat-jp.bin,ファルコGPヘルム,Falco GS Helm
0x47356c@mhfdat-jp.bin,ファルコHSキャップ,Falco GP Helm
0x473570@mhfdat-jp.bin,ファルコGSキャップ,Falco HS Cap
0x473574@mhfdat-jp.bin,ファルコGPキャップ,Falco GS Cap
0x473578@mhfdat-jp.bin,ハウクスHSヘルム,Falco GP Cap
0x47357c@mhfdat-jp.bin,ハウクスGSヘルム,Howx HS Helm
0x473580@mhfdat-jp.bin,ハウクスGPヘルム,Howx GS Helm
0x473584@mhfdat-jp.bin,ハウクスHSキャップ,Howx GP Helm
0x473588@mhfdat-jp.bin,ハウクスGSキャップ,Howx HS Cap
0x47358c@mhfdat-jp.bin,ハウクスGPキャップ,Howx GS Cap
0x473590@mhfdat-jp.bin,ガウスHSヘルム,Howx GP Cap
0x473594@mhfdat-jp.bin,ガウスGSヘルム,Gauss HS Helm
0x473598@mhfdat-jp.bin,ガウスGPヘルム,Gauss GS Helm
0x47359c@mhfdat-jp.bin,ガウスHSマスク,Gauss GP Helm
0x4735a0@mhfdat-jp.bin,ガウスGSマスク,Gauss HS Mask
0x4735a4@mhfdat-jp.bin,ガウスGPマスク,Gauss GS Mask
0x4735a8@mhfdat-jp.bin,ウェーバHSヘルム,Gauss GP Mask
0x4735ac@mhfdat-jp.bin,ウェーバGSヘルム,Weber HS Helm
0x4735b0@mhfdat-jp.bin,ウェーバGPヘルム,Weber GS Helm
0x4735b4@mhfdat-jp.bin,ウェーバHSマスク,Weber GP Helm
0x4735b8@mhfdat-jp.bin,ウェーバGSマスク,Weber HS Mask
0x4735bc@mhfdat-jp.bin,ウェーバGPマスク,Weber GS Mask
0x4735c0@mhfdat-jp.bin,ギルバートHSヘルム,Weber GP Mask
0x4735c4@mhfdat-jp.bin,ギルバートGSヘルム,Gilbert HS Helm
0x4735c8@mhfdat-jp.bin,ギルバートGPヘルム,Gilbert GS Helm
0x4735cc@mhfdat-jp.bin,ギルバートHSマスク,Gilbert GP Helm
0x4735d0@mhfdat-jp.bin,ギルバートGSマスク,Gilbert HS Mask
0x4735d4@mhfdat-jp.bin,ギルバートGPマスク,Gilbert GS Mask
0x4735d8@mhfdat-jp.bin,ブライトGPヘルム,Gilbert GP Mask
0x4735dc@mhfdat-jp.bin,ブライトGPキャップ,Bright GP Helm
0x4735e0@mhfdat-jp.bin,ジュアリGPヘルム,Bright GP Cap
0x4735e4@mhfdat-jp.bin,ジュアリGPキャップ,Juari GP Helm
0x4735e8@mhfdat-jp.bin,ティンクGPヘルム,Juari GP Cap
0x4735ec@mhfdat-jp.bin,ティンクGPキャップ,Tinku GP Helm
0x4735f0@mhfdat-jp.bin,ルクストヘルム,Tinku GP Cap
0x4735f4@mhfdat-jp.bin,ルクストＦヘルム,Luxt Helm
0x4735f8@mhfdat-jp.bin,ルクストFYヘルム,Luxt F Helm
0x4735fc@mhfdat-jp.bin,ルクストHSヘルム,Luxt FY Helm
0x473600@mhfdat-jp.bin,ルクストキャップ,Luxt HS Helm
0x473604@mhfdat-jp.bin,ルクストＦキャップ,Luxt Cap
0x473608@mhfdat-jp.bin,ルクストFYキャップ,Luxt F Cap
0x47360c@mhfdat-jp.bin,ルクストHSキャップ,Luxt FY Cap
0x473610@mhfdat-jp.bin,ルクストＧヘルム,Luxt HS Cap
0x473614@mhfdat-jp.bin,ルクストGFヘルム,Luxt G Helm
0x473618@mhfdat-jp.bin,ルクストGXヘルム,Luxt GF Helm
0x47361c@mhfdat-jp.bin,ルクストＧキャップ,Luxt GX Helm
0x473620@mhfdat-jp.bin,ルクストGFキャップ,Luxt G Cap
0x473624@mhfdat-jp.bin,ルクストGXキャップ,Luxt GF Cap
0x473628@mhfdat-jp.bin,オレウムヘルム,Luxt GX Cap
0x47362c@mhfdat-jp.bin,オレウムＦヘルム,Oleum Helm
0x473630@mhfdat-jp.bin,オレウムFYヘルム,Oleum F Helm
0x473634@mhfdat-jp.bin,オレウムHSヘルム,Oleum FY Helm
0x473638@mhfdat-jp.bin,オレウムキャップ,Oleum HS Helm
0x47363c@mhfdat-jp.bin,オレウムＦキャップ,Oleum Cap
0x473640@mhfdat-jp.bin,オレウムFYキャップ,Oleum F Cap
0x473644@mhfdat-jp.bin,オレウムHSキャップ,Oleum FY Cap
0x473648@mhfdat-jp.bin,オレウムＧヘルム,Oleum HS Cap
0x47364c@mhfdat-jp.bin,オレウムGFヘルム,Oleum G Helm
0x473650@mhfdat-jp.bin,オレウムGXヘルム,Oleum GF Helm
0x473654@mhfdat-jp.bin,オレウムＧキャップ,Oleum GX Helm
0x473658@mhfdat-jp.bin,オレウムGFキャップ,Oleum G Cap
0x47365c@mhfdat-jp.bin,オレウムGXキャップ,Oleum GF Cap
0x473660@mhfdat-jp.bin,クラントヘルム,Oleum GX Cap
0x473664@mhfdat-jp.bin,クラントＦヘルム,Kuranto Helm
0x473668@mhfdat-jp.bin,クラントFYヘルム,Kuranto F Helm
0x47366c@mhfdat-jp.bin,クラントHSヘルム,Kuranto FY Helm
0x473670@mhfdat-jp.bin,クラントキャップ,Kuranto HS Helm
0x473674@mhfdat-jp.bin,クラントＦキャップ,Kuranto Cap
0x473678@mhfdat-jp.bin,クラントFYキャップ,Kuranto F Cap
0x47367c@mhfdat-jp.bin,クラントHSキャップ,Kuranto FY Cap
0x473680@mhfdat-jp.bin,クラントＧヘルム,Kuranto HS Cap
0x473684@mhfdat-jp.bin,クラントGFヘルム,Kuranto G Helm
0x473688@mhfdat-jp.bin,クラントGXヘルム,Kuranto GF Helm
0x47368c@mhfdat-jp.bin,クラントＧキャップ,Kuranto GX Helm
0x473690@mhfdat-jp.bin,クラントGFキャップ,Kuranto G Cap
0x473694@mhfdat-jp.bin,クラントGXキャップ,Kuranto GF Cap
0x473698@mhfdat-jp.bin,ユプケヘルム,Kuranto GX Cap
0x47369c@mhfdat-jp.bin,ユプケＦヘルム,Yupuk Helm
0x4736a0@mhfdat-jp.bin,ユプケFYヘルム,Yupuk F Helm
0x4736a4@mhfdat-jp.bin,ユプケHSヘルム,Yupuk FY Helm
0x4736a8@mhfdat-jp.bin,ユプケキャップ,Yupuk HS Helm
0x4736ac@mhfdat-jp.bin,ユプケＦキャップ,Yupuk Cap
0x4736b0@mhfdat-jp.bin,ユプケFYキャップ,Yupuk F Cap
0x4736b4@mhfdat-jp.bin,ユプケHSキャップ,Yupuk FY Cap
0x4736b8@mhfdat-jp.bin,ユプケＧヘルム,Yupuk HS Cap
0x4736bc@mhfdat-jp.bin,ユプケGFヘルム,Yupuk G Helm
0x4736c0@mhfdat-jp.bin,ユプケGXヘルム,Yupuk GF Helm
0x4736c4@mhfdat-jp.bin,ユプケＧキャップ,Yupuk GX Helm
0x4736c8@mhfdat-jp.bin,ユプケGFキャップ,Yupuk G Cap
0x4736cc@mhfdat-jp.bin,ユプケGXキャップ,Yupuk GF Cap
0x4736d0@mhfdat-jp.bin,ヒガクレＧヘルム,Yupuk GX Cap
0x4736d4@mhfdat-jp.bin,ヒガクレGFヘルム,Higakure G Helm
0x4736d8@mhfdat-jp.bin,ヒガクレGXヘルム,Higakure GF Helm
0x4736dc@mhfdat-jp.bin,ヒガクレＧキャップ,Higakure GX Helm
0x4736e0@mhfdat-jp.bin,ヒガクレGFキャップ,Higakure G Cap
0x4736e4@mhfdat-jp.bin,ヒガクレGXキャップ,Higakure GF Cap
0x4736e8@mhfdat-jp.bin,コンセルＧヘルム,Higakure GX Cap
0x4736ec@mhfdat-jp.bin,コンセルGFヘルム,Konseru G Helm
0x4736f0@mhfdat-jp.bin,コンセルGXヘルム,Konseru GF Helm
0x4736f4@mhfdat-jp.bin,コンセルＧキャップ,Konseru GX Helm
0x4736f8@mhfdat-jp.bin,コンセルGFキャップ,Konseru G Cap
0x4736fc@mhfdat-jp.bin,コンセルGXキャップ,Konseru GF Cap
0x473700@mhfdat-jp.bin,ディールＧヘッド,Konseru GX Cap
0x473704@mhfdat-jp.bin,ディールGFヘッド,Diru G Head
0x473708@mhfdat-jp.bin,ディールGXヘッド,Diru GF Head
0x47370c@mhfdat-jp.bin,ディールＧウィッグ,Diru GX Head
0x473710@mhfdat-jp.bin,ディールGFウィッグ,Diru G Wig
0x473714@mhfdat-jp.bin,ディールGXウィッグ,Diru GF Wig
0x473718@mhfdat-jp.bin,コルヌーヘッド,Diru GX Wig
0x47371c@mhfdat-jp.bin,コピアイヘッド,コルヌー Head
0x473720@mhfdat-jp.bin,コルヌーピアス,コピアイ Head
0x473724@mhfdat-jp.bin,コピアイピアス,コルヌー Piercings
0x473728@mhfdat-jp.bin,メトリーヘルム・青,コピアイ Piercings
0x47372c@mhfdat-jp.bin,メトリーＦヘルム・青,メトリー Helm・Blue
0x473730@mhfdat-jp.bin,メトリーFZヘルム・青,メトリーF Helm・Blue
0x473734@mhfdat-jp.bin,メトリーHCヘルム・青,メトリーFZ Helm・Blue
0x473738@mhfdat-jp.bin,メトリーHSヘルム・青,メトリーHC Helm・Blue
0x47373c@mhfdat-jp.bin,メトリーGSヘルム・青,メトリーHS Helm・Blue
0x473740@mhfdat-jp.bin,メトリーマスク・青,メトリーGS Helm・Blue
0x473744@mhfdat-jp.bin,メトリーＦマスク・青,メトリー Mask・Blue
0x473748@mhfdat-jp.bin,メトリーFZマスク・青,メトリーF Mask・Blue
0x47374c@mhfdat-jp.bin,メトリーHCマスク・青,メトリーFZ Mask・Blue
0x473750@mhfdat-jp.bin,メトリーHSマスク・青,メトリーHC Mask・Blue
0x473754@mhfdat-jp.bin,メトリーGSマスク・青,メトリーHS Mask・Blue
0x473758@mhfdat-jp.bin,メトリーヘルム・白,メトリーGS Mask・Blue
0x47375c@mhfdat-jp.bin,メトリーＦヘルム・白,メトリー Helm・White
0x473760@mhfdat-jp.bin,メトリーFZヘルム・白,メトリーF Helm・White
0x473764@mhfdat-jp.bin,メトリーHCヘルム・白,メトリーFZ Helm・White
0x473768@mhfdat-jp.bin,メトリーHSヘルム・白,メトリーHC Helm・White
0x47376c@mhfdat-jp.bin,メトリーGSヘルム・白,メトリーHS Helm・White
0x473770@mhfdat-jp.bin,メトリーマスク・白,メトリーGS Helm・White
0x473774@mhfdat-jp.bin,メトリーＦマスク・白,メトリー Mask・White
0x473778@mhfdat-jp.bin,メトリーFZマスク・白,メトリーF Mask・White
0x47377c@mhfdat-jp.bin,メトリーHCマスク・白,メトリーFZ Mask・White
0x473780@mhfdat-jp.bin,メトリーHSマスク・白,メトリーHC Mask・White
0x473784@mhfdat-jp.bin,メトリーGSマスク・白,メトリーHS Mask・White
0x473788@mhfdat-jp.bin,メトリーヘルム・赤,メトリーGS Mask・White
0x47378c@mhfdat-jp.bin,メトリーＦヘルム・赤,メトリー Helm・Red
0x473790@mhfdat-jp.bin,メトリーFZヘルム・赤,メトリーF Helm・Red
0x473794@mhfdat-jp.bin,メトリーHCヘルム・赤,メトリーFZ Helm・Red
0x473798@mhfdat-jp.bin,メトリーHSヘルム・赤,メトリーHC Helm・Red
0x47379c@mhfdat-jp.bin,メトリーGSヘルム・赤,メトリーHS Helm・Red
0x4737a0@mhfdat-jp.bin,メトリーマスク・赤,メトリーGS Helm・Red
0x4737a4@mhfdat-jp.bin,メトリーＦマスク・赤,メトリー Mask・Red
0x4737a8@mhfdat-jp.bin,メトリーFZマスク・赤,メトリーF Mask・Red
0x4737ac@mhfdat-jp.bin,メトリーHCマスク・赤,メトリーFZ Mask・Red
0x4737b0@mhfdat-jp.bin,メトリーHSマスク・赤,メトリーHC Mask・Red
0x4737b4@mhfdat-jp.bin,メトリーGSマスク・赤,メトリーHS Mask・Red
0x4737b8@mhfdat-jp.bin,メトリーヘルム・緑,メトリーGS Mask・Red
0x4737bc@mhfdat-jp.bin,メトリーＦヘルム・緑,メトリー Helm・Green
0x4737c0@mhfdat-jp.bin,メトリーFZヘルム・緑,メトリーF Helm・Green
0x4737c4@mhfdat-jp.bin,メトリーHCヘルム・緑,メトリーFZ Helm・Green
0x4737c8@mhfdat-jp.bin,メトリーHSヘルム・緑,メトリーHC Helm・Green
0x4737cc@mhfdat-jp.bin,メトリーGSヘルム・緑,メトリーHS Helm・Green
0x4737d0@mhfdat-jp.bin,メトリーマスク・緑,メトリーGS Helm・Green
0x4737d4@mhfdat-jp.bin,メトリーＦマスク・緑,メトリー Mask・Green
0x4737d8@mhfdat-jp.bin,メトリーFZマスク・緑,メトリーF Mask・Green
0x4737dc@mhfdat-jp.bin,メトリーHCマスク・緑,メトリーFZ Mask・Green
0x4737e0@mhfdat-jp.bin,メトリーHSマスク・緑,メトリーHC Mask・Green
0x4737e4@mhfdat-jp.bin,メトリーGSマスク・緑,メトリーHS Mask・Green
0x4737e8@mhfdat-jp.bin,ノヴィーヘルム,メトリーGS Mask・Green
0x4737ec@mhfdat-jp.bin,ノヴィーＦヘルム,ノヴィー Helm
0x4737f0@mhfdat-jp.bin,ノヴィーFZヘルム,ノヴィーF Helm
0x4737f4@mhfdat-jp.bin,ノヴィーHCヘルム,ノヴィーFZ Helm
0x4737f8@mhfdat-jp.bin,ノヴィーHSヘルム,ノヴィーHC Helm
0x4737fc@mhfdat-jp.bin,ノヴィーGSヘルム,ノヴィーHS Helm
0x473800@mhfdat-jp.bin,ノヴィーマスク,ノヴィーGS Helm
0x473804@mhfdat-jp.bin,ノヴィーＦマスク,ノヴィー Mask
0x473808@mhfdat-jp.bin,ノヴィーFZマスク,ノヴィーF Mask
0x47380c@mhfdat-jp.bin,ノヴィーHCマスク,ノヴィーFZ Mask
0x473810@mhfdat-jp.bin,ノヴィーHSマスク,ノヴィーHC Mask
0x473814@mhfdat-jp.bin,ノヴィーGSマスク,ノヴィーHS Mask
0x473818@mhfdat-jp.bin,フローラヘルム,ノヴィーGS Mask
0x47381c@mhfdat-jp.bin,フラウヘッド,Flora Helm
0x473820@mhfdat-jp.bin,リアヘルム,Frau Head
0x473824@mhfdat-jp.bin,キースヘルム,Lea Helm
0x473828@mhfdat-jp.bin,ギネルヘッド,Keith Helm
0x47382c@mhfdat-jp.bin,チルカヘッド,Guinelle Head
0x473830@mhfdat-jp.bin,エドワードピアス,Circa Head
0x473834@mhfdat-jp.bin,タイゾウヘッド,Edward Piercings
0x473838@mhfdat-jp.bin,ティアラキャップ,Taizo Head
0x47383c@mhfdat-jp.bin,ユウェルピアス,Tiala Cap
0x473840@mhfdat-jp.bin,ナターシャヘッド,Uwel Piercings
0x473844@mhfdat-jp.bin,ダミー,Natasha Head
0x473848@mhfdat-jp.bin,アミロヘルム・青,ダミー
0x47384c@mhfdat-jp.bin,アミロＦヘルム・青,アミロ Helm・Blue
0x473850@mhfdat-jp.bin,アミロFZヘルム・青,アミロF Helm・Blue
0x473854@mhfdat-jp.bin,アミロHCヘルム・青,アミロFZ Helm・Blue
0x473858@mhfdat-jp.bin,アミロHSヘルム・青,アミロHC Helm・Blue
0x47385c@mhfdat-jp.bin,アミロGSヘルム・青,アミロHS Helm・Blue
0x473860@mhfdat-jp.bin,アミロマスク・青,アミロGS Helm・Blue
0x473864@mhfdat-jp.bin,アミロＦマスク・青,アミロ Mask・Blue
0x473868@mhfdat-jp.bin,アミロFZマスク・青,アミロF Mask・Blue
0x47386c@mhfdat-jp.bin,アミロHCマスク・青,アミロFZ Mask・Blue
0x473870@mhfdat-jp.bin,アミロHSマスク・青,アミロHC Mask・Blue
0x473874@mhfdat-jp.bin,アミロGSマスク・青,アミロHS Mask・Blue
0x473878@mhfdat-jp.bin,アミロヘルム・赤,アミロGS Mask・Blue
0x47387c@mhfdat-jp.bin,アミロＦヘルム・赤,アミロ Helm・Red
0x473880@mhfdat-jp.bin,アミロFZヘルム・赤,アミロF Helm・Red
0x473884@mhfdat-jp.bin,アミロHCヘルム・赤,アミロFZ Helm・Red
0x473888@mhfdat-jp.bin,アミロHSヘルム・赤,アミロHC Helm・Red
0x47388c@mhfdat-jp.bin,アミロGSヘルム・赤,アミロHS Helm・Red
0x473890@mhfdat-jp.bin,アミロマスク・赤,アミロGS Helm・Red
0x473894@mhfdat-jp.bin,アミロＦマスク・赤,アミロ Mask・Red
0x473898@mhfdat-jp.bin,アミロFZマスク・赤,アミロF Mask・Red
0x47389c@mhfdat-jp.bin,アミロHCマスク・赤,アミロFZ Mask・Red
0x4738a0@mhfdat-jp.bin,アミロHSマスク・赤,アミロHC Mask・Red
0x4738a4@mhfdat-jp.bin,アミロGSマスク・赤,アミロHS Mask・Red
0x4738a8@mhfdat-jp.bin,アミロヘルム・黄,アミロGS Mask・Red
0x4738ac@mhfdat-jp.bin,アミロＦヘルム・黄,アミロ Helm・Yellow
0x4738b0@mhfdat-jp.bin,アミロFZヘルム・黄,アミロF Helm・Yellow
0x4738b4@mhfdat-jp.bin,アミロHCヘルム・黄,アミロFZ Helm・Yellow
0x4738b8@mhfdat-jp.bin,アミロHSヘルム・黄,アミロHC Helm・Yellow
0x4738bc@mhfdat-jp.bin,アミロGSヘルム・黄,アミロHS Helm・Yellow
0x4738c0@mhfdat-jp.bin,アミロマスク・黄,アミロGS Helm・Yellow
0x4738c4@mhfdat-jp.bin,アミロＦマスク・黄,アミロ Mask・Yellow
0x4738c8@mhfdat-jp.bin,アミロFZマスク・黄,アミロF Mask・Yellow
0x4738cc@mhfdat-jp.bin,アミロHCマスク・黄,アミロFZ Mask・Yellow
0x4738d0@mhfdat-jp.bin,アミロHSマスク・黄,アミロHC Mask・Yellow
0x4738d4@mhfdat-jp.bin,アミロGSマスク・黄,アミロHS Mask・Yellow
0x4738d8@mhfdat-jp.bin,アミロヘルム・黒,アミロGS Mask・Yellow
0x4738dc@mhfdat-jp.bin,アミロＦヘルム・黒,アミロ Helm・Black
0x4738e0@mhfdat-jp.bin,アミロFZヘルム・黒,アミロF Helm・Black
0x4738e4@mhfdat-jp.bin,アミロHCヘルム・黒,アミロFZ Helm・Black
0x4738e8@mhfdat-jp.bin,アミロHSヘルム・黒,アミロHC Helm・Black
0x4738ec@mhfdat-jp.bin,アミロGSヘルム・黒,アミロHS Helm・Black
0x4738f0@mhfdat-jp.bin,アミロマスク・黒,アミロGS Helm・Black
0x4738f4@mhfdat-jp.bin,アミロＦマスク・黒,アミロ Mask・Black
0x4738f8@mhfdat-jp.bin,アミロFZマスク・黒,アミロF Mask・Black
0x4738fc@mhfdat-jp.bin,アミロHCマスク・黒,アミロFZ Mask・Black
0x473900@mhfdat-jp.bin,アミロHSマスク・黒,アミロHC Mask・Black
0x473904@mhfdat-jp.bin,アミロGSマスク・黒,アミロHS Mask・Black
0x473908@mhfdat-jp.bin,リグイヘルム,アミロGS Mask・Black
0x47390c@mhfdat-jp.bin,リグイＦヘルム,Pisces Helm
0x473910@mhfdat-jp.bin,リグイFZヘルム,Pisces F Helm
0x473914@mhfdat-jp.bin,リグイHCヘルム,Pisces FZ Helm
0x473918@mhfdat-jp.bin,リグイHSヘルム,Pisces HC Helm
0x47391c@mhfdat-jp.bin,リグイGSヘルム,Pisces HS Helm
0x473920@mhfdat-jp.bin,リグイマスク,Pisces GS Helm
0x473924@mhfdat-jp.bin,リグイＦマスク,Pisces Mask
0x473928@mhfdat-jp.bin,リグイFZマスク,Pisces F Mask
0x47392c@mhfdat-jp.bin,リグイHCマスク,Pisces FZ Mask
0x473930@mhfdat-jp.bin,リグイHSマスク,Pisces HC Mask
0x473934@mhfdat-jp.bin,リグイGSマスク,Pisces HS Mask
0x473938@mhfdat-jp.bin,アスールＧヘッド,Pisces GS Mask
0x47393c@mhfdat-jp.bin,アスールGFヘッド,Azul G Head
0x473940@mhfdat-jp.bin,アスールGXヘッド,Azul GF Head
0x473944@mhfdat-jp.bin,アスールＧウィッグ,Azul GX Head
0x473948@mhfdat-jp.bin,アスールGFウィッグ,Azul G Wig
0x47394c@mhfdat-jp.bin,アスールGXウィッグ,Azul GF Wig
0x473950@mhfdat-jp.bin,エントラＧヘルム,Azul GX Wig
0x473954@mhfdat-jp.bin,エントラGFヘルム,Entora G Helm
0x473958@mhfdat-jp.bin,エントラGXヘルム,Entora GF Helm
0x47395c@mhfdat-jp.bin,エントラＧキャップ,Entora GX Helm
0x473960@mhfdat-jp.bin,エントラGFキャップ,Entora G Cap
0x473964@mhfdat-jp.bin,エントラGXキャップ,Entora GF Cap
0x473968@mhfdat-jp.bin,聖王ヘッド,Entora GX Cap
0x47396c@mhfdat-jp.bin,聖王Ｆヘッド,Holy King Head
0x473970@mhfdat-jp.bin,聖王FZヘッド,Holy King F Head
0x473974@mhfdat-jp.bin,聖王HSヘッド,Holy King FZ Head
0x473978@mhfdat-jp.bin,聖王GSヘッド,Holy King HS Head
0x47397c@mhfdat-jp.bin,聖王GPヘッド,Holy King GS Head
0x473980@mhfdat-jp.bin,聖王ウィッグ,Holy King GP Head
0x473984@mhfdat-jp.bin,聖王Ｆウィッグ,Holy King Wig
0x473988@mhfdat-jp.bin,聖王FZウィッグ,Holy King F Wig
0x47398c@mhfdat-jp.bin,聖王HSウィッグ,Holy King FZ Wig
0x473990@mhfdat-jp.bin,聖王GSウィッグ,Holy King HS Wig
0x473994@mhfdat-jp.bin,聖王GPウィッグ,Holy King GS Wig
0x473998@mhfdat-jp.bin,英雄王ヘッド,Holy King GP Wig
0x47399c@mhfdat-jp.bin,英雄王Ｆヘッド,Hero King Head
0x4739a0@mhfdat-jp.bin,英雄王FZヘッド,Hero King F Head
0x4739a4@mhfdat-jp.bin,英雄王HSヘッド,Hero King FZ Head
0x4739a8@mhfdat-jp.bin,英雄王GSヘッド,Hero King HS Head
0x4739ac@mhfdat-jp.bin,英雄王GPヘッド,Hero King GS Head
0x4739b0@mhfdat-jp.bin,英雄王ウィッグ,Hero King GP Head
0x4739b4@mhfdat-jp.bin,英雄王Ｆウィッグ,Hero King Wig
0x4739b8@mhfdat-jp.bin,英雄王FZウィッグ,Hero King F Wig
0x4739bc@mhfdat-jp.bin,英雄王HSウィッグ,Hero King FZ Wig
0x4739c0@mhfdat-jp.bin,英雄王GSウィッグ,Hero King HS Wig
0x4739c4@mhfdat-jp.bin,英雄王GPウィッグ,Hero King GS Wig
0x4739c8@mhfdat-jp.bin,雷刃鉢巻,Hero King GP Wig
0x4739cc@mhfdat-jp.bin,雷刃Ｆ鉢巻,雷刃 Hachimaki
0x4739d0@mhfdat-jp.bin,雷刃FZ鉢巻,雷刃F Hachimaki
0x4739d4@mhfdat-jp.bin,雷刃HS鉢巻,雷刃FZ Hachimaki
0x4739d8@mhfdat-jp.bin,雷刃GS鉢巻,雷刃HS Hachimaki
0x4739dc@mhfdat-jp.bin,雷刃GP鉢巻,雷刃GS Hachimaki
0x4739e0@mhfdat-jp.bin,迅雷鉢巻,雷刃GP Hachimaki
0x4739e4@mhfdat-jp.bin,迅雷Ｆ鉢巻,迅雷 Hachimaki
0x4739e8@mhfdat-jp.bin,迅雷FZ鉢巻,迅雷F Hachimaki
0x4739ec@mhfdat-jp.bin,迅雷HS鉢巻,迅雷FZ Hachimaki
0x4739f0@mhfdat-jp.bin,迅雷GS鉢巻,迅雷HS Hachimaki
0x4739f4@mhfdat-jp.bin,迅雷GP鉢巻,迅雷GS Hachimaki
0x4739f8@mhfdat-jp.bin,天星お団子,迅雷GP Hachimaki
0x4739fc@mhfdat-jp.bin,天星Ｆお団子,Heaven 星お団子
0x473a00@mhfdat-jp.bin,天星FZお団子, Heaven 星Fお団子
0x473a04@mhfdat-jp.bin,天星HSお団子, Heaven 星FZお団子
0x473a08@mhfdat-jp.bin,天星GSお団子, Heaven 星HSお団子
0x473a0c@mhfdat-jp.bin,天星GPお団子, Heaven 星GSお団子
0x473a10@mhfdat-jp.bin,飛燕お団子, Heaven 星GPお団子
0x473a14@mhfdat-jp.bin,飛燕Ｆお団子,飛燕お団子
0x473a18@mhfdat-jp.bin,飛燕FZお団子,飛燕Fお団子
0x473a1c@mhfdat-jp.bin,飛燕HSお団子,飛燕FZお団子
0x473a20@mhfdat-jp.bin,飛燕GSお団子,飛燕HSお団子
0x473a24@mhfdat-jp.bin,飛燕GPお団子,飛燕GSお団子
0x473a28@mhfdat-jp.bin,バットヘッド,飛燕GPお団子
0x473a2c@mhfdat-jp.bin,バットＦヘッド,バット Head
0x473a30@mhfdat-jp.bin,バットFZヘッド,バットF Head
0x473a34@mhfdat-jp.bin,バットHSヘッド,バットFZ Head
0x473a38@mhfdat-jp.bin,バットGSヘッド,バットHS Head
0x473a3c@mhfdat-jp.bin,バットGPヘッド,バットGS Head
0x473a40@mhfdat-jp.bin,ナイトヘッド,バットGP Head
0x473a44@mhfdat-jp.bin,ナイトＦヘッド,Knight Head
0x473a48@mhfdat-jp.bin,ナイトFZヘッド,Knight F Head
0x473a4c@mhfdat-jp.bin,ナイトHSヘッド,Knight FZ Head
0x473a50@mhfdat-jp.bin,ナイトGSヘッド,Knight HS Head
0x473a54@mhfdat-jp.bin,ナイトGPヘッド,Knight GS Head
0x473a58@mhfdat-jp.bin,シェルウィッグ,Knight GP Head
0x473a5c@mhfdat-jp.bin,シェルＦウィッグ,Shell Wig
0x473a60@mhfdat-jp.bin,シェルFZウィッグ,Shell F Wig
0x473a64@mhfdat-jp.bin,シェルHSウィッグ,Shell FZ Wig
0x473a68@mhfdat-jp.bin,シェルGSウィッグ,Shell HS Wig
0x473a6c@mhfdat-jp.bin,シェルGPウィッグ,Shell GS Wig
0x473a70@mhfdat-jp.bin,ベクターウィッグ,Shell GP Wig
0x473a74@mhfdat-jp.bin,ベクターＦウィッグ,Vector Wig
0x473a78@mhfdat-jp.bin,ベクターFZウィッグ,Vector F Wig
0x473a7c@mhfdat-jp.bin,ベクターHSウィッグ,Vector FZ Wig
0x473a80@mhfdat-jp.bin,ベクターGSウィッグ,Vector HS Wig
0x473a84@mhfdat-jp.bin,ベクターGPウィッグ,Vector GS Wig
0x473a88@mhfdat-jp.bin,サーブルピアス,Vector GP Wig
0x473a8c@mhfdat-jp.bin,サーブルＦピアス,サーブル Piercings
0x473a90@mhfdat-jp.bin,サーブルFZピアス,サーブルF Piercings
0x473a94@mhfdat-jp.bin,サーブルHSピアス,サーブルFZ Piercings
0x473a98@mhfdat-jp.bin,サーブルGSピアス,サーブルHS Piercings
0x473a9c@mhfdat-jp.bin,サーブルGPピアス,サーブルGS Piercings
0x473aa0@mhfdat-jp.bin,サーブルハール,サーブルGP Piercings
0x473aa4@mhfdat-jp.bin,サーブルＦハール,サーブル Haar
0x473aa8@mhfdat-jp.bin,サーブルFZハール,サーブルF Haar
0x473aac@mhfdat-jp.bin,サーブルHSハール,サーブルFZ Haar
0x473ab0@mhfdat-jp.bin,サーブルGSハール,サーブルHS Haar
0x473ab4@mhfdat-jp.bin,サーブルGPハール,サーブルGS Haar
0x473ab8@mhfdat-jp.bin,ルワージュヘッド,サーブルGP Haar
0x473abc@mhfdat-jp.bin,ルワージュＦヘッド,ルワージュ Head
0x473ac0@mhfdat-jp.bin,ルワージュFZヘッド,ルワージュF Head
0x473ac4@mhfdat-jp.bin,ルワージュHSヘッド,ルワージュFZ Head
0x473ac8@mhfdat-jp.bin,ルワージュGSヘッド,ルワージュHS Head
0x473acc@mhfdat-jp.bin,ルワージュGPヘッド,ルワージュGS Head
0x473ad0@mhfdat-jp.bin,ルワージュピアス,ルワージュGP Head
0x473ad4@mhfdat-jp.bin,ルワージュＦピアス,ルワージュ Piercings
0x473ad8@mhfdat-jp.bin,ルワージュFZピアス,ルワージュF Piercings
0x473adc@mhfdat-jp.bin,ルワージュHSピアス,ルワージュFZ Piercings
0x473ae0@mhfdat-jp.bin,ルワージュGSピアス,ルワージュHS Piercings
0x473ae4@mhfdat-jp.bin,ルワージュGPピアス,ルワージュGS Piercings
0x473ae8@mhfdat-jp.bin,ノメルヘッド,ルワージュGP Piercings
0x473aec@mhfdat-jp.bin,ノメルＦヘッド,ノメル Head
0x473af0@mhfdat-jp.bin,ノメルFZヘッド,ノメルF Head
0x473af4@mhfdat-jp.bin,ノメルHSヘッド,ノメルFZ Head
0x473af8@mhfdat-jp.bin,ノメルGSヘッド,ノメルHS Head
0x473afc@mhfdat-jp.bin,ノメルGPヘッド,ノメルGS Head
0x473b00@mhfdat-jp.bin,ノメルキャップ,ノメルGP Head
0x473b04@mhfdat-jp.bin,ノメルＦキャップ,ノメル Cap
0x473b08@mhfdat-jp.bin,ノメルFZキャップ,ノメルF Cap
0x473b0c@mhfdat-jp.bin,ノメルHSキャップ,ノメルFZ Cap
0x473b10@mhfdat-jp.bin,ノメルGSキャップ,ノメルHS Cap
0x473b14@mhfdat-jp.bin,ノメルGPキャップ,ノメルGS Cap
0x473b18@mhfdat-jp.bin,英雄王の耳飾：剣金,ノメルGP Cap
0x473b1c@mhfdat-jp.bin,英雄王の耳飾：剣Ｆ金,Hero King Earring BM Gold
0x473b20@mhfdat-jp.bin,英雄王の耳飾：剣FZ金,Hero King Earring BM F Gold
0x473b24@mhfdat-jp.bin,英雄王の耳飾：剣HS金,Hero King Earring BM FZ Gold
0x473b28@mhfdat-jp.bin,英雄王の耳飾：剣GS金,Hero King Earring BM HS Gold
0x473b2c@mhfdat-jp.bin,英雄王の耳飾：剣GP金,Hero King Earring BM GS Gold
0x473b30@mhfdat-jp.bin,英雄王の耳飾：銃金,Hero King Earring BM GP Gold
0x473b34@mhfdat-jp.bin,英雄王の耳飾：銃Ｆ金,Hero King Earring GN Gold
0x473b38@mhfdat-jp.bin,英雄王の耳飾：銃FZ金,Hero King Earring GN F Gold
0x473b3c@mhfdat-jp.bin,英雄王の耳飾：銃HS金,Hero King Earring GN FZ Gold
0x473b40@mhfdat-jp.bin,英雄王の耳飾：銃GS金,Hero King Earring GN HS Gold
0x473b44@mhfdat-jp.bin,英雄王の耳飾：銃GP金,Hero King Earring GN GS Gold
0x473b48@mhfdat-jp.bin,ゴルゴンヘッド・黒,Hero King Earring GN GP Gold
0x473b4c@mhfdat-jp.bin,ゴルゴンＦヘッド・黒,Gorgon Head・Black
0x473b50@mhfdat-jp.bin,ゴルゴンFZヘッド・黒,Gorgon F Head・Black
0x473b54@mhfdat-jp.bin,ゴルゴンHSヘッド・黒,Gorgon FZ Head・Black
0x473b58@mhfdat-jp.bin,ゴルゴンGSヘッド・黒,Gorgon HS Head・Black
0x473b5c@mhfdat-jp.bin,ゴルゴンGPヘッド・黒,Gorgon GS Head・Black
0x473b60@mhfdat-jp.bin,ゴルゴンマスク・黒,Gorgon GP Head・Black
0x473b64@mhfdat-jp.bin,ゴルゴンＦマスク・黒,Gorgon Mask・Black
0x473b68@mhfdat-jp.bin,ゴルゴンFZマスク・黒,Gorgon F Mask・Black
0x473b6c@mhfdat-jp.bin,ゴルゴンHSマスク・黒,Gorgon FZ Mask・Black
0x473b70@mhfdat-jp.bin,ゴルゴンGSマスク・黒,Gorgon HS Mask・Black
0x473b74@mhfdat-jp.bin,ゴルゴンGPマスク・黒,Gorgon GS Mask・Black
0x473b78@mhfdat-jp.bin,バルラバレッタ,Gorgon GP Mask・Black
0x473b7c@mhfdat-jp.bin,バルラバレッタＦ,Baruragaru Beretta
0x473b80@mhfdat-jp.bin,シャンコサージュ,Baruragaru Beretta F
0x473b84@mhfdat-jp.bin,シャンコサージュＦ,シャン Corsage
0x473b88@mhfdat-jp.bin,グリンデピアス,シャン Corsage F
0x473b8c@mhfdat-jp.bin,グリンデＦピアス,グリンデ Piercings
0x473b90@mhfdat-jp.bin,グリンデFZピアス,グリンデF Piercings
0x473b94@mhfdat-jp.bin,グリンデHCピアス,グリンデFZ Piercings
0x473b98@mhfdat-jp.bin,グリンデHSピアス,グリンデHC Piercings
0x473b9c@mhfdat-jp.bin,グリンデGSピアス,グリンデHS Piercings
0x473ba0@mhfdat-jp.bin,コントラピアス,グリンデGS Piercings
0x473ba4@mhfdat-jp.bin,コントラＦピアス,Contra Piercings
0x473ba8@mhfdat-jp.bin,コントラFXピアス,Contra F Piercings
0x473bac@mhfdat-jp.bin,コントラHSピアス,Contra FX Piercings
0x473bb0@mhfdat-jp.bin,コントラＧピアス,Contra HS Piercings
0x473bb4@mhfdat-jp.bin,コントラGFピアス,Contra G Piercings
0x473bb8@mhfdat-jp.bin,ジントラピアス,Contra GF Piercings
0x473bbc@mhfdat-jp.bin,ジントラＦピアス,Jintora Piercings
0x473bc0@mhfdat-jp.bin,ジントラFXピアス,Jintora F Piercings
0x473bc4@mhfdat-jp.bin,ジントラHSピアス,Jintora FX Piercings
0x473bc8@mhfdat-jp.bin,ジントラＧピアス,Jintora HS Piercings
0x473bcc@mhfdat-jp.bin,ジントラGFピアス,Jintora G Piercings
0x473bd0@mhfdat-jp.bin,アントラピアス,Jintora GF Piercings
0x473bd4@mhfdat-jp.bin,アントラＦピアス,Antora Piercings
0x473bd8@mhfdat-jp.bin,アントラFXピアス,Antora F Piercings
0x473bdc@mhfdat-jp.bin,アントラHSピアス,Antora FX Piercings
0x473be0@mhfdat-jp.bin,アントラＧピアス,Antora HS Piercings
0x473be4@mhfdat-jp.bin,アントラGFピアス,Antora G Piercings
0x473be8@mhfdat-jp.bin,ビントラピアス,Antora GF Piercings
0x473bec@mhfdat-jp.bin,ビントラＦピアス,Bintora Piercings
0x473bf0@mhfdat-jp.bin,ビントラFXピアス,Bintora F Piercings
0x473bf4@mhfdat-jp.bin,ビントラHSピアス,Bintora FX Piercings
0x473bf8@mhfdat-jp.bin,ビントラＧピアス,Bintora HS Piercings
0x473bfc@mhfdat-jp.bin,ビントラGFピアス,Bintora G Piercings
0x473c00@mhfdat-jp.bin,タントラピアス,Bintora GF Piercings
0x473c04@mhfdat-jp.bin,タントラＦピアス,Tantora Piercings
0x473c08@mhfdat-jp.bin,タントラFXピアス,Tantora F Piercings
0x473c0c@mhfdat-jp.bin,タントラHSピアス,Tantora FX Piercings
0x473c10@mhfdat-jp.bin,タントラＧピアス,Tantora HS Piercings
0x473c14@mhfdat-jp.bin,タントラGFピアス,Tantora G Piercings
0x473c18@mhfdat-jp.bin,−−−−,Tantora GF Piercings
0x473c1c@mhfdat-jp.bin,−−−−,−−−−
0x473c20@mhfdat-jp.bin,ダミー,−−−−
0x473c24@mhfdat-jp.bin,ダミー,ダミー
0x473c28@mhfdat-jp.bin,ダミー,ダミー
0x473c2c@mhfdat-jp.bin,ダミー,ダミー
0x473c30@mhfdat-jp.bin,クリュスHSヘッド,ダミー
0x473c34@mhfdat-jp.bin,クリュスGSヘッド,Kruss HS Head
0x473c38@mhfdat-jp.bin,クリュスGPヘッド,Kruss GS Head
0x473c3c@mhfdat-jp.bin,クォートHSピアス,Kruss GP Head
0x473c40@mhfdat-jp.bin,クォートGSピアス,Quote HS Piercings
0x473c44@mhfdat-jp.bin,クォートGPピアス,Quote GS Piercings
0x473c48@mhfdat-jp.bin,スタリナHSヘッド,Quote GP Piercings
0x473c4c@mhfdat-jp.bin,スタリナGSヘッド,Starina HS Head
0x473c50@mhfdat-jp.bin,スタリナGPヘッド,Starina GS Head
0x473c54@mhfdat-jp.bin,スタリナHSピアス,Starina GP Head
0x473c58@mhfdat-jp.bin,スタリナGSピアス,Starina HS Piercings
0x473c5c@mhfdat-jp.bin,スタリナGPピアス,Starina GS Piercings
0x473c60@mhfdat-jp.bin,ルースHSヘッド,Starina GP Piercings
0x473c64@mhfdat-jp.bin,ルースGSヘッド,Loose HS Head
0x473c68@mhfdat-jp.bin,ルースGPヘッド,Loose GS Head
0x473c6c@mhfdat-jp.bin,ルースHSピアス,Loose GP Head
0x473c70@mhfdat-jp.bin,ルースGSピアス,Loose HS Piercings
0x473c74@mhfdat-jp.bin,ルースGPピアス,Loose GS Piercings
0x473c78@mhfdat-jp.bin,ミラドHSヘッド,Loose GP Piercings
0x473c7c@mhfdat-jp.bin,ミラドGSヘッド,Mirado HS Head
0x473c80@mhfdat-jp.bin,ミラドGPヘッド,Mirado GS Head
0x473c84@mhfdat-jp.bin,ミラドHSピアス,Mirado GP Head
0x473c88@mhfdat-jp.bin,ミラドGSピアス,Mirado HS Piercings
0x473c8c@mhfdat-jp.bin,ミラドGPピアス,Mirado GS Piercings
0x473c90@mhfdat-jp.bin,ピラータHSヘッド,Mirado GP Piercings
0x473c94@mhfdat-jp.bin,ピラータGSヘッド,Pirata HS Head
0x473c98@mhfdat-jp.bin,ピラータGPヘッド,Pirata GS Head
0x473c9c@mhfdat-jp.bin,ピラータHSキャップ,Pirata GP Head
0x473ca0@mhfdat-jp.bin,ピラータGSキャップ,Pirata HS Cap
0x473ca4@mhfdat-jp.bin,ピラータGPキャップ,Pirata GS Cap
0x473ca8@mhfdat-jp.bin,ゼロイHSヘッド,Pirata GP Cap
0x473cac@mhfdat-jp.bin,ゼロイGSヘッド,Zeroi HS Head
0x473cb0@mhfdat-jp.bin,ゼロイGPヘッド,Zeroi GS Head
0x473cb4@mhfdat-jp.bin,ゼロイHSキャップ,Zeroi GP Head
0x473cb8@mhfdat-jp.bin,ゼロイGSキャップ,Zeroi HS Cap
0x473cbc@mhfdat-jp.bin,ゼロイGPキャップ,Zeroi GS Cap
0x473cc0@mhfdat-jp.bin,デュールHSヘルム,Zeroi GP Cap
0x473cc4@mhfdat-jp.bin,デュールGSヘルム,Deyuru HS Helm
0x473cc8@mhfdat-jp.bin,デュールGPヘルム,Deyuru GS Helm
0x473ccc@mhfdat-jp.bin,デュールHSキャップ,Deyuru GP Helm
0x473cd0@mhfdat-jp.bin,デュールGSキャップ,Deyuru HS Cap
0x473cd4@mhfdat-jp.bin,デュールGPキャップ,Deyuru GS Cap
0x473cd8@mhfdat-jp.bin,ロバストHSアンク,Deyuru GP Cap
0x473cdc@mhfdat-jp.bin,ロバストGSアンク,Robust HS Glare
0x473ce0@mhfdat-jp.bin,ロバストGPアンク,Robust GS Glare
0x473ce4@mhfdat-jp.bin,ロバストHSフェイス,Robust GP Glare
0x473ce8@mhfdat-jp.bin,ロバストGSフェイス,Robust HS Face
0x473cec@mhfdat-jp.bin,ロバストGPフェイス,Robust GS Face
0x473cf0@mhfdat-jp.bin,花火GS【鉢金】,Robust GP Face
0x473cf4@mhfdat-jp.bin,花火GP【鉢金】,花火GS Hachigane
0x473cf8@mhfdat-jp.bin,流星GS【鉢金】,花火GP Hachigane
0x473cfc@mhfdat-jp.bin,流星GP【鉢金】,流星GS Hachigane
0x473d00@mhfdat-jp.bin,バーニーFZバンド・黒,流星GP Hachigane
0x473d04@mhfdat-jp.bin,バーニーHSバンド・黒,Bunny FZ Band・Black
0x473d08@mhfdat-jp.bin,バーニーGSバンド・黒,Bunny HS Band・Black
0x473d0c@mhfdat-jp.bin,バーニーGPバンド・黒,Bunny GS Band・Black
0x473d10@mhfdat-jp.bin,バーニーFZバンド・白,Bunny GP Band・Black
0x473d14@mhfdat-jp.bin,バーニーHSバンド・白,Bunny FZ Band・White
0x473d18@mhfdat-jp.bin,バーニーGSバンド・白,Bunny HS Band・White
0x473d1c@mhfdat-jp.bin,バーニーGPバンド・白,Bunny GS Band・White
0x473d20@mhfdat-jp.bin,バーニーFZバンド・赤,Bunny GP Band・White
0x473d24@mhfdat-jp.bin,バーニーHSバンド・赤,Bunny FZ Band・Red
0x473d28@mhfdat-jp.bin,バーニーGSバンド・赤,Bunny HS Band・Red
0x473d2c@mhfdat-jp.bin,バーニーGPバンド・赤,Bunny GS Band・Red
0x473d30@mhfdat-jp.bin,バーニーFZバンド・紫,Bunny GP Band・Red
0x473d34@mhfdat-jp.bin,バーニーHSバンド・紫,Bunny FZ Band・Purple
0x473d38@mhfdat-jp.bin,バーニーGSバンド・紫,Bunny HS Band・Purple
0x473d3c@mhfdat-jp.bin,バーニーGPバンド・紫,Bunny GS Band・Purple
0x473d40@mhfdat-jp.bin,バーニーFZヘッド・黒,Bunny GP Band・Purple
0x473d44@mhfdat-jp.bin,バーニーHSヘッド・黒,Bunny FZ Head・Black
0x473d48@mhfdat-jp.bin,バーニーGSヘッド・黒,Bunny HS Head・Black
0x473d4c@mhfdat-jp.bin,バーニーGPヘッド・黒,Bunny GS Head・Black
0x473d50@mhfdat-jp.bin,バーニーFZヘッド・白,Bunny GP Head・Black
0x473d54@mhfdat-jp.bin,バーニーHSヘッド・白,Bunny FZ Head・White
0x473d58@mhfdat-jp.bin,バーニーGSヘッド・白,Bunny HS Head・White
0x473d5c@mhfdat-jp.bin,バーニーGPヘッド・白,Bunny GS Head・White
0x473d60@mhfdat-jp.bin,バーニーFZヘッド・赤,Bunny GP Head・White
0x473d64@mhfdat-jp.bin,バーニーHSヘッド・赤,Bunny FZ Head・Red
0x473d68@mhfdat-jp.bin,バーニーGSヘッド・赤,Bunny HS Head・Red
0x473d6c@mhfdat-jp.bin,バーニーGPヘッド・赤,Bunny GS Head・Red
0x473d70@mhfdat-jp.bin,バーニーFZヘッド・紫,Bunny GP Head・Red
0x473d74@mhfdat-jp.bin,バーニーHSヘッド・紫,Bunny FZ Head・Purple
0x473d78@mhfdat-jp.bin,バーニーGSヘッド・紫,Bunny HS Head・Purple
0x473d7c@mhfdat-jp.bin,バーニーGPヘッド・紫,Bunny GS Head・Purple
0x473d80@mhfdat-jp.bin,ミクGPヘッド,Bunny GP Head・Purple
0x473d84@mhfdat-jp.bin,ミクGPピアス,Miku GP Head
0x473d88@mhfdat-jp.bin,ミクGPヘッド・白,Miku GP Piercings
0x473d8c@mhfdat-jp.bin,ミクGPピアス・白,Miku GP Head・White
0x473d90@mhfdat-jp.bin,ミクGPヘッド・黄,Miku GP Piercings・White
0x473d94@mhfdat-jp.bin,ミクGPピアス・黄,Miku GP Head・Yellow
0x473d98@mhfdat-jp.bin,ミクGPヘッド・黒,Miku GP Piercings・Yellow
0x473d9c@mhfdat-jp.bin,ミクGPピアス・黒,Miku GP Head・Black
0x473da0@mhfdat-jp.bin,ミクGPヘッド・褐,Miku GP Piercings・Black
0x473da4@mhfdat-jp.bin,ミクGPピアス・褐,Miku GP Head・Brown
0x473da8@mhfdat-jp.bin,赤原礼装・頭：剣GP赤,Miku GP Piercings・Brown
0x473dac@mhfdat-jp.bin,赤原礼装・頭：弓GP赤,Akahara Reisou BM Head GP Red
0x473db0@mhfdat-jp.bin,赤原礼装・頭：剣GP青,Akahara Reisou GN Head GP Red
0x473db4@mhfdat-jp.bin,赤原礼装・頭：弓GP青,Akahara Reisou BM Head GP Blue
0x473db8@mhfdat-jp.bin,赤原礼装・頭：剣GP黒,Akahara Reisou GN Head GP Blue
0x473dbc@mhfdat-jp.bin,赤原礼装・頭：弓GP黒,Akahara Reisou BM Head GP Black
0x473dc0@mhfdat-jp.bin,赤原礼装・頭：剣GP白,Akahara Reisou GN Head GP Black
0x473dc4@mhfdat-jp.bin,赤原礼装・頭：弓GP白,Akahara Reisou BM Head GP White
0x473dc8@mhfdat-jp.bin,騎士王の髪結：剣GP青,Akahara Reisou GN Head GP White
0x473dcc@mhfdat-jp.bin,騎士王の髪結：弓GP青,Knight King Hair BM GP Blue
0x473dd0@mhfdat-jp.bin,騎士王の髪結：剣GP赤,Knight King Hair GN GP Blue
0x473dd4@mhfdat-jp.bin,騎士王の髪結：弓GP赤,Knight King Hair BM GP Red
0x473dd8@mhfdat-jp.bin,騎士王の髪結：剣GP黒,Knight King Hair GN GP Red
0x473ddc@mhfdat-jp.bin,騎士王の髪結：弓GP黒,Knight King Hair BM GP Black
0x473de0@mhfdat-jp.bin,騎士王の髪結：剣GP白,Knight King Hair GN GP Black
0x473de4@mhfdat-jp.bin,騎士王の髪結：弓GP白,Knight King Hair BM GP White
0x473de8@mhfdat-jp.bin,蒼竜ノ具足GP【兜】,Knight King Hair GN GP White
0x473dec@mhfdat-jp.bin,蒼竜ノ羽織GP【兜】,Green 竜ノ Greaves GP Kabuto
0x473df0@mhfdat-jp.bin,赤備ノ具足GP【兜】,Green 竜ノ Haori GP Kabuto
0x473df4@mhfdat-jp.bin,赤備ノ羽織GP【兜】,Red 備ノ Greaves GP Kabuto
0x473df8@mhfdat-jp.bin,レアルGPヘッド・白,Red 備ノ Haori GP Kabuto
0x473dfc@mhfdat-jp.bin,レアルGPヘッド・金,Real GP Head・White
0x473e00@mhfdat-jp.bin,レアルGPヘッド・青,Real GP Head・Gold
0x473e04@mhfdat-jp.bin,レアルGPヘッド・赤,Real GP Head・Blue
0x473e08@mhfdat-jp.bin,レアルGPマスク・白,Real GP Head・Red
0x473e0c@mhfdat-jp.bin,レアルGPマスク・金,Real GP Mask・White
0x473e10@mhfdat-jp.bin,レアルGPマスク・青,Real GP Mask・Gold
0x473e14@mhfdat-jp.bin,レアルGPマスク・赤,Real GP Mask・Blue
0x473e18@mhfdat-jp.bin,リゲリアGPヘルム・白,Real GP Mask・Red
0x473e1c@mhfdat-jp.bin,リゲリアGPヘルム・赤,Regelia GP Helm・White
0x473e20@mhfdat-jp.bin,リゲリアGPヘルム・緑,Regelia GP Helm・Red
0x473e24@mhfdat-jp.bin,リゲリアGPヘルム・青,Regelia GP Helm・Green
0x473e28@mhfdat-jp.bin,リゲリアGPマスク・白,Regelia GP Helm・Blue
0x473e2c@mhfdat-jp.bin,リゲリアGPマスク・赤,Regelia GP Mask・White
0x473e30@mhfdat-jp.bin,リゲリアGPマスク・緑,Regelia GP Mask・Red
0x473e34@mhfdat-jp.bin,リゲリアGPマスク・青,Regelia GP Mask・Green
0x473e38@mhfdat-jp.bin,エディオGPヘルム・青,Regelia GP Mask・Blue
0x473e3c@mhfdat-jp.bin,エディオGPヘルム・赤,Edio GP Helm・Blue
0x473e40@mhfdat-jp.bin,エディオGPヘルム・黄,Edio GP Helm・Red
0x473e44@mhfdat-jp.bin,エディオGPヘルム・黒,Edio GP Helm・Yellow
0x473e48@mhfdat-jp.bin,エディオGPマスク・青,Edio GP Helm・Black
0x473e4c@mhfdat-jp.bin,エディオGPマスク・赤,Edio GP Mask・Blue
0x473e50@mhfdat-jp.bin,エディオGPマスク・黄,Edio GP Mask・Red
0x473e54@mhfdat-jp.bin,エディオGPマスク・黒,Edio GP Mask・Yellow
0x473e58@mhfdat-jp.bin,レイストGSヘッド・黒,Edio GP Mask・Black
0x473e5c@mhfdat-jp.bin,レイストGPヘッド・黒,Rast GS Head・Black
0x473e60@mhfdat-jp.bin,レイストGSハール・黒,Rast GP Head・Black
0x473e64@mhfdat-jp.bin,レイストGPハール・黒,Rast GS Haar・Black
0x473e68@mhfdat-jp.bin,レイストGSヘッド・青,Rast GP Haar・Black
0x473e6c@mhfdat-jp.bin,レイストGPヘッド・青,Rast GS Head・Blue
0x473e70@mhfdat-jp.bin,レイストGSハール・青,Rast GP Head・Blue
0x473e74@mhfdat-jp.bin,レイストGPハール・青,Rast GS Haar・Blue
0x473e78@mhfdat-jp.bin,レイストGSヘッド・紅,Rast GP Haar・Blue
0x473e7c@mhfdat-jp.bin,レイストGPヘッド・紅,Rast GS Head・Crimson
0x473e80@mhfdat-jp.bin,レイストGSハール・紅,Rast GP Head・Crimson
0x473e84@mhfdat-jp.bin,レイストGPハール・紅,Rast GS Haar・Crimson
0x473e88@mhfdat-jp.bin,レイストGSヘッド・白,Rast GP Haar・Crimson
0x473e8c@mhfdat-jp.bin,レイストGPヘッド・白,Rast GS Head・White
0x473e90@mhfdat-jp.bin,レイストGSハール・白,Rast GP Head・White
0x473e94@mhfdat-jp.bin,レイストGPハール・白,Rast GS Haar・White
0x473e98@mhfdat-jp.bin,シエルFZイヤリング,Rast GP Haar・White
0x473e9c@mhfdat-jp.bin,シエルHSイヤリング,Ciel FZ Earrings
0x473ea0@mhfdat-jp.bin,シエルGSイヤリング,Ciel HS Earrings
0x473ea4@mhfdat-jp.bin,シエルGPイヤリング,Ciel GS Earrings
0x473ea8@mhfdat-jp.bin,オメットHSヘルム・黒,Ciel GP Earrings
0x473eac@mhfdat-jp.bin,オメットGSヘルム・黒,Omet HS Helm・Black
0x473eb0@mhfdat-jp.bin,オメットGPヘルム・黒,Omet GS Helm・Black
0x473eb4@mhfdat-jp.bin,オメットHSマスク・黒,Omet GP Helm・Black
0x473eb8@mhfdat-jp.bin,オメットGSマスク・黒,Omet HS Mask・Black
0x473ebc@mhfdat-jp.bin,オメットGPマスク・黒,Omet GS Mask・Black
0x473ec0@mhfdat-jp.bin,オメットHSヘルム・赤,Omet GP Mask・Black
0x473ec4@mhfdat-jp.bin,オメットGSヘルム・赤,Omet HS Helm・Red
0x473ec8@mhfdat-jp.bin,オメットGPヘルム・赤,Omet GS Helm・Red
0x473ecc@mhfdat-jp.bin,オメットHSマスク・赤,Omet GP Helm・Red
0x473ed0@mhfdat-jp.bin,オメットGSマスク・赤,Omet HS Mask・Red
0x473ed4@mhfdat-jp.bin,オメットGPマスク・赤,Omet GS Mask・Red
0x473ed8@mhfdat-jp.bin,オメットHSヘルム・白,Omet GP Mask・Red
0x473edc@mhfdat-jp.bin,オメットGSヘルム・白,Omet HS Helm・White
0x473ee0@mhfdat-jp.bin,オメットGPヘルム・白,Omet GS Helm・White
0x473ee4@mhfdat-jp.bin,オメットHSマスク・白,Omet GP Helm・White
0x473ee8@mhfdat-jp.bin,オメットGSマスク・白,Omet HS Mask・White
0x473eec@mhfdat-jp.bin,オメットGPマスク・白,Omet GS Mask・White
0x473ef0@mhfdat-jp.bin,オメットHSヘルム・青,Omet GP Mask・White
0x473ef4@mhfdat-jp.bin,オメットGSヘルム・青,Omet HS Helm・Blue
0x473ef8@mhfdat-jp.bin,オメットGPヘルム・青,Omet GS Helm・Blue
0x473efc@mhfdat-jp.bin,オメットHSマスク・青,Omet GP Helm・Blue
0x473f00@mhfdat-jp.bin,オメットGSマスク・青,Omet HS Mask・Blue
0x473f04@mhfdat-jp.bin,オメットGPマスク・青,Omet GS Mask・Blue
0x473f08@mhfdat-jp.bin,ゴルトFZヘルム・赤,Omet GP Mask・Blue
0x473f0c@mhfdat-jp.bin,ゴルトHSヘルム・赤,Gold FZ Helm・Red
0x473f10@mhfdat-jp.bin,ゴルトGSヘルム・赤,Gold HS Helm・Red
0x473f14@mhfdat-jp.bin,ゴルトGPヘルム・赤,Gold GS Helm・Red
0x473f18@mhfdat-jp.bin,ゴルトFZヘルム・青,Gold GP Helm・Red
0x473f1c@mhfdat-jp.bin,ゴルトHSヘルム・青,Gold FZ Helm・Blue
0x473f20@mhfdat-jp.bin,ゴルトGSヘルム・青,Gold HS Helm・Blue
0x473f24@mhfdat-jp.bin,ゴルトGPヘルム・青,Gold GS Helm・Blue
0x473f28@mhfdat-jp.bin,ゴルトFZヘルム・黄,Gold GP Helm・Blue
0x473f2c@mhfdat-jp.bin,ゴルトHSヘルム・黄,Gold FZ Helm・Yellow
0x473f30@mhfdat-jp.bin,ゴルトGSヘルム・黄,Gold HS Helm・Yellow
0x473f34@mhfdat-jp.bin,ゴルトGPヘルム・黄,Gold GS Helm・Yellow
0x473f38@mhfdat-jp.bin,ゴルトFZヘルム・紫,Gold GP Helm・Yellow
0x473f3c@mhfdat-jp.bin,ゴルトHSヘルム・紫,Gold FZ Helm・Purple
0x473f40@mhfdat-jp.bin,ゴルトGSヘルム・紫,Gold HS Helm・Purple
0x473f44@mhfdat-jp.bin,ゴルトGPヘルム・紫,Gold GS Helm・Purple
0x473f48@mhfdat-jp.bin,ゴルトFZマスク・赤,Gold GP Helm・Purple
0x473f4c@mhfdat-jp.bin,ゴルトHSマスク・赤,Gold FZ Mask・Red
0x473f50@mhfdat-jp.bin,ゴルトGSマスク・赤,Gold HS Mask・Red
0x473f54@mhfdat-jp.bin,ゴルトGPマスク・赤,Gold GS Mask・Red
0x473f58@mhfdat-jp.bin,ゴルトFZマスク・青,Gold GP Mask・Red
0x473f5c@mhfdat-jp.bin,ゴルトHSマスク・青,Gold FZ Mask・Blue
0x473f60@mhfdat-jp.bin,ゴルトGSマスク・青,Gold HS Mask・Blue
0x473f64@mhfdat-jp.bin,ゴルトGPマスク・青,Gold GS Mask・Blue
0x473f68@mhfdat-jp.bin,ゴルトFZマスク・黄,Gold GP Mask・Blue
0x473f6c@mhfdat-jp.bin,ゴルトHSマスク・黄,Gold FZ Mask・Yellow
0x473f70@mhfdat-jp.bin,ゴルトGSマスク・黄,Gold HS Mask・Yellow
0x473f74@mhfdat-jp.bin,ゴルトGPマスク・黄,Gold GS Mask・Yellow
0x473f78@mhfdat-jp.bin,ゴルトFZマスク・紫,Gold GP Mask・Yellow
0x473f7c@mhfdat-jp.bin,ゴルトHSマスク・紫,Gold FZ Mask・Purple
0x473f80@mhfdat-jp.bin,ゴルトGSマスク・紫,Gold HS Mask・Purple
0x473f84@mhfdat-jp.bin,ゴルトGPマスク・紫,Gold GS Mask・Purple
0x473f88@mhfdat-jp.bin,シャランHSヘッド・青,Gold GP Mask・Purple
0x473f8c@mhfdat-jp.bin,シャランGSヘッド・青,Shaln HS Head・Blue
0x473f90@mhfdat-jp.bin,シャランGPヘッド・青,Shaln GS Head・Blue
0x473f94@mhfdat-jp.bin,シャランHSヘッド・緑,Shaln GP Head・Blue
0x473f98@mhfdat-jp.bin,シャランGSヘッド・緑,Shaln HS Head・Green
0x473f9c@mhfdat-jp.bin,シャランGPヘッド・緑,Shaln GS Head・Green
0x473fa0@mhfdat-jp.bin,シャランHSヘッド・紫,Shaln GP Head・Green
0x473fa4@mhfdat-jp.bin,シャランGSヘッド・紫,Shaln HS Head・Purple
0x473fa8@mhfdat-jp.bin,シャランGPヘッド・紫,Shaln GS Head・Purple
0x473fac@mhfdat-jp.bin,シャランHSヘッド・白,Shaln GP Head・Purple
0x473fb0@mhfdat-jp.bin,シャランGSヘッド・白,Shaln HS Head・White
0x473fb4@mhfdat-jp.bin,シャランGPヘッド・白,Shaln GS Head・White
0x473fb8@mhfdat-jp.bin,シャランHSハット・青,Shaln GP Head・White
0x473fbc@mhfdat-jp.bin,シャランGSハット・青,Shaln HS Hat・Blue
0x473fc0@mhfdat-jp.bin,シャランGPハット・青,Shaln GS Hat・Blue
0x473fc4@mhfdat-jp.bin,シャランHSハット・緑,Shaln GP Hat・Blue
0x473fc8@mhfdat-jp.bin,シャランGSハット・緑,Shaln HS Hat・Green
0x473fcc@mhfdat-jp.bin,シャランGPハット・緑,Shaln GS Hat・Green
0x473fd0@mhfdat-jp.bin,シャランHSハット・紫,Shaln GP Hat・Green
0x473fd4@mhfdat-jp.bin,シャランGSハット・紫,Shaln HS Hat・Purple
0x473fd8@mhfdat-jp.bin,シャランGPハット・紫,Shaln GS Hat・Purple
0x473fdc@mhfdat-jp.bin,シャランHSハット・白,Shaln GP Hat・Purple
0x473fe0@mhfdat-jp.bin,シャランGSハット・白,Shaln HS Hat・White
0x473fe4@mhfdat-jp.bin,シャランGPハット・白,Shaln GS Hat・White
0x473fe8@mhfdat-jp.bin,アリストFZヘッド・青,Shaln GP Hat・White
0x473fec@mhfdat-jp.bin,アリストHSヘッド・青,Aristo FZ Head・Blue
0x473ff0@mhfdat-jp.bin,アリストGSヘッド・青,Aristo HS Head・Blue
0x473ff4@mhfdat-jp.bin,アリストGPヘッド・青,Aristo GS Head・Blue
0x473ff8@mhfdat-jp.bin,アリストFZヘッド・白,Aristo GP Head・Blue
0x473ffc@mhfdat-jp.bin,アリストHSヘッド・白,Aristo FZ Head・White
0x474000@mhfdat-jp.bin,アリストGSヘッド・白,Aristo HS Head・White
0x474004@mhfdat-jp.bin,アリストGPヘッド・白,Aristo GS Head・White
0x474008@mhfdat-jp.bin,アリストFZヘッド・紫,Aristo GP Head・White
0x47400c@mhfdat-jp.bin,アリストHSヘッド・紫,Aristo FZ Head・Purple
0x474010@mhfdat-jp.bin,アリストGSヘッド・紫,Aristo HS Head・Purple
0x474014@mhfdat-jp.bin,アリストGPヘッド・紫,Aristo GS Head・Purple
0x474018@mhfdat-jp.bin,アリストFZヘッド・赤,Aristo GP Head・Purple
0x47401c@mhfdat-jp.bin,アリストHSヘッド・赤,Aristo FZ Head・Red
0x474020@mhfdat-jp.bin,アリストGSヘッド・赤,Aristo HS Head・Red
0x474024@mhfdat-jp.bin,アリストGPヘッド・赤,Aristo GS Head・Red
0x474028@mhfdat-jp.bin,アリストFZマスク・青,Aristo GP Head・Red
0x47402c@mhfdat-jp.bin,アリストHSマスク・青,Aristo FZ Mask・Blue
0x474030@mhfdat-jp.bin,アリストGSマスク・青,Aristo HS Mask・Blue
0x474034@mhfdat-jp.bin,アリストGPマスク・青,Aristo GS Mask・Blue
0x474038@mhfdat-jp.bin,アリストFZマスク・白,Aristo GP Mask・Blue
0x47403c@mhfdat-jp.bin,アリストHSマスク・白,Aristo FZ Mask・White
0x474040@mhfdat-jp.bin,アリストGSマスク・白,Aristo HS Mask・White
0x474044@mhfdat-jp.bin,アリストGPマスク・白,Aristo GS Mask・White
0x474048@mhfdat-jp.bin,アリストFZマスク・紫,Aristo GP Mask・White
0x47404c@mhfdat-jp.bin,アリストHSマスク・紫,Aristo FZ Mask・Purple
0x474050@mhfdat-jp.bin,アリストGSマスク・紫,Aristo HS Mask・Purple
0x474054@mhfdat-jp.bin,アリストGPマスク・紫,Aristo GS Mask・Purple
0x474058@mhfdat-jp.bin,アリストFZマスク・赤,Aristo GP Mask・Purple
0x47405c@mhfdat-jp.bin,アリストHSマスク・赤,Aristo FZ Mask・Red
0x474060@mhfdat-jp.bin,アリストGSマスク・赤,Aristo HS Mask・Red
0x474064@mhfdat-jp.bin,アリストGPマスク・赤,Aristo GS Mask・Red
0x474068@mhfdat-jp.bin,マギサFZヘッド・赤,Aristo GP Mask・Red
0x47406c@mhfdat-jp.bin,マギサHSヘッド・赤,Magisa FZ Head・Red
0x474070@mhfdat-jp.bin,マギサGSヘッド・赤,Magisa HS Head・Red
0x474074@mhfdat-jp.bin,マギサGPヘッド・赤,Magisa GS Head・Red
0x474078@mhfdat-jp.bin,マギサFZヘッド・黒,Magisa GP Head・Red
0x47407c@mhfdat-jp.bin,マギサHSヘッド・黒,Magisa FZ Head・Black
0x474080@mhfdat-jp.bin,マギサGSヘッド・黒,Magisa HS Head・Black
0x474084@mhfdat-jp.bin,マギサGPヘッド・黒,Magisa GS Head・Black
0x474088@mhfdat-jp.bin,マギサFZヘッド・緑,Magisa GP Head・Black
0x47408c@mhfdat-jp.bin,マギサHSヘッド・緑,Magisa FZ Head・Green
0x474090@mhfdat-jp.bin,マギサGSヘッド・緑,Magisa HS Head・Green
0x474094@mhfdat-jp.bin,マギサGPヘッド・緑,Magisa GS Head・Green
0x474098@mhfdat-jp.bin,マギサFZヘッド・白,Magisa GP Head・Green
0x47409c@mhfdat-jp.bin,マギサHSヘッド・白,Magisa FZ Head・White
0x4740a0@mhfdat-jp.bin,マギサGSヘッド・白,Magisa HS Head・White
0x4740a4@mhfdat-jp.bin,マギサGPヘッド・白,Magisa GS Head・White
0x4740a8@mhfdat-jp.bin,ウィザーFZハット・赤,Magisa GP Head・White
0x4740ac@mhfdat-jp.bin,ウィザーHSハット・赤,Wizard FZ Hat・Red
0x4740b0@mhfdat-jp.bin,ウィザーGSハット・赤,Wizard HS Hat・Red
0x4740b4@mhfdat-jp.bin,ウィザーGPハット・赤,Wizard GS Hat・Red
0x4740b8@mhfdat-jp.bin,ウィザーFZハット・黒,Wizard GP Hat・Red
0x4740bc@mhfdat-jp.bin,ウィザーHSハット・黒,Wizard FZ Hat・Black
0x4740c0@mhfdat-jp.bin,ウィザーGSハット・黒,Wizard HS Hat・Black
0x4740c4@mhfdat-jp.bin,ウィザーGPハット・黒,Wizard GS Hat・Black
0x4740c8@mhfdat-jp.bin,ウィザーFZハット・緑,Wizard GP Hat・Black
0x4740cc@mhfdat-jp.bin,ウィザーHSハット・緑,Wizard FZ Hat・Green
0x4740d0@mhfdat-jp.bin,ウィザーGSハット・緑,Wizard HS Hat・Green
0x4740d4@mhfdat-jp.bin,ウィザーGPハット・緑,Wizard GS Hat・Green
0x4740d8@mhfdat-jp.bin,ウィザーFZハット・白,Wizard GP Hat・Green
0x4740dc@mhfdat-jp.bin,ウィザーHSハット・白,Wizard FZ Hat・White
0x4740e0@mhfdat-jp.bin,ウィザーGSハット・白,Wizard HS Hat・White
0x4740e4@mhfdat-jp.bin,ウィザーGPハット・白,Wizard GS Hat・White
0x4740e8@mhfdat-jp.bin,抜胴GS【鉢金】,Wizard GP Hat・White
0x4740ec@mhfdat-jp.bin,抜胴GP【鉢金】,抜胴GS Hachigane
0x4740f0@mhfdat-jp.bin,長根GS【鉢金】,抜胴GP Hachigane
0x4740f4@mhfdat-jp.bin,長根GP【鉢金】,長根GS Hachigane
0x4740f8@mhfdat-jp.bin,英雄王の耳飾：剣黒,長根GP Hachigane
0x4740fc@mhfdat-jp.bin,英雄王の耳飾：剣Ｆ黒,Hero King Earring BM Black
0x474100@mhfdat-jp.bin,英雄王の耳飾：剣FZ黒,Hero King Earring BM F Black
0x474104@mhfdat-jp.bin,英雄王の耳飾：剣HS黒,Hero King Earring BM FZ Black
0x474108@mhfdat-jp.bin,英雄王の耳飾：剣GS黒,Hero King Earring BM HS Black
0x47410c@mhfdat-jp.bin,英雄王の耳飾：剣GP黒,Hero King Earring BM GS Black
0x474110@mhfdat-jp.bin,英雄王の耳飾：銃黒,Hero King Earring BM GP Black
0x474114@mhfdat-jp.bin,英雄王の耳飾：銃Ｆ黒,Hero King Earring GN Black
0x474118@mhfdat-jp.bin,英雄王の耳飾：銃FZ黒,Hero King Earring GN F Black
0x47411c@mhfdat-jp.bin,英雄王の耳飾：銃HS黒,Hero King Earring GN FZ Black
0x474120@mhfdat-jp.bin,英雄王の耳飾：銃GS黒,Hero King Earring GN HS Black
0x474124@mhfdat-jp.bin,英雄王の耳飾：銃GP黒,Hero King Earring GN GS Black
0x474128@mhfdat-jp.bin,ゴルゴンヘッド・青,Hero King Earring GN GP Black
0x47412c@mhfdat-jp.bin,ゴルゴンＦヘッド・青,Gorgon Head・Blue
0x474130@mhfdat-jp.bin,ゴルゴンFZヘッド・青,Gorgon F Head・Blue
0x474134@mhfdat-jp.bin,ゴルゴンHSヘッド・青,Gorgon FZ Head・Blue
0x474138@mhfdat-jp.bin,ゴルゴンGSヘッド・青,Gorgon HS Head・Blue
0x47413c@mhfdat-jp.bin,ゴルゴンGPヘッド・青,Gorgon GS Head・Blue
0x474140@mhfdat-jp.bin,ゴルゴンマスク・青,Gorgon GP Head・Blue
0x474144@mhfdat-jp.bin,ゴルゴンＦマスク・青,Gorgon Mask・Blue
0x474148@mhfdat-jp.bin,ゴルゴンFZマスク・青,Gorgon F Mask・Blue
0x47414c@mhfdat-jp.bin,ゴルゴンHSマスク・青,Gorgon FZ Mask・Blue
0x474150@mhfdat-jp.bin,ゴルゴンGSマスク・青,Gorgon HS Mask・Blue
0x474154@mhfdat-jp.bin,ゴルゴンGPマスク・青,Gorgon GS Mask・Blue
0x474158@mhfdat-jp.bin,英雄王の耳飾：剣白,Gorgon GP Mask・Blue
0x47415c@mhfdat-jp.bin,英雄王の耳飾：剣Ｆ白,Hero King Earring BM White
0x474160@mhfdat-jp.bin,英雄王の耳飾：剣FZ白,Hero King Earring BM F White
0x474164@mhfdat-jp.bin,英雄王の耳飾：剣HS白,Hero King Earring BM FZ White
0x474168@mhfdat-jp.bin,英雄王の耳飾：剣GS白,Hero King Earring BM HS White
0x47416c@mhfdat-jp.bin,英雄王の耳飾：剣GP白,Hero King Earring BM GS White
0x474170@mhfdat-jp.bin,英雄王の耳飾：銃白,Hero King Earring BM GP White
0x474174@mhfdat-jp.bin,英雄王の耳飾：銃Ｆ白,Hero King Earring GN White
0x474178@mhfdat-jp.bin,英雄王の耳飾：銃FZ白,Hero King Earring GN F White
0x47417c@mhfdat-jp.bin,英雄王の耳飾：銃HS白,Hero King Earring GN FZ White
0x474180@mhfdat-jp.bin,英雄王の耳飾：銃GS白,Hero King Earring GN HS White
0x474184@mhfdat-jp.bin,英雄王の耳飾：銃GP白,Hero King Earring GN GS White
0x474188@mhfdat-jp.bin,ゴルゴンヘッド・白,Hero King Earring GN GP White
0x47418c@mhfdat-jp.bin,ゴルゴンＦヘッド・白,Gorgon Head・White
0x474190@mhfdat-jp.bin,ゴルゴンFZヘッド・白,Gorgon F Head・White
0x474194@mhfdat-jp.bin,ゴルゴンHSヘッド・白,Gorgon FZ Head・White
0x474198@mhfdat-jp.bin,ゴルゴンGSヘッド・白,Gorgon HS Head・White
0x47419c@mhfdat-jp.bin,ゴルゴンGPヘッド・白,Gorgon GS Head・White
0x4741a0@mhfdat-jp.bin,ゴルゴンマスク・白,Gorgon GP Head・White
0x4741a4@mhfdat-jp.bin,ゴルゴンＦマスク・白,Gorgon Mask・White
0x4741a8@mhfdat-jp.bin,ゴルゴンFZマスク・白,Gorgon F Mask・White
0x4741ac@mhfdat-jp.bin,ゴルゴンHSマスク・白,Gorgon FZ Mask・White
0x4741b0@mhfdat-jp.bin,ゴルゴンGSマスク・白,Gorgon HS Mask・White
0x4741b4@mhfdat-jp.bin,ゴルゴンGPマスク・白,Gorgon GS Mask・White
0x4741b8@mhfdat-jp.bin,英雄王の耳飾：剣赤,Gorgon GP Mask・White
0x4741bc@mhfdat-jp.bin,英雄王の耳飾：剣Ｆ赤,Hero King Earring BM Red
0x4741c0@mhfdat-jp.bin,英雄王の耳飾：剣FZ赤,Hero King Earring BM F Red
0x4741c4@mhfdat-jp.bin,英雄王の耳飾：剣HS赤,Hero King Earring BM FZ Red
0x4741c8@mhfdat-jp.bin,英雄王の耳飾：剣GS赤,Hero King Earring BM HS Red
0x4741cc@mhfdat-jp.bin,英雄王の耳飾：剣GP赤,Hero King Earring BM GS Red
0x4741d0@mhfdat-jp.bin,英雄王の耳飾：銃赤,Hero King Earring BM GP Red
0x4741d4@mhfdat-jp.bin,英雄王の耳飾：銃Ｆ赤,Hero King Earring GN Red
0x4741d8@mhfdat-jp.bin,英雄王の耳飾：銃FZ赤,Hero King Earring GN F Red
0x4741dc@mhfdat-jp.bin,英雄王の耳飾：銃HS赤,Hero King Earring GN FZ Red
0x4741e0@mhfdat-jp.bin,英雄王の耳飾：銃GS赤,Hero King Earring GN HS Red
0x4741e4@mhfdat-jp.bin,英雄王の耳飾：銃GP赤,Hero King Earring GN GS Red
0x4741e8@mhfdat-jp.bin,ゴルゴンヘッド・赤,Hero King Earring GN GP Red
0x4741ec@mhfdat-jp.bin,ゴルゴンＦヘッド・赤,Gorgon Head・Red
0x4741f0@mhfdat-jp.bin,ゴルゴンFZヘッド・赤,Gorgon F Head・Red
0x4741f4@mhfdat-jp.bin,ゴルゴンHSヘッド・赤,Gorgon FZ Head・Red
0x4741f8@mhfdat-jp.bin,ゴルゴンGSヘッド・赤,Gorgon HS Head・Red
0x4741fc@mhfdat-jp.bin,ゴルゴンGPヘッド・赤,Gorgon GS Head・Red
0x474200@mhfdat-jp.bin,ゴルゴンマスク・赤,Gorgon GP Head・Red
0x474204@mhfdat-jp.bin,ゴルゴンＦマスク・赤,Gorgon Mask・Red
0x474208@mhfdat-jp.bin,ゴルゴンFZマスク・赤,Gorgon F Mask・Red
0x47420c@mhfdat-jp.bin,ゴルゴンHSマスク・赤,Gorgon FZ Mask・Red
0x474210@mhfdat-jp.bin,ゴルゴンGSマスク・赤,Gorgon HS Mask・Red
0x474214@mhfdat-jp.bin,ゴルゴンGPマスク・赤,Gorgon GS Mask・Red
0x474218@mhfdat-jp.bin,メラギヘルム,Gorgon GP Mask・Red
0x47421c@mhfdat-jp.bin,メラギＦヘルム,Meraginasu Helm
0x474220@mhfdat-jp.bin,メラギFXヘルム,Meraginasu F Helm
0x474224@mhfdat-jp.bin,メラギＧヘルム,Meraginasu FX Helm
0x474228@mhfdat-jp.bin,メラギGFヘルム,Meraginasu G Helm
0x47422c@mhfdat-jp.bin,メラギキャップ,Meraginasu GF Helm
0x474230@mhfdat-jp.bin,メラギＦキャップ,Meraginasu Cap
0x474234@mhfdat-jp.bin,メラギFXキャップ,Meraginasu F Cap
0x474238@mhfdat-jp.bin,メラギＧキャップ,Meraginasu FX Cap
0x47423c@mhfdat-jp.bin,メラギGFキャップ,Meraginasu G Cap
0x474240@mhfdat-jp.bin,ストロマGFヘルム,Meraginasu GF Cap
0x474244@mhfdat-jp.bin,ストロマGFキャップ,Stroma GF Helm
0x474248@mhfdat-jp.bin,エミットGFヘルム,Stroma GF Cap
0x47424c@mhfdat-jp.bin,エミットGFキャップ,エミットGF Helm
0x474250@mhfdat-jp.bin,ブリッツGFホーン,エミットGF Cap
0x474254@mhfdat-jp.bin,ブリッツGFコルノ,Blitz GF Horn
0x474258@mhfdat-jp.bin,ワダツミGF【烏帽子】,Blitz GF Corno
0x47425c@mhfdat-jp.bin,オカミGF【烏帽子】,Wadatsumi GF [Eboshi 】
0x474260@mhfdat-jp.bin,ディボアGFヘルム,Okami GF [Eboshi 】
0x474264@mhfdat-jp.bin,ディボアGFキャップ,Diboa GF Helm
0x474268@mhfdat-jp.bin,若紅葉【角】,Diboa GF Cap
0x47426c@mhfdat-jp.bin,若紅葉Ｆ【角】,若 Crimson 葉【角】
0x474270@mhfdat-jp.bin,若紅葉FY【角】,若 Crimson 葉F【角】
0x474274@mhfdat-jp.bin,若紅葉HS【角】,若 Crimson 葉FY【角】
0x474278@mhfdat-jp.bin,若紅葉Ｇ【角】,若 Crimson 葉HS【角】
0x47427c@mhfdat-jp.bin,若紅葉GF【角】,若 Crimson 葉G【角】
0x474280@mhfdat-jp.bin,若紅葉GX【角】,若 Crimson 葉GF【角】
0x474284@mhfdat-jp.bin,翡戸隠【角】,若 Crimson 葉GX【角】
0x474288@mhfdat-jp.bin,翡戸隠Ｆ【角】,翡戸隠【角】
0x47428c@mhfdat-jp.bin,翡戸隠FY【角】,翡戸隠F【角】
0x474290@mhfdat-jp.bin,翡戸隠HS【角】,翡戸隠FY【角】
0x474294@mhfdat-jp.bin,翡戸隠Ｇ【角】,翡戸隠HS【角】
0x474298@mhfdat-jp.bin,翡戸隠GF【角】,翡戸隠G【角】
0x47429c@mhfdat-jp.bin,翡戸隠GX【角】,翡戸隠GF【角】
0x4742a0@mhfdat-jp.bin,ブリゼヘルム,翡戸隠GX【角】
0x4742a4@mhfdat-jp.bin,ブリゼＦヘルム,Blize Helm
0x4742a8@mhfdat-jp.bin,ブリゼFYヘルム,Blize F Helm
0x4742ac@mhfdat-jp.bin,ブリゼHSヘルム,Blize FY Helm
0x4742b0@mhfdat-jp.bin,ブリゼＧヘルム,Blize HS Helm
0x4742b4@mhfdat-jp.bin,ブリゼGFヘルム,Blize G Helm
0x4742b8@mhfdat-jp.bin,ブリゼGXヘルム,Blize GF Helm
0x4742bc@mhfdat-jp.bin,ブリゼキャップ,Blize GX Helm
0x4742c0@mhfdat-jp.bin,ブリゼＦキャップ,Blize Cap
0x4742c4@mhfdat-jp.bin,ブリゼFYキャップ,Blize F Cap
0x4742c8@mhfdat-jp.bin,ブリゼHSキャップ,Blize FY Cap
0x4742cc@mhfdat-jp.bin,ブリゼＧキャップ,Blize HS Cap
0x4742d0@mhfdat-jp.bin,ブリゼGFキャップ,Blize G Cap
0x4742d4@mhfdat-jp.bin,ブリゼGXキャップ,Blize GF Cap
0x4742d8@mhfdat-jp.bin,ミクセスFYヘルム,Blize GX Cap
0x4742dc@mhfdat-jp.bin,ミクセスHSヘルム,Mixes FY Helm
0x4742e0@mhfdat-jp.bin,ミクセスＧヘルム,Mixes HS Helm
0x4742e4@mhfdat-jp.bin,ミクセスGFヘルム,Mixes G Helm
0x4742e8@mhfdat-jp.bin,ミクセスGXヘルム,Mixes GF Helm
0x4742ec@mhfdat-jp.bin,ミクセスFYキャップ,Mixes GX Helm
0x4742f0@mhfdat-jp.bin,ミクセスHSキャップ,Mixes FY Cap
0x4742f4@mhfdat-jp.bin,ミクセスＧキャップ,Mixes HS Cap
0x4742f8@mhfdat-jp.bin,ミクセスGFキャップ,Mixes G Cap
0x4742fc@mhfdat-jp.bin,ミクセスGXキャップ,Mixes GF Cap
0x474300@mhfdat-jp.bin,ザイラヘルム・緑,Mixes GX Cap
0x474304@mhfdat-jp.bin,ザイラＦヘルム・緑,Zyra Helm・Green
0x474308@mhfdat-jp.bin,ザイラFZヘルム・緑,Zyra F Helm・Green
0x47430c@mhfdat-jp.bin,ザイラHSヘルム・緑,Zyra FZ Helm・Green
0x474310@mhfdat-jp.bin,ザイラGSヘルム・緑,Zyra HS Helm・Green
0x474314@mhfdat-jp.bin,ザイラGPヘルム・緑,Zyra GS Helm・Green
0x474318@mhfdat-jp.bin,ザイラマスク・緑,Zyra GP Helm・Green
0x47431c@mhfdat-jp.bin,ザイラＦマスク・緑,Zyra Mask・Green
0x474320@mhfdat-jp.bin,ザイラFZマスク・緑,Zyra F Mask・Green
0x474324@mhfdat-jp.bin,ザイラHSマスク・緑,Zyra FZ Mask・Green
0x474328@mhfdat-jp.bin,ザイラGSマスク・緑,Zyra HS Mask・Green
0x47432c@mhfdat-jp.bin,ザイラGPマスク・緑,Zyra GS Mask・Green
0x474330@mhfdat-jp.bin,ザイラヘルム・水,Zyra GP Mask・Green
0x474334@mhfdat-jp.bin,ザイラＦヘルム・水,Zyra Helm・Water
0x474338@mhfdat-jp.bin,ザイラFZヘルム・水,Zyra F Helm・Water
0x47433c@mhfdat-jp.bin,ザイラHSヘルム・水,Zyra FZ Helm・Water
0x474340@mhfdat-jp.bin,ザイラGSヘルム・水,Zyra HS Helm・Water
0x474344@mhfdat-jp.bin,ザイラGPヘルム・水,Zyra GS Helm・Water
0x474348@mhfdat-jp.bin,ザイラマスク・水,Zyra GP Helm・Water
0x47434c@mhfdat-jp.bin,ザイラＦマスク・水,Zyra Mask・Water
0x474350@mhfdat-jp.bin,ザイラFZマスク・水,Zyra F Mask・Water
0x474354@mhfdat-jp.bin,ザイラHSマスク・水,Zyra FZ Mask・Water
0x474358@mhfdat-jp.bin,ザイラGSマスク・水,Zyra HS Mask・Water
0x47435c@mhfdat-jp.bin,ザイラGPマスク・水,Zyra GS Mask・Water
0x474360@mhfdat-jp.bin,ザイラヘルム・赤,Zyra GP Mask・Water
0x474364@mhfdat-jp.bin,ザイラＦヘルム・赤,Zyra Helm・Red
0x474368@mhfdat-jp.bin,ザイラFZヘルム・赤,Zyra F Helm・Red
0x47436c@mhfdat-jp.bin,ザイラHSヘルム・赤,Zyra FZ Helm・Red
0x474370@mhfdat-jp.bin,ザイラGSヘルム・赤,Zyra HS Helm・Red
0x474374@mhfdat-jp.bin,ザイラGPヘルム・赤,Zyra GS Helm・Red
0x474378@mhfdat-jp.bin,ザイラマスク・赤,Zyra GP Helm・Red
0x47437c@mhfdat-jp.bin,ザイラＦマスク・赤,Zyra Mask・Red
0x474380@mhfdat-jp.bin,ザイラFZマスク・赤,Zyra F Mask・Red
0x474384@mhfdat-jp.bin,ザイラHSマスク・赤,Zyra FZ Mask・Red
0x474388@mhfdat-jp.bin,ザイラGSマスク・赤,Zyra HS Mask・Red
0x47438c@mhfdat-jp.bin,ザイラGPマスク・赤,Zyra GS Mask・Red
0x474390@mhfdat-jp.bin,ザイラヘルム・碧,Zyra GP Mask・Red
0x474394@mhfdat-jp.bin,ザイラＦヘルム・碧,Zyra Helm・Blue
0x474398@mhfdat-jp.bin,ザイラFZヘルム・碧,Zyra F Helm・Blue
0x47439c@mhfdat-jp.bin,ザイラHSヘルム・碧,Zyra FZ Helm・Blue
0x4743a0@mhfdat-jp.bin,ザイラGSヘルム・碧,Zyra HS Helm・Blue
0x4743a4@mhfdat-jp.bin,ザイラGPヘルム・碧,Zyra GS Helm・Blue
0x4743a8@mhfdat-jp.bin,ザイラマスク・碧,Zyra GP Helm・Blue
0x4743ac@mhfdat-jp.bin,ザイラＦマスク・碧,Zyra Mask・Blue
0x4743b0@mhfdat-jp.bin,ザイラFZマスク・碧,Zyra F Mask・Blue
0x4743b4@mhfdat-jp.bin,ザイラHSマスク・碧,Zyra FZ Mask・Blue
0x4743b8@mhfdat-jp.bin,ザイラGSマスク・碧,Zyra HS Mask・Blue
0x4743bc@mhfdat-jp.bin,ザイラGPマスク・碧,Zyra GS Mask・Blue
0x4743c0@mhfdat-jp.bin,キャロルバンド・黒,Zyra GP Mask・Blue
0x4743c4@mhfdat-jp.bin,キャロルＦバンド・黒,Carrol Band・Black
0x4743c8@mhfdat-jp.bin,キャロルFZバンド・黒,Carrol F Band・Black
0x4743cc@mhfdat-jp.bin,キャロルHSバンド・黒,Carrol FZ Band・Black
0x4743d0@mhfdat-jp.bin,キャロルGSバンド・黒,Carrol HS Band・Black
0x4743d4@mhfdat-jp.bin,キャロルGPバンド・黒,Carrol GS Band・Black
0x4743d8@mhfdat-jp.bin,キャロルヘッド・黒,Carrol GP Band・Black
0x4743dc@mhfdat-jp.bin,キャロルＦヘッド・黒,Carrol Head・Black
0x4743e0@mhfdat-jp.bin,キャロルFZヘッド・黒,Carrol F Head・Black
0x4743e4@mhfdat-jp.bin,キャロルHSヘッド・黒,Carrol FZ Head・Black
0x4743e8@mhfdat-jp.bin,キャロルGSヘッド・黒,Carrol HS Head・Black
0x4743ec@mhfdat-jp.bin,キャロルGPヘッド・黒,Carrol GS Head・Black
0x4743f0@mhfdat-jp.bin,キャロルバンド・青,Carrol GP Head・Black
0x4743f4@mhfdat-jp.bin,キャロルＦバンド・青,Carrol Band・Blue
0x4743f8@mhfdat-jp.bin,キャロルFZバンド・青,Carrol F Band・Blue
0x4743fc@mhfdat-jp.bin,キャロルHSバンド・青,Carrol FZ Band・Blue
0x474400@mhfdat-jp.bin,キャロルGSバンド・青,Carrol HS Band・Blue
0x474404@mhfdat-jp.bin,キャロルGPバンド・青,Carrol GS Band・Blue
0x474408@mhfdat-jp.bin,キャロルヘッド・青,Carrol GP Band・Blue
0x47440c@mhfdat-jp.bin,キャロルＦヘッド・青,Carrol Head・Blue
0x474410@mhfdat-jp.bin,キャロルFZヘッド・青,Carrol F Head・Blue
0x474414@mhfdat-jp.bin,キャロルHSヘッド・青,Carrol FZ Head・Blue
0x474418@mhfdat-jp.bin,キャロルGSヘッド・青,Carrol HS Head・Blue
0x47441c@mhfdat-jp.bin,キャロルGPヘッド・青,Carrol GS Head・Blue
0x474420@mhfdat-jp.bin,キャロルバンド・白,Carrol GP Head・Blue
0x474424@mhfdat-jp.bin,キャロルＦバンド・白,Carrol Band・White
0x474428@mhfdat-jp.bin,キャロルFZバンド・白,Carrol F Band・White
0x47442c@mhfdat-jp.bin,キャロルHSバンド・白,Carrol FZ Band・White
0x474430@mhfdat-jp.bin,キャロルGSバンド・白,Carrol HS Band・White
0x474434@mhfdat-jp.bin,キャロルGPバンド・白,Carrol GS Band・White
0x474438@mhfdat-jp.bin,キャロルヘッド・白,Carrol GP Band・White
0x47443c@mhfdat-jp.bin,キャロルＦヘッド・白,Carrol Head・White
0x474440@mhfdat-jp.bin,キャロルFZヘッド・白,Carrol F Head・White
0x474444@mhfdat-jp.bin,キャロルHSヘッド・白,Carrol FZ Head・White
0x474448@mhfdat-jp.bin,キャロルGSヘッド・白,Carrol HS Head・White
0x47444c@mhfdat-jp.bin,キャロルGPヘッド・白,Carrol GS Head・White
0x474450@mhfdat-jp.bin,キャロルバンド・赤,Carrol GP Head・White
0x474454@mhfdat-jp.bin,キャロルＦバンド・赤,Carrol Band・Red
0x474458@mhfdat-jp.bin,キャロルFZバンド・赤,Carrol F Band・Red
0x47445c@mhfdat-jp.bin,キャロルHSバンド・赤,Carrol FZ Band・Red
0x474460@mhfdat-jp.bin,キャロルGSバンド・赤,Carrol HS Band・Red
0x474464@mhfdat-jp.bin,キャロルGPバンド・赤,Carrol GS Band・Red
0x474468@mhfdat-jp.bin,キャロルヘッド・赤,Carrol GP Band・Red
0x47446c@mhfdat-jp.bin,キャロルＦヘッド・赤,Carrol Head・Red
0x474470@mhfdat-jp.bin,キャロルFZヘッド・赤,Carrol F Head・Red
0x474474@mhfdat-jp.bin,キャロルHSヘッド・赤,Carrol FZ Head・Red
0x474478@mhfdat-jp.bin,キャロルGSヘッド・赤,Carrol HS Head・Red
0x47447c@mhfdat-jp.bin,キャロルGPヘッド・赤,Carrol GS Head・Red
0x474480@mhfdat-jp.bin,セレナヘッド・紫,Carrol GP Head・Red
0x474484@mhfdat-jp.bin,セレナＦヘッド・紫,Serena Head・Purple
0x474488@mhfdat-jp.bin,セレナFZヘッド・紫,Serena F Head・Purple
0x47448c@mhfdat-jp.bin,セレナHSヘッド・紫,Serena FZ Head・Purple
0x474490@mhfdat-jp.bin,セレナGSヘッド・紫,Serena HS Head・Purple
0x474494@mhfdat-jp.bin,セレナGPヘッド・紫,Serena GS Head・Purple
0x474498@mhfdat-jp.bin,セレナハット・紫,Serena GP Head・Purple
0x47449c@mhfdat-jp.bin,セレナＦハット・紫,Serena Hat・Purple
0x4744a0@mhfdat-jp.bin,セレナFZハット・紫,Serena F Hat・Purple
0x4744a4@mhfdat-jp.bin,セレナHSハット・紫,Serena FZ Hat・Purple
0x4744a8@mhfdat-jp.bin,セレナGSハット・紫,Serena HS Hat・Purple
0x4744ac@mhfdat-jp.bin,セレナGPハット・紫,Serena GS Hat・Purple
0x4744b0@mhfdat-jp.bin,セレナヘッド・青,Serena GP Hat・Purple
0x4744b4@mhfdat-jp.bin,セレナＦヘッド・青,Serena Head・Blue
0x4744b8@mhfdat-jp.bin,セレナFZヘッド・青,Serena F Head・Blue
0x4744bc@mhfdat-jp.bin,セレナHSヘッド・青,Serena FZ Head・Blue
0x4744c0@mhfdat-jp.bin,セレナGSヘッド・青,Serena HS Head・Blue
0x4744c4@mhfdat-jp.bin,セレナGPヘッド・青,Serena GS Head・Blue
0x4744c8@mhfdat-jp.bin,セレナハット・青,Serena GP Head・Blue
0x4744cc@mhfdat-jp.bin,セレナＦハット・青,Serena Hat・Blue
0x4744d0@mhfdat-jp.bin,セレナFZハット・青,Serena F Hat・Blue
0x4744d4@mhfdat-jp.bin,セレナHSハット・青,Serena FZ Hat・Blue
0x4744d8@mhfdat-jp.bin,セレナGSハット・青,Serena HS Hat・Blue
0x4744dc@mhfdat-jp.bin,セレナGPハット・青,Serena GS Hat・Blue
0x4744e0@mhfdat-jp.bin,セレナヘッド・白,Serena GP Hat・Blue
0x4744e4@mhfdat-jp.bin,セレナＦヘッド・白,Serena Head・White
0x4744e8@mhfdat-jp.bin,セレナFZヘッド・白,Serena F Head・White
0x4744ec@mhfdat-jp.bin,セレナHSヘッド・白,Serena FZ Head・White
0x4744f0@mhfdat-jp.bin,セレナGSヘッド・白,Serena HS Head・White
0x4744f4@mhfdat-jp.bin,セレナGPヘッド・白,Serena GS Head・White
0x4744f8@mhfdat-jp.bin,セレナハット・白,Serena GP Head・White
0x4744fc@mhfdat-jp.bin,セレナＦハット・白,Serena Hat・White
0x474500@mhfdat-jp.bin,セレナFZハット・白,Serena F Hat・White
0x474504@mhfdat-jp.bin,セレナHSハット・白,Serena FZ Hat・White
0x474508@mhfdat-jp.bin,セレナGSハット・白,Serena HS Hat・White
0x47450c@mhfdat-jp.bin,セレナGPハット・白,Serena GS Hat・White
0x474510@mhfdat-jp.bin,セレナヘッド・赤,Serena GP Hat・White
0x474514@mhfdat-jp.bin,セレナＦヘッド・赤,Serena Head・Red
0x474518@mhfdat-jp.bin,セレナFZヘッド・赤,Serena F Head・Red
0x47451c@mhfdat-jp.bin,セレナHSヘッド・赤,Serena FZ Head・Red
0x474520@mhfdat-jp.bin,セレナGSヘッド・赤,Serena HS Head・Red
0x474524@mhfdat-jp.bin,セレナGPヘッド・赤,Serena GS Head・Red
0x474528@mhfdat-jp.bin,セレナハット・赤,Serena GP Head・Red
0x47452c@mhfdat-jp.bin,セレナＦハット・赤,Serena Hat・Red
0x474530@mhfdat-jp.bin,セレナFZハット・赤,Serena F Hat・Red
0x474534@mhfdat-jp.bin,セレナHSハット・赤,Serena FZ Hat・Red
0x474538@mhfdat-jp.bin,セレナGSハット・赤,Serena HS Hat・Red
0x47453c@mhfdat-jp.bin,セレナGPハット・赤,Serena GS Hat・Red
0x474540@mhfdat-jp.bin,ニンバスヘッド,Serena GP Hat・Red
0x474544@mhfdat-jp.bin,ニンバスＦヘッド,Nimbus Head
0x474548@mhfdat-jp.bin,ニンバスFZヘッド,Nimbus F Head
0x47454c@mhfdat-jp.bin,ニンバスHSヘッド,Nimbus FZ Head
0x474550@mhfdat-jp.bin,ニンバスGSヘッド,Nimbus HS Head
0x474554@mhfdat-jp.bin,ニンバスGPヘッド,Nimbus GS Head
0x474558@mhfdat-jp.bin,ニンバスバンド,Nimbus GP Head
0x47455c@mhfdat-jp.bin,ニンバスＦバンド,Nimbus Band
0x474560@mhfdat-jp.bin,ニンバスFZバンド,Nimbus F Band
0x474564@mhfdat-jp.bin,ニンバスHSバンド,Nimbus FZ Band
0x474568@mhfdat-jp.bin,ニンバスGSバンド,Nimbus HS Band
0x47456c@mhfdat-jp.bin,ニンバスGPバンド,Nimbus GS Band
0x474570@mhfdat-jp.bin,イクスFZピアス・白,Nimbus GP Band
0x474574@mhfdat-jp.bin,イクスHSピアス・白,Ex FZ Piercings・White
0x474578@mhfdat-jp.bin,イクスGSピアス・白,Ex HS Piercings・White
0x47457c@mhfdat-jp.bin,イクスGPピアス・白,Ex GS Piercings・White
0x474580@mhfdat-jp.bin,イクスFZハール・白,Ex GP Piercings・White
0x474584@mhfdat-jp.bin,イクスHSハール・白,Ex FZ Haar・White
0x474588@mhfdat-jp.bin,イクスGSハール・白,Ex HS Haar・White
0x47458c@mhfdat-jp.bin,イクスGPハール・白,Ex GS Haar・White
0x474590@mhfdat-jp.bin,イクスFZピアス・赤,Ex GP Haar・White
0x474594@mhfdat-jp.bin,イクスHSピアス・赤,Ex FZ Piercings・Red
0x474598@mhfdat-jp.bin,イクスGSピアス・赤,Ex HS Piercings・Red
0x47459c@mhfdat-jp.bin,イクスGPピアス・赤,Ex GS Piercings・Red
0x4745a0@mhfdat-jp.bin,イクスFZハール・赤,Ex GP Piercings・Red
0x4745a4@mhfdat-jp.bin,イクスHSハール・赤,Ex FZ Haar・Red
0x4745a8@mhfdat-jp.bin,イクスGSハール・赤,Ex HS Haar・Red
0x4745ac@mhfdat-jp.bin,イクスGPハール・赤,Ex GS Haar・Red
0x4745b0@mhfdat-jp.bin,イクスFZピアス・青,Ex GP Haar・Red
0x4745b4@mhfdat-jp.bin,イクスHSピアス・青,Ex FZ Piercings・Blue
0x4745b8@mhfdat-jp.bin,イクスGSピアス・青,Ex HS Piercings・Blue
0x4745bc@mhfdat-jp.bin,イクスGPピアス・青,Ex GS Piercings・Blue
0x4745c0@mhfdat-jp.bin,イクスFZハール・青,Ex GP Piercings・Blue
0x4745c4@mhfdat-jp.bin,イクスHSハール・青,Ex FZ Haar・Blue
0x4745c8@mhfdat-jp.bin,イクスGSハール・青,Ex HS Haar・Blue
0x4745cc@mhfdat-jp.bin,イクスGPハール・青,Ex GS Haar・Blue
0x4745d0@mhfdat-jp.bin,イクスFZピアス・黒,Ex GP Haar・Blue
0x4745d4@mhfdat-jp.bin,イクスHSピアス・黒,Ex FZ Piercings・Black
0x4745d8@mhfdat-jp.bin,イクスGSピアス・黒,Ex HS Piercings・Black
0x4745dc@mhfdat-jp.bin,イクスGPピアス・黒,Ex GS Piercings・Black
0x4745e0@mhfdat-jp.bin,イクスFZハール・黒,Ex GP Piercings・Black
0x4745e4@mhfdat-jp.bin,イクスHSハール・黒,Ex FZ Haar・Black
0x4745e8@mhfdat-jp.bin,イクスGSハール・黒,Ex HS Haar・Black
0x4745ec@mhfdat-jp.bin,イクスGPハール・黒,Ex GS Haar・Black
0x4745f0@mhfdat-jp.bin,きんねこ服FZヘッド,Ex GP Haar・Black
0x4745f4@mhfdat-jp.bin,きんねこ服HSヘッド,Gold Cat FZ Head
0x4745f8@mhfdat-jp.bin,きんねこ服GSヘッド,Gold Cat HS Head
0x4745fc@mhfdat-jp.bin,きんねこ服GPヘッド,Gold Cat GS Head
0x474600@mhfdat-jp.bin,きんねこ服FZハール,Gold Cat GP Head
0x474604@mhfdat-jp.bin,きんねこ服HSハール,Gold Cat FZ Haar
0x474608@mhfdat-jp.bin,きんねこ服GSハール,Gold Cat HS Haar
0x47460c@mhfdat-jp.bin,きんねこ服GPハール,Gold Cat GS Haar
0x474610@mhfdat-jp.bin,ぎんねこ服FZヘッド,Gold Cat GP Haar
0x474614@mhfdat-jp.bin,ぎんねこ服HSヘッド,Silver Cat FZ Head
0x474618@mhfdat-jp.bin,ぎんねこ服GSヘッド,Silver Cat HS Head
0x47461c@mhfdat-jp.bin,ぎんねこ服GPヘッド,Silver Cat GS Head
0x474620@mhfdat-jp.bin,ぎんねこ服FZハール,Silver Cat GP Head
0x474624@mhfdat-jp.bin,ぎんねこ服HSハール,Silver Cat FZ Haar
0x474628@mhfdat-jp.bin,ぎんねこ服GSハール,Silver Cat HS Haar
0x47462c@mhfdat-jp.bin,ぎんねこ服GPハール,Silver Cat GS Haar
0x474630@mhfdat-jp.bin,クレールFZヘッド・紫,Silver Cat GP Haar
0x474634@mhfdat-jp.bin,クレールHSヘッド・紫,Claire FZ Head・Purple
0x474638@mhfdat-jp.bin,クレールGSヘッド・紫,Claire HS Head・Purple
0x47463c@mhfdat-jp.bin,クレールGPヘッド・紫,Claire GS Head・Purple
0x474640@mhfdat-jp.bin,クレールFZピアス・紫,Claire GP Head・Purple
0x474644@mhfdat-jp.bin,クレールHSピアス・紫,Claire FZ Piercings・Purple
0x474648@mhfdat-jp.bin,クレールGSピアス・紫,Claire HS Piercings・Purple
0x47464c@mhfdat-jp.bin,クレールGPピアス・紫,Claire GS Piercings・Purple
0x474650@mhfdat-jp.bin,クレールFZヘッド・水,Claire GP Piercings・Purple
0x474654@mhfdat-jp.bin,クレールHSヘッド・水,Claire FZ Head・Water
0x474658@mhfdat-jp.bin,クレールGSヘッド・水,Claire HS Head・Water
0x47465c@mhfdat-jp.bin,クレールGPヘッド・水,Claire GS Head・Water
0x474660@mhfdat-jp.bin,クレールFZピアス・水,Claire GP Head・Water
0x474664@mhfdat-jp.bin,クレールHSピアス・水,Claire FZ Piercings・Water
0x474668@mhfdat-jp.bin,クレールGSピアス・水,Claire HS Piercings・Water
0x47466c@mhfdat-jp.bin,クレールGPピアス・水,Claire GS Piercings・Water
0x474670@mhfdat-jp.bin,クレールFZヘッド・赤,Claire GP Piercings・Water
0x474674@mhfdat-jp.bin,クレールHSヘッド・赤,Claire FZ Head・Red
0x474678@mhfdat-jp.bin,クレールGSヘッド・赤,Claire HS Head・Red
0x47467c@mhfdat-jp.bin,クレールGPヘッド・赤,Claire GS Head・Red
0x474680@mhfdat-jp.bin,クレールFZピアス・赤,Claire GP Head・Red
0x474684@mhfdat-jp.bin,クレールHSピアス・赤,Claire FZ Piercings・Red
0x474688@mhfdat-jp.bin,クレールGSピアス・赤,Claire HS Piercings・Red
0x47468c@mhfdat-jp.bin,クレールGPピアス・赤,Claire GS Piercings・Red
0x474690@mhfdat-jp.bin,クレールFZヘッド・黒,Claire GP Piercings・Red
0x474694@mhfdat-jp.bin,クレールHSヘッド・黒,Claire FZ Head・Black
0x474698@mhfdat-jp.bin,クレールGSヘッド・黒,Claire HS Head・Black
0x47469c@mhfdat-jp.bin,クレールGPヘッド・黒,Claire GS Head・Black
0x4746a0@mhfdat-jp.bin,クレールFZピアス・黒,Claire GP Head・Black
0x4746a4@mhfdat-jp.bin,クレールHSピアス・黒,Claire FZ Piercings・Black
0x4746a8@mhfdat-jp.bin,クレールGSピアス・黒,Claire HS Piercings・Black
0x4746ac@mhfdat-jp.bin,クレールGPピアス・黒,Claire GS Piercings・Black
0x4746b0@mhfdat-jp.bin,テクストHSヘッド・紫,Claire GP Piercings・Black
0x4746b4@mhfdat-jp.bin,テクストGSヘッド・紫,Text HS Head・Purple
0x4746b8@mhfdat-jp.bin,テクストGPヘッド・紫,Text GS Head・Purple
0x4746bc@mhfdat-jp.bin,テクストHSマスク・紫,Text GP Head・Purple
0x4746c0@mhfdat-jp.bin,テクストGSマスク・紫,Text HS Mask・Purple
0x4746c4@mhfdat-jp.bin,テクストGPマスク・紫,Text GS Mask・Purple
0x4746c8@mhfdat-jp.bin,テクストHSヘッド・緑,Text GP Mask・Purple
0x4746cc@mhfdat-jp.bin,テクストGSヘッド・緑,Text HS Head・Green
0x4746d0@mhfdat-jp.bin,テクストGPヘッド・緑,Text GS Head・Green
0x4746d4@mhfdat-jp.bin,テクストHSマスク・緑,Text GP Head・Green
0x4746d8@mhfdat-jp.bin,テクストGSマスク・緑,Text HS Mask・Green
0x4746dc@mhfdat-jp.bin,テクストGPマスク・緑,Text GS Mask・Green
0x4746e0@mhfdat-jp.bin,テクストHSヘッド・青,Text GP Mask・Green
0x4746e4@mhfdat-jp.bin,テクストGSヘッド・青,Text HS Head・Blue
0x4746e8@mhfdat-jp.bin,テクストGPヘッド・青,Text GS Head・Blue
0x4746ec@mhfdat-jp.bin,テクストHSマスク・青,Text GP Head・Blue
0x4746f0@mhfdat-jp.bin,テクストGSマスク・青,Text HS Mask・Blue
0x4746f4@mhfdat-jp.bin,テクストGPマスク・青,Text GS Mask・Blue
0x4746f8@mhfdat-jp.bin,テクストHSヘッド・黒,Text GP Mask・Blue
0x4746fc@mhfdat-jp.bin,テクストGSヘッド・黒,Text HS Head・Black
0x474700@mhfdat-jp.bin,テクストGPヘッド・黒,Text GS Head・Black
0x474704@mhfdat-jp.bin,テクストHSマスク・黒,Text GP Head・Black
0x474708@mhfdat-jp.bin,テクストGSマスク・黒,Text HS Mask・Black
0x47470c@mhfdat-jp.bin,テクストGPマスク・黒,Text GS Mask・Black
0x474710@mhfdat-jp.bin,カウチュHSピアス・灰,Text GP Mask・Black
0x474714@mhfdat-jp.bin,カウチュGSピアス・灰,Cultu HS Piercings・Ash
0x474718@mhfdat-jp.bin,カウチュGPピアス・灰,Cultu GS Piercings・Ash
0x47471c@mhfdat-jp.bin,カウチュHSハール・灰,Cultu GP Piercings・Ash
0x474720@mhfdat-jp.bin,カウチュGSハール・灰,Cultu HS Haar・Ash
0x474724@mhfdat-jp.bin,カウチュGPハール・灰,Cultu GS Haar・Ash
0x474728@mhfdat-jp.bin,カウチュHSピアス・青,Cultu GP Haar・Ash
0x47472c@mhfdat-jp.bin,カウチュGSピアス・青,Cultu HS Piercings・Blue
0x474730@mhfdat-jp.bin,カウチュGPピアス・青,Cultu GS Piercings・Blue
0x474734@mhfdat-jp.bin,カウチュHSハール・青,Cultu GP Piercings・Blue
0x474738@mhfdat-jp.bin,カウチュGSハール・青,Cultu HS Haar・Blue
0x47473c@mhfdat-jp.bin,カウチュGPハール・青,Cultu GS Haar・Blue
0x474740@mhfdat-jp.bin,カウチュHSピアス・橙,Cultu GP Haar・Blue
0x474744@mhfdat-jp.bin,カウチュGSピアス・橙,Cultu HS Piercings・Orange
0x474748@mhfdat-jp.bin,カウチュGPピアス・橙,Cultu GS Piercings・Orange
0x47474c@mhfdat-jp.bin,カウチュHSハール・橙,Cultu GP Piercings・Orange
0x474750@mhfdat-jp.bin,カウチュGSハール・橙,Cultu HS Haar・Orange
0x474754@mhfdat-jp.bin,カウチュGPハール・橙,Cultu GS Haar・Orange
0x474758@mhfdat-jp.bin,カウチュHSピアス・緑,Cultu GP Haar・Orange
0x47475c@mhfdat-jp.bin,カウチュGSピアス・緑,Cultu HS Piercings・Green
0x474760@mhfdat-jp.bin,カウチュGPピアス・緑,Cultu GS Piercings・Green
0x474764@mhfdat-jp.bin,カウチュHSハール・緑,Cultu GP Piercings・Green
0x474768@mhfdat-jp.bin,カウチュGSハール・緑,Cultu HS Haar・Green
0x47476c@mhfdat-jp.bin,カウチュGPハール・緑,Cultu GS Haar・Green
0x474770@mhfdat-jp.bin,アルマFZヘッド・黒,Cultu GP Haar・Green
0x474774@mhfdat-jp.bin,アルマHSヘッド・黒,Arma FZ Head・Black
0x474778@mhfdat-jp.bin,アルマGSヘッド・黒,Arma HS Head・Black
0x47477c@mhfdat-jp.bin,アルマGPヘッド・黒,Arma GS Head・Black
0x474780@mhfdat-jp.bin,アルマFZハット・黒,Arma GP Head・Black
0x474784@mhfdat-jp.bin,アルマHSハット・黒,Arma FZ Hat・Black
0x474788@mhfdat-jp.bin,アルマGSハット・黒,Arma HS Hat・Black
0x47478c@mhfdat-jp.bin,アルマGPハット・黒,Arma GS Hat・Black
0x474790@mhfdat-jp.bin,アルマFZヘッド・白,Arma GP Hat・Black
0x474794@mhfdat-jp.bin,アルマHSヘッド・白,Arma FZ Head・White
0x474798@mhfdat-jp.bin,アルマGSヘッド・白,Arma HS Head・White
0x47479c@mhfdat-jp.bin,アルマGPヘッド・白,Arma GS Head・White
0x4747a0@mhfdat-jp.bin,アルマFZハット・白,Arma GP Head・White
0x4747a4@mhfdat-jp.bin,アルマHSハット・白,Arma FZ Hat・White
0x4747a8@mhfdat-jp.bin,アルマGSハット・白,Arma HS Hat・White
0x4747ac@mhfdat-jp.bin,アルマGPハット・白,Arma GS Hat・White
0x4747b0@mhfdat-jp.bin,アルマFZヘッド・青,Arma GP Hat・White
0x4747b4@mhfdat-jp.bin,アルマHSヘッド・青,Arma FZ Head・Blue
0x4747b8@mhfdat-jp.bin,アルマGSヘッド・青,Arma HS Head・Blue
0x4747bc@mhfdat-jp.bin,アルマGPヘッド・青,Arma GS Head・Blue
0x4747c0@mhfdat-jp.bin,アルマFZハット・青,Arma GP Head・Blue
0x4747c4@mhfdat-jp.bin,アルマHSハット・青,Arma FZ Hat・Blue
0x4747c8@mhfdat-jp.bin,アルマGSハット・青,Arma HS Hat・Blue
0x4747cc@mhfdat-jp.bin,アルマGPハット・青,Arma GS Hat・Blue
0x4747d0@mhfdat-jp.bin,アルマFZヘッド・茶,Arma GP Hat・Blue
0x4747d4@mhfdat-jp.bin,アルマHSヘッド・茶,Arma FZ Head・Tea
0x4747d8@mhfdat-jp.bin,アルマGSヘッド・茶,Arma HS Head・Tea
0x4747dc@mhfdat-jp.bin,アルマGPヘッド・茶,Arma GS Head・Tea
0x4747e0@mhfdat-jp.bin,アルマFZハット・茶,Arma GP Head・Tea
0x4747e4@mhfdat-jp.bin,アルマHSハット・茶,Arma FZ Hat・Tea
0x4747e8@mhfdat-jp.bin,アルマGSハット・茶,Arma HS Hat・Tea
0x4747ec@mhfdat-jp.bin,アルマGPハット・茶,Arma GS Hat・Tea
0x4747f0@mhfdat-jp.bin,シエナHSヘルム・銀,Arma GP Hat・Tea
0x4747f4@mhfdat-jp.bin,シエナGSヘルム・銀,Siena HS Helm・Silver
0x4747f8@mhfdat-jp.bin,シエナGPヘルム・銀,Siena GS Helm・Silver
0x4747fc@mhfdat-jp.bin,シエナHSキャップ・銀,Siena GP Helm・Silver
0x474800@mhfdat-jp.bin,シエナGSキャップ・銀,Siena HS Cap・Silver
0x474804@mhfdat-jp.bin,シエナGPキャップ・銀,Siena GS Cap・Silver
0x474808@mhfdat-jp.bin,シエナHSヘルム・黒,Siena GP Cap・Silver
0x47480c@mhfdat-jp.bin,シエナGSヘルム・黒,Siena HS Helm・Black
0x474810@mhfdat-jp.bin,シエナGPヘルム・黒,Siena GS Helm・Black
0x474814@mhfdat-jp.bin,シエナHSキャップ・黒,Siena GP Helm・Black
0x474818@mhfdat-jp.bin,シエナGSキャップ・黒,Siena HS Cap・Black
0x47481c@mhfdat-jp.bin,シエナGPキャップ・黒,Siena GS Cap・Black
0x474820@mhfdat-jp.bin,シエナHSヘルム・赤,Siena GP Cap・Black
0x474824@mhfdat-jp.bin,シエナGSヘルム・赤,Siena HS Helm・Red
0x474828@mhfdat-jp.bin,シエナGPヘルム・赤,Siena GS Helm・Red
0x47482c@mhfdat-jp.bin,シエナHSキャップ・赤,Siena GP Helm・Red
0x474830@mhfdat-jp.bin,シエナGSキャップ・赤,Siena HS Cap・Red
0x474834@mhfdat-jp.bin,シエナGPキャップ・赤,Siena GS Cap・Red
0x474838@mhfdat-jp.bin,シエナHSヘルム・青,Siena GP Cap・Red
0x47483c@mhfdat-jp.bin,シエナGSヘルム・青,Siena HS Helm・Blue
0x474840@mhfdat-jp.bin,シエナGPヘルム・青,Siena GS Helm・Blue
0x474844@mhfdat-jp.bin,シエナHSキャップ・青,Siena GP Helm・Blue
0x474848@mhfdat-jp.bin,シエナGSキャップ・青,Siena HS Cap・Blue
0x47484c@mhfdat-jp.bin,シエナGPキャップ・青,Siena GS Cap・Blue
0x474850@mhfdat-jp.bin,クロースGSヘッド・赤,Siena GP Cap・Blue
0x474854@mhfdat-jp.bin,クロースGPヘッド・赤,Cloth GS Head・Red
0x474858@mhfdat-jp.bin,クロースGSハール・赤,Cloth GP Head・Red
0x47485c@mhfdat-jp.bin,クロースGPハール・赤,Cloth GS Haar・Red
0x474860@mhfdat-jp.bin,クロースGSヘッド・青,Cloth GP Haar・Red
0x474864@mhfdat-jp.bin,クロースGPヘッド・青,Cloth GS Head・Blue
0x474868@mhfdat-jp.bin,クロースGSハール・青,Cloth GP Head・Blue
0x47486c@mhfdat-jp.bin,クロースGPハール・青,Cloth GS Haar・Blue
0x474870@mhfdat-jp.bin,クロースGSヘッド・紫,Cloth GP Haar・Blue
0x474874@mhfdat-jp.bin,クロースGPヘッド・紫,Cloth GS Head・Purple
0x474878@mhfdat-jp.bin,クロースGSハール・紫,Cloth GP Head・Purple
0x47487c@mhfdat-jp.bin,クロースGPハール・紫,Cloth GS Haar・Purple
0x474880@mhfdat-jp.bin,クロースGSヘッド・緑,Cloth GP Haar・Purple
0x474884@mhfdat-jp.bin,クロースGPヘッド・緑,Cloth GS Head・Green
0x474888@mhfdat-jp.bin,クロースGSハール・緑,Cloth GP Head・Green
0x47488c@mhfdat-jp.bin,クロースGPハール・緑,Cloth GS Haar・Green
0x474890@mhfdat-jp.bin,マイストFZヘッド・紅,Cloth GP Haar・Green
0x474894@mhfdat-jp.bin,マイストHSヘッド・紅,Maisto FZ Head・Crimson
0x474898@mhfdat-jp.bin,マイストGSヘッド・紅,Maisto HS Head・Crimson
0x47489c@mhfdat-jp.bin,マイストGPヘッド・紅,Maisto GS Head・Crimson
0x4748a0@mhfdat-jp.bin,マイストFZハット・紅,Maisto GP Head・Crimson
0x4748a4@mhfdat-jp.bin,マイストHSハット・紅,Maisto FZ Hat・Crimson
0x4748a8@mhfdat-jp.bin,マイストGSハット・紅,Maisto HS Hat・Crimson
0x4748ac@mhfdat-jp.bin,マイストGPハット・紅,Maisto GS Hat・Crimson
0x4748b0@mhfdat-jp.bin,マイストFZヘッド・緑,Maisto GP Hat・Crimson
0x4748b4@mhfdat-jp.bin,マイストHSヘッド・緑,Maisto FZ Head・Green
0x4748b8@mhfdat-jp.bin,マイストGSヘッド・緑,Maisto HS Head・Green
0x4748bc@mhfdat-jp.bin,マイストGPヘッド・緑,Maisto GS Head・Green
0x4748c0@mhfdat-jp.bin,マイストFZハット・緑,Maisto GP Head・Green
0x4748c4@mhfdat-jp.bin,マイストHSハット・緑,Maisto FZ Hat・Green
0x4748c8@mhfdat-jp.bin,マイストGSハット・緑,Maisto HS Hat・Green
0x4748cc@mhfdat-jp.bin,マイストGPハット・緑,Maisto GS Hat・Green
0x4748d0@mhfdat-jp.bin,マイストFZヘッド・蒼,Maisto GP Hat・Green
0x4748d4@mhfdat-jp.bin,マイストHSヘッド・蒼,Maisto FZ Head・Green
0x4748d8@mhfdat-jp.bin,マイストGSヘッド・蒼,Maisto HS Head・Green
0x4748dc@mhfdat-jp.bin,マイストGPヘッド・蒼,Maisto GS Head・Green
0x4748e0@mhfdat-jp.bin,マイストFZハット・蒼,Maisto GP Head・Green
0x4748e4@mhfdat-jp.bin,マイストHSハット・蒼,Maisto FZ Hat・Green
0x4748e8@mhfdat-jp.bin,マイストGSハット・蒼,Maisto HS Hat・Green
0x4748ec@mhfdat-jp.bin,マイストGPハット・蒼,Maisto GS Hat・Green
0x4748f0@mhfdat-jp.bin,マイストFZヘッド・桜,Maisto GP Hat・Green
0x4748f4@mhfdat-jp.bin,マイストHSヘッド・桜,Maisto FZ Head・Pink
0x4748f8@mhfdat-jp.bin,マイストGSヘッド・桜,Maisto HS Head・Pink
0x4748fc@mhfdat-jp.bin,マイストGPヘッド・桜,Maisto GS Head・Pink
0x474900@mhfdat-jp.bin,マイストFZハット・桜,Maisto GP Head・Pink
0x474904@mhfdat-jp.bin,マイストHSハット・桜,Maisto FZ Hat・Pink
0x474908@mhfdat-jp.bin,マイストGSハット・桜,Maisto HS Hat・Pink
0x47490c@mhfdat-jp.bin,マイストGPハット・桜,Maisto GS Hat・Pink
0x474910@mhfdat-jp.bin,カエシスHSヘルム水,Maisto GP Hat・Pink
0x474914@mhfdat-jp.bin,カエシスGSヘルム水,Cayssis HS Helm Water
0x474918@mhfdat-jp.bin,カエシスGPヘルム水,Cayssis GS Helm Water
0x47491c@mhfdat-jp.bin,カエシスHSマスク水,Cayssis GP Helm Water
0x474920@mhfdat-jp.bin,カエシスGSマスク水,Cayssis HS Mask Water
0x474924@mhfdat-jp.bin,カエシスGPマスク水,Cayssis GS Mask Water
0x474928@mhfdat-jp.bin,カエシスHSヘルム赤,Cayssis GP Mask Water
0x47492c@mhfdat-jp.bin,カエシスGSヘルム赤,Cayssis HS Helm Red
0x474930@mhfdat-jp.bin,カエシスGPヘルム赤,Cayssis GS Helm Red
0x474934@mhfdat-jp.bin,カエシスHSマスク赤,Cayssis GP Helm Red
0x474938@mhfdat-jp.bin,カエシスGSマスク赤,Cayssis HS Mask Red
0x47493c@mhfdat-jp.bin,カエシスGPマスク赤,Cayssis GS Mask Red
0x474940@mhfdat-jp.bin,カエシスHSヘルム青,Cayssis GP Mask Red
0x474944@mhfdat-jp.bin,カエシスGSヘルム青,Cayssis HS Helm Blue
0x474948@mhfdat-jp.bin,カエシスGPヘルム青,Cayssis GS Helm Blue
0x47494c@mhfdat-jp.bin,カエシスHSマスク青,Cayssis GP Helm Blue
0x474950@mhfdat-jp.bin,カエシスGSマスク青,Cayssis HS Mask Blue
0x474954@mhfdat-jp.bin,カエシスGPマスク青,Cayssis GS Mask Blue
0x474958@mhfdat-jp.bin,カエシスHSヘルム橙,Cayssis GP Mask Blue
0x47495c@mhfdat-jp.bin,カエシスGSヘルム橙,Cayssis HS Helm Orange
0x474960@mhfdat-jp.bin,カエシスGPヘルム橙,Cayssis GS Helm Orange
0x474964@mhfdat-jp.bin,カエシスHSマスク橙,Cayssis GP Helm Orange
0x474968@mhfdat-jp.bin,カエシスGSマスク橙,Cayssis HS Mask Orange
0x47496c@mhfdat-jp.bin,カエシスGPマスク橙,Cayssis GS Mask Orange
0x474970@mhfdat-jp.bin,パンデウムHSヘッド,Cayssis GP Mask Orange
0x474974@mhfdat-jp.bin,パンデウムGSヘッド,Pandeum HS Head
0x474978@mhfdat-jp.bin,パンデウムGPヘッド,Pandeum GS Head
0x47497c@mhfdat-jp.bin,パンデウムHSピアス,Pandeum GP Head
0x474980@mhfdat-jp.bin,パンデウムGSピアス,Pandeum HS Piercings
0x474984@mhfdat-jp.bin,パンデウムGPピアス,Pandeum GS Piercings
0x474988@mhfdat-jp.bin,ディアンHSヘッド,Pandeum GP Piercings
0x47498c@mhfdat-jp.bin,ディアンGSヘッド,Dian HS Head
0x474990@mhfdat-jp.bin,ディアンGPヘッド,Dian GS Head
0x474994@mhfdat-jp.bin,ディアンHSピアス,Dian GP Head
0x474998@mhfdat-jp.bin,ディアンGSピアス,Dian HS Piercings
0x47499c@mhfdat-jp.bin,ディアンGPピアス,Dian GS Piercings
0x4749a0@mhfdat-jp.bin,ワイルドHSヘッド,Dian GP Piercings
0x4749a4@mhfdat-jp.bin,ワイルドGSヘッド,Wild HS Head
0x4749a8@mhfdat-jp.bin,ワイルドGPヘッド,Wild GS Head
0x4749ac@mhfdat-jp.bin,ワイルドHSピアス,Wild GP Head
0x4749b0@mhfdat-jp.bin,ワイルドGSピアス,Wild HS Piercings
0x4749b4@mhfdat-jp.bin,ワイルドGPピアス,Wild GS Piercings
0x4749b8@mhfdat-jp.bin,フラウアHSヘッド,Wild GP Piercings
0x4749bc@mhfdat-jp.bin,フラウアGSヘッド,Flower HS Head
0x4749c0@mhfdat-jp.bin,フラウアGPヘッド,Flower GS Head
0x4749c4@mhfdat-jp.bin,フラウアHSピアス,Flower GP Head
0x4749c8@mhfdat-jp.bin,フラウアGSピアス,Flower HS Piercings
0x4749cc@mhfdat-jp.bin,フラウアGPピアス,Flower GS Piercings
0x4749d0@mhfdat-jp.bin,テューンHSヘッド,Flower GP Piercings
0x4749d4@mhfdat-jp.bin,テューンGSヘッド,Tune HS Head
0x4749d8@mhfdat-jp.bin,テューンGPヘッド,Tune GS Head
0x4749dc@mhfdat-jp.bin,シュナイトHSピアス,Tune GP Head
0x4749e0@mhfdat-jp.bin,シュナイトGSピアス,Schnite HS Piercings
0x4749e4@mhfdat-jp.bin,シュナイトGPピアス,Schnite GS Piercings
0x4749e8@mhfdat-jp.bin,ディクトHSヘッド,Schnite GP Piercings
0x4749ec@mhfdat-jp.bin,ディクトGSヘッド,Dicto HS Head
0x4749f0@mhfdat-jp.bin,ディクトGPヘッド,Dicto GS Head
0x4749f4@mhfdat-jp.bin,ディレットHSピアス,Dicto GP Head
0x4749f8@mhfdat-jp.bin,ディレットGSピアス,Diletto HS Piercings
0x4749fc@mhfdat-jp.bin,ディレットGPピアス,Diletto GS Piercings
0x474a00@mhfdat-jp.bin,キュビィHSヘルム,Diletto GP Piercings
0x474a04@mhfdat-jp.bin,キュビィGSヘルム,Cubie HS Helm
0x474a08@mhfdat-jp.bin,キュビィGPヘルム,Cubie GS Helm
0x474a0c@mhfdat-jp.bin,キュビィHSマスク,Cubie GP Helm
0x474a10@mhfdat-jp.bin,キュビィGSマスク,Cubie HS Mask
0x474a14@mhfdat-jp.bin,キュビィGPマスク,Cubie GS Mask
0x474a18@mhfdat-jp.bin,ケモルHSヘルム,Cubie GP Mask
0x474a1c@mhfdat-jp.bin,ケモルGSヘルム,Kemor HS Helm
0x474a20@mhfdat-jp.bin,ケモルGPヘルム,Kemor GS Helm
0x474a24@mhfdat-jp.bin,ケモルHSマスク,Kemor GP Helm
0x474a28@mhfdat-jp.bin,ケモルGSマスク,Kemor HS Mask
0x474a2c@mhfdat-jp.bin,ケモルGPマスク,Kemor GS Mask
0x474a30@mhfdat-jp.bin,スリートGPヘッド・黄,Kemor GP Mask
0x474a34@mhfdat-jp.bin,スリートGPハール・黄,Suriito GP Head・Yellow
0x474a38@mhfdat-jp.bin,スリートGPヘッド・銀,Suriito GP Haar・Yellow
0x474a3c@mhfdat-jp.bin,スリートGPハール・銀,Suriito GP Head・Silver
0x474a40@mhfdat-jp.bin,スリートGPヘッド・赤,Suriito GP Haar・Silver
0x474a44@mhfdat-jp.bin,スリートGPハール・赤,Suriito GP Head・Red
0x474a48@mhfdat-jp.bin,スリートGPヘッド・青,Suriito GP Haar・Red
0x474a4c@mhfdat-jp.bin,スリートGPハール・青,Suriito GP Head・Blue
0x474a50@mhfdat-jp.bin,ガリトスGPヘッド・茶,Suriito GP Haar・Blue
0x474a54@mhfdat-jp.bin,ガリトスGPバンド・茶,Galitos GP Head・Tea
0x474a58@mhfdat-jp.bin,ガリトスGPヘッド・赤,Galitos GP Band・Tea
0x474a5c@mhfdat-jp.bin,ガリトスGPバンド・赤,Galitos GP Head・Red
0x474a60@mhfdat-jp.bin,ガリトスGPヘッド・黒,Galitos GP Band・Red
0x474a64@mhfdat-jp.bin,ガリトスGPバンド・黒,Galitos GP Head・Black
0x474a68@mhfdat-jp.bin,ガリトスGPヘッド・水,Galitos GP Band・Black
0x474a6c@mhfdat-jp.bin,ガリトスGPバンド・水,Galitos GP Head・Water
0x474a70@mhfdat-jp.bin,リアンGPヘッド・青,Galitos GP Band・Water
0x474a74@mhfdat-jp.bin,リアンGPハット・青,Lien GP Head・Blue
0x474a78@mhfdat-jp.bin,リアンGPヘッド・赤,Lien GP Hat・Blue
0x474a7c@mhfdat-jp.bin,リアンGPハット・赤,Lien GP Head・Red
0x474a80@mhfdat-jp.bin,リアンGPヘッド・黒,Lien GP Hat・Red
0x474a84@mhfdat-jp.bin,リアンGPハット・黒,Lien GP Head・Black
0x474a88@mhfdat-jp.bin,リアンGPヘッド・白,Lien GP Hat・Black
0x474a8c@mhfdat-jp.bin,リアンGPハット・白,Lien GP Head・White
0x474a90@mhfdat-jp.bin,メレティGPヘッド・白,Lien GP Hat・White
0x474a94@mhfdat-jp.bin,メレティGPハット・白,Melety GP Head・White
0x474a98@mhfdat-jp.bin,メレティGPヘッド・赤,Melety GP Hat・White
0x474a9c@mhfdat-jp.bin,メレティGPハット・赤,Melety GP Head・Red
0x474aa0@mhfdat-jp.bin,メレティGPヘッド・青,Melety GP Hat・Red
0x474aa4@mhfdat-jp.bin,メレティGPハット・青,Melety GP Head・Blue
0x474aa8@mhfdat-jp.bin,メレティGPヘッド・黒,Melety GP Hat・Blue
0x474aac@mhfdat-jp.bin,メレティGPハット・黒,Melety GP Head・Black
0x474ab0@mhfdat-jp.bin,ステノGPヘルム・橙,Melety GP Hat・Black
0x474ab4@mhfdat-jp.bin,ステノGPキャップ・橙,Steno GP Helm・Orange
0x474ab8@mhfdat-jp.bin,ステノGPヘルム・桃,Steno GP Cap・Orange
0x474abc@mhfdat-jp.bin,ステノGPキャップ・桃,Steno GP Helm・Peach
0x474ac0@mhfdat-jp.bin,ステノGPヘルム・青,Steno GP Cap・Peach
0x474ac4@mhfdat-jp.bin,ステノGPキャップ・青,Steno GP Helm・Blue
0x474ac8@mhfdat-jp.bin,ステノGPヘルム・赤,Steno GP Cap・Blue
0x474acc@mhfdat-jp.bin,ステノGPキャップ・赤,Steno GP Helm・Red
0x474ad0@mhfdat-jp.bin,星祭GP面【赤】,Steno GP Cap・Red
0x474ad4@mhfdat-jp.bin,七夕GP面【赤】,Star Festival GP Mask [Red 】
0x474ad8@mhfdat-jp.bin,星祭GP面【青】,Tanabata GP Mask [Red 】
0x474adc@mhfdat-jp.bin,七夕GP面【青】,Star Festival GP Mask [Blue 】
0x474ae0@mhfdat-jp.bin,星祭GP面【黒】,Tanabata GP Mask [Blue 】
0x474ae4@mhfdat-jp.bin,七夕GP面【黒】,Star Festival GP Mask [Black 】
0x474ae8@mhfdat-jp.bin,星祭GP面【白】,Tanabata GP Mask [Black 】
0x474aec@mhfdat-jp.bin,七夕GP面【白】,Star Festival GP Mask [White 】
0x474af0@mhfdat-jp.bin,アルマFZピアス・黒,Tanabata GP Mask [White 】
0x474af4@mhfdat-jp.bin,アルマHSピアス・黒,Arma FZ Piercings・Black
0x474af8@mhfdat-jp.bin,アルマGSピアス・黒,Arma HS Piercings・Black
0x474afc@mhfdat-jp.bin,アルマGPピアス・黒,Arma GS Piercings・Black
0x474b00@mhfdat-jp.bin,アルマFZハール・黒,Arma GP Piercings・Black
0x474b04@mhfdat-jp.bin,アルマHSハール・黒,Arma FZ Haar・Black
0x474b08@mhfdat-jp.bin,アルマGSハール・黒,Arma HS Haar・Black
0x474b0c@mhfdat-jp.bin,アルマGPハール・黒,Arma GS Haar・Black
0x474b10@mhfdat-jp.bin,アルマFZピアス・白,Arma GP Haar・Black
0x474b14@mhfdat-jp.bin,アルマHSピアス・白,Arma FZ Piercings・White
0x474b18@mhfdat-jp.bin,アルマGSピアス・白,Arma HS Piercings・White
0x474b1c@mhfdat-jp.bin,アルマGPピアス・白,Arma GS Piercings・White
0x474b20@mhfdat-jp.bin,アルマFZハール・白,Arma GP Piercings・White
0x474b24@mhfdat-jp.bin,アルマHSハール・白,Arma FZ Haar・White
0x474b28@mhfdat-jp.bin,アルマGSハール・白,Arma HS Haar・White
0x474b2c@mhfdat-jp.bin,アルマGPハール・白,Arma GS Haar・White
0x474b30@mhfdat-jp.bin,アルマFZピアス・青,Arma GP Haar・White
0x474b34@mhfdat-jp.bin,アルマHSピアス・青,Arma FZ Piercings・Blue
0x474b38@mhfdat-jp.bin,アルマGSピアス・青,Arma HS Piercings・Blue
0x474b3c@mhfdat-jp.bin,アルマGPピアス・青,Arma GS Piercings・Blue
0x474b40@mhfdat-jp.bin,アルマFZハール・青,Arma GP Piercings・Blue
0x474b44@mhfdat-jp.bin,アルマHSハール・青,Arma FZ Haar・Blue
0x474b48@mhfdat-jp.bin,アルマGSハール・青,Arma HS Haar・Blue
0x474b4c@mhfdat-jp.bin,アルマGPハール・青,Arma GS Haar・Blue
0x474b50@mhfdat-jp.bin,アルマFZピアス・茶,Arma GP Haar・Blue
0x474b54@mhfdat-jp.bin,アルマHSピアス・茶,Arma FZ Piercings・Tea
0x474b58@mhfdat-jp.bin,アルマGSピアス・茶,Arma HS Piercings・Tea
0x474b5c@mhfdat-jp.bin,アルマGPピアス・茶,Arma GS Piercings・Tea
0x474b60@mhfdat-jp.bin,アルマFZハール・茶,Arma GP Piercings・Tea
0x474b64@mhfdat-jp.bin,アルマHSハール・茶,Arma FZ Haar・Tea
0x474b68@mhfdat-jp.bin,アルマGSハール・茶,Arma HS Haar・Tea
0x474b6c@mhfdat-jp.bin,アルマGPハール・茶,Arma GS Haar・Tea
0x474b70@mhfdat-jp.bin,ダミー,Arma GP Haar・Tea
0x474b74@mhfdat-jp.bin,ダミー,ダミー
0x474b78@mhfdat-jp.bin,ダミー,ダミー
0x474b7c@mhfdat-jp.bin,ダミー,ダミー
0x474b80@mhfdat-jp.bin,ダミー,ダミー
0x474b84@mhfdat-jp.bin,ダミー,ダミー
0x474b88@mhfdat-jp.bin,ヒストリアヘッド,ダミー
0x474b8c@mhfdat-jp.bin,ヒストリアＦヘッド,Historia Head
0x474b90@mhfdat-jp.bin,ヒストリアFZヘッド,Historia F Head
0x474b94@mhfdat-jp.bin,ヒストリアHSヘッド,Historia FZ Head
0x474b98@mhfdat-jp.bin,ヒストリアGSヘッド,Historia HS Head
0x474b9c@mhfdat-jp.bin,ヒストリアGPヘッド,Historia GS Head
0x474ba0@mhfdat-jp.bin,ヒストリアキャップ,Historia GP Head
0x474ba4@mhfdat-jp.bin,ヒストリアＦキャップ,Historia Cap
0x474ba8@mhfdat-jp.bin,ヒストリアFZキャップ,Historia F Cap
0x474bac@mhfdat-jp.bin,ヒストリアHSキャップ,Historia FZ Cap
0x474bb0@mhfdat-jp.bin,ヒストリアGSキャップ,Historia HS Cap
0x474bb4@mhfdat-jp.bin,ヒストリアGPキャップ,Historia GS Cap
0x474bb8@mhfdat-jp.bin,フロルヘッド,Historia GP Cap
0x474bbc@mhfdat-jp.bin,フロルＦヘッド,Furoru Head
0x474bc0@mhfdat-jp.bin,フロルFXヘッド,Furoru F Head
0x474bc4@mhfdat-jp.bin,フロルＧヘッド,Furoru FX Head
0x474bc8@mhfdat-jp.bin,フロルGFヘッド,Furoru G Head
0x474bcc@mhfdat-jp.bin,フロルハット,Furoru GF Head
0x474bd0@mhfdat-jp.bin,フロルＦハット,Furoru Hat
0x474bd4@mhfdat-jp.bin,フロルFXハット,Furoru F Hat
0x474bd8@mhfdat-jp.bin,フロルＧハット,Furoru FX Hat
0x474bdc@mhfdat-jp.bin,フロルGFハット,Furoru G Hat
0x474be0@mhfdat-jp.bin,フランキーＧヘッド,Furoru GF Hat
0x474be4@mhfdat-jp.bin,フランキーGFヘッド,Franky G Head
0x474be8@mhfdat-jp.bin,フランキーGXヘッド,Franky GF Head
0x474bec@mhfdat-jp.bin,フランキーＧハット,Franky GX Head
0x474bf0@mhfdat-jp.bin,フランキーGFハット,Franky G Hat
0x474bf4@mhfdat-jp.bin,フランキーGXハット,Franky GF Hat
0x474bf8@mhfdat-jp.bin,ディオレヘルム,Franky GX Hat
0x474bfc@mhfdat-jp.bin,ディオレＦヘルム,Diore Helm
0x474c00@mhfdat-jp.bin,ディオレFXヘルム,Diore F Helm
0x474c04@mhfdat-jp.bin,ディオレＧヘルム,Diore FX Helm
0x474c08@mhfdat-jp.bin,ディオレGFヘルム,Diore G Helm
0x474c0c@mhfdat-jp.bin,ディオレキャップ,Diore GF Helm
0x474c10@mhfdat-jp.bin,ディオレＦキャップ,Diore Cap
0x474c14@mhfdat-jp.bin,ディオレFXキャップ,Diore F Cap
0x474c18@mhfdat-jp.bin,ディオレＧキャップ,Diore FX Cap
0x474c1c@mhfdat-jp.bin,ディオレGFキャップ,Diore G Cap
0x474c20@mhfdat-jp.bin,神楽Ｇ【兜】,Diore GF Cap
0x474c24@mhfdat-jp.bin,神楽GF【兜】,Kagura G Kabuto
0x474c28@mhfdat-jp.bin,神楽GX【兜】,Kagura GF Kabuto
0x474c2c@mhfdat-jp.bin,神座Ｇ【鉢金】,Kagura GX Kabuto
0x474c30@mhfdat-jp.bin,神座GF【鉢金】,Kamiza G Hachigane
0x474c34@mhfdat-jp.bin,神座GX【鉢金】,Kamiza GF Hachigane
0x474c38@mhfdat-jp.bin,ジェビアＧヘルム,Kamiza GX Hachigane
0x474c3c@mhfdat-jp.bin,ジェビアGFヘルム,Jebia G Helm
0x474c40@mhfdat-jp.bin,ジェビアGXヘルム,Jebia GF Helm
0x474c44@mhfdat-jp.bin,ジェビアＧキャップ,Jebia GX Helm
0x474c48@mhfdat-jp.bin,ジェビアGFキャップ,Jebia G Cap
0x474c4c@mhfdat-jp.bin,ジェビアGXキャップ,Jebia GF Cap
0x474c50@mhfdat-jp.bin,ソルＧヘルム,Jebia GX Cap
0x474c54@mhfdat-jp.bin,ソルGFヘルム,Sol G Helm
0x474c58@mhfdat-jp.bin,ソルGXヘルム,Sol GF Helm
0x474c5c@mhfdat-jp.bin,ソルＧキャップ,Sol GX Helm
0x474c60@mhfdat-jp.bin,ソルGFキャップ,Sol G Cap
0x474c64@mhfdat-jp.bin,ソルGXキャップ,Sol GF Cap
0x474c68@mhfdat-jp.bin,バルカンＧヘッド,Sol GX Cap
0x474c6c@mhfdat-jp.bin,バルカンGFヘッド,Vulcan G Head
0x474c70@mhfdat-jp.bin,バルカンGXヘッド,Vulcan GF Head
0x474c74@mhfdat-jp.bin,バルカンＧフェイス,Vulcan GX Head
0x474c78@mhfdat-jp.bin,バルカンGFフェイス,Vulcan G Face
0x474c7c@mhfdat-jp.bin,バルカンGXフェイス,Vulcan GF Face
0x474c80@mhfdat-jp.bin,アルゴルGFヘルム,Vulcan GX Face
0x474c84@mhfdat-jp.bin,アルゴルGFキャップ,Algol GF Helm
0x474c88@mhfdat-jp.bin,オディバGFヘルム,Algol GF Cap
0x474c8c@mhfdat-jp.bin,オディバGFキャップ,Odiva GF Helm
0x474c90@mhfdat-jp.bin,白虎・剣聖GXヘルム,Odiva GF Cap
0x474c94@mhfdat-jp.bin,朱雀・剣聖GXヘルム,Byakko・Kensei GX Helm
0x474c98@mhfdat-jp.bin,玄武・剣聖GXヘルム,Suzaku・Kensei GX Helm
0x474c9c@mhfdat-jp.bin,青龍・剣聖GXヘルム,Genbu・Kensei GX Helm
0x474ca0@mhfdat-jp.bin,白虎・双龍GXヘルム,Seiryu・Kensei GX Helm
0x474ca4@mhfdat-jp.bin,朱雀・双龍GXヘルム,Byakko・双龍GX Helm
0x474ca8@mhfdat-jp.bin,玄武・双龍GXヘルム,Suzaku・双龍GX Helm
0x474cac@mhfdat-jp.bin,青龍・双龍GXヘルム,Genbu・双龍GX Helm
0x474cb0@mhfdat-jp.bin,白虎・剣王GXヘルム,Seiryu・双龍GX Helm
0x474cb4@mhfdat-jp.bin,朱雀・剣王GXヘルム,Byakko・Blade 王GX Helm
0x474cb8@mhfdat-jp.bin,玄武・剣王GXヘルム,Suzaku・Blade 王GX Helm
0x474cbc@mhfdat-jp.bin,青龍・剣王GXヘルム,Genbu・Blade 王GX Helm
0x474cc0@mhfdat-jp.bin,白虎・刀神GXヘルム,Seiryu・Blade 王GX Helm
0x474cc4@mhfdat-jp.bin,朱雀・刀神GXヘルム,Byakko・刀神GX Helm
0x474cc8@mhfdat-jp.bin,玄武・刀神GXヘルム,Suzaku・刀神GX Helm
0x474ccc@mhfdat-jp.bin,青龍・刀神GXヘルム,Genbu・刀神GX Helm
0x474cd0@mhfdat-jp.bin,白虎・天槍GXヘルム,Seiryu・刀神GX Helm
0x474cd4@mhfdat-jp.bin,朱雀・天槍GXヘルム,Byakko・Heaven 槍GX Helm
0x474cd8@mhfdat-jp.bin,玄武・天槍GXヘルム,Suzaku・Heaven 槍GX Helm
0x474cdc@mhfdat-jp.bin,青龍・天槍GXヘルム,Genbu・Heaven 槍GX Helm
0x474ce0@mhfdat-jp.bin,白虎・砲皇GXヘルム,Seiryu・Heaven 槍GX Helm
0x474ce4@mhfdat-jp.bin,朱雀・砲皇GXヘルム,Byakko・砲皇GX Helm
0x474ce8@mhfdat-jp.bin,玄武・砲皇GXヘルム,Suzaku・砲皇GX Helm
0x474cec@mhfdat-jp.bin,青龍・砲皇GXヘルム,Genbu・砲皇GX Helm
0x474cf0@mhfdat-jp.bin,白虎・鈍器獣GXヘルム,Seiryu・砲皇GX Helm
0x474cf4@mhfdat-jp.bin,朱雀・鈍器獣GXヘルム,Byakko・鈍器獣GX Helm
0x474cf8@mhfdat-jp.bin,玄武・鈍器獣GXヘルム,Suzaku・鈍器獣GX Helm
0x474cfc@mhfdat-jp.bin,青龍・鈍器獣GXヘルム,Genbu・鈍器獣GX Helm
0x474d00@mhfdat-jp.bin,白虎・奏帝GXヘルム,Seiryu・鈍器獣GX Helm
0x474d04@mhfdat-jp.bin,朱雀・奏帝GXヘルム,Byakko・奏帝GX Helm
0x474d08@mhfdat-jp.bin,玄武・奏帝GXヘルム,Suzaku・奏帝GX Helm
0x474d0c@mhfdat-jp.bin,青龍・奏帝GXヘルム,Genbu・奏帝GX Helm
0x474d10@mhfdat-jp.bin,白虎・銃傑GXマスク,Seiryu・奏帝GX Helm
0x474d14@mhfdat-jp.bin,朱雀・銃傑GXマスク,Byakko・銃傑GX Mask
0x474d18@mhfdat-jp.bin,玄武・銃傑GXマスク,Suzaku・銃傑GX Mask
0x474d1c@mhfdat-jp.bin,青龍・銃傑GXマスク,Genbu・銃傑GX Mask
0x474d20@mhfdat-jp.bin,白虎・銃仙GXマスク,Seiryu・銃傑GX Mask
0x474d24@mhfdat-jp.bin,朱雀・銃仙GXマスク,Byakko・銃仙GX Mask
0x474d28@mhfdat-jp.bin,玄武・銃仙GXマスク,Suzaku・銃仙GX Mask
0x474d2c@mhfdat-jp.bin,青龍・銃仙GXマスク,Genbu・銃仙GX Mask
0x474d30@mhfdat-jp.bin,白虎・弓鬼GXマスク,Seiryu・銃仙GX Mask
0x474d34@mhfdat-jp.bin,朱雀・弓鬼GXマスク,Byakko・Bow 鬼GX Mask
0x474d38@mhfdat-jp.bin,玄武・弓鬼GXマスク,Suzaku・Bow 鬼GX Mask
0x474d3c@mhfdat-jp.bin,青龍・弓鬼GXマスク,Genbu・Bow 鬼GX Mask
0x474d40@mhfdat-jp.bin,ヒスイヘルム,Seiryu・Bow 鬼GX Mask
0x474d44@mhfdat-jp.bin,ヒスイＦヘルム,Hisui Helm
0x474d48@mhfdat-jp.bin,ヒスイFXヘルム,Hisui F Helm
0x474d4c@mhfdat-jp.bin,ブラッドヘルム,Hisui FX Helm
0x474d50@mhfdat-jp.bin,ブラッドＦヘルム,Blood Helm
0x474d54@mhfdat-jp.bin,ブラッドFXヘルム,Blood F Helm
0x474d58@mhfdat-jp.bin,白虎・穿凰Ｇヘルム,Blood FX Helm
0x474d5c@mhfdat-jp.bin,白虎・穿凰GFヘルム,Byakko・穿凰G Helm
0x474d60@mhfdat-jp.bin,白虎・穿凰GXヘルム,Byakko・穿凰GF Helm
0x474d64@mhfdat-jp.bin,朱雀・穿凰Ｇヘルム,Byakko・穿凰GX Helm
0x474d68@mhfdat-jp.bin,朱雀・穿凰GFヘルム,Suzaku・穿凰G Helm
0x474d6c@mhfdat-jp.bin,朱雀・穿凰GXヘルム,Suzaku・穿凰GF Helm
0x474d70@mhfdat-jp.bin,玄武・穿凰Ｇヘルム,Suzaku・穿凰GX Helm
0x474d74@mhfdat-jp.bin,玄武・穿凰GFヘルム,Genbu・穿凰G Helm
0x474d78@mhfdat-jp.bin,玄武・穿凰GXヘルム,Genbu・穿凰GF Helm
0x474d7c@mhfdat-jp.bin,青龍・穿凰Ｇヘルム,Genbu・穿凰GX Helm
0x474d80@mhfdat-jp.bin,青龍・穿凰GFヘルム,Seiryu・穿凰G Helm
0x474d84@mhfdat-jp.bin,青龍・穿凰GXヘルム,Seiryu・穿凰GF Helm
0x474d88@mhfdat-jp.bin,オナブルヘルム・赤,Seiryu・穿凰GX Helm
0x474d8c@mhfdat-jp.bin,オナブルＦヘルム・赤,Honour Helm・Red
0x474d90@mhfdat-jp.bin,オナブルFZヘルム・赤,Honour F Helm・Red
0x474d94@mhfdat-jp.bin,オナブルHSヘルム・赤,Honour FZ Helm・Red
0x474d98@mhfdat-jp.bin,オナブルGSヘルム・赤,Honour HS Helm・Red
0x474d9c@mhfdat-jp.bin,オナブルGPヘルム・赤,Honour GS Helm・Red
0x474da0@mhfdat-jp.bin,オナブルマスク・赤,Honour GP Helm・Red
0x474da4@mhfdat-jp.bin,オナブルＦマスク・赤,Honour Mask・Red
0x474da8@mhfdat-jp.bin,オナブルFZマスク・赤,Honour F Mask・Red
0x474dac@mhfdat-jp.bin,オナブルHSマスク・赤,Honour FZ Mask・Red
0x474db0@mhfdat-jp.bin,オナブルGSマスク・赤,Honour HS Mask・Red
0x474db4@mhfdat-jp.bin,オナブルGPマスク・赤,Honour GS Mask・Red
0x474db8@mhfdat-jp.bin,オナブルヘルム・青,Honour GP Mask・Red
0x474dbc@mhfdat-jp.bin,オナブルＦヘルム・青,Honour Helm・Blue
0x474dc0@mhfdat-jp.bin,オナブルFZヘルム・青,Honour F Helm・Blue
0x474dc4@mhfdat-jp.bin,オナブルHSヘルム・青,Honour FZ Helm・Blue
0x474dc8@mhfdat-jp.bin,オナブルGSヘルム・青,Honour HS Helm・Blue
0x474dcc@mhfdat-jp.bin,オナブルGPヘルム・青,Honour GS Helm・Blue
0x474dd0@mhfdat-jp.bin,オナブルマスク・青,Honour GP Helm・Blue
0x474dd4@mhfdat-jp.bin,オナブルＦマスク・青,Honour Mask・Blue
0x474dd8@mhfdat-jp.bin,オナブルFZマスク・青,Honour F Mask・Blue
0x474ddc@mhfdat-jp.bin,オナブルHSマスク・青,Honour FZ Mask・Blue
0x474de0@mhfdat-jp.bin,オナブルGSマスク・青,Honour HS Mask・Blue
0x474de4@mhfdat-jp.bin,オナブルGPマスク・青,Honour GS Mask・Blue
0x474de8@mhfdat-jp.bin,オナブルヘルム・緑,Honour GP Mask・Blue
0x474dec@mhfdat-jp.bin,オナブルＦヘルム・緑,Honour Helm・Green
0x474df0@mhfdat-jp.bin,オナブルFZヘルム・緑,Honour F Helm・Green
0x474df4@mhfdat-jp.bin,オナブルHSヘルム・緑,Honour FZ Helm・Green
0x474df8@mhfdat-jp.bin,オナブルGSヘルム・緑,Honour HS Helm・Green
0x474dfc@mhfdat-jp.bin,オナブルGPヘルム・緑,Honour GS Helm・Green
0x474e00@mhfdat-jp.bin,オナブルマスク・緑,Honour GP Helm・Green
0x474e04@mhfdat-jp.bin,オナブルＦマスク・緑,Honour Mask・Green
0x474e08@mhfdat-jp.bin,オナブルFZマスク・緑,Honour F Mask・Green
0x474e0c@mhfdat-jp.bin,オナブルHSマスク・緑,Honour FZ Mask・Green
0x474e10@mhfdat-jp.bin,オナブルGSマスク・緑,Honour HS Mask・Green
0x474e14@mhfdat-jp.bin,オナブルGPマスク・緑,Honour GS Mask・Green
0x474e18@mhfdat-jp.bin,オナブルヘルム・紺,Honour GP Mask・Green
0x474e1c@mhfdat-jp.bin,オナブルＦヘルム・紺,Honour Helm・紺
0x474e20@mhfdat-jp.bin,オナブルFZヘルム・紺,Honour F Helm・紺
0x474e24@mhfdat-jp.bin,オナブルHSヘルム・紺,Honour FZ Helm・紺
0x474e28@mhfdat-jp.bin,オナブルGSヘルム・紺,Honour HS Helm・紺
0x474e2c@mhfdat-jp.bin,オナブルGPヘルム・紺,Honour GS Helm・紺
0x474e30@mhfdat-jp.bin,オナブルマスク・紺,Honour GP Helm・紺
0x474e34@mhfdat-jp.bin,オナブルＦマスク・紺,Honour Mask・紺
0x474e38@mhfdat-jp.bin,オナブルFZマスク・紺,Honour F Mask・紺
0x474e3c@mhfdat-jp.bin,オナブルHSマスク・紺,Honour FZ Mask・紺
0x474e40@mhfdat-jp.bin,オナブルGSマスク・紺,Honour HS Mask・紺
0x474e44@mhfdat-jp.bin,オナブルGPマスク・紺,Honour GS Mask・紺
0x474e48@mhfdat-jp.bin,シェリフヘッド・茶,Honour GP Mask・紺
0x474e4c@mhfdat-jp.bin,シェリフＦヘッド・茶,Sheriff Head・Tea
0x474e50@mhfdat-jp.bin,シェリフFZヘッド・茶,Sheriff F Head・Tea
0x474e54@mhfdat-jp.bin,シェリフHSヘッド・茶,Sheriff FZ Head・Tea
0x474e58@mhfdat-jp.bin,シェリフGSヘッド・茶,Sheriff HS Head・Tea
0x474e5c@mhfdat-jp.bin,シェリフGPヘッド・茶,Sheriff GS Head・Tea
0x474e60@mhfdat-jp.bin,シェリフハット・茶,Sheriff GP Head・Tea
0x474e64@mhfdat-jp.bin,シェリフＦハット・茶,Sheriff Hat・Tea
0x474e68@mhfdat-jp.bin,シェリフFZハット・茶,Sheriff F Hat・Tea
0x474e6c@mhfdat-jp.bin,シェリフHSハット・茶,Sheriff FZ Hat・Tea
0x474e70@mhfdat-jp.bin,シェリフGSハット・茶,Sheriff HS Hat・Tea
0x474e74@mhfdat-jp.bin,シェリフGPハット・茶,Sheriff GS Hat・Tea
0x474e78@mhfdat-jp.bin,シェリフヘッド・黒,Sheriff GP Hat・Tea
0x474e7c@mhfdat-jp.bin,シェリフＦヘッド・黒,Sheriff Head・Black
0x474e80@mhfdat-jp.bin,シェリフFZヘッド・黒,Sheriff F Head・Black
0x474e84@mhfdat-jp.bin,シェリフHSヘッド・黒,Sheriff FZ Head・Black
0x474e88@mhfdat-jp.bin,シェリフGSヘッド・黒,Sheriff HS Head・Black
0x474e8c@mhfdat-jp.bin,シェリフGPヘッド・黒,Sheriff GS Head・Black
0x474e90@mhfdat-jp.bin,シェリフハット・黒,Sheriff GP Head・Black
0x474e94@mhfdat-jp.bin,シェリフＦハット・黒,Sheriff Hat・Black
0x474e98@mhfdat-jp.bin,シェリフFZハット・黒,Sheriff F Hat・Black
0x474e9c@mhfdat-jp.bin,シェリフHSハット・黒,Sheriff FZ Hat・Black
0x474ea0@mhfdat-jp.bin,シェリフGSハット・黒,Sheriff HS Hat・Black
0x474ea4@mhfdat-jp.bin,シェリフGPハット・黒,Sheriff GS Hat・Black
0x474ea8@mhfdat-jp.bin,シェリフヘッド・青,Sheriff GP Hat・Black
0x474eac@mhfdat-jp.bin,シェリフＦヘッド・青,Sheriff Head・Blue
0x474eb0@mhfdat-jp.bin,シェリフFZヘッド・青,Sheriff F Head・Blue
0x474eb4@mhfdat-jp.bin,シェリフHSヘッド・青,Sheriff FZ Head・Blue
0x474eb8@mhfdat-jp.bin,シェリフGSヘッド・青,Sheriff HS Head・Blue
0x474ebc@mhfdat-jp.bin,シェリフGPヘッド・青,Sheriff GS Head・Blue
0x474ec0@mhfdat-jp.bin,シェリフハット・青,Sheriff GP Head・Blue
0x474ec4@mhfdat-jp.bin,シェリフＦハット・青,Sheriff Hat・Blue
0x474ec8@mhfdat-jp.bin,シェリフFZハット・青,Sheriff F Hat・Blue
0x474ecc@mhfdat-jp.bin,シェリフHSハット・青,Sheriff FZ Hat・Blue
0x474ed0@mhfdat-jp.bin,シェリフGSハット・青,Sheriff HS Hat・Blue
0x474ed4@mhfdat-jp.bin,シェリフGPハット・青,Sheriff GS Hat・Blue
0x474ed8@mhfdat-jp.bin,シェリフヘッド・白,Sheriff GP Hat・Blue
0x474edc@mhfdat-jp.bin,シェリフＦヘッド・白,Sheriff Head・White
0x474ee0@mhfdat-jp.bin,シェリフFZヘッド・白,Sheriff F Head・White
0x474ee4@mhfdat-jp.bin,シェリフHSヘッド・白,Sheriff FZ Head・White
0x474ee8@mhfdat-jp.bin,シェリフGSヘッド・白,Sheriff HS Head・White
0x474eec@mhfdat-jp.bin,シェリフGPヘッド・白,Sheriff GS Head・White
0x474ef0@mhfdat-jp.bin,シェリフハット・白,Sheriff GP Head・White
0x474ef4@mhfdat-jp.bin,シェリフＦハット・白,Sheriff Hat・White
0x474ef8@mhfdat-jp.bin,シェリフFZハット・白,Sheriff F Hat・White
0x474efc@mhfdat-jp.bin,シェリフHSハット・白,Sheriff FZ Hat・White
0x474f00@mhfdat-jp.bin,シェリフGSハット・白,Sheriff HS Hat・White
0x474f04@mhfdat-jp.bin,シェリフGPハット・白,Sheriff GS Hat・White
0x474f08@mhfdat-jp.bin,月陽ノ兜,Sheriff GP Hat・White
0x474f0c@mhfdat-jp.bin,月陽ノ兜・Ｆ,Moonlight Helm
0x474f10@mhfdat-jp.bin,月陽ノ兜・FZ,Moonlight Helm・F
0x474f14@mhfdat-jp.bin,月陽ノ兜・HS,Moonlight Helm・FZ
0x474f18@mhfdat-jp.bin,月陽ノ兜・GS,Moonlight Helm・HS
0x474f1c@mhfdat-jp.bin,月陽ノ兜・GP,Moonlight Helm・GS
0x474f20@mhfdat-jp.bin,月陽ノ面,Moonlight Helm・GP
0x474f24@mhfdat-jp.bin,月陽ノ面・Ｆ,Moonlight Mask
0x474f28@mhfdat-jp.bin,月陽ノ面・FZ,Moonlight Mask・F
0x474f2c@mhfdat-jp.bin,月陽ノ面・HS,Moonlight Mask・FZ
0x474f30@mhfdat-jp.bin,月陽ノ面・GS,Moonlight Mask・HS
0x474f34@mhfdat-jp.bin,月陽ノ面・GP,Moonlight Mask・GS
0x474f38@mhfdat-jp.bin,ゾデックGSヘルム・青,Moonlight Mask・GP
0x474f3c@mhfdat-jp.bin,ゾデックGPヘルム・青,Zodic GS Helm・Blue
0x474f40@mhfdat-jp.bin,ゾデックGSマスク・青,Zodic GP Helm・Blue
0x474f44@mhfdat-jp.bin,ゾデックGPマスク・青,Zodic GS Mask・Blue
0x474f48@mhfdat-jp.bin,ゾデックGSヘルム・茶,Zodic GP Mask・Blue
0x474f4c@mhfdat-jp.bin,ゾデックGPヘルム・茶,Zodic GS Helm・Tea
0x474f50@mhfdat-jp.bin,ゾデックGSマスク・茶,Zodic GP Helm・Tea
0x474f54@mhfdat-jp.bin,ゾデックGPマスク・茶,Zodic GS Mask・Tea
0x474f58@mhfdat-jp.bin,ゾデックGSヘルム・緑,Zodic GP Mask・Tea
0x474f5c@mhfdat-jp.bin,ゾデックGPヘルム・緑,Zodic GS Helm・Green
0x474f60@mhfdat-jp.bin,ゾデックGSマスク・緑,Zodic GP Helm・Green
0x474f64@mhfdat-jp.bin,ゾデックGPマスク・緑,Zodic GS Mask・Green
0x474f68@mhfdat-jp.bin,ゾデックGSヘルム・桜,Zodic GP Mask・Green
0x474f6c@mhfdat-jp.bin,ゾデックGPヘルム・桜,Zodic GS Helm・Pink
0x474f70@mhfdat-jp.bin,ゾデックGSマスク・桜,Zodic GP Helm・Pink
0x474f74@mhfdat-jp.bin,ゾデックGPマスク・桜,Zodic GS Mask・Pink
0x474f78@mhfdat-jp.bin,ブリスFZヘッド【白】,Zodic GP Mask・Pink
0x474f7c@mhfdat-jp.bin,ブリスHSヘッド【白】,Bliss FZ Head [White 】
0x474f80@mhfdat-jp.bin,ブリスGSヘッド【白】,Bliss HS Head [White 】
0x474f84@mhfdat-jp.bin,ブリスGPヘッド【白】,Bliss GS Head [White 】
0x474f88@mhfdat-jp.bin,ブリスFZヘッド【青】,Bliss GP Head [White 】
0x474f8c@mhfdat-jp.bin,ブリスHSヘッド【青】,Bliss FZ Head [Blue 】
0x474f90@mhfdat-jp.bin,ブリスGSヘッド【青】,Bliss HS Head [Blue 】
0x474f94@mhfdat-jp.bin,ブリスGPヘッド【青】,Bliss GS Head [Blue 】
0x474f98@mhfdat-jp.bin,ブリスFZヘッド【紫】,Bliss GP Head [Blue 】
0x474f9c@mhfdat-jp.bin,ブリスHSヘッド【紫】,Bliss FZ Head [Purple 】
0x474fa0@mhfdat-jp.bin,ブリスGSヘッド【紫】,Bliss HS Head [Purple 】
0x474fa4@mhfdat-jp.bin,ブリスGPヘッド【紫】,Bliss GS Head [Purple 】
0x474fa8@mhfdat-jp.bin,ブリスFZヘッド【黄】,Bliss GP Head [Purple 】
0x474fac@mhfdat-jp.bin,ブリスHSヘッド【黄】,Bliss FZ Head [Yellow 】
0x474fb0@mhfdat-jp.bin,ブリスGSヘッド【黄】,Bliss HS Head [Yellow 】
0x474fb4@mhfdat-jp.bin,ブリスGPヘッド【黄】,Bliss GS Head [Yellow 】
0x474fb8@mhfdat-jp.bin,しろねこ服FZマスク,Bliss GP Head [Yellow 】
0x474fbc@mhfdat-jp.bin,しろねこ服HSマスク,White Cat FZ Mask
0x474fc0@mhfdat-jp.bin,しろねこ服GSマスク,White Cat HS Mask
0x474fc4@mhfdat-jp.bin,しろねこ服GPマスク,White Cat GS Mask
0x474fc8@mhfdat-jp.bin,ファランHSヘルム・白,White Cat GP Mask
0x474fcc@mhfdat-jp.bin,ファランGSヘルム・白,Pharan HS Helm・White
0x474fd0@mhfdat-jp.bin,ファランGPヘルム・白,Pharan GS Helm・White
0x474fd4@mhfdat-jp.bin,ファランHSマスク・白,Pharan GP Helm・White
0x474fd8@mhfdat-jp.bin,ファランGSマスク・白,Pharan HS Mask・White
0x474fdc@mhfdat-jp.bin,ファランGPマスク・白,Pharan GS Mask・White
0x474fe0@mhfdat-jp.bin,ファランHSヘルム・黒,Pharan GP Mask・White
0x474fe4@mhfdat-jp.bin,ファランGSヘルム・黒,Pharan HS Helm・Black
0x474fe8@mhfdat-jp.bin,ファランGPヘルム・黒,Pharan GS Helm・Black
0x474fec@mhfdat-jp.bin,ファランHSマスク・黒,Pharan GP Helm・Black
0x474ff0@mhfdat-jp.bin,ファランGSマスク・黒,Pharan HS Mask・Black
0x474ff4@mhfdat-jp.bin,ファランGPマスク・黒,Pharan GS Mask・Black
0x474ff8@mhfdat-jp.bin,ファランHSヘルム・赤,Pharan GP Mask・Black
0x474ffc@mhfdat-jp.bin,ファランGSヘルム・赤,Pharan HS Helm・Red
0x475000@mhfdat-jp.bin,ファランGPヘルム・赤,Pharan GS Helm・Red
0x475004@mhfdat-jp.bin,ファランHSマスク・赤,Pharan GP Helm・Red
0x475008@mhfdat-jp.bin,ファランGSマスク・赤,Pharan HS Mask・Red
0x47500c@mhfdat-jp.bin,ファランGPマスク・赤,Pharan GS Mask・Red
0x475010@mhfdat-jp.bin,ファランHSヘルム・青,Pharan GP Mask・Red
0x475014@mhfdat-jp.bin,ファランGSヘルム・青,Pharan HS Helm・Blue
0x475018@mhfdat-jp.bin,ファランGPヘルム・青,Pharan GS Helm・Blue
0x47501c@mhfdat-jp.bin,ファランHSマスク・青,Pharan GP Helm・Blue
0x475020@mhfdat-jp.bin,ファランGSマスク・青,Pharan HS Mask・Blue
0x475024@mhfdat-jp.bin,ファランGPマスク・青,Pharan GS Mask・Blue
0x475028@mhfdat-jp.bin,グロリアGSヘルム・金,Pharan GP Mask・Blue
0x47502c@mhfdat-jp.bin,グロリアGPヘルム・金,Gloria GS Helm・Gold
0x475030@mhfdat-jp.bin,グロリアGSマスク・金,Gloria GP Helm・Gold
0x475034@mhfdat-jp.bin,グロリアGPマスク・金,Gloria GS Mask・Gold
0x475038@mhfdat-jp.bin,グロリアGSヘルム・青,Gloria GP Mask・Gold
0x47503c@mhfdat-jp.bin,グロリアGPヘルム・青,Gloria GS Helm・Blue
0x475040@mhfdat-jp.bin,グロリアGSマスク・青,Gloria GP Helm・Blue
0x475044@mhfdat-jp.bin,グロリアGPマスク・青,Gloria GS Mask・Blue
0x475048@mhfdat-jp.bin,グロリアGSヘルム・水,Gloria GP Mask・Blue
0x47504c@mhfdat-jp.bin,グロリアGPヘルム・水,Gloria GS Helm・Water
0x475050@mhfdat-jp.bin,グロリアGSマスク・水,Gloria GP Helm・Water
0x475054@mhfdat-jp.bin,グロリアGPマスク・水,Gloria GS Mask・Water
0x475058@mhfdat-jp.bin,グロリアGSヘルム・赤,Gloria GP Mask・Water
0x47505c@mhfdat-jp.bin,グロリアGPヘルム・赤,Gloria GS Helm・Red
0x475060@mhfdat-jp.bin,グロリアGSマスク・赤,Gloria GP Helm・Red
0x475064@mhfdat-jp.bin,グロリアGPマスク・赤,Gloria GS Mask・Red
0x475068@mhfdat-jp.bin,蘭蛮の帽・FZ黄,Gloria GP Mask・Red
0x47506c@mhfdat-jp.bin,蘭蛮の帽・HS黄,蘭蛮 Hat・FZ Yellow
0x475070@mhfdat-jp.bin,蘭蛮の帽・GS黄,蘭蛮 Hat・HS Yellow
0x475074@mhfdat-jp.bin,蘭蛮の帽・GP黄,蘭蛮 Hat・GS Yellow
0x475078@mhfdat-jp.bin,蘭蛮の面・FZ黄,蘭蛮 Hat・GP Yellow
0x47507c@mhfdat-jp.bin,蘭蛮の面・HS黄,蘭蛮 Mask・FZ Yellow
0x475080@mhfdat-jp.bin,蘭蛮の面・GS黄,蘭蛮 Mask・HS Yellow
0x475084@mhfdat-jp.bin,蘭蛮の面・GP黄,蘭蛮 Mask・GS Yellow
0x475088@mhfdat-jp.bin,蘭蛮の帽・FZ赤,蘭蛮 Mask・GP Yellow
0x47508c@mhfdat-jp.bin,蘭蛮の帽・HS赤,蘭蛮 Hat・FZ Red
0x475090@mhfdat-jp.bin,蘭蛮の帽・GS赤,蘭蛮 Hat・HS Red
0x475094@mhfdat-jp.bin,蘭蛮の帽・GP赤,蘭蛮 Hat・GS Red
0x475098@mhfdat-jp.bin,蘭蛮の面・FZ赤,蘭蛮 Hat・GP Red
0x47509c@mhfdat-jp.bin,蘭蛮の面・HS赤,蘭蛮 Mask・FZ Red
0x4750a0@mhfdat-jp.bin,蘭蛮の面・GS赤,蘭蛮 Mask・HS Red
0x4750a4@mhfdat-jp.bin,蘭蛮の面・GP赤,蘭蛮 Mask・GS Red
0x4750a8@mhfdat-jp.bin,蘭蛮の帽・FZ紫,蘭蛮 Mask・GP Red
0x4750ac@mhfdat-jp.bin,蘭蛮の帽・HS紫,蘭蛮 Hat・FZ Purple
0x4750b0@mhfdat-jp.bin,蘭蛮の帽・GS紫,蘭蛮 Hat・HS Purple
0x4750b4@mhfdat-jp.bin,蘭蛮の帽・GP紫,蘭蛮 Hat・GS Purple
0x4750b8@mhfdat-jp.bin,蘭蛮の面・FZ紫,蘭蛮 Hat・GP Purple
0x4750bc@mhfdat-jp.bin,蘭蛮の面・HS紫,蘭蛮 Mask・FZ Purple
0x4750c0@mhfdat-jp.bin,蘭蛮の面・GS紫,蘭蛮 Mask・HS Purple
0x4750c4@mhfdat-jp.bin,蘭蛮の面・GP紫,蘭蛮 Mask・GS Purple
0x4750c8@mhfdat-jp.bin,蘭蛮の帽・FZ金,蘭蛮 Mask・GP Purple
0x4750cc@mhfdat-jp.bin,蘭蛮の帽・HS金,蘭蛮 Hat・FZ Gold
0x4750d0@mhfdat-jp.bin,蘭蛮の帽・GS金,蘭蛮 Hat・HS Gold
0x4750d4@mhfdat-jp.bin,蘭蛮の帽・GP金,蘭蛮 Hat・GS Gold
0x4750d8@mhfdat-jp.bin,蘭蛮の面・FZ金,蘭蛮 Hat・GP Gold
0x4750dc@mhfdat-jp.bin,蘭蛮の面・HS金,蘭蛮 Mask・FZ Gold
0x4750e0@mhfdat-jp.bin,蘭蛮の面・GS金,蘭蛮 Mask・HS Gold
0x4750e4@mhfdat-jp.bin,蘭蛮の面・GP金,蘭蛮 Mask・GS Gold
0x4750e8@mhfdat-jp.bin,フェルムFZヘッド・黒,蘭蛮 Mask・GP Gold
0x4750ec@mhfdat-jp.bin,フェルムHSヘッド・黒,Ferme FZ Head・Black
0x4750f0@mhfdat-jp.bin,フェルムGSヘッド・黒,Ferme HS Head・Black
0x4750f4@mhfdat-jp.bin,フェルムGPヘッド・黒,Ferme GS Head・Black
0x4750f8@mhfdat-jp.bin,フェルムFZマスク・黒,Ferme GP Head・Black
0x4750fc@mhfdat-jp.bin,フェルムHSマスク・黒,Ferme FZ Mask・Black
0x475100@mhfdat-jp.bin,フェルムGSマスク・黒,Ferme HS Mask・Black
0x475104@mhfdat-jp.bin,フェルムGPマスク・黒,Ferme GS Mask・Black
0x475108@mhfdat-jp.bin,フェルムFZヘッド・赤,Ferme GP Mask・Black
0x47510c@mhfdat-jp.bin,フェルムHSヘッド・赤,Ferme FZ Head・Red
0x475110@mhfdat-jp.bin,フェルムGSヘッド・赤,Ferme HS Head・Red
0x475114@mhfdat-jp.bin,フェルムGPヘッド・赤,Ferme GS Head・Red
0x475118@mhfdat-jp.bin,フェルムFZマスク・赤,Ferme GP Head・Red
0x47511c@mhfdat-jp.bin,フェルムHSマスク・赤,Ferme FZ Mask・Red
0x475120@mhfdat-jp.bin,フェルムGSマスク・赤,Ferme HS Mask・Red
0x475124@mhfdat-jp.bin,フェルムGPマスク・赤,Ferme GS Mask・Red
0x475128@mhfdat-jp.bin,フェルムFZヘッド・白,Ferme GP Mask・Red
0x47512c@mhfdat-jp.bin,フェルムHSヘッド・白,Ferme FZ Head・White
0x475130@mhfdat-jp.bin,フェルムGSヘッド・白,Ferme HS Head・White
0x475134@mhfdat-jp.bin,フェルムGPヘッド・白,Ferme GS Head・White
0x475138@mhfdat-jp.bin,フェルムFZマスク・白,Ferme GP Head・White
0x47513c@mhfdat-jp.bin,フェルムHSマスク・白,Ferme FZ Mask・White
0x475140@mhfdat-jp.bin,フェルムGSマスク・白,Ferme HS Mask・White
0x475144@mhfdat-jp.bin,フェルムGPマスク・白,Ferme GS Mask・White
0x475148@mhfdat-jp.bin,フェルムFZヘッド・青,Ferme GP Mask・White
0x47514c@mhfdat-jp.bin,フェルムHSヘッド・青,Ferme FZ Head・Blue
0x475150@mhfdat-jp.bin,フェルムGSヘッド・青,Ferme HS Head・Blue
0x475154@mhfdat-jp.bin,フェルムGPヘッド・青,Ferme GS Head・Blue
0x475158@mhfdat-jp.bin,フェルムFZマスク・青,Ferme GP Head・Blue
0x47515c@mhfdat-jp.bin,フェルムHSマスク・青,Ferme FZ Mask・Blue
0x475160@mhfdat-jp.bin,フェルムGSマスク・青,Ferme HS Mask・Blue
0x475164@mhfdat-jp.bin,フェルムGPマスク・青,Ferme GS Mask・Blue
0x475168@mhfdat-jp.bin,トラスFZモンテラ青,Ferme GP Mask・Blue
0x47516c@mhfdat-jp.bin,トラスHSモンテラ青,Truss FZ Montera Blue
0x475170@mhfdat-jp.bin,トラスGSモンテラ青,Truss HS Montera Blue
0x475174@mhfdat-jp.bin,トラスGPモンテラ青,Truss GS Montera Blue
0x475178@mhfdat-jp.bin,トラスFZビコーヌ青,Truss GP Montera Blue
0x47517c@mhfdat-jp.bin,トラスHSビコーヌ青,Truss FZ Bikoonu Blue
0x475180@mhfdat-jp.bin,トラスGSビコーヌ青,Truss HS Bikoonu Blue
0x475184@mhfdat-jp.bin,トラスGPビコーヌ青,Truss GS Bikoonu Blue
0x475188@mhfdat-jp.bin,トラスFZモンテラ赤,Truss GP Bikoonu Blue
0x47518c@mhfdat-jp.bin,トラスHSモンテラ赤,Truss FZ Montera Red
0x475190@mhfdat-jp.bin,トラスGSモンテラ赤,Truss HS Montera Red
0x475194@mhfdat-jp.bin,トラスGPモンテラ赤,Truss GS Montera Red
0x475198@mhfdat-jp.bin,トラスFZビコーヌ赤,Truss GP Montera Red
0x47519c@mhfdat-jp.bin,トラスHSビコーヌ赤,Truss FZ Bikoonu Red
0x4751a0@mhfdat-jp.bin,トラスGSビコーヌ赤,Truss HS Bikoonu Red
0x4751a4@mhfdat-jp.bin,トラスGPビコーヌ赤,Truss GS Bikoonu Red
0x4751a8@mhfdat-jp.bin,トラスFZモンテラ白,Truss GP Bikoonu Red
0x4751ac@mhfdat-jp.bin,トラスHSモンテラ白,Truss FZ Montera White
0x4751b0@mhfdat-jp.bin,トラスGSモンテラ白,Truss HS Montera White
0x4751b4@mhfdat-jp.bin,トラスGPモンテラ白,Truss GS Montera White
0x4751b8@mhfdat-jp.bin,トラスFZビコーヌ白,Truss GP Montera White
0x4751bc@mhfdat-jp.bin,トラスHSビコーヌ白,Truss FZ Bikoonu White
0x4751c0@mhfdat-jp.bin,トラスGSビコーヌ白,Truss HS Bikoonu White
0x4751c4@mhfdat-jp.bin,トラスGPビコーヌ白,Truss GS Bikoonu White
0x4751c8@mhfdat-jp.bin,トラスFZモンテラ紫,Truss GP Bikoonu White
0x4751cc@mhfdat-jp.bin,トラスHSモンテラ紫,Truss FZ Montera Purple
0x4751d0@mhfdat-jp.bin,トラスGSモンテラ紫,Truss HS Montera Purple
0x4751d4@mhfdat-jp.bin,トラスGPモンテラ紫,Truss GS Montera Purple
0x4751d8@mhfdat-jp.bin,トラスFZビコーヌ紫,Truss GP Montera Purple
0x4751dc@mhfdat-jp.bin,トラスHSビコーヌ紫,Truss FZ Bikoonu Purple
0x4751e0@mhfdat-jp.bin,トラスGSビコーヌ紫,Truss HS Bikoonu Purple
0x4751e4@mhfdat-jp.bin,トラスGPビコーヌ紫,Truss GS Bikoonu Purple
0x4751e8@mhfdat-jp.bin,レイルHSヘルム,Truss GP Bikoonu Purple
0x4751ec@mhfdat-jp.bin,レイルGSヘルム,Rail HS Helm
0x4751f0@mhfdat-jp.bin,レイルGPヘルム,Rail GS Helm
0x4751f4@mhfdat-jp.bin,レイルHSキャップ,Rail GP Helm
0x4751f8@mhfdat-jp.bin,レイルGSキャップ,Rail HS Cap
0x4751fc@mhfdat-jp.bin,レイルGPキャップ,Rail GS Cap
0x475200@mhfdat-jp.bin,リーデレHSヘルム,Rail GP Cap
0x475204@mhfdat-jp.bin,リーデレGSヘルム,Ridere HS Helm
0x475208@mhfdat-jp.bin,リーデレGPヘルム,Ridere GS Helm
0x47520c@mhfdat-jp.bin,リーデレHSキャップ,Ridere GP Helm
0x475210@mhfdat-jp.bin,リーデレGSキャップ,Ridere HS Cap
0x475214@mhfdat-jp.bin,リーデレGPキャップ,Ridere GS Cap
0x475218@mhfdat-jp.bin,リエットHSヘルム,Ridere GP Cap
0x47521c@mhfdat-jp.bin,リエットGSヘルム,Riot HS Helm
0x475220@mhfdat-jp.bin,リエットGPヘルム,Riot GS Helm
0x475224@mhfdat-jp.bin,リエットHSキャップ,Riot GP Helm
0x475228@mhfdat-jp.bin,リエットGSキャップ,Riot HS Cap
0x47522c@mhfdat-jp.bin,リエットGPキャップ,Riot GS Cap
0x475230@mhfdat-jp.bin,ルターレHSヘルム,Riot GP Cap
0x475234@mhfdat-jp.bin,ルターレGSヘルム,Rutare HS Helm
0x475238@mhfdat-jp.bin,ルターレGPヘルム,Rutare GS Helm
0x47523c@mhfdat-jp.bin,ルターレHSキャップ,Rutare GP Helm
0x475240@mhfdat-jp.bin,ルターレGSキャップ,Rutare HS Cap
0x475244@mhfdat-jp.bin,ルターレGPキャップ,Rutare GS Cap
0x475248@mhfdat-jp.bin,流転の鉢金・HS,Rutare GP Cap
0x47524c@mhfdat-jp.bin,流転の鉢金・GS,Rolling Flow の Headguard・HS
0x475250@mhfdat-jp.bin,流転の鉢金・GP,Rolling Flow の Headguard・GS
0x475254@mhfdat-jp.bin,旋転の鉢金・HS,Rolling Flow の Headguard・GP
0x475258@mhfdat-jp.bin,旋転の鉢金・GS,旋転の Headguard・HS
0x47525c@mhfdat-jp.bin,旋転の鉢金・GP,旋転の Headguard・GS
0x475260@mhfdat-jp.bin,嵐転の鉢金・HS,旋転の Headguard・GP
0x475264@mhfdat-jp.bin,嵐転の鉢金・GS,Rolling Sky の Headguard・HS
0x475268@mhfdat-jp.bin,嵐転の鉢金・GP,Rolling Sky の Headguard・GS
0x47526c@mhfdat-jp.bin,地転の鉢金・HS,Rolling Sky の Headguard・GP
0x475270@mhfdat-jp.bin,地転の鉢金・GS,Rolling Earth の Headguard・HS
0x475274@mhfdat-jp.bin,地転の鉢金・GP,Rolling Earth の Headguard・GS
0x475278@mhfdat-jp.bin,ラトリアHSヘッド,Rolling Earth の Headguard・GP
0x47527c@mhfdat-jp.bin,ラトリアGSヘッド,Latria HS Head
0x475280@mhfdat-jp.bin,ラトリアGPヘッド,Latria GS Head
0x475284@mhfdat-jp.bin,ラトリアHSハール,Latria GP Head
0x475288@mhfdat-jp.bin,ラトリアGSハール,Latria HS Haar
0x47528c@mhfdat-jp.bin,ラトリアGPハール,Latria GS Haar
0x475290@mhfdat-jp.bin,コンタオHSヘッド,Latria GP Haar
0x475294@mhfdat-jp.bin,コンタオGSヘッド,Kontao HS Head
0x475298@mhfdat-jp.bin,コンタオGPヘッド,Kontao GS Head
0x47529c@mhfdat-jp.bin,コンタオHSハール,Kontao GP Head
0x4752a0@mhfdat-jp.bin,コンタオGSハール,Kontao HS Haar
0x4752a4@mhfdat-jp.bin,コンタオGPハール,Kontao GS Haar
0x4752a8@mhfdat-jp.bin,デリヴヘルム,Kontao GP Haar
0x4752ac@mhfdat-jp.bin,デリヴＦヘルム,Deliver Helm
0x4752b0@mhfdat-jp.bin,デリヴFYヘルム,Deliver F Helm
0x4752b4@mhfdat-jp.bin,デリヴHSヘルム,Deliver FY Helm
0x4752b8@mhfdat-jp.bin,デリヴＧヘルム,Deliver HS Helm
0x4752bc@mhfdat-jp.bin,デリヴGFヘルム,Deliver G Helm
0x4752c0@mhfdat-jp.bin,デリヴGXヘルム,Deliver GF Helm
0x4752c4@mhfdat-jp.bin,デリヴキャップ,Deliver GX Helm
0x4752c8@mhfdat-jp.bin,デリヴＦキャップ,Deliver Cap
0x4752cc@mhfdat-jp.bin,デリヴFYキャップ,Deliver F Cap
0x4752d0@mhfdat-jp.bin,デリヴHSキャップ,Deliver FY Cap
0x4752d4@mhfdat-jp.bin,デリヴＧキャップ,Deliver HS Cap
0x4752d8@mhfdat-jp.bin,デリヴGFキャップ,Deliver G Cap
0x4752dc@mhfdat-jp.bin,デリヴGXキャップ,Deliver GF Cap
0x4752e0@mhfdat-jp.bin,アサークヘルム,Deliver GX Cap
0x4752e4@mhfdat-jp.bin,アサークＦヘルム,Asaku Helm
0x4752e8@mhfdat-jp.bin,アサークFYヘルム,Asaku F Helm
0x4752ec@mhfdat-jp.bin,アサークHSヘルム,Asaku FY Helm
0x4752f0@mhfdat-jp.bin,アサークＧヘルム,Asaku HS Helm
0x4752f4@mhfdat-jp.bin,アサークGFヘルム,Asaku G Helm
0x4752f8@mhfdat-jp.bin,アサークGXヘルム,Asaku GF Helm
0x4752fc@mhfdat-jp.bin,アサークキャップ,Asaku GX Helm
0x475300@mhfdat-jp.bin,アサークＦキャップ,Asaku Cap
0x475304@mhfdat-jp.bin,アサークFYキャップ,Asaku F Cap
0x475308@mhfdat-jp.bin,アサークHSキャップ,Asaku FY Cap
0x47530c@mhfdat-jp.bin,アサークＧキャップ,Asaku HS Cap
0x475310@mhfdat-jp.bin,アサークGFキャップ,Asaku G Cap
0x475314@mhfdat-jp.bin,アサークGXキャップ,Asaku GF Cap
0x475318@mhfdat-jp.bin,ニスルヘルム,Asaku GX Cap
0x47531c@mhfdat-jp.bin,ニスルＦヘルム,Nisuru Helm
0x475320@mhfdat-jp.bin,ニスルFYヘルム,Nisuru F Helm
0x475324@mhfdat-jp.bin,ニスルHSヘルム,Nisuru FY Helm
0x475328@mhfdat-jp.bin,ニスルＧヘルム,Nisuru HS Helm
0x47532c@mhfdat-jp.bin,ニスルGFヘルム,Nisuru G Helm
0x475330@mhfdat-jp.bin,ニスルGXヘルム,Nisuru GF Helm
0x475334@mhfdat-jp.bin,ニスルキャップ,Nisuru GX Helm
0x475338@mhfdat-jp.bin,ニスルＦキャップ,Nisuru Cap
0x47533c@mhfdat-jp.bin,ニスルFYキャップ,Nisuru F Cap
0x475340@mhfdat-jp.bin,ニスルHSキャップ,Nisuru FY Cap
0x475344@mhfdat-jp.bin,ニスルＧキャップ,Nisuru HS Cap
0x475348@mhfdat-jp.bin,ニスルGFキャップ,Nisuru G Cap
0x47534c@mhfdat-jp.bin,ニスルGXキャップ,Nisuru GF Cap
0x475350@mhfdat-jp.bin,コルーデヘルム,Nisuru GX Cap
0x475354@mhfdat-jp.bin,コルーデＦヘルム,Coord Helm
0x475358@mhfdat-jp.bin,コルーデFYヘルム,Coord F Helm
0x47535c@mhfdat-jp.bin,コルーデHSヘルム,Coord FY Helm
0x475360@mhfdat-jp.bin,コルーデＧヘルム,Coord HS Helm
0x475364@mhfdat-jp.bin,コルーデGFヘルム,Coord G Helm
0x475368@mhfdat-jp.bin,コルーデGXヘルム,Coord GF Helm
0x47536c@mhfdat-jp.bin,コルーデキャップ,Coord GX Helm
0x475370@mhfdat-jp.bin,コルーデＦキャップ,Coord Cap
0x475374@mhfdat-jp.bin,コルーデFYキャップ,Coord F Cap
0x475378@mhfdat-jp.bin,コルーデHSキャップ,Coord FY Cap
0x47537c@mhfdat-jp.bin,コルーデＧキャップ,Coord HS Cap
0x475380@mhfdat-jp.bin,コルーデGFキャップ,Coord G Cap
0x475384@mhfdat-jp.bin,コルーデGXキャップ,Coord GF Cap
0x475388@mhfdat-jp.bin,レセーガヘルム,Coord GX Cap
0x47538c@mhfdat-jp.bin,レセーガＦヘルム,Resega Helm
0x475390@mhfdat-jp.bin,レセーガFYヘルム,Resega F Helm
0x475394@mhfdat-jp.bin,レセーガHSヘルム,Resega FY Helm
0x475398@mhfdat-jp.bin,レセーガＧヘルム,Resega HS Helm
0x47539c@mhfdat-jp.bin,レセーガGFヘルム,Resega G Helm
0x4753a0@mhfdat-jp.bin,レセーガGXヘルム,Resega GF Helm
0x4753a4@mhfdat-jp.bin,レセーガキャップ,Resega GX Helm
0x4753a8@mhfdat-jp.bin,レセーガＦキャップ,Resega Cap
0x4753ac@mhfdat-jp.bin,レセーガFYキャップ,Resega F Cap
0x4753b0@mhfdat-jp.bin,レセーガHSキャップ,Resega FY Cap
0x4753b4@mhfdat-jp.bin,レセーガＧキャップ,Resega HS Cap
0x4753b8@mhfdat-jp.bin,レセーガGFキャップ,Resega G Cap
0x4753bc@mhfdat-jp.bin,レセーガGXキャップ,Resega GF Cap
0x4753c0@mhfdat-jp.bin,スフォルヘルム,Resega GX Cap
0x4753c4@mhfdat-jp.bin,スフォルＦヘルム,Suforu Helm
0x4753c8@mhfdat-jp.bin,スフォルFYヘルム,Suforu F Helm
0x4753cc@mhfdat-jp.bin,スフォルHSヘルム,Suforu FY Helm
0x4753d0@mhfdat-jp.bin,スフォルＧヘルム,Suforu HS Helm
0x4753d4@mhfdat-jp.bin,スフォルGFヘルム,Suforu G Helm
0x4753d8@mhfdat-jp.bin,スフォルGXヘルム,Suforu GF Helm
0x4753dc@mhfdat-jp.bin,スフォルキャップ,Suforu GX Helm
0x4753e0@mhfdat-jp.bin,スフォルＦキャップ,Suforu Cap
0x4753e4@mhfdat-jp.bin,スフォルFYキャップ,Suforu F Cap
0x4753e8@mhfdat-jp.bin,スフォルHSキャップ,Suforu FY Cap
0x4753ec@mhfdat-jp.bin,スフォルＧキャップ,Suforu HS Cap
0x4753f0@mhfdat-jp.bin,スフォルGFキャップ,Suforu G Cap
0x4753f4@mhfdat-jp.bin,スフォルGXキャップ,Suforu GF Cap
0x4753f8@mhfdat-jp.bin,ペルセヘルム,Suforu GX Cap
0x4753fc@mhfdat-jp.bin,ペルセＦヘルム,Perce Helm
0x475400@mhfdat-jp.bin,ペルセFYヘルム,Perce F Helm
0x475404@mhfdat-jp.bin,ペルセHSヘルム,Perce FY Helm
0x475408@mhfdat-jp.bin,ペルセＧヘルム,Perce HS Helm
0x47540c@mhfdat-jp.bin,ペルセGFヘルム,Perce G Helm
0x475410@mhfdat-jp.bin,ペルセGXヘルム,Perce GF Helm
0x475414@mhfdat-jp.bin,ペルセキャップ,Perce GX Helm
0x475418@mhfdat-jp.bin,ペルセＦキャップ,Perce Cap
0x47541c@mhfdat-jp.bin,ペルセFYキャップ,Perce F Cap
0x475420@mhfdat-jp.bin,ペルセHSキャップ,Perce FY Cap
0x475424@mhfdat-jp.bin,ペルセＧキャップ,Perce HS Cap
0x475428@mhfdat-jp.bin,ペルセGFキャップ,Perce G Cap
0x47542c@mhfdat-jp.bin,ペルセGXキャップ,Perce GF Cap
0x475430@mhfdat-jp.bin,調査兵団ヘッド,Perce GX Cap
0x475434@mhfdat-jp.bin,調査兵団Ｆヘッド,Survey Corps Head
0x475438@mhfdat-jp.bin,調査兵団FZヘッド,Survey Corps F Head
0x47543c@mhfdat-jp.bin,調査兵団HSヘッド,Survey Corps FZ Head
0x475440@mhfdat-jp.bin,調査兵団GSヘッド,Survey Corps HS Head
0x475444@mhfdat-jp.bin,調査兵団GPヘッド,Survey Corps GS Head
0x475448@mhfdat-jp.bin,調査兵団ピアス,Survey Corps GP Head
0x47544c@mhfdat-jp.bin,調査兵団Ｆピアス,Survey Corps Piercings
0x475450@mhfdat-jp.bin,調査兵団FZピアス,Survey Corps F Piercings
0x475454@mhfdat-jp.bin,調査兵団HSピアス,Survey Corps FZ Piercings
0x475458@mhfdat-jp.bin,調査兵団GSピアス,Survey Corps HS Piercings
0x47545c@mhfdat-jp.bin,調査兵団GPピアス,Survey Corps GS Piercings
0x475460@mhfdat-jp.bin,訓練兵団ヘッド,Survey Corps GP Piercings
0x475464@mhfdat-jp.bin,訓練兵団Ｆヘッド,Training Corps Head
0x475468@mhfdat-jp.bin,訓練兵団FZヘッド,Training Corps F Head
0x47546c@mhfdat-jp.bin,訓練兵団HSヘッド,Training Corps FZ Head
0x475470@mhfdat-jp.bin,訓練兵団GSヘッド,Training Corps HS Head
0x475474@mhfdat-jp.bin,訓練兵団GPヘッド,Training Corps GS Head
0x475478@mhfdat-jp.bin,訓練兵団ピアス,Training Corps GP Head
0x47547c@mhfdat-jp.bin,訓練兵団Ｆピアス,Training Corps Piercings
0x475480@mhfdat-jp.bin,訓練兵団FZピアス,Training Corps F Piercings
0x475484@mhfdat-jp.bin,訓練兵団HSピアス,Training Corps FZ Piercings
0x475488@mhfdat-jp.bin,訓練兵団GSピアス,Training Corps HS Piercings
0x47548c@mhfdat-jp.bin,訓練兵団GPピアス,Training Corps GS Piercings
0x475490@mhfdat-jp.bin,ダミー,Training Corps GP Piercings
0x475494@mhfdat-jp.bin,ダミー,ダミー
0x475498@mhfdat-jp.bin,ダミー,ダミー
0x47549c@mhfdat-jp.bin,ダミー,ダミー
0x4754a0@mhfdat-jp.bin,ダミー,ダミー
0x4754a4@mhfdat-jp.bin,ダミー,ダミー
0x4754a8@mhfdat-jp.bin,ダミー,ダミー
0x4754ac@mhfdat-jp.bin,ダミー,ダミー
0x4754b0@mhfdat-jp.bin,ダミー,ダミー
0x4754b4@mhfdat-jp.bin,ダミー,ダミー
0x4754b8@mhfdat-jp.bin,ダミー,ダミー
0x4754bc@mhfdat-jp.bin,ダミー,ダミー
0x4754c0@mhfdat-jp.bin,ダミー,ダミー
0x4754c4@mhfdat-jp.bin,ダミー,ダミー
0x4754c8@mhfdat-jp.bin,ダミー,ダミー
0x4754cc@mhfdat-jp.bin,ダミー,ダミー
0x4754d0@mhfdat-jp.bin,ダミー,ダミー
0x4754d4@mhfdat-jp.bin,ダミー,ダミー
0x4754d8@mhfdat-jp.bin,ダミー,ダミー
0x4754dc@mhfdat-jp.bin,ダミー,ダミー
0x4754e0@mhfdat-jp.bin,ダミー,ダミー
0x4754e4@mhfdat-jp.bin,ダミー,ダミー
0x4754e8@mhfdat-jp.bin,キャロルバンド・金,ダミー
0x4754ec@mhfdat-jp.bin,レイラバンド,Carrol Band・Gold
0x4754f0@mhfdat-jp.bin,IS学園ヘッド・白,Leila Band
0x4754f4@mhfdat-jp.bin,IS学園Ｆヘッド・白,IS Academy Head・White
0x4754f8@mhfdat-jp.bin,IS学園FZヘッド・白,IS Academy F Head・White
0x4754fc@mhfdat-jp.bin,IS学園HSヘッド・白,IS Academy FZ Head・White
0x475500@mhfdat-jp.bin,IS学園GSヘッド・白,IS Academy HS Head・White
0x475504@mhfdat-jp.bin,IS学園GPヘッド・白,IS Academy GS Head・White
0x475508@mhfdat-jp.bin,IS学園ピアス・白,IS Academy GP Head・White
0x47550c@mhfdat-jp.bin,IS学園Ｆピアス・白,IS Academy Piercings・White
0x475510@mhfdat-jp.bin,IS学園FZピアス・白,IS Academy F Piercings・White
0x475514@mhfdat-jp.bin,IS学園HSピアス・白,IS Academy FZ Piercings・White
0x475518@mhfdat-jp.bin,IS学園GSピアス・白,IS Academy HS Piercings・White
0x47551c@mhfdat-jp.bin,IS学園GPピアス・白,IS Academy GS Piercings・White
0x475520@mhfdat-jp.bin,IS学園ヘッド・青,IS Academy GP Piercings・White
0x475524@mhfdat-jp.bin,IS学園Ｆヘッド・青,IS Academy Head・Blue
0x475528@mhfdat-jp.bin,IS学園FZヘッド・青,IS Academy F Head・Blue
0x47552c@mhfdat-jp.bin,IS学園HSヘッド・青,IS Academy FZ Head・Blue
0x475530@mhfdat-jp.bin,IS学園GSヘッド・青,IS Academy HS Head・Blue
0x475534@mhfdat-jp.bin,IS学園GPヘッド・青,IS Academy GS Head・Blue
0x475538@mhfdat-jp.bin,IS学園ピアス・青,IS Academy GP Head・Blue
0x47553c@mhfdat-jp.bin,IS学園Ｆピアス・青,IS Academy Piercings・Blue
0x475540@mhfdat-jp.bin,IS学園FZピアス・青,IS Academy F Piercings・Blue
0x475544@mhfdat-jp.bin,IS学園HSピアス・青,IS Academy FZ Piercings・Blue
0x475548@mhfdat-jp.bin,IS学園GSピアス・青,IS Academy HS Piercings・Blue
0x47554c@mhfdat-jp.bin,IS学園GPピアス・青,IS Academy GS Piercings・Blue
0x475550@mhfdat-jp.bin,IS学園ヘッド・黒,IS Academy GP Piercings・Blue
0x475554@mhfdat-jp.bin,IS学園Ｆヘッド・黒,IS Academy Head・Black
0x475558@mhfdat-jp.bin,IS学園FZヘッド・黒,IS Academy F Head・Black
0x47555c@mhfdat-jp.bin,IS学園HSヘッド・黒,IS Academy FZ Head・Black
0x475560@mhfdat-jp.bin,IS学園GSヘッド・黒,IS Academy HS Head・Black
0x475564@mhfdat-jp.bin,IS学園GPヘッド・黒,IS Academy GS Head・Black
0x475568@mhfdat-jp.bin,IS学園ピアス・黒,IS Academy GP Head・Black
0x47556c@mhfdat-jp.bin,IS学園Ｆピアス・黒,IS Academy Piercings・Black
0x475570@mhfdat-jp.bin,IS学園FZピアス・黒,IS Academy F Piercings・Black
0x475574@mhfdat-jp.bin,IS学園HSピアス・黒,IS Academy FZ Piercings・Black
0x475578@mhfdat-jp.bin,IS学園GSピアス・黒,IS Academy HS Piercings・Black
0x47557c@mhfdat-jp.bin,IS学園GPピアス・黒,IS Academy GS Piercings・Black
0x475580@mhfdat-jp.bin,IS学園ヘッド・緑,IS Academy GP Piercings・Black
0x475584@mhfdat-jp.bin,IS学園Ｆヘッド・緑,IS Academy Head・Green
0x475588@mhfdat-jp.bin,IS学園FZヘッド・緑,IS Academy F Head・Green
0x47558c@mhfdat-jp.bin,IS学園HSヘッド・緑,IS Academy FZ Head・Green
0x475590@mhfdat-jp.bin,IS学園GSヘッド・緑,IS Academy HS Head・Green
0x475594@mhfdat-jp.bin,IS学園GPヘッド・緑,IS Academy GS Head・Green
0x475598@mhfdat-jp.bin,IS学園ピアス・緑,IS Academy GP Head・Green
0x47559c@mhfdat-jp.bin,IS学園Ｆピアス・緑,IS Academy Piercings・Green
0x4755a0@mhfdat-jp.bin,IS学園FZピアス・緑,IS Academy F Piercings・Green
0x4755a4@mhfdat-jp.bin,IS学園HSピアス・緑,IS Academy FZ Piercings・Green
0x4755a8@mhfdat-jp.bin,IS学園GSピアス・緑,IS Academy HS Piercings・Green
0x4755ac@mhfdat-jp.bin,IS学園GPピアス・緑,IS Academy GS Piercings・Green
0x4755b0@mhfdat-jp.bin,コムラダＧヘッド・赤,IS Academy GP Piercings・Green
0x4755b4@mhfdat-jp.bin,コムラダGFヘッド・赤,Comrade G Head・Red
0x4755b8@mhfdat-jp.bin,コムラダGXヘッド・赤,Comrade GF Head・Red
0x4755bc@mhfdat-jp.bin,コムラダＧハット・赤,Comrade GX Head・Red
0x4755c0@mhfdat-jp.bin,コムラダGFハット・赤,Comrade G Hat・Red
0x4755c4@mhfdat-jp.bin,コムラダGXハット・赤,Comrade GF Hat・Red
0x4755c8@mhfdat-jp.bin,コムラダＧヘッド・青,Comrade GX Hat・Red
0x4755cc@mhfdat-jp.bin,コムラダGFヘッド・青,Comrade G Head・Blue
0x4755d0@mhfdat-jp.bin,コムラダGXヘッド・青,Comrade GF Head・Blue
0x4755d4@mhfdat-jp.bin,コムラダＧハット・青,Comrade GX Head・Blue
0x4755d8@mhfdat-jp.bin,コムラダGFハット・青,Comrade G Hat・Blue
0x4755dc@mhfdat-jp.bin,コムラダGXハット・青,Comrade GF Hat・Blue
0x4755e0@mhfdat-jp.bin,コムラダＧヘッド・緑,Comrade GX Hat・Blue
0x4755e4@mhfdat-jp.bin,コムラダGFヘッド・緑,Comrade G Head・Green
0x4755e8@mhfdat-jp.bin,コムラダGXヘッド・緑,Comrade GF Head・Green
0x4755ec@mhfdat-jp.bin,コムラダＧハット・緑,Comrade GX Head・Green
0x4755f0@mhfdat-jp.bin,コムラダGFハット・緑,Comrade G Hat・Green
0x4755f4@mhfdat-jp.bin,コムラダGXハット・緑,Comrade GF Hat・Green
0x4755f8@mhfdat-jp.bin,コムラダＧヘッド・橙,Comrade GX Hat・Green
0x4755fc@mhfdat-jp.bin,コムラダGFヘッド・橙,Comrade G Head・Orange
0x475600@mhfdat-jp.bin,コムラダGXヘッド・橙,Comrade GF Head・Orange
0x475604@mhfdat-jp.bin,コムラダＧハット・橙,Comrade GX Head・Orange
0x475608@mhfdat-jp.bin,コムラダGFハット・橙,Comrade G Hat・Orange
0x47560c@mhfdat-jp.bin,コムラダGXハット・橙,Comrade GF Hat・Orange
0x475610@mhfdat-jp.bin,メランＧヘッド,Comrade GX Hat・Orange
0x475614@mhfdat-jp.bin,メランGFヘッド,Melan G Head
0x475618@mhfdat-jp.bin,メランGXヘッド,Melan GF Head
0x47561c@mhfdat-jp.bin,メランＧウィッグ,Melan GX Head
0x475620@mhfdat-jp.bin,メランGFウィッグ,Melan G Wig
0x475624@mhfdat-jp.bin,メランGXウィッグ,Melan GF Wig
0x475628@mhfdat-jp.bin,ルージュFYピアス,Melan GX Wig
0x47562c@mhfdat-jp.bin,ルージュHCピアス,Rouge FY Piercings
0x475630@mhfdat-jp.bin,ルージュＧピアス,Rouge HC Piercings
0x475634@mhfdat-jp.bin,ルージュGFピアス,Rouge G Piercings
0x475638@mhfdat-jp.bin,ルージュGXピアス,Rouge GF Piercings
0x47563c@mhfdat-jp.bin,レギュクスGPヘッド,Rouge GX Piercings
0x475640@mhfdat-jp.bin,レギュクスGPマスク,Regyukusu GP Head
0x475644@mhfdat-jp.bin,ベイルGPイヤリング,Regyukusu GP Mask
0x475648@mhfdat-jp.bin,ヴェルフGPヘルム,Beil GP Earrings
0x47564c@mhfdat-jp.bin,ヴェルフGPキャップ,ヴェルフGP Helm
0x475650@mhfdat-jp.bin,テリオグGPヘルム,ヴェルフGP Cap
0x475654@mhfdat-jp.bin,テリオグGPキャップ,テリオグGP Helm
0x475658@mhfdat-jp.bin,フォロバレッタ,テリオグGP Cap
0x47565c@mhfdat-jp.bin,フォロバレッタＦ,フォロ Beretta
0x475660@mhfdat-jp.bin,バルラコサージュ,フォロ Beretta F
0x475664@mhfdat-jp.bin,バルラコサージュＦ,Baruragaru Corsage
0x475668@mhfdat-jp.bin,ゴウコサージュ,Baruragaru Corsage F
0x47566c@mhfdat-jp.bin,ゴウコサージュＦ,ゴウ Corsage
0x475670@mhfdat-jp.bin,猟団員の証Ｇ【剛閃】,ゴウ Corsage F
0x475674@mhfdat-jp.bin,猟団員の証GF【剛閃】,猟団員の証G【剛閃】
0x475678@mhfdat-jp.bin,猟団員の証GX【剛閃】,猟団員の証GF【剛閃】
0x47567c@mhfdat-jp.bin,猟団員の証Ｇ【磨穿】,猟団員の証GX【剛閃】
0x475680@mhfdat-jp.bin,猟団員の証GF【磨穿】,猟団員の証G【磨穿】
0x475684@mhfdat-jp.bin,猟団員の証GX【磨穿】,猟団員の証GF【磨穿】
0x475688@mhfdat-jp.bin,フェロウビコーヌFZ,猟団員の証GX【磨穿】
0x47568c@mhfdat-jp.bin,フェロウビコーヌHS,Fellow Bikoonu FZ
0x475690@mhfdat-jp.bin,フェロウビコーヌGS,Fellow Bikoonu HS
0x475694@mhfdat-jp.bin,フェロウビコーヌGP,Fellow Bikoonu GS
0x475698@mhfdat-jp.bin,アハバーGPピアス,Fellow Bikoonu GP
0x47569c@mhfdat-jp.bin,ダンシンピアスFZ,Ahaba ーGP Piercings
0x4756a0@mhfdat-jp.bin,ダンシンピアスHS,ダンシン Piercings FZ
0x4756a4@mhfdat-jp.bin,ダンシンピアスGS,ダンシン Piercings HS
0x4756a8@mhfdat-jp.bin,ダンシンピアスGP,ダンシン Piercings GS
0x4756ac@mhfdat-jp.bin,ヒプノＧヘルム,ダンシン Piercings GP
0x4756b0@mhfdat-jp.bin,ヒプノGFヘルム,Hypnoc G Helm
0x4756b4@mhfdat-jp.bin,ヒプノGXヘルム,Hypnoc GF Helm
0x4756b8@mhfdat-jp.bin,ヒプノＧキャップ,Hypnoc GX Helm
0x4756bc@mhfdat-jp.bin,ヒプノGFキャップ,Hypnoc G Cap
0x4756c0@mhfdat-jp.bin,ヒプノGXキャップ,Hypnoc GF Cap
0x4756c4@mhfdat-jp.bin,フルンＧヘルム,Hypnoc GX Cap
0x4756c8@mhfdat-jp.bin,フルンGFヘルム,Red Khezu G Helm
0x4756cc@mhfdat-jp.bin,フルンGXヘルム,Red Khezu GF Helm
0x4756d0@mhfdat-jp.bin,フルンＧキャップ,Red Khezu GX Helm
0x4756d4@mhfdat-jp.bin,フルンGFキャップ,Red Khezu G Cap
0x4756d8@mhfdat-jp.bin,フルンGXキャップ,Red Khezu GF Cap
0x4756dc@mhfdat-jp.bin,モノブロスＧヘルム,Red Khezu GX Cap
0x4756e0@mhfdat-jp.bin,モノブロスGFヘルム,Monoblos G Helm
0x4756e4@mhfdat-jp.bin,モノブロスGXヘルム,Monoblos GF Helm
0x4756e8@mhfdat-jp.bin,モノブロスＧキャップ,Monoblos GX Helm
0x4756ec@mhfdat-jp.bin,モノブロスGFキャップ,Monoblos G Cap
0x4756f0@mhfdat-jp.bin,モノブロスGXキャップ,Monoblos GF Cap
0x4756f4@mhfdat-jp.bin,ヴァイスＧゲヒル,Monoblos GX Cap
0x4756f8@mhfdat-jp.bin,ヴァイスGFゲヒル,Weiss G Brain
0x4756fc@mhfdat-jp.bin,ヴァイスGXゲヒル,Weiss GF Brain
0x475700@mhfdat-jp.bin,ヴァイスＧアゼレ,Weiss GX Brain
0x475704@mhfdat-jp.bin,ヴァイスGFアゼレ,Weiss G Soul
0x475708@mhfdat-jp.bin,ヴァイスGXアゼレ,Weiss GF Soul
0x47570c@mhfdat-jp.bin,ヴェノムＧヘルム,Weiss GX Soul
0x475710@mhfdat-jp.bin,ヴェノムGFヘルム,Venom G Helm
0x475714@mhfdat-jp.bin,ヴェノムGXヘルム,Venom GF Helm
0x475718@mhfdat-jp.bin,ヴェノムＧキャップ,Venom GX Helm
0x47571c@mhfdat-jp.bin,ヴェノムGFキャップ,Venom G Cap
0x475720@mhfdat-jp.bin,ヴェノムGXキャップ,Venom GF Cap
0x475724@mhfdat-jp.bin,雅孔【趣】,Venom GX Cap
0x475728@mhfdat-jp.bin,雅孔Ｆ【趣】,Elegance 【趣】
0x47572c@mhfdat-jp.bin,雅孔FX【趣】,Elegance F【趣】
0x475730@mhfdat-jp.bin,雅孔Ｇ【趣】,Elegance FX【趣】
0x475734@mhfdat-jp.bin,雅孔GF【趣】,Elegance G【趣】
0x475738@mhfdat-jp.bin,雅穿【趣】,Elegance GF【趣】
0x47573c@mhfdat-jp.bin,雅穿Ｆ【趣】,Grace 【趣】
0x475740@mhfdat-jp.bin,雅穿FX【趣】,Grace F【趣】
0x475744@mhfdat-jp.bin,雅穿Ｇ【趣】,Grace FX【趣】
0x475748@mhfdat-jp.bin,雅穿GF【趣】,Grace G【趣】
0x47574c@mhfdat-jp.bin,雅深Ｇ【趣】,Grace GF【趣】
0x475750@mhfdat-jp.bin,雅深GF【趣】,Elegance G【趣】
0x475754@mhfdat-jp.bin,雅深GX【趣】,Elegance GF【趣】
0x475758@mhfdat-jp.bin,雅淵Ｇ【趣】,Elegance GX【趣】
0x47575c@mhfdat-jp.bin,雅淵GF【趣】,Grace G【趣】
0x475760@mhfdat-jp.bin,雅淵GX【趣】,Grace GF【趣】
0x475764@mhfdat-jp.bin,ガルバアンク,Grace GX【趣】
0x475768@mhfdat-jp.bin,ガルバＦアンク,Garuba Glare
0x47576c@mhfdat-jp.bin,ガルバFXアンク,Garuba F Glare
0x475770@mhfdat-jp.bin,ガルバＧアンク,Garuba FX Glare
0x475774@mhfdat-jp.bin,ガルバGFアンク,Garuba G Glare
0x475778@mhfdat-jp.bin,ガルバスーラ,Garuba GF Glare
0x47577c@mhfdat-jp.bin,ガルバＦスーラ,Garuba Snarl
0x475780@mhfdat-jp.bin,ガルバFXスーラ,Garuba F Snarl
0x475784@mhfdat-jp.bin,ガルバＧスーラ,Garuba FX Snarl
0x475788@mhfdat-jp.bin,ガルバGFスーラ,Garuba G Snarl
0x47578c@mhfdat-jp.bin,ウィンドGFアンク,Garuba GF Snarl
0x475790@mhfdat-jp.bin,ウィンドGFスーラ,Wind GF Glare
0x475794@mhfdat-jp.bin,武者GF【兜】,Wind GF Snarl
0x475798@mhfdat-jp.bin,日光GF【兜】,武者GF Kabuto
0x47579c@mhfdat-jp.bin,白蘭・剣聖ヘルム,日光GF Kabuto
0x4757a0@mhfdat-jp.bin,白蘭・剣聖Ｆヘルム,White 蘭・Kensei Helm
0x4757a4@mhfdat-jp.bin,白蘭・剣聖FXヘルム,White 蘭・Kensei F Helm
0x4757a8@mhfdat-jp.bin,紅霞・剣聖ヘルム,White 蘭・Kensei FX Helm
0x4757ac@mhfdat-jp.bin,紅霞・剣聖Ｆヘルム,Crimson 霞・Kensei Helm
0x4757b0@mhfdat-jp.bin,紅霞・剣聖FXヘルム,Crimson 霞・Kensei F Helm
0x4757b4@mhfdat-jp.bin,白蘭・剣聖Ｇヘルム,Crimson 霞・Kensei FX Helm
0x4757b8@mhfdat-jp.bin,白蘭・剣聖GFヘルム,White 蘭・Kensei G Helm
0x4757bc@mhfdat-jp.bin,白蘭・剣聖GXヘルム,White 蘭・Kensei GF Helm
0x4757c0@mhfdat-jp.bin,月夜・剣聖Ｇヘルム,White 蘭・Kensei GX Helm
0x4757c4@mhfdat-jp.bin,月夜・剣聖GFヘルム,月夜・Kensei G Helm
0x4757c8@mhfdat-jp.bin,月夜・剣聖GXヘルム,月夜・Kensei GF Helm
0x4757cc@mhfdat-jp.bin,紅霞・剣聖Ｇヘルム,月夜・Kensei GX Helm
0x4757d0@mhfdat-jp.bin,紅霞・剣聖GFヘルム,Crimson 霞・Kensei G Helm
0x4757d4@mhfdat-jp.bin,紅霞・剣聖GXヘルム,Crimson 霞・Kensei GF Helm
0x4757d8@mhfdat-jp.bin,蒼穹・剣聖Ｇヘルム,Crimson 霞・Kensei GX Helm
0x4757dc@mhfdat-jp.bin,蒼穹・剣聖GFヘルム,Green 穹・Kensei G Helm
0x4757e0@mhfdat-jp.bin,蒼穹・剣聖GXヘルム,Green 穹・Kensei GF Helm
0x4757e4@mhfdat-jp.bin,白蘭・双龍ヘルム,Green 穹・Kensei GX Helm
0x4757e8@mhfdat-jp.bin,白蘭・双龍Ｆヘルム,White 蘭・双龍 Helm
0x4757ec@mhfdat-jp.bin,白蘭・双龍FXヘルム,White 蘭・双龍F Helm
0x4757f0@mhfdat-jp.bin,紅霞・双龍ヘルム,White 蘭・双龍FX Helm
0x4757f4@mhfdat-jp.bin,紅霞・双龍Ｆヘルム,Crimson 霞・双龍 Helm
0x4757f8@mhfdat-jp.bin,紅霞・双龍FXヘルム,Crimson 霞・双龍F Helm
0x4757fc@mhfdat-jp.bin,白蘭・双龍Ｇヘルム,Crimson 霞・双龍FX Helm
0x475800@mhfdat-jp.bin,白蘭・双龍GFヘルム,White 蘭・双龍G Helm
0x475804@mhfdat-jp.bin,白蘭・双龍GXヘルム,White 蘭・双龍GF Helm
0x475808@mhfdat-jp.bin,月夜・双龍Ｇヘルム,White 蘭・双龍GX Helm
0x47580c@mhfdat-jp.bin,月夜・双龍GFヘルム,月夜・双龍G Helm
0x475810@mhfdat-jp.bin,月夜・双龍GXヘルム,月夜・双龍GF Helm
0x475814@mhfdat-jp.bin,紅霞・双龍Ｇヘルム,月夜・双龍GX Helm
0x475818@mhfdat-jp.bin,紅霞・双龍GFヘルム,Crimson 霞・双龍G Helm
0x47581c@mhfdat-jp.bin,紅霞・双龍GXヘルム,Crimson 霞・双龍GF Helm
0x475820@mhfdat-jp.bin,蒼穹・双龍Ｇヘルム,Crimson 霞・双龍GX Helm
0x475824@mhfdat-jp.bin,蒼穹・双龍GFヘルム,Green 穹・双龍G Helm
0x475828@mhfdat-jp.bin,蒼穹・双龍GXヘルム,Green 穹・双龍GF Helm
0x47582c@mhfdat-jp.bin,白蘭・剣王ヘルム,Green 穹・双龍GX Helm
0x475830@mhfdat-jp.bin,白蘭・剣王Ｆヘルム,White 蘭・Blade 王 Helm
0x475834@mhfdat-jp.bin,白蘭・剣王FXヘルム,White 蘭・Blade 王F Helm
0x475838@mhfdat-jp.bin,紅霞・剣王ヘルム,White 蘭・Blade 王FX Helm
0x47583c@mhfdat-jp.bin,紅霞・剣王Ｆヘルム,Crimson 霞・Blade 王 Helm
0x475840@mhfdat-jp.bin,紅霞・剣王FXヘルム,Crimson 霞・Blade 王F Helm
0x475844@mhfdat-jp.bin,白蘭・剣王Ｇヘルム,Crimson 霞・Blade 王FX Helm
0x475848@mhfdat-jp.bin,白蘭・剣王GFヘルム,White 蘭・Blade 王G Helm
0x47584c@mhfdat-jp.bin,白蘭・剣王GXヘルム,White 蘭・Blade 王GF Helm
0x475850@mhfdat-jp.bin,月夜・剣王Ｇヘルム,White 蘭・Blade 王GX Helm
0x475854@mhfdat-jp.bin,月夜・剣王GFヘルム,月夜・Blade 王G Helm
0x475858@mhfdat-jp.bin,月夜・剣王GXヘルム,月夜・Blade 王GF Helm
0x47585c@mhfdat-jp.bin,紅霞・剣王Ｇヘルム,月夜・Blade 王GX Helm
0x475860@mhfdat-jp.bin,紅霞・剣王GFヘルム,Crimson 霞・Blade 王G Helm
0x475864@mhfdat-jp.bin,紅霞・剣王GXヘルム,Crimson 霞・Blade 王GF Helm
0x475868@mhfdat-jp.bin,蒼穹・剣王Ｇヘルム,Crimson 霞・Blade 王GX Helm
0x47586c@mhfdat-jp.bin,蒼穹・剣王GFヘルム,Green 穹・Blade 王G Helm
0x475870@mhfdat-jp.bin,蒼穹・剣王GXヘルム,Green 穹・Blade 王GF Helm
0x475874@mhfdat-jp.bin,白蘭・刀神ヘルム,Green 穹・Blade 王GX Helm
0x475878@mhfdat-jp.bin,白蘭・刀神Ｆヘルム,White 蘭・刀神 Helm
0x47587c@mhfdat-jp.bin,白蘭・刀神FXヘルム,White 蘭・刀神F Helm
0x475880@mhfdat-jp.bin,紅霞・刀神ヘルム,White 蘭・刀神FX Helm
0x475884@mhfdat-jp.bin,紅霞・刀神Ｆヘルム,Crimson 霞・刀神 Helm
0x475888@mhfdat-jp.bin,紅霞・刀神FXヘルム,Crimson 霞・刀神F Helm
0x47588c@mhfdat-jp.bin,白蘭・刀神Ｇヘルム,Crimson 霞・刀神FX Helm
0x475890@mhfdat-jp.bin,白蘭・刀神GFヘルム,White 蘭・刀神G Helm
0x475894@mhfdat-jp.bin,白蘭・刀神GXヘルム,White 蘭・刀神GF Helm
0x475898@mhfdat-jp.bin,月夜・刀神Ｇヘルム,White 蘭・刀神GX Helm
0x47589c@mhfdat-jp.bin,月夜・刀神GFヘルム,月夜・刀神G Helm
0x4758a0@mhfdat-jp.bin,月夜・刀神GXヘルム,月夜・刀神GF Helm
0x4758a4@mhfdat-jp.bin,紅霞・刀神Ｇヘルム,月夜・刀神GX Helm
0x4758a8@mhfdat-jp.bin,紅霞・刀神GFヘルム,Crimson 霞・刀神G Helm
0x4758ac@mhfdat-jp.bin,紅霞・刀神GXヘルム,Crimson 霞・刀神GF Helm
0x4758b0@mhfdat-jp.bin,蒼穹・刀神Ｇヘルム,Crimson 霞・刀神GX Helm
0x4758b4@mhfdat-jp.bin,蒼穹・刀神GFヘルム,Green 穹・刀神G Helm
0x4758b8@mhfdat-jp.bin,蒼穹・刀神GXヘルム,Green 穹・刀神GF Helm
0x4758bc@mhfdat-jp.bin,白蘭・鈍器獣ヘルム,Green 穹・刀神GX Helm
0x4758c0@mhfdat-jp.bin,白蘭・鈍器獣Ｆヘルム,White 蘭・鈍器獣 Helm
0x4758c4@mhfdat-jp.bin,白蘭・鈍器獣FXヘルム,White 蘭・鈍器獣F Helm
0x4758c8@mhfdat-jp.bin,紅霞・鈍器獣ヘルム,White 蘭・鈍器獣FX Helm
0x4758cc@mhfdat-jp.bin,紅霞・鈍器獣Ｆヘルム,Crimson 霞・鈍器獣 Helm
0x4758d0@mhfdat-jp.bin,紅霞・鈍器獣FXヘルム,Crimson 霞・鈍器獣F Helm
0x4758d4@mhfdat-jp.bin,白蘭・鈍器獣Ｇヘルム,Crimson 霞・鈍器獣FX Helm
0x4758d8@mhfdat-jp.bin,白蘭・鈍器獣GFヘルム,White 蘭・鈍器獣G Helm
0x4758dc@mhfdat-jp.bin,白蘭・鈍器獣GXヘルム,White 蘭・鈍器獣GF Helm
0x4758e0@mhfdat-jp.bin,月夜・鈍器獣Ｇヘルム,White 蘭・鈍器獣GX Helm
0x4758e4@mhfdat-jp.bin,月夜・鈍器獣GFヘルム,月夜・鈍器獣G Helm
0x4758e8@mhfdat-jp.bin,月夜・鈍器獣GXヘルム,月夜・鈍器獣GF Helm
0x4758ec@mhfdat-jp.bin,紅霞・鈍器獣Ｇヘルム,月夜・鈍器獣GX Helm
0x4758f0@mhfdat-jp.bin,紅霞・鈍器獣GFヘルム,Crimson 霞・鈍器獣G Helm
0x4758f4@mhfdat-jp.bin,紅霞・鈍器獣GXヘルム,Crimson 霞・鈍器獣GF Helm
0x4758f8@mhfdat-jp.bin,蒼穹・鈍器獣Ｇヘルム,Crimson 霞・鈍器獣GX Helm
0x4758fc@mhfdat-jp.bin,蒼穹・鈍器獣GFヘルム,Green 穹・鈍器獣G Helm
0x475900@mhfdat-jp.bin,蒼穹・鈍器獣GXヘルム,Green 穹・鈍器獣GF Helm
0x475904@mhfdat-jp.bin,白蘭・奏帝ヘルム,Green 穹・鈍器獣GX Helm
0x475908@mhfdat-jp.bin,白蘭・奏帝Ｆヘルム,White 蘭・奏帝 Helm
0x47590c@mhfdat-jp.bin,白蘭・奏帝FXヘルム,White 蘭・奏帝F Helm
0x475910@mhfdat-jp.bin,紅霞・奏帝ヘルム,White 蘭・奏帝FX Helm
0x475914@mhfdat-jp.bin,紅霞・奏帝Ｆヘルム,Crimson 霞・奏帝 Helm
0x475918@mhfdat-jp.bin,紅霞・奏帝FXヘルム,Crimson 霞・奏帝F Helm
0x47591c@mhfdat-jp.bin,白蘭・奏帝Ｇヘルム,Crimson 霞・奏帝FX Helm
0x475920@mhfdat-jp.bin,白蘭・奏帝GFヘルム,White 蘭・奏帝G Helm
0x475924@mhfdat-jp.bin,白蘭・奏帝GXヘルム,White 蘭・奏帝GF Helm
0x475928@mhfdat-jp.bin,月夜・奏帝Ｇヘルム,White 蘭・奏帝GX Helm
0x47592c@mhfdat-jp.bin,月夜・奏帝GFヘルム,月夜・奏帝G Helm
0x475930@mhfdat-jp.bin,月夜・奏帝GXヘルム,月夜・奏帝GF Helm
0x475934@mhfdat-jp.bin,紅霞・奏帝Ｇヘルム,月夜・奏帝GX Helm
0x475938@mhfdat-jp.bin,紅霞・奏帝GFヘルム,Crimson 霞・奏帝G Helm
0x47593c@mhfdat-jp.bin,紅霞・奏帝GXヘルム,Crimson 霞・奏帝GF Helm
0x475940@mhfdat-jp.bin,蒼穹・奏帝Ｇヘルム,Crimson 霞・奏帝GX Helm
0x475944@mhfdat-jp.bin,蒼穹・奏帝GFヘルム,Green 穹・奏帝G Helm
0x475948@mhfdat-jp.bin,蒼穹・奏帝GXヘルム,Green 穹・奏帝GF Helm
0x47594c@mhfdat-jp.bin,白蘭・天槍ヘルム,Green 穹・奏帝GX Helm
0x475950@mhfdat-jp.bin,白蘭・天槍Ｆヘルム,White 蘭・Heaven 槍 Helm
0x475954@mhfdat-jp.bin,白蘭・天槍FXヘルム,White 蘭・Heaven 槍F Helm
0x475958@mhfdat-jp.bin,紅霞・天槍ヘルム,White 蘭・Heaven 槍FX Helm
0x47595c@mhfdat-jp.bin,紅霞・天槍Ｆヘルム,Crimson 霞・Heaven 槍 Helm
0x475960@mhfdat-jp.bin,紅霞・天槍FXヘルム,Crimson 霞・Heaven 槍F Helm
0x475964@mhfdat-jp.bin,白蘭・天槍Ｇヘルム,Crimson 霞・Heaven 槍FX Helm
0x475968@mhfdat-jp.bin,白蘭・天槍GFヘルム,White 蘭・Heaven 槍G Helm
0x47596c@mhfdat-jp.bin,白蘭・天槍GXヘルム,White 蘭・Heaven 槍GF Helm
0x475970@mhfdat-jp.bin,月夜・天槍Ｇヘルム,White 蘭・Heaven 槍GX Helm
0x475974@mhfdat-jp.bin,月夜・天槍GFヘルム,月夜・Heaven 槍G Helm
0x475978@mhfdat-jp.bin,月夜・天槍GXヘルム,月夜・Heaven 槍GF Helm
0x47597c@mhfdat-jp.bin,紅霞・天槍Ｇヘルム,月夜・Heaven 槍GX Helm
0x475980@mhfdat-jp.bin,紅霞・天槍GFヘルム,Crimson 霞・Heaven 槍G Helm
0x475984@mhfdat-jp.bin,紅霞・天槍GXヘルム,Crimson 霞・Heaven 槍GF Helm
0x475988@mhfdat-jp.bin,蒼穹・天槍Ｇヘルム,Crimson 霞・Heaven 槍GX Helm
0x47598c@mhfdat-jp.bin,蒼穹・天槍GFヘルム,Green 穹・Heaven 槍G Helm
0x475990@mhfdat-jp.bin,蒼穹・天槍GXヘルム,Green 穹・Heaven 槍GF Helm
0x475994@mhfdat-jp.bin,白蘭・砲皇ヘルム,Green 穹・Heaven 槍GX Helm
0x475998@mhfdat-jp.bin,白蘭・砲皇Ｆヘルム,White 蘭・砲皇 Helm
0x47599c@mhfdat-jp.bin,白蘭・砲皇FXヘルム,White 蘭・砲皇F Helm
0x4759a0@mhfdat-jp.bin,紅霞・砲皇ヘルム,White 蘭・砲皇FX Helm
0x4759a4@mhfdat-jp.bin,紅霞・砲皇Ｆヘルム,Crimson 霞・砲皇 Helm
0x4759a8@mhfdat-jp.bin,紅霞・砲皇FXヘルム,Crimson 霞・砲皇F Helm
0x4759ac@mhfdat-jp.bin,白蘭・砲皇Ｇヘルム,Crimson 霞・砲皇FX Helm
0x4759b0@mhfdat-jp.bin,白蘭・砲皇GFヘルム,White 蘭・砲皇G Helm
0x4759b4@mhfdat-jp.bin,白蘭・砲皇GXヘルム,White 蘭・砲皇GF Helm
0x4759b8@mhfdat-jp.bin,月夜・砲皇Ｇヘルム,White 蘭・砲皇GX Helm
0x4759bc@mhfdat-jp.bin,月夜・砲皇GFヘルム,月夜・砲皇G Helm
0x4759c0@mhfdat-jp.bin,月夜・砲皇GXヘルム,月夜・砲皇GF Helm
0x4759c4@mhfdat-jp.bin,紅霞・砲皇Ｇヘルム,月夜・砲皇GX Helm
0x4759c8@mhfdat-jp.bin,紅霞・砲皇GFヘルム,Crimson 霞・砲皇G Helm
0x4759cc@mhfdat-jp.bin,紅霞・砲皇GXヘルム,Crimson 霞・砲皇GF Helm
0x4759d0@mhfdat-jp.bin,蒼穹・砲皇Ｇヘルム,Crimson 霞・砲皇GX Helm
0x4759d4@mhfdat-jp.bin,蒼穹・砲皇GFヘルム,Green 穹・砲皇G Helm
0x4759d8@mhfdat-jp.bin,蒼穹・砲皇GXヘルム,Green 穹・砲皇GF Helm
0x4759dc@mhfdat-jp.bin,白蘭・穿凰ヘルム,Green 穹・砲皇GX Helm
0x4759e0@mhfdat-jp.bin,白蘭・穿凰Ｆヘルム,White 蘭・穿凰 Helm
0x4759e4@mhfdat-jp.bin,白蘭・穿凰FXヘルム,White 蘭・穿凰F Helm
0x4759e8@mhfdat-jp.bin,紅霞・穿凰ヘルム,White 蘭・穿凰FX Helm
0x4759ec@mhfdat-jp.bin,紅霞・穿凰Ｆヘルム,Crimson 霞・穿凰 Helm
0x4759f0@mhfdat-jp.bin,紅霞・穿凰FXヘルム,Crimson 霞・穿凰F Helm
0x4759f4@mhfdat-jp.bin,白蘭・穿凰Ｇヘルム,Crimson 霞・穿凰FX Helm
0x4759f8@mhfdat-jp.bin,白蘭・穿凰GFヘルム,White 蘭・穿凰G Helm
0x4759fc@mhfdat-jp.bin,白蘭・穿凰GXヘルム,White 蘭・穿凰GF Helm
0x475a00@mhfdat-jp.bin,月夜・穿凰Ｇヘルム,White 蘭・穿凰GX Helm
0x475a04@mhfdat-jp.bin,月夜・穿凰GFヘルム,月夜・穿凰G Helm
0x475a08@mhfdat-jp.bin,月夜・穿凰GXヘルム,月夜・穿凰GF Helm
0x475a0c@mhfdat-jp.bin,紅霞・穿凰Ｇヘルム,月夜・穿凰GX Helm
0x475a10@mhfdat-jp.bin,紅霞・穿凰GFヘルム,Crimson 霞・穿凰G Helm
0x475a14@mhfdat-jp.bin,紅霞・穿凰GXヘルム,Crimson 霞・穿凰GF Helm
0x475a18@mhfdat-jp.bin,蒼穹・穿凰Ｇヘルム,Crimson 霞・穿凰GX Helm
0x475a1c@mhfdat-jp.bin,蒼穹・穿凰GFヘルム,Green 穹・穿凰G Helm
0x475a20@mhfdat-jp.bin,蒼穹・穿凰GXヘルム,Green 穹・穿凰GF Helm
0x475a24@mhfdat-jp.bin,白蘭・銃仙マスク,Green 穹・穿凰GX Helm
0x475a28@mhfdat-jp.bin,白蘭・銃仙Ｆマスク,White 蘭・銃仙 Mask
0x475a2c@mhfdat-jp.bin,白蘭・銃仙FXマスク,White 蘭・銃仙F Mask
0x475a30@mhfdat-jp.bin,紅霞・銃仙マスク,White 蘭・銃仙FX Mask
0x475a34@mhfdat-jp.bin,紅霞・銃仙Ｆマスク,Crimson 霞・銃仙 Mask
0x475a38@mhfdat-jp.bin,紅霞・銃仙FXマスク,Crimson 霞・銃仙F Mask
0x475a3c@mhfdat-jp.bin,白蘭・銃仙Ｇマスク,Crimson 霞・銃仙FX Mask
0x475a40@mhfdat-jp.bin,白蘭・銃仙GFマスク,White 蘭・銃仙G Mask
0x475a44@mhfdat-jp.bin,白蘭・銃仙GXマスク,White 蘭・銃仙GF Mask
0x475a48@mhfdat-jp.bin,月夜・銃仙Ｇマスク,White 蘭・銃仙GX Mask
0x475a4c@mhfdat-jp.bin,月夜・銃仙GFマスク,月夜・銃仙G Mask
0x475a50@mhfdat-jp.bin,月夜・銃仙GXマスク,月夜・銃仙GF Mask
0x475a54@mhfdat-jp.bin,紅霞・銃仙Ｇマスク,月夜・銃仙GX Mask
0x475a58@mhfdat-jp.bin,紅霞・銃仙GFマスク,Crimson 霞・銃仙G Mask
0x475a5c@mhfdat-jp.bin,紅霞・銃仙GXマスク,Crimson 霞・銃仙GF Mask
0x475a60@mhfdat-jp.bin,蒼穹・銃仙Ｇマスク,Crimson 霞・銃仙GX Mask
0x475a64@mhfdat-jp.bin,蒼穹・銃仙GFマスク,Green 穹・銃仙G Mask
0x475a68@mhfdat-jp.bin,蒼穹・銃仙GXマスク,Green 穹・銃仙GF Mask
0x475a6c@mhfdat-jp.bin,白蘭・銃傑マスク,Green 穹・銃仙GX Mask
0x475a70@mhfdat-jp.bin,白蘭・銃傑Ｆマスク,White 蘭・銃傑 Mask
0x475a74@mhfdat-jp.bin,白蘭・銃傑FXマスク,White 蘭・銃傑F Mask
0x475a78@mhfdat-jp.bin,紅霞・銃傑マスク,White 蘭・銃傑FX Mask
0x475a7c@mhfdat-jp.bin,紅霞・銃傑Ｆマスク,Crimson 霞・銃傑 Mask
0x475a80@mhfdat-jp.bin,紅霞・銃傑FXマスク,Crimson 霞・銃傑F Mask
0x475a84@mhfdat-jp.bin,白蘭・銃傑Ｇマスク,Crimson 霞・銃傑FX Mask
0x475a88@mhfdat-jp.bin,白蘭・銃傑GFマスク,White 蘭・銃傑G Mask
0x475a8c@mhfdat-jp.bin,白蘭・銃傑GXマスク,White 蘭・銃傑GF Mask
0x475a90@mhfdat-jp.bin,月夜・銃傑Ｇマスク,White 蘭・銃傑GX Mask
0x475a94@mhfdat-jp.bin,月夜・銃傑GFマスク,月夜・銃傑G Mask
0x475a98@mhfdat-jp.bin,月夜・銃傑GXマスク,月夜・銃傑GF Mask
0x475a9c@mhfdat-jp.bin,紅霞・銃傑Ｇマスク,月夜・銃傑GX Mask
0x475aa0@mhfdat-jp.bin,紅霞・銃傑GFマスク,Crimson 霞・銃傑G Mask
0x475aa4@mhfdat-jp.bin,紅霞・銃傑GXマスク,Crimson 霞・銃傑GF Mask
0x475aa8@mhfdat-jp.bin,蒼穹・銃傑Ｇマスク,Crimson 霞・銃傑GX Mask
0x475aac@mhfdat-jp.bin,蒼穹・銃傑GFマスク,Green 穹・銃傑G Mask
0x475ab0@mhfdat-jp.bin,蒼穹・銃傑GXマスク,Green 穹・銃傑GF Mask
0x475ab4@mhfdat-jp.bin,白蘭・弓鬼マスク,Green 穹・銃傑GX Mask
0x475ab8@mhfdat-jp.bin,白蘭・弓鬼Ｆマスク,White 蘭・Bow 鬼 Mask
0x475abc@mhfdat-jp.bin,白蘭・弓鬼FXマスク,White 蘭・Bow 鬼F Mask
0x475ac0@mhfdat-jp.bin,紅霞・弓鬼マスク,White 蘭・Bow 鬼FX Mask
0x475ac4@mhfdat-jp.bin,紅霞・弓鬼Ｆマスク,Crimson 霞・Bow 鬼 Mask
0x475ac8@mhfdat-jp.bin,紅霞・弓鬼FXマスク,Crimson 霞・Bow 鬼F Mask
0x475acc@mhfdat-jp.bin,白蘭・弓鬼Ｇマスク,Crimson 霞・Bow 鬼FX Mask
0x475ad0@mhfdat-jp.bin,白蘭・弓鬼GFマスク,White 蘭・Bow 鬼G Mask
0x475ad4@mhfdat-jp.bin,白蘭・弓鬼GXマスク,White 蘭・Bow 鬼GF Mask
0x475ad8@mhfdat-jp.bin,月夜・弓鬼Ｇマスク,White 蘭・Bow 鬼GX Mask
0x475adc@mhfdat-jp.bin,月夜・弓鬼GFマスク,月夜・Bow 鬼G Mask
0x475ae0@mhfdat-jp.bin,月夜・弓鬼GXマスク,月夜・Bow 鬼GF Mask
0x475ae4@mhfdat-jp.bin,紅霞・弓鬼Ｇマスク,月夜・Bow 鬼GX Mask
0x475ae8@mhfdat-jp.bin,紅霞・弓鬼GFマスク,Crimson 霞・Bow 鬼G Mask
0x475aec@mhfdat-jp.bin,紅霞・弓鬼GXマスク,Crimson 霞・Bow 鬼GF Mask
0x475af0@mhfdat-jp.bin,蒼穹・弓鬼Ｇマスク,Crimson 霞・Bow 鬼GX Mask
0x475af4@mhfdat-jp.bin,蒼穹・弓鬼GFマスク,Green 穹・Bow 鬼G Mask
0x475af8@mhfdat-jp.bin,蒼穹・弓鬼GXマスク,Green 穹・Bow 鬼GF Mask
0x475afc@mhfdat-jp.bin,飛天ノ鉢金・白,Green 穹・Bow 鬼GX Mask
0x475b00@mhfdat-jp.bin,飛天ノ鉢金Ｆ・白,Flight Headguard・White
0x475b04@mhfdat-jp.bin,飛天ノ鉢金FZ・白,Flight Headguard F・White
0x475b08@mhfdat-jp.bin,飛天ノ鉢金HS・白,Flight Headguard FZ・White
0x475b0c@mhfdat-jp.bin,飛天ノ鉢金GS・白,Flight Headguard HS・White
0x475b10@mhfdat-jp.bin,飛天ノ鉢金GP・白,Flight Headguard GS・White
0x475b14@mhfdat-jp.bin,飛天ノ面・白,Flight Headguard GP・White
0x475b18@mhfdat-jp.bin,飛天ノ面Ｆ・白,Flight Mask・White
0x475b1c@mhfdat-jp.bin,飛天ノ面FZ・白,Flight Mask F・White
0x475b20@mhfdat-jp.bin,飛天ノ面HS・白,Flight Mask FZ・White
0x475b24@mhfdat-jp.bin,飛天ノ面GS・白,Flight Mask HS・White
0x475b28@mhfdat-jp.bin,飛天ノ面GP・白,Flight Mask GS・White
0x475b2c@mhfdat-jp.bin,飛天ノ鉢金・赤,Flight Mask GP・White
0x475b30@mhfdat-jp.bin,飛天ノ鉢金Ｆ・赤,Flight Headguard・Red
0x475b34@mhfdat-jp.bin,飛天ノ鉢金FZ・赤,Flight Headguard F・Red
0x475b38@mhfdat-jp.bin,飛天ノ鉢金HS・赤,Flight Headguard FZ・Red
0x475b3c@mhfdat-jp.bin,飛天ノ鉢金GS・赤,Flight Headguard HS・Red
0x475b40@mhfdat-jp.bin,飛天ノ鉢金GP・赤,Flight Headguard GS・Red
0x475b44@mhfdat-jp.bin,飛天ノ面・赤,Flight Headguard GP・Red
0x475b48@mhfdat-jp.bin,飛天ノ面Ｆ・赤,Flight Mask・Red
0x475b4c@mhfdat-jp.bin,飛天ノ面FZ・赤,Flight Mask F・Red
0x475b50@mhfdat-jp.bin,飛天ノ面HS・赤,Flight Mask FZ・Red
0x475b54@mhfdat-jp.bin,飛天ノ面GS・赤,Flight Mask HS・Red
0x475b58@mhfdat-jp.bin,飛天ノ面GP・赤,Flight Mask GS・Red
0x475b5c@mhfdat-jp.bin,飛天ノ鉢金・茶,Flight Mask GP・Red
0x475b60@mhfdat-jp.bin,飛天ノ鉢金Ｆ・茶,Flight Headguard・Tea
0x475b64@mhfdat-jp.bin,飛天ノ鉢金FZ・茶,Flight Headguard F・Tea
0x475b68@mhfdat-jp.bin,飛天ノ鉢金HS・茶,Flight Headguard FZ・Tea
0x475b6c@mhfdat-jp.bin,飛天ノ鉢金GS・茶,Flight Headguard HS・Tea
0x475b70@mhfdat-jp.bin,飛天ノ鉢金GP・茶,Flight Headguard GS・Tea
0x475b74@mhfdat-jp.bin,飛天ノ面・茶,Flight Headguard GP・Tea
0x475b78@mhfdat-jp.bin,飛天ノ面Ｆ・茶,Flight Mask・Tea
0x475b7c@mhfdat-jp.bin,飛天ノ面FZ・茶,Flight Mask F・Tea
0x475b80@mhfdat-jp.bin,飛天ノ面HS・茶,Flight Mask FZ・Tea
0x475b84@mhfdat-jp.bin,飛天ノ面GS・茶,Flight Mask HS・Tea
0x475b88@mhfdat-jp.bin,飛天ノ面GP・茶,Flight Mask GS・Tea
0x475b8c@mhfdat-jp.bin,飛天ノ鉢金・青,Flight Mask GP・Tea
0x475b90@mhfdat-jp.bin,飛天ノ鉢金Ｆ・青,Flight Headguard・Blue
0x475b94@mhfdat-jp.bin,飛天ノ鉢金FZ・青,Flight Headguard F・Blue
0x475b98@mhfdat-jp.bin,飛天ノ鉢金HS・青,Flight Headguard FZ・Blue
0x475b9c@mhfdat-jp.bin,飛天ノ鉢金GS・青,Flight Headguard HS・Blue
0x475ba0@mhfdat-jp.bin,飛天ノ鉢金GP・青,Flight Headguard GS・Blue
0x475ba4@mhfdat-jp.bin,飛天ノ面・青,Flight Headguard GP・Blue
0x475ba8@mhfdat-jp.bin,飛天ノ面Ｆ・青,Flight Mask・Blue
0x475bac@mhfdat-jp.bin,飛天ノ面FZ・青,Flight Mask F・Blue
0x475bb0@mhfdat-jp.bin,飛天ノ面HS・青,Flight Mask FZ・Blue
0x475bb4@mhfdat-jp.bin,飛天ノ面GS・青,Flight Mask HS・Blue
0x475bb8@mhfdat-jp.bin,飛天ノ面GP・青,Flight Mask GS・Blue
0x475bbc@mhfdat-jp.bin,ナーガヘッド・青,Flight Mask GP・Blue
0x475bc0@mhfdat-jp.bin,ナーガＦヘッド・青,Naga Head・Blue
0x475bc4@mhfdat-jp.bin,ナーガFZヘッド・青,Naga F Head・Blue
0x475bc8@mhfdat-jp.bin,ナーガHSヘッド・青,Naga FZ Head・Blue
0x475bcc@mhfdat-jp.bin,ナーガGSヘッド・青,Naga HS Head・Blue
0x475bd0@mhfdat-jp.bin,ナーガGPヘッド・青,Naga GS Head・Blue
0x475bd4@mhfdat-jp.bin,ナーガマスク・青,Naga GP Head・Blue
0x475bd8@mhfdat-jp.bin,ナーガＦマスク・青,Naga Mask・Blue
0x475bdc@mhfdat-jp.bin,ナーガFZマスク・青,Naga F Mask・Blue
0x475be0@mhfdat-jp.bin,ナーガHSマスク・青,Naga FZ Mask・Blue
0x475be4@mhfdat-jp.bin,ナーガGSマスク・青,Naga HS Mask・Blue
0x475be8@mhfdat-jp.bin,ナーガGPマスク・青,Naga GS Mask・Blue
0x475bec@mhfdat-jp.bin,ナーガヘッド・赤,Naga GP Mask・Blue
0x475bf0@mhfdat-jp.bin,ナーガＦヘッド・赤,Naga Head・Red
0x475bf4@mhfdat-jp.bin,ナーガFZヘッド・赤,Naga F Head・Red
0x475bf8@mhfdat-jp.bin,ナーガHSヘッド・赤,Naga FZ Head・Red
0x475bfc@mhfdat-jp.bin,ナーガGSヘッド・赤,Naga HS Head・Red
0x475c00@mhfdat-jp.bin,ナーガGPヘッド・赤,Naga GS Head・Red
0x475c04@mhfdat-jp.bin,ナーガマスク・赤,Naga GP Head・Red
0x475c08@mhfdat-jp.bin,ナーガＦマスク・赤,Naga Mask・Red
0x475c0c@mhfdat-jp.bin,ナーガFZマスク・赤,Naga F Mask・Red
0x475c10@mhfdat-jp.bin,ナーガHSマスク・赤,Naga FZ Mask・Red
0x475c14@mhfdat-jp.bin,ナーガGSマスク・赤,Naga HS Mask・Red
0x475c18@mhfdat-jp.bin,ナーガGPマスク・赤,Naga GS Mask・Red
0x475c1c@mhfdat-jp.bin,ナーガヘッド・白,Naga GP Mask・Red
0x475c20@mhfdat-jp.bin,ナーガＦヘッド・白,Naga Head・White
0x475c24@mhfdat-jp.bin,ナーガFZヘッド・白,Naga F Head・White
0x475c28@mhfdat-jp.bin,ナーガHSヘッド・白,Naga FZ Head・White
0x475c2c@mhfdat-jp.bin,ナーガGSヘッド・白,Naga HS Head・White
0x475c30@mhfdat-jp.bin,ナーガGPヘッド・白,Naga GS Head・White
0x475c34@mhfdat-jp.bin,ナーガマスク・白,Naga GP Head・White
0x475c38@mhfdat-jp.bin,ナーガＦマスク・白,Naga Mask・White
0x475c3c@mhfdat-jp.bin,ナーガFZマスク・白,Naga F Mask・White
0x475c40@mhfdat-jp.bin,ナーガHSマスク・白,Naga FZ Mask・White
0x475c44@mhfdat-jp.bin,ナーガGSマスク・白,Naga HS Mask・White
0x475c48@mhfdat-jp.bin,ナーガGPマスク・白,Naga GS Mask・White
0x475c4c@mhfdat-jp.bin,ナーガヘッド・黒,Naga GP Mask・White
0x475c50@mhfdat-jp.bin,ナーガＦヘッド・黒,Naga Head・Black
0x475c54@mhfdat-jp.bin,ナーガFZヘッド・黒,Naga F Head・Black
0x475c58@mhfdat-jp.bin,ナーガHSヘッド・黒,Naga FZ Head・Black
0x475c5c@mhfdat-jp.bin,ナーガGSヘッド・黒,Naga HS Head・Black
0x475c60@mhfdat-jp.bin,ナーガGPヘッド・黒,Naga GS Head・Black
0x475c64@mhfdat-jp.bin,ナーガマスク・黒,Naga GP Head・Black
0x475c68@mhfdat-jp.bin,ナーガＦマスク・黒,Naga Mask・Black
0x475c6c@mhfdat-jp.bin,ナーガFZマスク・黒,Naga F Mask・Black
0x475c70@mhfdat-jp.bin,ナーガHSマスク・黒,Naga FZ Mask・Black
0x475c74@mhfdat-jp.bin,ナーガGSマスク・黒,Naga HS Mask・Black
0x475c78@mhfdat-jp.bin,ナーガGPマスク・黒,Naga GS Mask・Black
0x475c7c@mhfdat-jp.bin,曙光ノ兜,Naga GP Mask・Black
0x475c80@mhfdat-jp.bin,曙光ノ兜・Ｆ,Dawnbreak Helm
0x475c84@mhfdat-jp.bin,曙光ノ兜・FZ,Dawnbreak Helm・F
0x475c88@mhfdat-jp.bin,曙光ノ兜・HS,Dawnbreak Helm・FZ
0x475c8c@mhfdat-jp.bin,曙光ノ兜・GS,Dawnbreak Helm・HS
0x475c90@mhfdat-jp.bin,曙光ノ兜・GP,Dawnbreak Helm・GS
0x475c94@mhfdat-jp.bin,曙光ノ面,Dawnbreak Helm・GP
0x475c98@mhfdat-jp.bin,曙光ノ面・Ｆ,Dawnbreak Mask
0x475c9c@mhfdat-jp.bin,曙光ノ面・FZ,Dawnbreak Mask・F
0x475ca0@mhfdat-jp.bin,曙光ノ面・HS,Dawnbreak Mask・FZ
0x475ca4@mhfdat-jp.bin,曙光ノ面・GS,Dawnbreak Mask・HS
0x475ca8@mhfdat-jp.bin,曙光ノ面・GP,Dawnbreak Mask・GS
0x475cac@mhfdat-jp.bin,ズィベイゲヒル,Dawnbreak Mask・GP
0x475cb0@mhfdat-jp.bin,ズィベイＦゲヒル,Zuibei Brain
0x475cb4@mhfdat-jp.bin,ズィベイFZゲヒル,Zuibei F Brain
0x475cb8@mhfdat-jp.bin,ズィベイHSゲヒル,Zuibei FZ Brain
0x475cbc@mhfdat-jp.bin,ズィベイGSゲヒル,Zuibei HS Brain
0x475cc0@mhfdat-jp.bin,ズィベイGPゲヒル,Zuibei GS Brain
0x475cc4@mhfdat-jp.bin,ズィベイゼレ,Zuibei GP Brain
0x475cc8@mhfdat-jp.bin,ズィベイＦゼレ,Zuibei Soul
0x475ccc@mhfdat-jp.bin,ズィベイFZゼレ,Zuibei F Soul
0x475cd0@mhfdat-jp.bin,ズィベイHSゼレ,Zuibei FZ Soul
0x475cd4@mhfdat-jp.bin,ズィベイGSゼレ,Zuibei HS Soul
0x475cd8@mhfdat-jp.bin,ズィベイGPゼレ,Zuibei GS Soul
0x475cdc@mhfdat-jp.bin,オユンヘルム・青,Zuibei GP Soul
0x475ce0@mhfdat-jp.bin,オユンＦヘルム・青,Oyun Helm・Blue
0x475ce4@mhfdat-jp.bin,オユンFZヘルム・青,Oyun F Helm・Blue
0x475ce8@mhfdat-jp.bin,オユンHSヘルム・青,Oyun FZ Helm・Blue
0x475cec@mhfdat-jp.bin,オユンGSヘルム・青,Oyun HS Helm・Blue
0x475cf0@mhfdat-jp.bin,オユンGPヘルム・青,Oyun GS Helm・Blue
0x475cf4@mhfdat-jp.bin,オユンキャップ・青,Oyun GP Helm・Blue
0x475cf8@mhfdat-jp.bin,オユンＦキャップ・青,Oyun Cap・Blue
0x475cfc@mhfdat-jp.bin,オユンFZキャップ・青,Oyun F Cap・Blue
0x475d00@mhfdat-jp.bin,オユンHSキャップ・青,Oyun FZ Cap・Blue
0x475d04@mhfdat-jp.bin,オユンGSキャップ・青,Oyun HS Cap・Blue
0x475d08@mhfdat-jp.bin,オユンGPキャップ・青,Oyun GS Cap・Blue
0x475d0c@mhfdat-jp.bin,オユンヘルム・赤,Oyun GP Cap・Blue
0x475d10@mhfdat-jp.bin,オユンＦヘルム・赤,Oyun Helm・Red
0x475d14@mhfdat-jp.bin,オユンFZヘルム・赤,Oyun F Helm・Red
0x475d18@mhfdat-jp.bin,オユンHSヘルム・赤,Oyun FZ Helm・Red
0x475d1c@mhfdat-jp.bin,オユンGSヘルム・赤,Oyun HS Helm・Red
0x475d20@mhfdat-jp.bin,オユンGPヘルム・赤,Oyun GS Helm・Red
0x475d24@mhfdat-jp.bin,オユンキャップ・赤,Oyun GP Helm・Red
0x475d28@mhfdat-jp.bin,オユンＦキャップ・赤,Oyun Cap・Red
0x475d2c@mhfdat-jp.bin,オユンFZキャップ・赤,Oyun F Cap・Red
0x475d30@mhfdat-jp.bin,オユンHSキャップ・赤,Oyun FZ Cap・Red
0x475d34@mhfdat-jp.bin,オユンGSキャップ・赤,Oyun HS Cap・Red
0x475d38@mhfdat-jp.bin,オユンGPキャップ・赤,Oyun GS Cap・Red
0x475d3c@mhfdat-jp.bin,オユンヘルム・黒,Oyun GP Cap・Red
0x475d40@mhfdat-jp.bin,オユンＦヘルム・黒,Oyun Helm・Black
0x475d44@mhfdat-jp.bin,オユンFZヘルム・黒,Oyun F Helm・Black
0x475d48@mhfdat-jp.bin,オユンHSヘルム・黒,Oyun FZ Helm・Black
0x475d4c@mhfdat-jp.bin,オユンGSヘルム・黒,Oyun HS Helm・Black
0x475d50@mhfdat-jp.bin,オユンGPヘルム・黒,Oyun GS Helm・Black
0x475d54@mhfdat-jp.bin,オユンキャップ・黒,Oyun GP Helm・Black
0x475d58@mhfdat-jp.bin,オユンＦキャップ・黒,Oyun Cap・Black
0x475d5c@mhfdat-jp.bin,オユンFZキャップ・黒,Oyun F Cap・Black
0x475d60@mhfdat-jp.bin,オユンHSキャップ・黒,Oyun FZ Cap・Black
0x475d64@mhfdat-jp.bin,オユンGSキャップ・黒,Oyun HS Cap・Black
0x475d68@mhfdat-jp.bin,オユンGPキャップ・黒,Oyun GS Cap・Black
0x475d6c@mhfdat-jp.bin,オユンヘルム・白,Oyun GP Cap・Black
0x475d70@mhfdat-jp.bin,オユンＦヘルム・白,Oyun Helm・White
0x475d74@mhfdat-jp.bin,オユンFZヘルム・白,Oyun F Helm・White
0x475d78@mhfdat-jp.bin,オユンHSヘルム・白,Oyun FZ Helm・White
0x475d7c@mhfdat-jp.bin,オユンGSヘルム・白,Oyun HS Helm・White
0x475d80@mhfdat-jp.bin,オユンGPヘルム・白,Oyun GS Helm・White
0x475d84@mhfdat-jp.bin,オユンキャップ・白,Oyun GP Helm・White
0x475d88@mhfdat-jp.bin,オユンＦキャップ・白,Oyun Cap・White
0x475d8c@mhfdat-jp.bin,オユンFZキャップ・白,Oyun F Cap・White
0x475d90@mhfdat-jp.bin,オユンHSキャップ・白,Oyun FZ Cap・White
0x475d94@mhfdat-jp.bin,オユンGSキャップ・白,Oyun HS Cap・White
0x475d98@mhfdat-jp.bin,オユンGPキャップ・白,Oyun GS Cap・White
0x475d9c@mhfdat-jp.bin,アッシュヘッド・赤,Oyun GP Cap・White
0x475da0@mhfdat-jp.bin,アッシュＦヘッド・赤,Ash Head・Red
0x475da4@mhfdat-jp.bin,アッシュFZヘッド・赤,Ash F Head・Red
0x475da8@mhfdat-jp.bin,アッシュHSヘッド・赤,Ash FZ Head・Red
0x475dac@mhfdat-jp.bin,アッシュGSヘッド・赤,Ash HS Head・Red
0x475db0@mhfdat-jp.bin,アッシュGPヘッド・赤,Ash GS Head・Red
0x475db4@mhfdat-jp.bin,アッシュハット・赤,Ash GP Head・Red
0x475db8@mhfdat-jp.bin,アッシュＦハット・赤,Ash Hat・Red
0x475dbc@mhfdat-jp.bin,アッシュFZハット・赤,Ash F Hat・Red
0x475dc0@mhfdat-jp.bin,アッシュHSハット・赤,Ash FZ Hat・Red
0x475dc4@mhfdat-jp.bin,アッシュGSハット・赤,Ash HS Hat・Red
0x475dc8@mhfdat-jp.bin,アッシュGPハット・赤,Ash GS Hat・Red
0x475dcc@mhfdat-jp.bin,アッシュヘッド・青,Ash GP Hat・Red
0x475dd0@mhfdat-jp.bin,アッシュＦヘッド・青,Ash Head・Blue
0x475dd4@mhfdat-jp.bin,アッシュFZヘッド・青,Ash F Head・Blue
0x475dd8@mhfdat-jp.bin,アッシュHSヘッド・青,Ash FZ Head・Blue
0x475ddc@mhfdat-jp.bin,アッシュGSヘッド・青,Ash HS Head・Blue
0x475de0@mhfdat-jp.bin,アッシュGPヘッド・青,Ash GS Head・Blue
0x475de4@mhfdat-jp.bin,アッシュハット・青,Ash GP Head・Blue
0x475de8@mhfdat-jp.bin,アッシュＦハット・青,Ash Hat・Blue
0x475dec@mhfdat-jp.bin,アッシュFZハット・青,Ash F Hat・Blue
0x475df0@mhfdat-jp.bin,アッシュHSハット・青,Ash FZ Hat・Blue
0x475df4@mhfdat-jp.bin,アッシュGSハット・青,Ash HS Hat・Blue
0x475df8@mhfdat-jp.bin,アッシュGPハット・青,Ash GS Hat・Blue
0x475dfc@mhfdat-jp.bin,アッシュヘッド・白,Ash GP Hat・Blue
0x475e00@mhfdat-jp.bin,アッシュＦヘッド・白,Ash Head・White
0x475e04@mhfdat-jp.bin,アッシュFZヘッド・白,Ash F Head・White
0x475e08@mhfdat-jp.bin,アッシュHSヘッド・白,Ash FZ Head・White
0x475e0c@mhfdat-jp.bin,アッシュGSヘッド・白,Ash HS Head・White
0x475e10@mhfdat-jp.bin,アッシュGPヘッド・白,Ash GS Head・White
0x475e14@mhfdat-jp.bin,アッシュハット・白,Ash GP Head・White
0x475e18@mhfdat-jp.bin,アッシュＦハット・白,Ash Hat・White
0x475e1c@mhfdat-jp.bin,アッシュFZハット・白,Ash F Hat・White
0x475e20@mhfdat-jp.bin,アッシュHSハット・白,Ash FZ Hat・White
0x475e24@mhfdat-jp.bin,アッシュGSハット・白,Ash HS Hat・White
0x475e28@mhfdat-jp.bin,アッシュGPハット・白,Ash GS Hat・White
0x475e2c@mhfdat-jp.bin,アッシュヘッド・黒,Ash GP Hat・White
0x475e30@mhfdat-jp.bin,アッシュＦヘッド・黒,Ash Head・Black
0x475e34@mhfdat-jp.bin,アッシュFZヘッド・黒,Ash F Head・Black
0x475e38@mhfdat-jp.bin,アッシュHSヘッド・黒,Ash FZ Head・Black
0x475e3c@mhfdat-jp.bin,アッシュGSヘッド・黒,Ash HS Head・Black
0x475e40@mhfdat-jp.bin,アッシュGPヘッド・黒,Ash GS Head・Black
0x475e44@mhfdat-jp.bin,アッシュハット・黒,Ash GP Head・Black
0x475e48@mhfdat-jp.bin,アッシュＦハット・黒,Ash Hat・Black
0x475e4c@mhfdat-jp.bin,アッシュFZハット・黒,Ash F Hat・Black
0x475e50@mhfdat-jp.bin,アッシュHSハット・黒,Ash FZ Hat・Black
0x475e54@mhfdat-jp.bin,アッシュGSハット・黒,Ash HS Hat・Black
0x475e58@mhfdat-jp.bin,アッシュGPハット・黒,Ash GS Hat・Black
0x475e5c@mhfdat-jp.bin,ピスティスGPヘッド,Ash GP Hat・Black
0x475e60@mhfdat-jp.bin,ピスティスGPハット,Pistis GP Head
0x475e64@mhfdat-jp.bin,ブリンクHSバンド,Pistis GP Hat
0x475e68@mhfdat-jp.bin,ブリンクGSバンド,Blink HS Band
0x475e6c@mhfdat-jp.bin,ブリンクGPバンド,Blink GS Band
0x475e70@mhfdat-jp.bin,ブリンクHSヘッド,Blink GP Band
0x475e74@mhfdat-jp.bin,ブリンクGSヘッド,Blink HS Head
0x475e78@mhfdat-jp.bin,ブリンクGPヘッド,Blink GS Head
0x475e7c@mhfdat-jp.bin,オービスGPヘッド,Blink GP Head
0x475e80@mhfdat-jp.bin,オービスGPマスク,Ukon GP Head
0x475e84@mhfdat-jp.bin,ロットGPヘッド,Ukon GP Mask
0x475e88@mhfdat-jp.bin,ロットGPマスク,ロットGP Head
0x475e8c@mhfdat-jp.bin,アージェHSヘッド,ロットGP Mask
0x475e90@mhfdat-jp.bin,アージェGSヘッド,Arge HS Head
0x475e94@mhfdat-jp.bin,アージェGPヘッド,Arge GS Head
0x475e98@mhfdat-jp.bin,アージェHSハール,Arge GP Head
0x475e9c@mhfdat-jp.bin,アージェGSハール,Arge HS Haar
0x475ea0@mhfdat-jp.bin,アージェGPハール,Arge GS Haar
0x475ea4@mhfdat-jp.bin,カマレラHSヘッド,Arge GP Haar
0x475ea8@mhfdat-jp.bin,カマレラGSヘッド,Camarera HS Head
0x475eac@mhfdat-jp.bin,カマレラGPヘッド,Camarera GS Head
0x475eb0@mhfdat-jp.bin,カマレラHSハール,Camarera GP Head
0x475eb4@mhfdat-jp.bin,カマレラGSハール,Camarera HS Haar
0x475eb8@mhfdat-jp.bin,カマレラGPハール,Camarera GS Haar
0x475ebc@mhfdat-jp.bin,メテネラHSヘッド,Camarera GP Haar
0x475ec0@mhfdat-jp.bin,メテネラGSヘッド,Metenera HS Head
0x475ec4@mhfdat-jp.bin,メテネラGPヘッド,Metenera GS Head
0x475ec8@mhfdat-jp.bin,メテネラHSハール,Metenera GP Head
0x475ecc@mhfdat-jp.bin,メテネラGSハール,Metenera HS Haar
0x475ed0@mhfdat-jp.bin,メテネラGPハール,Metenera GS Haar
0x475ed4@mhfdat-jp.bin,アビットHSヘッド,Metenera GP Haar
0x475ed8@mhfdat-jp.bin,アビットGSヘッド,Abitto HS Head
0x475edc@mhfdat-jp.bin,アビットGPヘッド,Abitto GS Head
0x475ee0@mhfdat-jp.bin,アビットHSハール,Abitto GP Head
0x475ee4@mhfdat-jp.bin,アビットGSハール,Abitto HS Haar
0x475ee8@mhfdat-jp.bin,アビットGPハール,Abitto GS Haar
0x475eec@mhfdat-jp.bin,リブリーHSヘッド,Abitto GP Haar
0x475ef0@mhfdat-jp.bin,リブリーGSヘッド,Riburi HS Head
0x475ef4@mhfdat-jp.bin,リブリーGPヘッド,Riburi GS Head
0x475ef8@mhfdat-jp.bin,リブリーHSハール,Riburi GP Head
0x475efc@mhfdat-jp.bin,リブリーGSハール,Riburi HS Haar
0x475f00@mhfdat-jp.bin,リブリーGPハール,Riburi GS Haar
0x475f04@mhfdat-jp.bin,ジェスＧヘルム,Riburi GP Haar
0x475f08@mhfdat-jp.bin,ジェスGFヘルム,Jess G Helm
0x475f0c@mhfdat-jp.bin,ジェスGXヘルム,Jess GF Helm
0x475f10@mhfdat-jp.bin,ジェスＧキャップ,Jess GX Helm
0x475f14@mhfdat-jp.bin,ジェスGFキャップ,Jess G Cap
0x475f18@mhfdat-jp.bin,ジェスGXキャップ,Jess GF Cap
0x475f1c@mhfdat-jp.bin,タングスＧヘッド,Jess GX Cap
0x475f20@mhfdat-jp.bin,タングスGFヘッド,Tangusu G Head
0x475f24@mhfdat-jp.bin,タングスGXヘッド,Tangusu GF Head
0x475f28@mhfdat-jp.bin,コバルタＧキャップ,Tangusu GX Head
0x475f2c@mhfdat-jp.bin,コバルタGFキャップ,Kobaruta G Cap
0x475f30@mhfdat-jp.bin,コバルタGXキャップ,Kobaruta GF Cap
0x475f34@mhfdat-jp.bin,ブレオＧヘッド,Kobaruta GX Cap
0x475f38@mhfdat-jp.bin,ブレオＧピアス,Breo G Head
0x475f3c@mhfdat-jp.bin,ブレオGFヘッド,Breo G Piercings
0x475f40@mhfdat-jp.bin,ブレオGFピアス,Breo GF Head
0x475f44@mhfdat-jp.bin,ブレオGXヘッド,Breo GF Piercings
0x475f48@mhfdat-jp.bin,ブレオGXピアス,Breo GX Head
0x475f4c@mhfdat-jp.bin,ハロキュヘッド,Breo GX Piercings
0x475f50@mhfdat-jp.bin,ハロキュＦヘッド,Harokyu Head
0x475f54@mhfdat-jp.bin,ハロキュFYヘッド,Harokyu F Head
0x475f58@mhfdat-jp.bin,ハロキュHSヘッド,Harokyu FY Head
0x475f5c@mhfdat-jp.bin,ハロキュＧヘッド,Harokyu HS Head
0x475f60@mhfdat-jp.bin,ハロキュGFヘッド,Harokyu G Head
0x475f64@mhfdat-jp.bin,ハロキュGXヘッド,Harokyu GF Head
0x475f68@mhfdat-jp.bin,ブルックヘッド,Harokyu GX Head
0x475f6c@mhfdat-jp.bin,ブルックＦヘッド,Brooke Head
0x475f70@mhfdat-jp.bin,ブルックFYヘッド,Brooke F Head
0x475f74@mhfdat-jp.bin,ブルックHSヘッド,Brooke FY Head
0x475f78@mhfdat-jp.bin,ブルックＧヘッド,Brooke HS Head
0x475f7c@mhfdat-jp.bin,ブルックGFヘッド,Brooke G Head
0x475f80@mhfdat-jp.bin,ブルックGXヘッド,Brooke GF Head
0x475f84@mhfdat-jp.bin,ブルックフェイス,Brooke GX Head
0x475f88@mhfdat-jp.bin,ブルックＦフェイス,Brooke Face
0x475f8c@mhfdat-jp.bin,ブルックFYフェイス,Brooke F Face
0x475f90@mhfdat-jp.bin,ブルックHSフェイス,Brooke FY Face
0x475f94@mhfdat-jp.bin,ブルックＧフェイス,Brooke HS Face
0x475f98@mhfdat-jp.bin,ブルックGFフェイス,Brooke G Face
0x475f9c@mhfdat-jp.bin,ブルックGXフェイス,Brooke GF Face
0x475fa0@mhfdat-jp.bin,淡桜【鉢金】,Brooke GX Face
0x475fa4@mhfdat-jp.bin,淡桜Ｆ【鉢金】,Pale Sakura Hachigane
0x475fa8@mhfdat-jp.bin,淡桜FY【鉢金】,Pale Sakura F Hachigane
0x475fac@mhfdat-jp.bin,淡桜HS【鉢金】,Pale Sakura FY Hachigane
0x475fb0@mhfdat-jp.bin,淡桜Ｇ【鉢金】,Pale Sakura HS Hachigane
0x475fb4@mhfdat-jp.bin,淡桜GF【鉢金】,Pale Sakura G Hachigane
0x475fb8@mhfdat-jp.bin,淡桜GX【鉢金】,Pale Sakura GF Hachigane
0x475fbc@mhfdat-jp.bin,桜雲【鉢金】,Pale Sakura GX Hachigane
0x475fc0@mhfdat-jp.bin,桜雲Ｆ【鉢金】,Sakura Cloud Hachigane
0x475fc4@mhfdat-jp.bin,桜雲FY【鉢金】,Sakura Cloud F Hachigane
0x475fc8@mhfdat-jp.bin,桜雲HS【鉢金】,Sakura Cloud FY Hachigane
0x475fcc@mhfdat-jp.bin,桜雲Ｇ【鉢金】,Sakura Cloud HS Hachigane
0x475fd0@mhfdat-jp.bin,桜雲GF【鉢金】,Sakura Cloud G Hachigane
0x475fd4@mhfdat-jp.bin,桜雲GX【鉢金】,Sakura Cloud GF Hachigane
0x475fd8@mhfdat-jp.bin,キニオルヘルム,Sakura Cloud GX Hachigane
0x475fdc@mhfdat-jp.bin,キニオルＦヘルム,Kinioru Helm
0x475fe0@mhfdat-jp.bin,キニオルFYヘルム,Kinioru F Helm
0x475fe4@mhfdat-jp.bin,キニオルHSヘルム,Kinioru FY Helm
0x475fe8@mhfdat-jp.bin,キニオルＧヘルム,Kinioru HS Helm
0x475fec@mhfdat-jp.bin,キニオルGFヘルム,Kinioru G Helm
0x475ff0@mhfdat-jp.bin,キニオルGXヘルム,Kinioru GF Helm
0x475ff4@mhfdat-jp.bin,キニオルキャップ,Kinioru GX Helm
0x475ff8@mhfdat-jp.bin,キニオルＦキャップ,Kinioru Cap
0x475ffc@mhfdat-jp.bin,キニオルFYキャップ,Kinioru F Cap
0x476000@mhfdat-jp.bin,キニオルHSキャップ,Kinioru FY Cap
0x476004@mhfdat-jp.bin,キニオルＧキャップ,Kinioru HS Cap
0x476008@mhfdat-jp.bin,キニオルGFキャップ,Kinioru G Cap
0x47600c@mhfdat-jp.bin,キニオルGXキャップ,Kinioru GF Cap
0x476010@mhfdat-jp.bin,カイオルヘルム,Kinioru GX Cap
0x476014@mhfdat-jp.bin,カイオルＦヘルム,Kaioru Helm
0x476018@mhfdat-jp.bin,カイオルFYヘルム,Kaioru F Helm
0x47601c@mhfdat-jp.bin,カイオルHSヘルム,Kaioru FY Helm
0x476020@mhfdat-jp.bin,カイオルＧヘルム,Kaioru HS Helm
0x476024@mhfdat-jp.bin,カイオルGFヘルム,Kaioru G Helm
0x476028@mhfdat-jp.bin,カイオルGXヘルム,Kaioru GF Helm
0x47602c@mhfdat-jp.bin,カイオルキャップ,Kaioru GX Helm
0x476030@mhfdat-jp.bin,カイオルＦキャップ,Kaioru Cap
0x476034@mhfdat-jp.bin,カイオルFYキャップ,Kaioru F Cap
0x476038@mhfdat-jp.bin,カイオルHSキャップ,Kaioru FY Cap
0x47603c@mhfdat-jp.bin,カイオルＧキャップ,Kaioru HS Cap
0x476040@mhfdat-jp.bin,カイオルGFキャップ,Kaioru G Cap
0x476044@mhfdat-jp.bin,カイオルGXキャップ,Kaioru GF Cap
0x476048@mhfdat-jp.bin,ユーリスヘルム,Kaioru GX Cap
0x47604c@mhfdat-jp.bin,ユーリスＦヘルム,Yurisu Helm
0x476050@mhfdat-jp.bin,ユーリスFYヘルム,Yurisu F Helm
0x476054@mhfdat-jp.bin,ユーリスHSヘルム,Yurisu FY Helm
0x476058@mhfdat-jp.bin,ユーリスＧヘルム,Yurisu HS Helm
0x47605c@mhfdat-jp.bin,ユーリスGFヘルム,Yurisu G Helm
0x476060@mhfdat-jp.bin,ユーリスGXヘルム,Yurisu GF Helm
0x476064@mhfdat-jp.bin,ユーリスキャップ,Yurisu GX Helm
0x476068@mhfdat-jp.bin,ユーリスＦキャップ,Yurisu Cap
0x47606c@mhfdat-jp.bin,ユーリスFYキャップ,Yurisu F Cap
0x476070@mhfdat-jp.bin,ユーリスHSキャップ,Yurisu FY Cap
0x476074@mhfdat-jp.bin,ユーリスＧキャップ,Yurisu HS Cap
0x476078@mhfdat-jp.bin,ユーリスGFキャップ,Yurisu G Cap
0x47607c@mhfdat-jp.bin,ユーリスGXキャップ,Yurisu GF Cap
0x476080@mhfdat-jp.bin,デゾルトヘルム,Yurisu GX Cap
0x476084@mhfdat-jp.bin,デゾルトＦヘルム,Desordre Helm
0x476088@mhfdat-jp.bin,デゾルトFYヘルム,Desordre F Helm
0x47608c@mhfdat-jp.bin,デゾルトHSヘルム,Desordre FY Helm
0x476090@mhfdat-jp.bin,デゾルトＧヘルム,Desordre HS Helm
0x476094@mhfdat-jp.bin,デゾルトGFヘルム,Desordre G Helm
0x476098@mhfdat-jp.bin,デゾルトGXヘルム,Desordre GF Helm
0x47609c@mhfdat-jp.bin,デゾルトキャップ,Desordre GX Helm
0x4760a0@mhfdat-jp.bin,デゾルトＦキャップ,Desordre Cap
0x4760a4@mhfdat-jp.bin,デゾルトFYキャップ,Desordre F Cap
0x4760a8@mhfdat-jp.bin,デゾルトHSキャップ,Desordre FY Cap
0x4760ac@mhfdat-jp.bin,デゾルトＧキャップ,Desordre HS Cap
0x4760b0@mhfdat-jp.bin,デゾルトGFキャップ,Desordre G Cap
0x4760b4@mhfdat-jp.bin,デゾルトGXキャップ,Desordre GF Cap
0x4760b8@mhfdat-jp.bin,カーマインヘッド黒,Desordre GX Cap
0x4760bc@mhfdat-jp.bin,カーマインＦヘッド黒,Carmine Head Black
0x4760c0@mhfdat-jp.bin,カーマインFZヘッド黒,Carmine F Head Black
0x4760c4@mhfdat-jp.bin,カーマインHSヘッド黒,Carmine FZ Head Black
0x4760c8@mhfdat-jp.bin,カーマインGSヘッド黒,Carmine HS Head Black
0x4760cc@mhfdat-jp.bin,カーマインGPヘッド黒,Carmine GS Head Black
0x4760d0@mhfdat-jp.bin,カーマインハール黒,Carmine GP Head Black
0x4760d4@mhfdat-jp.bin,カーマインＦハール黒,Carmine Haar Black
0x4760d8@mhfdat-jp.bin,カーマインFZハール黒,Carmine F Haar Black
0x4760dc@mhfdat-jp.bin,カーマインHSハール黒,Carmine FZ Haar Black
0x4760e0@mhfdat-jp.bin,カーマインGSハール黒,Carmine HS Haar Black
0x4760e4@mhfdat-jp.bin,カーマインGPハール黒,Carmine GS Haar Black
0x4760e8@mhfdat-jp.bin,カーマインヘッド青,Carmine GP Haar Black
0x4760ec@mhfdat-jp.bin,カーマインＦヘッド青,Carmine Head Blue
0x4760f0@mhfdat-jp.bin,カーマインFZヘッド青,Carmine F Head Blue
0x4760f4@mhfdat-jp.bin,カーマインHSヘッド青,Carmine FZ Head Blue
0x4760f8@mhfdat-jp.bin,カーマインGSヘッド青,Carmine HS Head Blue
0x4760fc@mhfdat-jp.bin,カーマインGPヘッド青,Carmine GS Head Blue
0x476100@mhfdat-jp.bin,カーマインハール青,Carmine GP Head Blue
0x476104@mhfdat-jp.bin,カーマインＦハール青,Carmine Haar Blue
0x476108@mhfdat-jp.bin,カーマインFZハール青,Carmine F Haar Blue
0x47610c@mhfdat-jp.bin,カーマインHSハール青,Carmine FZ Haar Blue
0x476110@mhfdat-jp.bin,カーマインGSハール青,Carmine HS Haar Blue
0x476114@mhfdat-jp.bin,カーマインGPハール青,Carmine GS Haar Blue
0x476118@mhfdat-jp.bin,カーマインヘッド紫,Carmine GP Haar Blue
0x47611c@mhfdat-jp.bin,カーマインＦヘッド紫,Carmine Head Purple
0x476120@mhfdat-jp.bin,カーマインFZヘッド紫,Carmine F Head Purple
0x476124@mhfdat-jp.bin,カーマインHSヘッド紫,Carmine FZ Head Purple
0x476128@mhfdat-jp.bin,カーマインGSヘッド紫,Carmine HS Head Purple
0x47612c@mhfdat-jp.bin,カーマインGPヘッド紫,Carmine GS Head Purple
0x476130@mhfdat-jp.bin,カーマインハール紫,Carmine GP Head Purple
0x476134@mhfdat-jp.bin,カーマインＦハール紫,Carmine Haar Purple
0x476138@mhfdat-jp.bin,カーマインFZハール紫,Carmine F Haar Purple
0x47613c@mhfdat-jp.bin,カーマインHSハール紫,Carmine FZ Haar Purple
0x476140@mhfdat-jp.bin,カーマインGSハール紫,Carmine HS Haar Purple
0x476144@mhfdat-jp.bin,カーマインGPハール紫,Carmine GS Haar Purple
0x476148@mhfdat-jp.bin,カーマインヘッド白,Carmine GP Haar Purple
0x47614c@mhfdat-jp.bin,カーマインＦヘッド白,Carmine Head White
0x476150@mhfdat-jp.bin,カーマインFZヘッド白,Carmine F Head White
0x476154@mhfdat-jp.bin,カーマインHSヘッド白,Carmine FZ Head White
0x476158@mhfdat-jp.bin,カーマインGSヘッド白,Carmine HS Head White
0x47615c@mhfdat-jp.bin,カーマインGPヘッド白,Carmine GS Head White
0x476160@mhfdat-jp.bin,カーマインハール白,Carmine GP Head White
0x476164@mhfdat-jp.bin,カーマインＦハール白,Carmine Haar White
0x476168@mhfdat-jp.bin,カーマインFZハール白,Carmine F Haar White
0x47616c@mhfdat-jp.bin,カーマインHSハール白,Carmine FZ Haar White
0x476170@mhfdat-jp.bin,カーマインGSハール白,Carmine HS Haar White
0x476174@mhfdat-jp.bin,カーマインGPハール白,Carmine GS Haar White
0x476178@mhfdat-jp.bin,リュウヘッド・赤,Carmine GP Haar White
0x47617c@mhfdat-jp.bin,リュウＦヘッド・赤,Ryu Head・Red
0x476180@mhfdat-jp.bin,リュウFZヘッド・赤,Ryu F Head・Red
0x476184@mhfdat-jp.bin,リュウHSヘッド・赤,Ryu FZ Head・Red
0x476188@mhfdat-jp.bin,リュウGSヘッド・赤,Ryu HS Head・Red
0x47618c@mhfdat-jp.bin,リュウGPヘッド・赤,Ryu GS Head・Red
0x476190@mhfdat-jp.bin,リュウハール・赤,Ryu GP Head・Red
0x476194@mhfdat-jp.bin,リュウＦハール・赤,Ryu Haar・Red
0x476198@mhfdat-jp.bin,リュウFZハール・赤,Ryu F Haar・Red
0x47619c@mhfdat-jp.bin,リュウHSハール・赤,Ryu FZ Haar・Red
0x4761a0@mhfdat-jp.bin,リュウGSハール・赤,Ryu HS Haar・Red
0x4761a4@mhfdat-jp.bin,リュウGPハール・赤,Ryu GS Haar・Red
0x4761a8@mhfdat-jp.bin,リュウヘッド・青,Ryu GP Haar・Red
0x4761ac@mhfdat-jp.bin,リュウＦヘッド・青,Ryu Head・Blue
0x4761b0@mhfdat-jp.bin,リュウFZヘッド・青,Ryu F Head・Blue
0x4761b4@mhfdat-jp.bin,リュウHSヘッド・青,Ryu FZ Head・Blue
0x4761b8@mhfdat-jp.bin,リュウGSヘッド・青,Ryu HS Head・Blue
0x4761bc@mhfdat-jp.bin,リュウGPヘッド・青,Ryu GS Head・Blue
0x4761c0@mhfdat-jp.bin,リュウハール・青,Ryu GP Head・Blue
0x4761c4@mhfdat-jp.bin,リュウＦハール・青,Ryu Haar・Blue
0x4761c8@mhfdat-jp.bin,リュウFZハール・青,Ryu F Haar・Blue
0x4761cc@mhfdat-jp.bin,リュウHSハール・青,Ryu FZ Haar・Blue
0x4761d0@mhfdat-jp.bin,リュウGSハール・青,Ryu HS Haar・Blue
0x4761d4@mhfdat-jp.bin,リュウGPハール・青,Ryu GS Haar・Blue
0x4761d8@mhfdat-jp.bin,リュウヘッド・橙,Ryu GP Haar・Blue
0x4761dc@mhfdat-jp.bin,リュウＦヘッド・橙,Ryu Head・Orange
0x4761e0@mhfdat-jp.bin,リュウFZヘッド・橙,Ryu F Head・Orange
0x4761e4@mhfdat-jp.bin,リュウHSヘッド・橙,Ryu FZ Head・Orange
0x4761e8@mhfdat-jp.bin,リュウGSヘッド・橙,Ryu HS Head・Orange
0x4761ec@mhfdat-jp.bin,リュウGPヘッド・橙,Ryu GS Head・Orange
0x4761f0@mhfdat-jp.bin,リュウハール・橙,Ryu GP Head・Orange
0x4761f4@mhfdat-jp.bin,リュウＦハール・橙,Ryu Haar・Orange
0x4761f8@mhfdat-jp.bin,リュウFZハール・橙,Ryu F Haar・Orange
0x4761fc@mhfdat-jp.bin,リュウHSハール・橙,Ryu FZ Haar・Orange
0x476200@mhfdat-jp.bin,リュウGSハール・橙,Ryu HS Haar・Orange
0x476204@mhfdat-jp.bin,リュウGPハール・橙,Ryu GS Haar・Orange
0x476208@mhfdat-jp.bin,リュウヘッド・黄,Ryu GP Haar・Orange
0x47620c@mhfdat-jp.bin,リュウＦヘッド・黄,Ryu Head・Yellow
0x476210@mhfdat-jp.bin,リュウFZヘッド・黄,Ryu F Head・Yellow
0x476214@mhfdat-jp.bin,リュウHSヘッド・黄,Ryu FZ Head・Yellow
0x476218@mhfdat-jp.bin,リュウGSヘッド・黄,Ryu HS Head・Yellow
0x47621c@mhfdat-jp.bin,リュウGPヘッド・黄,Ryu GS Head・Yellow
0x476220@mhfdat-jp.bin,リュウハール・黄,Ryu GP Head・Yellow
0x476224@mhfdat-jp.bin,リュウＦハール・黄,Ryu Haar・Yellow
0x476228@mhfdat-jp.bin,リュウFZハール・黄,Ryu F Haar・Yellow
0x47622c@mhfdat-jp.bin,リュウHSハール・黄,Ryu FZ Haar・Yellow
0x476230@mhfdat-jp.bin,リュウGSハール・黄,Ryu HS Haar・Yellow
0x476234@mhfdat-jp.bin,リュウGPハール・黄,Ryu GS Haar・Yellow
0x476238@mhfdat-jp.bin,キャリッジヘッド,Ryu GP Haar・Yellow
0x47623c@mhfdat-jp.bin,キャリッジＦヘッド,Carriage Head
0x476240@mhfdat-jp.bin,キャリッジFZヘッド,Carriage F Head
0x476244@mhfdat-jp.bin,キャリッジHSヘッド,Carriage FZ Head
0x476248@mhfdat-jp.bin,キャリッジGSヘッド,Carriage HS Head
0x47624c@mhfdat-jp.bin,キャリッジGPヘッド,Carriage GS Head
0x476250@mhfdat-jp.bin,マーブルヘッド,Carriage GP Head
0x476254@mhfdat-jp.bin,マーブルＦヘッド,Marble Head
0x476258@mhfdat-jp.bin,マーブルFZヘッド,Marble F Head
0x47625c@mhfdat-jp.bin,マーブルHSヘッド,Marble FZ Head
0x476260@mhfdat-jp.bin,マーブルGSヘッド,Marble HS Head
0x476264@mhfdat-jp.bin,マーブルGPヘッド,Marble GS Head
0x476268@mhfdat-jp.bin,シャンディヘッド,Marble GP Head
0x47626c@mhfdat-jp.bin,シャンディＦヘッド,Shandy Head
0x476270@mhfdat-jp.bin,シャンディFZヘッド,Shandy F Head
0x476274@mhfdat-jp.bin,シャンディHSヘッド,Shandy FZ Head
0x476278@mhfdat-jp.bin,シャンディGSヘッド,Shandy HS Head
0x47627c@mhfdat-jp.bin,シャンディGPヘッド,Shandy GS Head
0x476280@mhfdat-jp.bin,シャンディハット,Shandy GP Head
0x476284@mhfdat-jp.bin,シャンディＦハット,Shandy Hat
0x476288@mhfdat-jp.bin,シャンディFZハット,Shandy F Hat
0x47628c@mhfdat-jp.bin,シャンディHSハット,Shandy FZ Hat
0x476290@mhfdat-jp.bin,シャンディGSハット,Shandy HS Hat
0x476294@mhfdat-jp.bin,シャンディGPハット,Shandy GS Hat
0x476298@mhfdat-jp.bin,バンケットヘッド,Shandy GP Hat
0x47629c@mhfdat-jp.bin,バンケットＦヘッド,Banquet Head
0x4762a0@mhfdat-jp.bin,バンケットFZヘッド,Banquet F Head
0x4762a4@mhfdat-jp.bin,バンケットHSヘッド,Banquet FZ Head
0x4762a8@mhfdat-jp.bin,バンケットGSヘッド,Banquet HS Head
0x4762ac@mhfdat-jp.bin,バンケットGPヘッド,Banquet GS Head
0x4762b0@mhfdat-jp.bin,ヴェランヘルム,Banquet GP Head
0x4762b4@mhfdat-jp.bin,ヴェランＦヘルム,ヴェラン Helm
0x4762b8@mhfdat-jp.bin,ヴェランFZヘルム,ヴェランF Helm
0x4762bc@mhfdat-jp.bin,ヴェランHSヘルム,ヴェランFZ Helm
0x4762c0@mhfdat-jp.bin,ヴェランGSヘルム,ヴェランHS Helm
0x4762c4@mhfdat-jp.bin,ヴェランGPヘルム,ヴェランGS Helm
0x4762c8@mhfdat-jp.bin,ランデグヘルム,ヴェランGP Helm
0x4762cc@mhfdat-jp.bin,ランデグＦヘルム,ランデグ Helm
0x4762d0@mhfdat-jp.bin,ランデグFZヘルム,ランデグF Helm
0x4762d4@mhfdat-jp.bin,ランデグHSヘルム,ランデグFZ Helm
0x4762d8@mhfdat-jp.bin,ランデグGSヘルム,ランデグHS Helm
0x4762dc@mhfdat-jp.bin,ランデグGPヘルム,ランデグGS Helm
0x4762e0@mhfdat-jp.bin,ランデグマスク,ランデグGP Helm
0x4762e4@mhfdat-jp.bin,ランデグＦマスク,ランデグ Mask
0x4762e8@mhfdat-jp.bin,ランデグFZマスク,ランデグF Mask
0x4762ec@mhfdat-jp.bin,ランデグHSマスク,ランデグFZ Mask
0x4762f0@mhfdat-jp.bin,ランデグGSマスク,ランデグHS Mask
0x4762f4@mhfdat-jp.bin,ランデグGPマスク,ランデグGS Mask
0x4762f8@mhfdat-jp.bin,エンドレヘルム,ランデグGP Mask
0x4762fc@mhfdat-jp.bin,エンドレＦヘルム,Endre Helm
0x476300@mhfdat-jp.bin,エンドレFZヘルム,Endre F Helm
0x476304@mhfdat-jp.bin,エンドレHSヘルム,Endre FZ Helm
0x476308@mhfdat-jp.bin,エンドレGSヘルム,Endre HS Helm
0x47630c@mhfdat-jp.bin,エンドレGPヘルム,Endre GS Helm
0x476310@mhfdat-jp.bin,エンドレマスク,Endre GP Helm
0x476314@mhfdat-jp.bin,エンドレＦマスク,Endre Mask
0x476318@mhfdat-jp.bin,エンドレFZマスク,Endre F Mask
0x47631c@mhfdat-jp.bin,エンドレHSマスク,Endre FZ Mask
0x476320@mhfdat-jp.bin,エンドレGSマスク,Endre HS Mask
0x476324@mhfdat-jp.bin,エンドレGPマスク,Endre GS Mask
0x476328@mhfdat-jp.bin,イナバレッタ,Endre GP Mask
0x47632c@mhfdat-jp.bin,イナバレッタＦ,Ina Beretta
0x476330@mhfdat-jp.bin,フォロコサージュ,Ina Beretta F
0x476334@mhfdat-jp.bin,フォロコサージュＦ,フォロ Corsage
0x476338@mhfdat-jp.bin,ネコピアス【慰労】,フォロ Corsage F
0x47633c@mhfdat-jp.bin,ネコＦピアス【慰労】,Cat Piercings 【慰労】
0x476340@mhfdat-jp.bin,ネコHSピアス【慰労】,Cat F Piercings 【慰労】
0x476344@mhfdat-jp.bin,ネコＧピアス【慰労】,Cat HS Piercings 【慰労】
0x476348@mhfdat-jp.bin,ネコGFピアス【慰労】,Cat G Piercings 【慰労】
0x47634c@mhfdat-jp.bin,ネコGXピアス【慰労】,Cat GF Piercings 【慰労】
0x476350@mhfdat-jp.bin,ネコピアス【剣客】,Cat GX Piercings 【慰労】
0x476354@mhfdat-jp.bin,ネコＦピアス【剣客】,Cat Piercings [Blade 客】
0x476358@mhfdat-jp.bin,ネコHSピアス【剣客】,Cat F Piercings [Blade 客】
0x47635c@mhfdat-jp.bin,ネコＧピアス【剣客】,Cat HS Piercings [Blade 客】
0x476360@mhfdat-jp.bin,ネコGFピアス【剣客】,Cat G Piercings [Blade 客】
0x476364@mhfdat-jp.bin,ネコGXピアス【剣客】,Cat GF Piercings [Blade 客】
0x476368@mhfdat-jp.bin,サジタリオヘッド赤,Cat GX Piercings [Blade 客】
0x47636c@mhfdat-jp.bin,サジタリオＦヘッド赤,Sagittario Head Red
0x476370@mhfdat-jp.bin,サジタリオFZヘッド赤,Sagittario F Head Red
0x476374@mhfdat-jp.bin,サジタリオHSヘッド赤,Sagittario FZ Head Red
0x476378@mhfdat-jp.bin,サジタリオGSヘッド赤,Sagittario HS Head Red
0x47637c@mhfdat-jp.bin,サジタリオGPヘッド赤,Sagittario GS Head Red
0x476380@mhfdat-jp.bin,サジタリオハール赤,Sagittario GP Head Red
0x476384@mhfdat-jp.bin,サジタリオＦハール赤,Sagittario Haar Red
0x476388@mhfdat-jp.bin,サジタリオFZハール赤,Sagittario F Haar Red
0x47638c@mhfdat-jp.bin,サジタリオHSハール赤,Sagittario FZ Haar Red
0x476390@mhfdat-jp.bin,サジタリオGSハール赤,Sagittario HS Haar Red
0x476394@mhfdat-jp.bin,サジタリオGPハール赤,Sagittario GS Haar Red
0x476398@mhfdat-jp.bin,サジタリオヘッド青,Sagittario GP Haar Red
0x47639c@mhfdat-jp.bin,サジタリオＦヘッド青,Sagittario Head Blue
0x4763a0@mhfdat-jp.bin,サジタリオFZヘッド青,Sagittario F Head Blue
0x4763a4@mhfdat-jp.bin,サジタリオHSヘッド青,Sagittario FZ Head Blue
0x4763a8@mhfdat-jp.bin,サジタリオGSヘッド青,Sagittario HS Head Blue
0x4763ac@mhfdat-jp.bin,サジタリオGPヘッド青,Sagittario GS Head Blue
0x4763b0@mhfdat-jp.bin,サジタリオハール青,Sagittario GP Head Blue
0x4763b4@mhfdat-jp.bin,サジタリオＦハール青,Sagittario Haar Blue
0x4763b8@mhfdat-jp.bin,サジタリオFZハール青,Sagittario F Haar Blue
0x4763bc@mhfdat-jp.bin,サジタリオHSハール青,Sagittario FZ Haar Blue
0x4763c0@mhfdat-jp.bin,サジタリオGSハール青,Sagittario HS Haar Blue
0x4763c4@mhfdat-jp.bin,サジタリオGPハール青,Sagittario GS Haar Blue
0x4763c8@mhfdat-jp.bin,サジタリオヘッド紫,Sagittario GP Haar Blue
0x4763cc@mhfdat-jp.bin,サジタリオＦヘッド紫,Sagittario Head Purple
0x4763d0@mhfdat-jp.bin,サジタリオFZヘッド紫,Sagittario F Head Purple
0x4763d4@mhfdat-jp.bin,サジタリオHSヘッド紫,Sagittario FZ Head Purple
0x4763d8@mhfdat-jp.bin,サジタリオGSヘッド紫,Sagittario HS Head Purple
0x4763dc@mhfdat-jp.bin,サジタリオGPヘッド紫,Sagittario GS Head Purple
0x4763e0@mhfdat-jp.bin,サジタリオハール紫,Sagittario GP Head Purple
0x4763e4@mhfdat-jp.bin,サジタリオＦハール紫,Sagittario Haar Purple
0x4763e8@mhfdat-jp.bin,サジタリオFZハール紫,Sagittario F Haar Purple
0x4763ec@mhfdat-jp.bin,サジタリオHSハール紫,Sagittario FZ Haar Purple
0x4763f0@mhfdat-jp.bin,サジタリオGSハール紫,Sagittario HS Haar Purple
0x4763f4@mhfdat-jp.bin,サジタリオGPハール紫,Sagittario GS Haar Purple
0x4763f8@mhfdat-jp.bin,サジタリオヘッド緑,Sagittario GP Haar Purple
0x4763fc@mhfdat-jp.bin,サジタリオＦヘッド緑,Sagittario Head Green
0x476400@mhfdat-jp.bin,サジタリオFZヘッド緑,Sagittario F Head Green
0x476404@mhfdat-jp.bin,サジタリオHSヘッド緑,Sagittario FZ Head Green
0x476408@mhfdat-jp.bin,サジタリオGSヘッド緑,Sagittario HS Head Green
0x47640c@mhfdat-jp.bin,サジタリオGPヘッド緑,Sagittario GS Head Green
0x476410@mhfdat-jp.bin,サジタリオハール緑,Sagittario GP Head Green
0x476414@mhfdat-jp.bin,サジタリオＦハール緑,Sagittario Haar Green
0x476418@mhfdat-jp.bin,サジタリオFZハール緑,Sagittario F Haar Green
0x47641c@mhfdat-jp.bin,サジタリオHSハール緑,Sagittario FZ Haar Green
0x476420@mhfdat-jp.bin,サジタリオGSハール緑,Sagittario HS Haar Green
0x476424@mhfdat-jp.bin,サジタリオGPハール緑,Sagittario GS Haar Green
0x476428@mhfdat-jp.bin,ニーナヘッド・赤,Sagittario GP Haar Green
0x47642c@mhfdat-jp.bin,ニーナＦヘッド・赤,Nina Head・Red
0x476430@mhfdat-jp.bin,ニーナFZヘッド・赤,Nina F Head・Red
0x476434@mhfdat-jp.bin,ニーナHSヘッド・赤,Nina FZ Head・Red
0x476438@mhfdat-jp.bin,ニーナGSヘッド・赤,Nina HS Head・Red
0x47643c@mhfdat-jp.bin,ニーナGPヘッド・赤,Nina GS Head・Red
0x476440@mhfdat-jp.bin,ニーナハール・赤,Nina GP Head・Red
0x476444@mhfdat-jp.bin,ニーナＦハール・赤,Nina Haar・Red
0x476448@mhfdat-jp.bin,ニーナFZハール・赤,Nina F Haar・Red
0x47644c@mhfdat-jp.bin,ニーナHSハール・赤,Nina FZ Haar・Red
0x476450@mhfdat-jp.bin,ニーナGSハール・赤,Nina HS Haar・Red
0x476454@mhfdat-jp.bin,ニーナGPハール・赤,Nina GS Haar・Red
0x476458@mhfdat-jp.bin,ニーナヘッド・緑,Nina GP Haar・Red
0x47645c@mhfdat-jp.bin,ニーナＦヘッド・緑,Nina Head・Green
0x476460@mhfdat-jp.bin,ニーナFZヘッド・緑,Nina F Head・Green
0x476464@mhfdat-jp.bin,ニーナHSヘッド・緑,Nina FZ Head・Green
0x476468@mhfdat-jp.bin,ニーナGSヘッド・緑,Nina HS Head・Green
0x47646c@mhfdat-jp.bin,ニーナGPヘッド・緑,Nina GS Head・Green
0x476470@mhfdat-jp.bin,ニーナハール・緑,Nina GP Head・Green
0x476474@mhfdat-jp.bin,ニーナＦハール・緑,Nina Haar・Green
0x476478@mhfdat-jp.bin,ニーナFZハール・緑,Nina F Haar・Green
0x47647c@mhfdat-jp.bin,ニーナHSハール・緑,Nina FZ Haar・Green
0x476480@mhfdat-jp.bin,ニーナGSハール・緑,Nina HS Haar・Green
0x476484@mhfdat-jp.bin,ニーナGPハール・緑,Nina GS Haar・Green
0x476488@mhfdat-jp.bin,ニーナヘッド・桃,Nina GP Haar・Green
0x47648c@mhfdat-jp.bin,ニーナＦヘッド・桃,Nina Head・Peach
0x476490@mhfdat-jp.bin,ニーナFZヘッド・桃,Nina F Head・Peach
0x476494@mhfdat-jp.bin,ニーナHSヘッド・桃,Nina FZ Head・Peach
0x476498@mhfdat-jp.bin,ニーナGSヘッド・桃,Nina HS Head・Peach
0x47649c@mhfdat-jp.bin,ニーナGPヘッド・桃,Nina GS Head・Peach
0x4764a0@mhfdat-jp.bin,ニーナハール・桃,Nina GP Head・Peach
0x4764a4@mhfdat-jp.bin,ニーナＦハール・桃,Nina Haar・Peach
0x4764a8@mhfdat-jp.bin,ニーナFZハール・桃,Nina F Haar・Peach
0x4764ac@mhfdat-jp.bin,ニーナHSハール・桃,Nina FZ Haar・Peach
0x4764b0@mhfdat-jp.bin,ニーナGSハール・桃,Nina HS Haar・Peach
0x4764b4@mhfdat-jp.bin,ニーナGPハール・桃,Nina GS Haar・Peach
0x4764b8@mhfdat-jp.bin,ニーナヘッド・青,Nina GP Haar・Peach
0x4764bc@mhfdat-jp.bin,ニーナＦヘッド・青,Nina Head・Blue
0x4764c0@mhfdat-jp.bin,ニーナFZヘッド・青,Nina F Head・Blue
0x4764c4@mhfdat-jp.bin,ニーナHSヘッド・青,Nina FZ Head・Blue
0x4764c8@mhfdat-jp.bin,ニーナGSヘッド・青,Nina HS Head・Blue
0x4764cc@mhfdat-jp.bin,ニーナGPヘッド・青,Nina GS Head・Blue
0x4764d0@mhfdat-jp.bin,ニーナハール・青,Nina GP Head・Blue
0x4764d4@mhfdat-jp.bin,ニーナＦハール・青,Nina Haar・Blue
0x4764d8@mhfdat-jp.bin,ニーナFZハール・青,Nina F Haar・Blue
0x4764dc@mhfdat-jp.bin,ニーナHSハール・青,Nina FZ Haar・Blue
0x4764e0@mhfdat-jp.bin,ニーナGSハール・青,Nina HS Haar・Blue
0x4764e4@mhfdat-jp.bin,ニーナGPハール・青,Nina GS Haar・Blue
0x4764e8@mhfdat-jp.bin,エンブレイスピアス,Nina GP Haar・Blue
0x4764ec@mhfdat-jp.bin,エンブレイスＦピアス,Embrace Piercings
0x4764f0@mhfdat-jp.bin,エンブレイスFZピアス,Embrace F Piercings
0x4764f4@mhfdat-jp.bin,エンブレイスHSピアス,Embrace FZ Piercings
0x4764f8@mhfdat-jp.bin,エンブレイスGSピアス,Embrace HS Piercings
0x4764fc@mhfdat-jp.bin,エンブレイスGPピアス,Embrace GS Piercings
0x476500@mhfdat-jp.bin,ハーゼバンド,Embrace GP Piercings
0x476504@mhfdat-jp.bin,ハーゼＦバンド,Harze Band
0x476508@mhfdat-jp.bin,ハーゼFZバンド,Harze F Band
0x47650c@mhfdat-jp.bin,ハーゼHSバンド,Harze FZ Band
0x476510@mhfdat-jp.bin,ハーゼGSバンド,Harze HS Band
0x476514@mhfdat-jp.bin,ハーゼGPバンド,Harze GS Band
0x476518@mhfdat-jp.bin,ハーゼヘッド,Harze GP Band
0x47651c@mhfdat-jp.bin,ハーゼＦヘッド,Harze Head
0x476520@mhfdat-jp.bin,ハーゼFZヘッド,Harze F Head
0x476524@mhfdat-jp.bin,ハーゼHSヘッド,Harze FZ Head
0x476528@mhfdat-jp.bin,ハーゼGSヘッド,Harze HS Head
0x47652c@mhfdat-jp.bin,ハーゼGPヘッド,Harze GS Head
0x476530@mhfdat-jp.bin,クアルＧヘルム,Harze GP Head
0x476534@mhfdat-jp.bin,クアルGFヘルム,Kuaru G Helm
0x476538@mhfdat-jp.bin,クアルGXヘルム,Kuaru GF Helm
0x47653c@mhfdat-jp.bin,クアルＧキャップ,Kuaru GX Helm
0x476540@mhfdat-jp.bin,クアルGFキャップ,Kuaru G Cap
0x476544@mhfdat-jp.bin,クアルGXキャップ,Kuaru GF Cap
0x476548@mhfdat-jp.bin,エンプレスＧセクター,Kuaru GX Cap
0x47654c@mhfdat-jp.bin,エンプレスGFセクター,Empress G Sector
0x476550@mhfdat-jp.bin,エンプレスGXセクター,Empress GF Sector
0x476554@mhfdat-jp.bin,エンプレスＧマスク,Empress GX Sector
0x476558@mhfdat-jp.bin,エンプレスGFマスク,Empress G Mask
0x47655c@mhfdat-jp.bin,エンプレスGXマスク,Empress GF Mask
0x476560@mhfdat-jp.bin,創音奏Ｇ【五線譜】,Empress GX Mask
0x476564@mhfdat-jp.bin,創音奏GF【五線譜】,Genesis G【五線譜】
0x476568@mhfdat-jp.bin,創音奏GX【五線譜】,Genesis GF【五線譜】
0x47656c@mhfdat-jp.bin,音紡奏Ｇ【五線譜】,Genesis GX【五線譜】
0x476570@mhfdat-jp.bin,音紡奏GF【五線譜】,Motion G【五線譜】
0x476574@mhfdat-jp.bin,音紡奏GX【五線譜】,Motion GF【五線譜】
0x476578@mhfdat-jp.bin,ポボルムヘルム,Motion GX【五線譜】
0x47657c@mhfdat-jp.bin,ポボルムＦヘルム,Pobo Helm
0x476580@mhfdat-jp.bin,ポボルムFXヘルム,Pobo F Helm
0x476584@mhfdat-jp.bin,ポボルムＧヘルム,Pobo FX Helm
0x476588@mhfdat-jp.bin,ポボルムGFヘルム,Pobo G Helm
0x47658c@mhfdat-jp.bin,ポボルムキャップ,Pobo GF Helm
0x476590@mhfdat-jp.bin,ポボルムＦキャップ,Pobo Cap
0x476594@mhfdat-jp.bin,ポボルムFXキャップ,Pobo F Cap
0x476598@mhfdat-jp.bin,ポボルムＧキャップ,Pobo FX Cap
0x47659c@mhfdat-jp.bin,ポボルムGFキャップ,Pobo G Cap
0x4765a0@mhfdat-jp.bin,リオソウルＧヘルム,Pobo GF Cap
0x4765a4@mhfdat-jp.bin,リオソウルGFヘルム,Rath Soul G Helm
0x4765a8@mhfdat-jp.bin,リオソウルGXヘルム,Rath Soul GF Helm
0x4765ac@mhfdat-jp.bin,リオソウルＧキャップ,Rath Soul GX Helm
0x4765b0@mhfdat-jp.bin,リオソウルGFキャップ,Rath Soul G Cap
0x4765b4@mhfdat-jp.bin,リオソウルGXキャップ,Rath Soul GF Cap
0x4765b8@mhfdat-jp.bin,リオハートＧヘルム,Rath Soul GX Cap
0x4765bc@mhfdat-jp.bin,リオハートGFヘルム,Rath Heart G Helm
0x4765c0@mhfdat-jp.bin,リオハートGXヘルム,Rath Heart GF Helm
0x4765c4@mhfdat-jp.bin,リオハートＧキャップ,Rath Heart GX Helm
0x4765c8@mhfdat-jp.bin,リオハートGFキャップ,Rath Heart G Cap
0x4765cc@mhfdat-jp.bin,リオハートGXキャップ,Rath Heart GF Cap
0x4765d0@mhfdat-jp.bin,シャテムバンド,Rath Heart GX Cap
0x4765d4@mhfdat-jp.bin,シャテムＦバンド,Shatemu Band
0x4765d8@mhfdat-jp.bin,シャテムFZバンド,Shatemu F Band
0x4765dc@mhfdat-jp.bin,シャテムHSバンド,Shatemu FZ Band
0x4765e0@mhfdat-jp.bin,シャテムGSバンド,Shatemu HS Band
0x4765e4@mhfdat-jp.bin,シャテムGPバンド,Shatemu GS Band
0x4765e8@mhfdat-jp.bin,シャテムヘッド,Shatemu GP Band
0x4765ec@mhfdat-jp.bin,シャテムＦヘッド,Shatemu Head
0x4765f0@mhfdat-jp.bin,シャテムFZヘッド,Shatemu F Head
0x4765f4@mhfdat-jp.bin,シャテムHSヘッド,Shatemu FZ Head
0x4765f8@mhfdat-jp.bin,シャテムGSヘッド,Shatemu HS Head
0x4765fc@mhfdat-jp.bin,シャテムGPヘッド,Shatemu GS Head
0x476600@mhfdat-jp.bin,ヘヴリアバンド,Shatemu GP Head
0x476604@mhfdat-jp.bin,ヘヴリアＦバンド,Hevria Band
0x476608@mhfdat-jp.bin,ヘヴリアFZバンド,Hevria F Band
0x47660c@mhfdat-jp.bin,ヘヴリアHSバンド,Hevria FZ Band
0x476610@mhfdat-jp.bin,ヘヴリアGSバンド,Hevria HS Band
0x476614@mhfdat-jp.bin,ヘヴリアGPバンド,Hevria GS Band
0x476618@mhfdat-jp.bin,ヘヴリアヘッド,Hevria GP Band
0x47661c@mhfdat-jp.bin,ヘヴリアＦヘッド,Hevria Head
0x476620@mhfdat-jp.bin,ヘヴリアFZヘッド,Hevria F Head
0x476624@mhfdat-jp.bin,ヘヴリアHSヘッド,Hevria FZ Head
0x476628@mhfdat-jp.bin,ヘヴリアGSヘッド,Hevria HS Head
0x47662c@mhfdat-jp.bin,ヘヴリアGPヘッド,Hevria GS Head
0x476630@mhfdat-jp.bin,ティルルバンド,Hevria GP Head
0x476634@mhfdat-jp.bin,ティルルＦバンド,Tiuru Band
0x476638@mhfdat-jp.bin,ティルルFZバンド,Tiuru F Band
0x47663c@mhfdat-jp.bin,ティルルHSバンド,Tiuru FZ Band
0x476640@mhfdat-jp.bin,ティルルGSバンド,Tiuru HS Band
0x476644@mhfdat-jp.bin,ティルルGPバンド,Tiuru GS Band
0x476648@mhfdat-jp.bin,ティルルヘッド,Tiuru GP Band
0x47664c@mhfdat-jp.bin,ティルルＦヘッド,Tiuru Head
0x476650@mhfdat-jp.bin,ティルルFZヘッド,Tiuru F Head
0x476654@mhfdat-jp.bin,ティルルHSヘッド,Tiuru FZ Head
0x476658@mhfdat-jp.bin,ティルルGSヘッド,Tiuru HS Head
0x47665c@mhfdat-jp.bin,ティルルGPヘッド,Tiuru GS Head
0x476660@mhfdat-jp.bin,バンデヘッド・青,Tiuru GP Head
0x476664@mhfdat-jp.bin,バンデＦヘッド・青,Bande Head・Blue
0x476668@mhfdat-jp.bin,バンデFZヘッド・青,Bande F Head・Blue
0x47666c@mhfdat-jp.bin,バンデHSヘッド・青,Bande FZ Head・Blue
0x476670@mhfdat-jp.bin,バンデGSヘッド・青,Bande HS Head・Blue
0x476674@mhfdat-jp.bin,バンデGPヘッド・青,Bande GS Head・Blue
0x476678@mhfdat-jp.bin,バンデキャップ・青,Bande GP Head・Blue
0x47667c@mhfdat-jp.bin,バンデＦキャップ・青,Bande Cap・Blue
0x476680@mhfdat-jp.bin,バンデFZキャップ・青,Bande F Cap・Blue
0x476684@mhfdat-jp.bin,バンデHSキャップ・青,Bande FZ Cap・Blue
0x476688@mhfdat-jp.bin,バンデGSキャップ・青,Bande HS Cap・Blue
0x47668c@mhfdat-jp.bin,バンデGPキャップ・青,Bande GS Cap・Blue
0x476690@mhfdat-jp.bin,バンデヘッド・赤,Bande GP Cap・Blue
0x476694@mhfdat-jp.bin,バンデＦヘッド・赤,Bande Head・Red
0x476698@mhfdat-jp.bin,バンデFZヘッド・赤,Bande F Head・Red
0x47669c@mhfdat-jp.bin,バンデHSヘッド・赤,Bande FZ Head・Red
0x4766a0@mhfdat-jp.bin,バンデGSヘッド・赤,Bande HS Head・Red
0x4766a4@mhfdat-jp.bin,バンデGPヘッド・赤,Bande GS Head・Red
0x4766a8@mhfdat-jp.bin,バンデキャップ・赤,Bande GP Head・Red
0x4766ac@mhfdat-jp.bin,バンデＦキャップ・赤,Bande Cap・Red
0x4766b0@mhfdat-jp.bin,バンデFZキャップ・赤,Bande F Cap・Red
0x4766b4@mhfdat-jp.bin,バンデHSキャップ・赤,Bande FZ Cap・Red
0x4766b8@mhfdat-jp.bin,バンデGSキャップ・赤,Bande HS Cap・Red
0x4766bc@mhfdat-jp.bin,バンデGPキャップ・赤,Bande GS Cap・Red
0x4766c0@mhfdat-jp.bin,バンデヘッド・緑,Bande GP Cap・Red
0x4766c4@mhfdat-jp.bin,バンデＦヘッド・緑,Bande Head・Green
0x4766c8@mhfdat-jp.bin,バンデFZヘッド・緑,Bande F Head・Green
0x4766cc@mhfdat-jp.bin,バンデHSヘッド・緑,Bande FZ Head・Green
0x4766d0@mhfdat-jp.bin,バンデGSヘッド・緑,Bande HS Head・Green
0x4766d4@mhfdat-jp.bin,バンデGPヘッド・緑,Bande GS Head・Green
0x4766d8@mhfdat-jp.bin,バンデキャップ・緑,Bande GP Head・Green
0x4766dc@mhfdat-jp.bin,バンデＦキャップ・緑,Bande Cap・Green
0x4766e0@mhfdat-jp.bin,バンデFZキャップ・緑,Bande F Cap・Green
0x4766e4@mhfdat-jp.bin,バンデHSキャップ・緑,Bande FZ Cap・Green
0x4766e8@mhfdat-jp.bin,バンデGSキャップ・緑,Bande HS Cap・Green
0x4766ec@mhfdat-jp.bin,バンデGPキャップ・緑,Bande GS Cap・Green
0x4766f0@mhfdat-jp.bin,バンデヘッド・黒,Bande GP Cap・Green
0x4766f4@mhfdat-jp.bin,バンデＦヘッド・黒,Bande Head・Black
0x4766f8@mhfdat-jp.bin,バンデFZヘッド・黒,Bande F Head・Black
0x4766fc@mhfdat-jp.bin,バンデHSヘッド・黒,Bande FZ Head・Black
0x476700@mhfdat-jp.bin,バンデGSヘッド・黒,Bande HS Head・Black
0x476704@mhfdat-jp.bin,バンデGPヘッド・黒,Bande GS Head・Black
0x476708@mhfdat-jp.bin,バンデキャップ・黒,Bande GP Head・Black
0x47670c@mhfdat-jp.bin,バンデＦキャップ・黒,Bande Cap・Black
0x476710@mhfdat-jp.bin,バンデFZキャップ・黒,Bande F Cap・Black
0x476714@mhfdat-jp.bin,バンデHSキャップ・黒,Bande FZ Cap・Black
0x476718@mhfdat-jp.bin,バンデGSキャップ・黒,Bande HS Cap・Black
0x47671c@mhfdat-jp.bin,バンデGPキャップ・黒,Bande GS Cap・Black
0x476720@mhfdat-jp.bin,天日ノ兜・赤,Bande GP Cap・Black
0x476724@mhfdat-jp.bin,天日ノ兜Ｆ・赤,Tenpi Helm・Red
0x476728@mhfdat-jp.bin,天日ノ兜FZ・赤,Tenpi Helm F・Red
0x47672c@mhfdat-jp.bin,天日ノ兜HS・赤,Tenpi Helm FZ・Red
0x476730@mhfdat-jp.bin,天日ノ兜GS・赤,Tenpi Helm HS・Red
0x476734@mhfdat-jp.bin,天日ノ兜GP・赤,Tenpi Helm GS・Red
0x476738@mhfdat-jp.bin,天日ノ鉢金・赤,Tenpi Helm GP・Red
0x47673c@mhfdat-jp.bin,天日ノ鉢金Ｆ・赤,Tenpi Headguard・Red
0x476740@mhfdat-jp.bin,天日ノ鉢金FZ・赤,Tenpi Headguard F・Red
0x476744@mhfdat-jp.bin,天日ノ鉢金HS・赤,Tenpi Headguard FZ・Red
0x476748@mhfdat-jp.bin,天日ノ鉢金GS・赤,Tenpi Headguard HS・Red
0x47674c@mhfdat-jp.bin,天日ノ鉢金GP・赤,Tenpi Headguard GS・Red
0x476750@mhfdat-jp.bin,天日ノ兜・青,Tenpi Headguard GP・Red
0x476754@mhfdat-jp.bin,天日ノ兜Ｆ・青,Tenpi Helm・Blue
0x476758@mhfdat-jp.bin,天日ノ兜FZ・青,Tenpi Helm F・Blue
0x47675c@mhfdat-jp.bin,天日ノ兜HS・青,Tenpi Helm FZ・Blue
0x476760@mhfdat-jp.bin,天日ノ兜GS・青,Tenpi Helm HS・Blue
0x476764@mhfdat-jp.bin,天日ノ兜GP・青,Tenpi Helm GS・Blue
0x476768@mhfdat-jp.bin,天日ノ鉢金・青,Tenpi Helm GP・Blue
0x47676c@mhfdat-jp.bin,天日ノ鉢金Ｆ・青,Tenpi Headguard・Blue
0x476770@mhfdat-jp.bin,天日ノ鉢金FZ・青,Tenpi Headguard F・Blue
0x476774@mhfdat-jp.bin,天日ノ鉢金HS・青,Tenpi Headguard FZ・Blue
0x476778@mhfdat-jp.bin,天日ノ鉢金GS・青,Tenpi Headguard HS・Blue
0x47677c@mhfdat-jp.bin,天日ノ鉢金GP・青,Tenpi Headguard GS・Blue
0x476780@mhfdat-jp.bin,天日ノ兜・黒,Tenpi Headguard GP・Blue
0x476784@mhfdat-jp.bin,天日ノ兜Ｆ・黒,Tenpi Helm・Black
0x476788@mhfdat-jp.bin,天日ノ兜FZ・黒,Tenpi Helm F・Black
0x47678c@mhfdat-jp.bin,天日ノ兜HS・黒,Tenpi Helm FZ・Black
0x476790@mhfdat-jp.bin,天日ノ兜GS・黒,Tenpi Helm HS・Black
0x476794@mhfdat-jp.bin,天日ノ兜GP・黒,Tenpi Helm GS・Black
0x476798@mhfdat-jp.bin,天日ノ鉢金・黒,Tenpi Helm GP・Black
0x47679c@mhfdat-jp.bin,天日ノ鉢金Ｆ・黒,Tenpi Headguard・Black
0x4767a0@mhfdat-jp.bin,天日ノ鉢金FZ・黒,Tenpi Headguard F・Black
0x4767a4@mhfdat-jp.bin,天日ノ鉢金HS・黒,Tenpi Headguard FZ・Black
0x4767a8@mhfdat-jp.bin,天日ノ鉢金GS・黒,Tenpi Headguard HS・Black
0x4767ac@mhfdat-jp.bin,天日ノ鉢金GP・黒,Tenpi Headguard GS・Black
0x4767b0@mhfdat-jp.bin,天日ノ兜・白,Tenpi Headguard GP・Black
0x4767b4@mhfdat-jp.bin,天日ノ兜Ｆ・白,Tenpi Helm・White
0x4767b8@mhfdat-jp.bin,天日ノ兜FZ・白,Tenpi Helm F・White
0x4767bc@mhfdat-jp.bin,天日ノ兜HS・白,Tenpi Helm FZ・White
0x4767c0@mhfdat-jp.bin,天日ノ兜GS・白,Tenpi Helm HS・White
0x4767c4@mhfdat-jp.bin,天日ノ兜GP・白,Tenpi Helm GS・White
0x4767c8@mhfdat-jp.bin,天日ノ鉢金・白,Tenpi Helm GP・White
0x4767cc@mhfdat-jp.bin,天日ノ鉢金Ｆ・白,Tenpi Headguard・White
0x4767d0@mhfdat-jp.bin,天日ノ鉢金FZ・白,Tenpi Headguard F・White
0x4767d4@mhfdat-jp.bin,天日ノ鉢金HS・白,Tenpi Headguard FZ・White
0x4767d8@mhfdat-jp.bin,天日ノ鉢金GS・白,Tenpi Headguard HS・White
0x4767dc@mhfdat-jp.bin,天日ノ鉢金GP・白,Tenpi Headguard GS・White
0x4767e0@mhfdat-jp.bin,天日ノ冠・赤,Tenpi Headguard GP・White
0x4767e4@mhfdat-jp.bin,天日ノ冠Ｆ・赤,Tenpi Crown・Red
0x4767e8@mhfdat-jp.bin,天日ノ冠FZ・赤,Tenpi Crown F・Red
0x4767ec@mhfdat-jp.bin,天日ノ冠HS・赤,Tenpi Crown FZ・Red
0x4767f0@mhfdat-jp.bin,天日ノ冠GS・赤,Tenpi Crown HS・Red
0x4767f4@mhfdat-jp.bin,天日ノ冠GP・赤,Tenpi Crown GS・Red
0x4767f8@mhfdat-jp.bin,天日ノ団子・赤,Tenpi Crown GP・Red
0x4767fc@mhfdat-jp.bin,天日ノ団子Ｆ・赤,Tenpi ノ団子・Red
0x476800@mhfdat-jp.bin,天日ノ団子FZ・赤,Tenpi ノ団子F・Red
0x476804@mhfdat-jp.bin,天日ノ団子HS・赤,Tenpi ノ団子FZ・Red
0x476808@mhfdat-jp.bin,天日ノ団子GS・赤,Tenpi ノ団子HS・Red
0x47680c@mhfdat-jp.bin,天日ノ団子GP・赤,Tenpi ノ団子GS・Red
0x476810@mhfdat-jp.bin,天日ノ冠・青,Tenpi ノ団子GP・Red
0x476814@mhfdat-jp.bin,天日ノ冠Ｆ・青,Tenpi Crown・Blue
0x476818@mhfdat-jp.bin,天日ノ冠FZ・青,Tenpi Crown F・Blue
0x47681c@mhfdat-jp.bin,天日ノ冠HS・青,Tenpi Crown FZ・Blue
0x476820@mhfdat-jp.bin,天日ノ冠GS・青,Tenpi Crown HS・Blue
0x476824@mhfdat-jp.bin,天日ノ冠GP・青,Tenpi Crown GS・Blue
0x476828@mhfdat-jp.bin,天日ノ団子・青,Tenpi Crown GP・Blue
0x47682c@mhfdat-jp.bin,天日ノ団子Ｆ・青,Tenpi ノ団子・Blue
0x476830@mhfdat-jp.bin,天日ノ団子FZ・青,Tenpi ノ団子F・Blue
0x476834@mhfdat-jp.bin,天日ノ団子HS・青,Tenpi ノ団子FZ・Blue
0x476838@mhfdat-jp.bin,天日ノ団子GS・青,Tenpi ノ団子HS・Blue
0x47683c@mhfdat-jp.bin,天日ノ団子GP・青,Tenpi ノ団子GS・Blue
0x476840@mhfdat-jp.bin,天日ノ冠・黒,Tenpi ノ団子GP・Blue
0x476844@mhfdat-jp.bin,天日ノ冠Ｆ・黒,Tenpi Crown・Black
0x476848@mhfdat-jp.bin,天日ノ冠FZ・黒,Tenpi Crown F・Black
0x47684c@mhfdat-jp.bin,天日ノ冠HS・黒,Tenpi Crown FZ・Black
0x476850@mhfdat-jp.bin,天日ノ冠GS・黒,Tenpi Crown HS・Black
0x476854@mhfdat-jp.bin,天日ノ冠GP・黒,Tenpi Crown GS・Black
0x476858@mhfdat-jp.bin,天日ノ団子・黒,Tenpi Crown GP・Black
0x47685c@mhfdat-jp.bin,天日ノ団子Ｆ・黒,Tenpi ノ団子・Black
0x476860@mhfdat-jp.bin,天日ノ団子FZ・黒,Tenpi ノ団子F・Black
0x476864@mhfdat-jp.bin,天日ノ団子HS・黒,Tenpi ノ団子FZ・Black
0x476868@mhfdat-jp.bin,天日ノ団子GS・黒,Tenpi ノ団子HS・Black
0x47686c@mhfdat-jp.bin,天日ノ団子GP・黒,Tenpi ノ団子GS・Black
0x476870@mhfdat-jp.bin,天日ノ冠・白,Tenpi ノ団子GP・Black
0x476874@mhfdat-jp.bin,天日ノ冠Ｆ・白,Tenpi Crown・White
0x476878@mhfdat-jp.bin,天日ノ冠FZ・白,Tenpi Crown F・White
0x47687c@mhfdat-jp.bin,天日ノ冠HS・白,Tenpi Crown FZ・White
0x476880@mhfdat-jp.bin,天日ノ冠GS・白,Tenpi Crown HS・White
0x476884@mhfdat-jp.bin,天日ノ冠GP・白,Tenpi Crown GS・White
0x476888@mhfdat-jp.bin,天日ノ団子・白,Tenpi Crown GP・White
0x47688c@mhfdat-jp.bin,天日ノ団子Ｆ・白,Tenpi ノ団子・White
0x476890@mhfdat-jp.bin,天日ノ団子FZ・白,Tenpi ノ団子F・White
0x476894@mhfdat-jp.bin,天日ノ団子HS・白,Tenpi ノ団子FZ・White
0x476898@mhfdat-jp.bin,天日ノ団子GS・白,Tenpi ノ団子HS・White
0x47689c@mhfdat-jp.bin,天日ノ団子GP・白,Tenpi ノ団子GS・White
0x4768a0@mhfdat-jp.bin,リュバンバンド,Tenpi ノ団子GP・White
0x4768a4@mhfdat-jp.bin,リュバンＦバンド,Ruban Band
0x4768a8@mhfdat-jp.bin,リュバンFZバンド,Ruban F Band
0x4768ac@mhfdat-jp.bin,リュバンHSバンド,Ruban FZ Band
0x4768b0@mhfdat-jp.bin,リュバンGSバンド,Ruban HS Band
0x4768b4@mhfdat-jp.bin,リュバンGPバンド,Ruban GS Band
0x4768b8@mhfdat-jp.bin,リュバンヘッド,Ruban GP Band
0x4768bc@mhfdat-jp.bin,リュバンＦヘッド,Ruban Head
0x4768c0@mhfdat-jp.bin,リュバンFZヘッド,Ruban F Head
0x4768c4@mhfdat-jp.bin,リュバンHSヘッド,Ruban FZ Head
0x4768c8@mhfdat-jp.bin,リュバンGSヘッド,Ruban HS Head
0x4768cc@mhfdat-jp.bin,リュバンGPヘッド,Ruban GS Head
0x4768d0@mhfdat-jp.bin,オルロジュバンド,Ruban GP Head
0x4768d4@mhfdat-jp.bin,オルロジュＦバンド,Orloj Band
0x4768d8@mhfdat-jp.bin,オルロジュFZバンド,Orloj F Band
0x4768dc@mhfdat-jp.bin,オルロジュHSバンド,Orloj FZ Band
0x4768e0@mhfdat-jp.bin,オルロジュGSバンド,Orloj HS Band
0x4768e4@mhfdat-jp.bin,オルロジュGPバンド,Orloj GS Band
0x4768e8@mhfdat-jp.bin,オルロジュヘッド,Orloj GP Band
0x4768ec@mhfdat-jp.bin,オルロジュＦヘッド,Orloj Head
0x4768f0@mhfdat-jp.bin,オルロジュFZヘッド,Orloj F Head
0x4768f4@mhfdat-jp.bin,オルロジュHSヘッド,Orloj FZ Head
0x4768f8@mhfdat-jp.bin,オルロジュGSヘッド,Orloj HS Head
0x4768fc@mhfdat-jp.bin,オルロジュGPヘッド,Orloj GS Head
0x476900@mhfdat-jp.bin,ラモールマスク,Orloj GP Head
0x476904@mhfdat-jp.bin,ラモールＦマスク,L'Amore Mask
0x476908@mhfdat-jp.bin,ラモールFZマスク,L'Amore F Mask
0x47690c@mhfdat-jp.bin,ラモールHSマスク,L'Amore FZ Mask
0x476910@mhfdat-jp.bin,ラモールGSマスク,L'Amore HS Mask
0x476914@mhfdat-jp.bin,ラモールGPマスク,L'Amore GS Mask
0x476918@mhfdat-jp.bin,ラモールヘッド,L'Amore GP Mask
0x47691c@mhfdat-jp.bin,ラモールＦヘッド,L'Amore Head
0x476920@mhfdat-jp.bin,ラモールFZヘッド,L'Amore F Head
0x476924@mhfdat-jp.bin,ラモールHSヘッド,L'Amore FZ Head
0x476928@mhfdat-jp.bin,ラモールGSヘッド,L'Amore HS Head
0x47692c@mhfdat-jp.bin,ラモールGPヘッド,L'Amore GS Head
0x476930@mhfdat-jp.bin,ドルチェマスク,L'Amore GP Head
0x476934@mhfdat-jp.bin,ドルチェＦマスク,Dolce Mask
0x476938@mhfdat-jp.bin,ドルチェFZマスク,Dolce F Mask
0x47693c@mhfdat-jp.bin,ドルチェHSマスク,Dolce FZ Mask
0x476940@mhfdat-jp.bin,ドルチェGSマスク,Dolce HS Mask
0x476944@mhfdat-jp.bin,ドルチェGPマスク,Dolce GS Mask
0x476948@mhfdat-jp.bin,ドルチェヘッド,Dolce GP Mask
0x47694c@mhfdat-jp.bin,ドルチェＦヘッド,Dolce Head
0x476950@mhfdat-jp.bin,ドルチェFZヘッド,Dolce F Head
0x476954@mhfdat-jp.bin,ドルチェHSヘッド,Dolce FZ Head
0x476958@mhfdat-jp.bin,ドルチェGSヘッド,Dolce HS Head
0x47695c@mhfdat-jp.bin,ドルチェGPヘッド,Dolce GS Head
0x476960@mhfdat-jp.bin,ベンディヘルム,Dolce GP Head
0x476964@mhfdat-jp.bin,ベンディＦヘルム,Bendi Helm
0x476968@mhfdat-jp.bin,ベンディFZヘルム,Bendi F Helm
0x47696c@mhfdat-jp.bin,ベンディHSヘルム,Bendi FZ Helm
0x476970@mhfdat-jp.bin,ベンディGSヘルム,Bendi HS Helm
0x476974@mhfdat-jp.bin,ベンディGPヘルム,Bendi GS Helm
0x476978@mhfdat-jp.bin,ベンディキャップ,Bendi GP Helm
0x47697c@mhfdat-jp.bin,ベンディＦキャップ,Bendi Cap
0x476980@mhfdat-jp.bin,ベンディFZキャップ,Bendi F Cap
0x476984@mhfdat-jp.bin,ベンディHSキャップ,Bendi FZ Cap
0x476988@mhfdat-jp.bin,ベンディGSキャップ,Bendi HS Cap
0x47698c@mhfdat-jp.bin,ベンディGPキャップ,Bendi GS Cap
0x476990@mhfdat-jp.bin,ルヴナンゲヒル,Bendi GP Cap
0x476994@mhfdat-jp.bin,ルヴナンＦゲヒル,Revenants Brain
0x476998@mhfdat-jp.bin,ルヴナンFZゲヒル,Revenants F Brain
0x47699c@mhfdat-jp.bin,ルヴナンHSゲヒル,Revenants FZ Brain
0x4769a0@mhfdat-jp.bin,ルヴナンGSゲヒル,Revenants HS Brain
0x4769a4@mhfdat-jp.bin,ルヴナンGPゲヒル,Revenants GS Brain
0x4769a8@mhfdat-jp.bin,ルヴナンゼレ,Revenants GP Brain
0x4769ac@mhfdat-jp.bin,ルヴナンＦゼレ,Revenants Soul
0x4769b0@mhfdat-jp.bin,ルヴナンFZゼレ,Revenants F Soul
0x4769b4@mhfdat-jp.bin,ルヴナンHSゼレ,Revenants FZ Soul
0x4769b8@mhfdat-jp.bin,ルヴナンGSゼレ,Revenants HS Soul
0x4769bc@mhfdat-jp.bin,ルヴナンGPゼレ,Revenants GS Soul
0x4769c0@mhfdat-jp.bin,ルキスＦヘッド,Revenants GP Soul
0x4769c4@mhfdat-jp.bin,ルキスHSヘッド,Lucis F Head
0x4769c8@mhfdat-jp.bin,ルキスGSヘッド,Lucis HS Head
0x4769cc@mhfdat-jp.bin,ルキスGPヘッド,Lucis GS Head
0x4769d0@mhfdat-jp.bin,ルキスＦハット,Lucis GP Head
0x4769d4@mhfdat-jp.bin,ルキスHSハット,Lucis F Hat
0x4769d8@mhfdat-jp.bin,ルキスGSハット,Lucis HS Hat
0x4769dc@mhfdat-jp.bin,ルキスGPハット,Lucis GS Hat
0x4769e0@mhfdat-jp.bin,リサーザHSヘッド,Lucis GP Hat
0x4769e4@mhfdat-jp.bin,リサーザGSヘッド,Risaaza HS Head
0x4769e8@mhfdat-jp.bin,リサーザGPヘッド,Risaaza GS Head
0x4769ec@mhfdat-jp.bin,リサーザHSマスク,Risaaza GP Head
0x4769f0@mhfdat-jp.bin,リサーザGSマスク,Risaaza HS Mask
0x4769f4@mhfdat-jp.bin,リサーザGPマスク,Risaaza GS Mask
0x4769f8@mhfdat-jp.bin,ガウシカヘッド,Risaaza GP Mask
0x4769fc@mhfdat-jp.bin,ガウシカＦヘッド,Anteka Head
0x476a00@mhfdat-jp.bin,ガウシカFYヘッド,Anteka F Head
0x476a04@mhfdat-jp.bin,ガウシカHSヘッド,Anteka FY Head
0x476a08@mhfdat-jp.bin,ガウシカＧヘッド,Anteka HS Head
0x476a0c@mhfdat-jp.bin,ガウシカGFヘッド,Anteka G Head
0x476a10@mhfdat-jp.bin,ガウシカGXヘッド,Anteka GF Head
0x476a14@mhfdat-jp.bin,クオイズヘッド,Anteka GX Head
0x476a18@mhfdat-jp.bin,クオイズＦヘッド,Quoiz Head
0x476a1c@mhfdat-jp.bin,クオイズFYヘッド,Quoiz F Head
0x476a20@mhfdat-jp.bin,クオイズHSヘッド,Quoiz FY Head
0x476a24@mhfdat-jp.bin,クオイズＧヘッド,Quoiz HS Head
0x476a28@mhfdat-jp.bin,クオイズGFヘッド,Quoiz G Head
0x476a2c@mhfdat-jp.bin,クオイズGXヘッド,Quoiz GF Head
0x476a30@mhfdat-jp.bin,クオイズキャップ,Quoiz GX Head
0x476a34@mhfdat-jp.bin,クオイズＦキャップ,Quoiz Cap
0x476a38@mhfdat-jp.bin,クオイズFYキャップ,Quoiz F Cap
0x476a3c@mhfdat-jp.bin,クオイズHSキャップ,Quoiz FY Cap
0x476a40@mhfdat-jp.bin,クオイズＧキャップ,Quoiz HS Cap
0x476a44@mhfdat-jp.bin,クオイズGFキャップ,Quoiz G Cap
0x476a48@mhfdat-jp.bin,クオイズGXキャップ,Quoiz GF Cap
0x476a4c@mhfdat-jp.bin,カライスヘッド,Quoiz GX Cap
0x476a50@mhfdat-jp.bin,カライスＦヘッド,Kalais Head
0x476a54@mhfdat-jp.bin,カライスFYヘッド,Kalais F Head
0x476a58@mhfdat-jp.bin,カライスHSヘッド,Kalais FY Head
0x476a5c@mhfdat-jp.bin,カライスＧヘッド,Kalais HS Head
0x476a60@mhfdat-jp.bin,カライスGFヘッド,Kalais G Head
0x476a64@mhfdat-jp.bin,カライスGXヘッド,Kalais GF Head
0x476a68@mhfdat-jp.bin,カライスキャップ,Kalais GX Head
0x476a6c@mhfdat-jp.bin,カライスＦキャップ,Kalais Cap
0x476a70@mhfdat-jp.bin,カライスFYキャップ,Kalais F Cap
0x476a74@mhfdat-jp.bin,カライスHSキャップ,Kalais FY Cap
0x476a78@mhfdat-jp.bin,カライスＧキャップ,Kalais HS Cap
0x476a7c@mhfdat-jp.bin,カライスGFキャップ,Kalais G Cap
0x476a80@mhfdat-jp.bin,カライスGXキャップ,Kalais GF Cap
0x476a84@mhfdat-jp.bin,ヨルティヘルム,Kalais GX Cap
0x476a88@mhfdat-jp.bin,ヨルティＦヘルム,Yoruti Helm
0x476a8c@mhfdat-jp.bin,ヨルティFYヘルム,Yoruti F Helm
0x476a90@mhfdat-jp.bin,ヨルティHSヘルム,Yoruti FY Helm
0x476a94@mhfdat-jp.bin,ヨルティＧヘルム,Yoruti HS Helm
0x476a98@mhfdat-jp.bin,ヨルティGFヘルム,Yoruti G Helm
0x476a9c@mhfdat-jp.bin,ヨルティGXヘルム,Yoruti GF Helm
0x476aa0@mhfdat-jp.bin,ヨルティキャップ,Yoruti GX Helm
0x476aa4@mhfdat-jp.bin,ヨルティＦキャップ,Yoruti Cap
0x476aa8@mhfdat-jp.bin,ヨルティFYキャップ,Yoruti F Cap
0x476aac@mhfdat-jp.bin,ヨルティHSキャップ,Yoruti FY Cap
0x476ab0@mhfdat-jp.bin,ヨルティＧキャップ,Yoruti HS Cap
0x476ab4@mhfdat-jp.bin,ヨルティGFキャップ,Yoruti G Cap
0x476ab8@mhfdat-jp.bin,ヨルティGXキャップ,Yoruti GF Cap
0x476abc@mhfdat-jp.bin,ハラガンヘルム,Yoruti GX Cap
0x476ac0@mhfdat-jp.bin,ハラガンＦヘルム,Haragan Helm
0x476ac4@mhfdat-jp.bin,ハラガンFYヘルム,Haragan F Helm
0x476ac8@mhfdat-jp.bin,ハラガンHSヘルム,Haragan FY Helm
0x476acc@mhfdat-jp.bin,ハラガンＧヘルム,Haragan HS Helm
0x476ad0@mhfdat-jp.bin,ハラガンGFヘルム,Haragan G Helm
0x476ad4@mhfdat-jp.bin,ハラガンGXヘルム,Haragan GF Helm
0x476ad8@mhfdat-jp.bin,ハラガンキャップ,Haragan GX Helm
0x476adc@mhfdat-jp.bin,ハラガンＦキャップ,Haragan Cap
0x476ae0@mhfdat-jp.bin,ハラガンFYキャップ,Haragan F Cap
0x476ae4@mhfdat-jp.bin,ハラガンHSキャップ,Haragan FY Cap
0x476ae8@mhfdat-jp.bin,ハラガンＧキャップ,Haragan HS Cap
0x476aec@mhfdat-jp.bin,ハラガンGFキャップ,Haragan G Cap
0x476af0@mhfdat-jp.bin,ハラガンGXキャップ,Haragan GF Cap
0x476af4@mhfdat-jp.bin,ライオスヘルム,Haragan GX Cap
0x476af8@mhfdat-jp.bin,ライオスＦヘルム,Rios Helm
0x476afc@mhfdat-jp.bin,ライオスFYヘルム,Rios F Helm
0x476b00@mhfdat-jp.bin,ライオスHSヘルム,Rios FY Helm
0x476b04@mhfdat-jp.bin,ライオスＧヘルム,Rios HS Helm
0x476b08@mhfdat-jp.bin,ライオスGFヘルム,Rios G Helm
0x476b0c@mhfdat-jp.bin,ライオスGXヘルム,Rios GF Helm
0x476b10@mhfdat-jp.bin,ライオスキャップ,Rios GX Helm
0x476b14@mhfdat-jp.bin,ライオスＦキャップ,Rios Cap
0x476b18@mhfdat-jp.bin,ライオスFYキャップ,Rios F Cap
0x476b1c@mhfdat-jp.bin,ライオスHSキャップ,Rios FY Cap
0x476b20@mhfdat-jp.bin,ライオスＧキャップ,Rios HS Cap
0x476b24@mhfdat-jp.bin,ライオスGFキャップ,Rios G Cap
0x476b28@mhfdat-jp.bin,ライオスGXキャップ,Rios GF Cap
0x476b2c@mhfdat-jp.bin,崩霧【鉢金】,Rios GX Cap
0x476b30@mhfdat-jp.bin,崩霧Ｆ【鉢金】,Crushing Fog Hachigane
0x476b34@mhfdat-jp.bin,崩霧FY【鉢金】,Crushing Fog F Hachigane
0x476b38@mhfdat-jp.bin,崩霧HS【鉢金】,Crushing Fog FY Hachigane
0x476b3c@mhfdat-jp.bin,崩霧Ｇ【鉢金】,Crushing Fog HS Hachigane
0x476b40@mhfdat-jp.bin,崩霧GF【鉢金】,Crushing Fog G Hachigane
0x476b44@mhfdat-jp.bin,崩霧GX【鉢金】,Crushing Fog GF Hachigane
0x476b48@mhfdat-jp.bin,迅霧【鉢金】,Crushing Fog GX Hachigane
0x476b4c@mhfdat-jp.bin,迅霧Ｆ【鉢金】,Fog Hachigane
0x476b50@mhfdat-jp.bin,迅霧FY【鉢金】,Fog F Hachigane
0x476b54@mhfdat-jp.bin,迅霧HS【鉢金】,Fog FY Hachigane
0x476b58@mhfdat-jp.bin,迅霧Ｇ【鉢金】,Fog HS Hachigane
0x476b5c@mhfdat-jp.bin,迅霧GF【鉢金】,Fog G Hachigane
0x476b60@mhfdat-jp.bin,迅霧GX【鉢金】,Fog GF Hachigane
0x476b64@mhfdat-jp.bin,ロドクルヘッド,Fog GX Hachigane
0x476b68@mhfdat-jp.bin,ロドクルＦヘッド,Rodokuru Head
0x476b6c@mhfdat-jp.bin,ロドクルFYヘッド,Rodokuru F Head
0x476b70@mhfdat-jp.bin,ロドクルHSヘッド,Rodokuru FY Head
0x476b74@mhfdat-jp.bin,ロドクルＧヘッド,Rodokuru HS Head
0x476b78@mhfdat-jp.bin,ロドクルGFヘッド,Rodokuru G Head
0x476b7c@mhfdat-jp.bin,ロドクルGXヘッド,Rodokuru GF Head
0x476b80@mhfdat-jp.bin,ノワールFYピアス,Rodokuru GX Head
0x476b84@mhfdat-jp.bin,ノワールHSピアス,Noir FY Piercings
0x476b88@mhfdat-jp.bin,ノワールＧピアス,Noir HS Piercings
0x476b8c@mhfdat-jp.bin,ノワールGFピアス,Noir G Piercings
0x476b90@mhfdat-jp.bin,ノワールGXピアス,Noir GF Piercings
0x476b94@mhfdat-jp.bin,鬼神ノ角Ｇ,Noir GX Piercings
0x476b98@mhfdat-jp.bin,鬼神ノ角GF,Demon Lord ノ角G
0x476b9c@mhfdat-jp.bin,鬼神ノ角GX,Demon Lord ノ角GF
0x476ba0@mhfdat-jp.bin,童子ノ角Ｇ,Demon Lord ノ角GX
0x476ba4@mhfdat-jp.bin,童子ノ角GF,童子ノ角G
0x476ba8@mhfdat-jp.bin,童子ノ角GX,童子ノ角GF
0x476bac@mhfdat-jp.bin,イナコサージュ,童子ノ角GX
0x476bb0@mhfdat-jp.bin,イナコサージュＦ,Ina Corsage
0x476bb4@mhfdat-jp.bin,ポボルバレッタ,Ina Corsage F
0x476bb8@mhfdat-jp.bin,ポボルバレッタＦ,ポボル Beretta
0x476bbc@mhfdat-jp.bin,トゥールムヘルム,ポボル Beretta F
0x476bc0@mhfdat-jp.bin,トゥールムＦヘルム,Trume Helm
0x476bc4@mhfdat-jp.bin,トゥールムFZヘルム,Trume F Helm
0x476bc8@mhfdat-jp.bin,トゥールムHSヘルム,Trume FZ Helm
0x476bcc@mhfdat-jp.bin,トゥールムGSヘルム,Trume HS Helm
0x476bd0@mhfdat-jp.bin,トゥールムGPヘルム,Trume GS Helm
0x476bd4@mhfdat-jp.bin,トゥールムマスク,Trume GP Helm
0x476bd8@mhfdat-jp.bin,トゥールムＦマスク,Trume Mask
0x476bdc@mhfdat-jp.bin,トゥールムFZマスク,Trume F Mask
0x476be0@mhfdat-jp.bin,トゥールムHSマスク,Trume FZ Mask
0x476be4@mhfdat-jp.bin,トゥールムGSマスク,Trume HS Mask
0x476be8@mhfdat-jp.bin,トゥールムGPマスク,Trume GS Mask
0x476bec@mhfdat-jp.bin,ゴゴＧヘルム,Trume GP Mask
0x476bf0@mhfdat-jp.bin,ゴゴGFヘルム,Gogo G Helm
0x476bf4@mhfdat-jp.bin,ゴゴGXヘルム,Gogo GF Helm
0x476bf8@mhfdat-jp.bin,ゴゴＧキャップ,Gogo GX Helm
0x476bfc@mhfdat-jp.bin,ゴゴGFキャップ,Gogo G Cap
0x476c00@mhfdat-jp.bin,ゴゴGXキャップ,Gogo GF Cap
0x476c04@mhfdat-jp.bin,ヴァルヘルム,Gogo GX Cap
0x476c08@mhfdat-jp.bin,ヴァルＦヘルム,Varusa Helm
0x476c0c@mhfdat-jp.bin,ヴァルFXヘルム,Varusa F Helm
0x476c10@mhfdat-jp.bin,ヴァルＧヘルム,Varusa FX Helm
0x476c14@mhfdat-jp.bin,ヴァルGFヘルム,Varusa G Helm
0x476c18@mhfdat-jp.bin,ヴァルキャップ,Varusa GF Helm
0x476c1c@mhfdat-jp.bin,ヴァルＦキャップ,Varusa Cap
0x476c20@mhfdat-jp.bin,ヴァルFXキャップ,Varusa F Cap
0x476c24@mhfdat-jp.bin,ヴァルＧキャップ,Varusa FX Cap
0x476c28@mhfdat-jp.bin,ヴァルGFキャップ,Varusa G Cap
0x476c2c@mhfdat-jp.bin,フレイムGFクラウン,Varusa GF Cap
0x476c30@mhfdat-jp.bin,フレイムGFマスク,Flame GF Crown
0x476c34@mhfdat-jp.bin,リルスGFヘッド,Flame GF Mask
0x476c38@mhfdat-jp.bin,リルスGFキャップ,Lils GF Head
0x476c3c@mhfdat-jp.bin,アステリピアス・白,Lils GF Cap
0x476c40@mhfdat-jp.bin,アステリＦピアス・白,Asteli Piercings・White
0x476c44@mhfdat-jp.bin,アステリFZピアス・白,Asteli F Piercings・White
0x476c48@mhfdat-jp.bin,アステリHSピアス・白,Asteli FZ Piercings・White
0x476c4c@mhfdat-jp.bin,アステリGSピアス・白,Asteli HS Piercings・White
0x476c50@mhfdat-jp.bin,アステリGPピアス・白,Asteli GS Piercings・White
0x476c54@mhfdat-jp.bin,アステリハール・白,Asteli GP Piercings・White
0x476c58@mhfdat-jp.bin,アステリＦハール・白,Asteli Haar・White
0x476c5c@mhfdat-jp.bin,アステリFZハール・白,Asteli F Haar・White
0x476c60@mhfdat-jp.bin,アステリHSハール・白,Asteli FZ Haar・White
0x476c64@mhfdat-jp.bin,アステリGSハール・白,Asteli HS Haar・White
0x476c68@mhfdat-jp.bin,アステリGPハール・白,Asteli GS Haar・White
0x476c6c@mhfdat-jp.bin,アステリピアス・青,Asteli GP Haar・White
0x476c70@mhfdat-jp.bin,アステリＦピアス・青,Asteli Piercings・Blue
0x476c74@mhfdat-jp.bin,アステリFZピアス・青,Asteli F Piercings・Blue
0x476c78@mhfdat-jp.bin,アステリHSピアス・青,Asteli FZ Piercings・Blue
0x476c7c@mhfdat-jp.bin,アステリGSピアス・青,Asteli HS Piercings・Blue
0x476c80@mhfdat-jp.bin,アステリGPピアス・青,Asteli GS Piercings・Blue
0x476c84@mhfdat-jp.bin,アステリハール・青,Asteli GP Piercings・Blue
0x476c88@mhfdat-jp.bin,アステリＦハール・青,Asteli Haar・Blue
0x476c8c@mhfdat-jp.bin,アステリFZハール・青,Asteli F Haar・Blue
0x476c90@mhfdat-jp.bin,アステリHSハール・青,Asteli FZ Haar・Blue
0x476c94@mhfdat-jp.bin,アステリGSハール・青,Asteli HS Haar・Blue
0x476c98@mhfdat-jp.bin,アステリGPハール・青,Asteli GS Haar・Blue
0x476c9c@mhfdat-jp.bin,アステリピアス・赤,Asteli GP Haar・Blue
0x476ca0@mhfdat-jp.bin,アステリＦピアス・赤,Asteli Piercings・Red
0x476ca4@mhfdat-jp.bin,アステリFZピアス・赤,Asteli F Piercings・Red
0x476ca8@mhfdat-jp.bin,アステリHSピアス・赤,Asteli FZ Piercings・Red
0x476cac@mhfdat-jp.bin,アステリGSピアス・赤,Asteli HS Piercings・Red
0x476cb0@mhfdat-jp.bin,アステリGPピアス・赤,Asteli GS Piercings・Red
0x476cb4@mhfdat-jp.bin,アステリハール・赤,Asteli GP Piercings・Red
0x476cb8@mhfdat-jp.bin,アステリＦハール・赤,Asteli Haar・Red
0x476cbc@mhfdat-jp.bin,アステリFZハール・赤,Asteli F Haar・Red
0x476cc0@mhfdat-jp.bin,アステリHSハール・赤,Asteli FZ Haar・Red
0x476cc4@mhfdat-jp.bin,アステリGSハール・赤,Asteli HS Haar・Red
0x476cc8@mhfdat-jp.bin,アステリGPハール・赤,Asteli GS Haar・Red
0x476ccc@mhfdat-jp.bin,アステリピアス・黒,Asteli GP Haar・Red
0x476cd0@mhfdat-jp.bin,アステリＦピアス・黒,Asteli Piercings・Black
0x476cd4@mhfdat-jp.bin,アステリFZピアス・黒,Asteli F Piercings・Black
0x476cd8@mhfdat-jp.bin,アステリHSピアス・黒,Asteli FZ Piercings・Black
0x476cdc@mhfdat-jp.bin,アステリGSピアス・黒,Asteli HS Piercings・Black
0x476ce0@mhfdat-jp.bin,アステリGPピアス・黒,Asteli GS Piercings・Black
0x476ce4@mhfdat-jp.bin,アステリハール・黒,Asteli GP Piercings・Black
0x476ce8@mhfdat-jp.bin,アステリＦハール・黒,Asteli Haar・Black
0x476cec@mhfdat-jp.bin,アステリFZハール・黒,Asteli F Haar・Black
0x476cf0@mhfdat-jp.bin,アステリHSハール・黒,Asteli FZ Haar・Black
0x476cf4@mhfdat-jp.bin,アステリGSハール・黒,Asteli HS Haar・Black
0x476cf8@mhfdat-jp.bin,アステリGPハール・黒,Asteli GS Haar・Black
0x476cfc@mhfdat-jp.bin,ルケーゼヘッド,Asteli GP Haar・Black
0x476d00@mhfdat-jp.bin,ルケーゼＦヘッド,Lucchese Head
0x476d04@mhfdat-jp.bin,ルケーゼFYヘッド,Lucchese F Head
0x476d08@mhfdat-jp.bin,ルケーゼHSヘッド,Lucchese FY Head
0x476d0c@mhfdat-jp.bin,ルケーゼＧヘッド,Lucchese HS Head
0x476d10@mhfdat-jp.bin,ルケーゼGFヘッド,Lucchese G Head
0x476d14@mhfdat-jp.bin,ルケーゼGXヘッド,Lucchese GF Head
0x476d18@mhfdat-jp.bin,ルケーゼキャップ,Lucchese GX Head
0x476d1c@mhfdat-jp.bin,ルケーゼＦキャップ,Lucchese Cap
0x476d20@mhfdat-jp.bin,ルケーゼFYキャップ,Lucchese F Cap
0x476d24@mhfdat-jp.bin,ルケーゼHSキャップ,Lucchese FY Cap
0x476d28@mhfdat-jp.bin,ルケーゼＧキャップ,Lucchese HS Cap
0x476d2c@mhfdat-jp.bin,ルケーゼGFキャップ,Lucchese G Cap
0x476d30@mhfdat-jp.bin,ルケーゼGXキャップ,Lucchese GF Cap
0x476d34@mhfdat-jp.bin,オリクトＧヘルム,Lucchese GX Cap
0x476d38@mhfdat-jp.bin,オリクトGFヘルム,Orykto G Helm
0x476d3c@mhfdat-jp.bin,オリクトGXヘルム,Orykto GF Helm
0x476d40@mhfdat-jp.bin,オリクトＧキャップ,Orykto GX Helm
0x476d44@mhfdat-jp.bin,オリクトGFキャップ,Orykto G Cap
0x476d48@mhfdat-jp.bin,オリクトGXキャップ,Orykto GF Cap
0x476d4c@mhfdat-jp.bin,ボニトヘルム,Orykto GX Cap
0x476d50@mhfdat-jp.bin,ボニトＦヘルム,Bonito Helm
0x476d54@mhfdat-jp.bin,ボニトFYヘルム,Bonito F Helm
0x476d58@mhfdat-jp.bin,ボニトHSヘルム,Bonito FY Helm
0x476d5c@mhfdat-jp.bin,ボニトＧヘルム,Bonito HS Helm
0x476d60@mhfdat-jp.bin,ボニトGFヘルム,Bonito G Helm
0x476d64@mhfdat-jp.bin,ボニトGXヘルム,Bonito GF Helm
0x476d68@mhfdat-jp.bin,ボニトキャップ,Bonito GX Helm
0x476d6c@mhfdat-jp.bin,ボニトＦキャップ,Bonito Cap
0x476d70@mhfdat-jp.bin,ボニトFYキャップ,Bonito F Cap
0x476d74@mhfdat-jp.bin,ボニトHSキャップ,Bonito FY Cap
0x476d78@mhfdat-jp.bin,ボニトＧキャップ,Bonito HS Cap
0x476d7c@mhfdat-jp.bin,ボニトGFキャップ,Bonito G Cap
0x476d80@mhfdat-jp.bin,ボニトGXキャップ,Bonito GF Cap
0x476d84@mhfdat-jp.bin,コントラGXピアス,Bonito GX Cap
0x476d88@mhfdat-jp.bin,ジントラGXピアス,Contra GX Piercings
0x476d8c@mhfdat-jp.bin,アントラGXピアス,Jintora GX Piercings
0x476d90@mhfdat-jp.bin,ビントラGXピアス,Antora GX Piercings
0x476d94@mhfdat-jp.bin,タントラGXピアス,Bintora GX Piercings
0x476d98@mhfdat-jp.bin,ルチャルＧピアス,Tantora GX Piercings
0x476d9c@mhfdat-jp.bin,ルチャルGFピアス,Luchar G Piercings
0x476da0@mhfdat-jp.bin,ルチャルGXピアス,Luchar GF Piercings
0x476da4@mhfdat-jp.bin,司銀Ｇ【兜】,Luchar GX Piercings
0x476da8@mhfdat-jp.bin,司銀GF【兜】,Solv Rule G Kabuto
0x476dac@mhfdat-jp.bin,司銀GX【兜】,Solv Rule GF Kabuto
0x476db0@mhfdat-jp.bin,操銀Ｇ【兜】,Solv Rule GX Kabuto
0x476db4@mhfdat-jp.bin,操銀GF【兜】,Solv Lord G Kabuto
0x476db8@mhfdat-jp.bin,操銀GX【兜】,Solv Lord GF Kabuto
0x476dbc@mhfdat-jp.bin,ハルドヘルム,Solv Lord GX Kabuto
0x476dc0@mhfdat-jp.bin,ハルドＦヘルム,Harudo Helm
0x476dc4@mhfdat-jp.bin,ハルドFXヘルム,Harudo F Helm
0x476dc8@mhfdat-jp.bin,ハルドＧヘルム,Harudo FX Helm
0x476dcc@mhfdat-jp.bin,ハルドGFヘルム,Harudo G Helm
0x476dd0@mhfdat-jp.bin,ハルドキャップ,Harudo GF Helm
0x476dd4@mhfdat-jp.bin,ハルドＦキャップ,Harudo Cap
0x476dd8@mhfdat-jp.bin,ハルドFXキャップ,Harudo F Cap
0x476ddc@mhfdat-jp.bin,ハルドＧキャップ,Harudo FX Cap
0x476de0@mhfdat-jp.bin,ハルドGFキャップ,Harudo G Cap
0x476de4@mhfdat-jp.bin,グレアヘルム,Harudo GF Cap
0x476de8@mhfdat-jp.bin,グレアＦヘルム,Gureado Helm
0x476dec@mhfdat-jp.bin,グレアFXヘルム,Gureado F Helm
0x476df0@mhfdat-jp.bin,グレアＧヘルム,Gureado FX Helm
0x476df4@mhfdat-jp.bin,グレアGFヘルム,Gureado G Helm
0x476df8@mhfdat-jp.bin,グレアキャップ,Gureado GF Helm
0x476dfc@mhfdat-jp.bin,グレアＦキャップ,Gureado Cap
0x476e00@mhfdat-jp.bin,グレアFXキャップ,Gureado F Cap
0x476e04@mhfdat-jp.bin,グレアＧキャップ,Gureado FX Cap
0x476e08@mhfdat-jp.bin,グレアGFキャップ,Gureado G Cap
0x476e0c@mhfdat-jp.bin,アカムトＧサクパケ,Gureado GF Cap
0x476e10@mhfdat-jp.bin,アカムトGFサクパケ,Akantor G Mask
0x476e14@mhfdat-jp.bin,アカムトGXサクパケ,Akantor GF Mask
0x476e18@mhfdat-jp.bin,アカムトＧサクイマキ,Akantor GX Mask
0x476e1c@mhfdat-jp.bin,アカムトGFサクイマキ,Akantor G Fangs
0x476e20@mhfdat-jp.bin,アカムトGXサクイマキ,Akantor GF Fangs
0x476e24@mhfdat-jp.bin,ガノンＧヘルム,Akantor GX Fangs
0x476e28@mhfdat-jp.bin,ガノンGFヘルム,Green Plesi G Helm
0x476e2c@mhfdat-jp.bin,ガノンGXヘルム,Green Plesi GF Helm
0x476e30@mhfdat-jp.bin,ガノンＧキャップ,Green Plesi GX Helm
0x476e34@mhfdat-jp.bin,ガノンGFキャップ,Green Plesi G Cap
0x476e38@mhfdat-jp.bin,ガノンGXキャップ,Green Plesi GF Cap
0x476e3c@mhfdat-jp.bin,ヒプックＧヘルム,Green Plesi GX Cap
0x476e40@mhfdat-jp.bin,ヒプックGFヘルム,Bright Hypnoc G Helm
0x476e44@mhfdat-jp.bin,ヒプックGXヘルム,Bright Hypnoc GF Helm
0x476e48@mhfdat-jp.bin,ヒプックＧキャップ,Bright Hypnoc GX Helm
0x476e4c@mhfdat-jp.bin,ヒプックGFキャップ,Bright Hypnoc G Cap
0x476e50@mhfdat-jp.bin,ヒプックGXキャップ,Bright Hypnoc GF Cap
0x476e54@mhfdat-jp.bin,ブリッツGXホーン,Bright Hypnoc GX Cap
0x476e58@mhfdat-jp.bin,ブリッツGXコルノ,Blitz GX Horn
0x476e5c@mhfdat-jp.bin,ストロマGXヘルム,Blitz GX Corno
0x476e60@mhfdat-jp.bin,ストロマGXキャップ,Stroma GX Helm
0x476e64@mhfdat-jp.bin,ディボアGXヘルム,Stroma GX Cap
0x476e68@mhfdat-jp.bin,ディボアGXキャップ,Diboa GX Helm
0x476e6c@mhfdat-jp.bin,レグヌムヘッド・白,Diboa GX Cap
0x476e70@mhfdat-jp.bin,レグヌムＦヘッド・白,Regnum Head・White
0x476e74@mhfdat-jp.bin,レグヌムFZヘッド・白,Regnum F Head・White
0x476e78@mhfdat-jp.bin,レグヌムHSヘッド・白,Regnum FZ Head・White
0x476e7c@mhfdat-jp.bin,レグヌムGSヘッド・白,Regnum HS Head・White
0x476e80@mhfdat-jp.bin,レグヌムGPヘッド・白,Regnum GS Head・White
0x476e84@mhfdat-jp.bin,レグヌムハット・白,Regnum GP Head・White
0x476e88@mhfdat-jp.bin,レグヌムＦハット・白,Regnum Hat・White
0x476e8c@mhfdat-jp.bin,レグヌムFZハット・白,Regnum F Hat・White
0x476e90@mhfdat-jp.bin,レグヌムHSハット・白,Regnum FZ Hat・White
0x476e94@mhfdat-jp.bin,レグヌムGSハット・白,Regnum HS Hat・White
0x476e98@mhfdat-jp.bin,レグヌムGPハット・白,Regnum GS Hat・White
0x476e9c@mhfdat-jp.bin,レグヌムヘッド・青,Regnum GP Hat・White
0x476ea0@mhfdat-jp.bin,レグヌムＦヘッド・青,Regnum Head・Blue
0x476ea4@mhfdat-jp.bin,レグヌムFZヘッド・青,Regnum F Head・Blue
0x476ea8@mhfdat-jp.bin,レグヌムHSヘッド・青,Regnum FZ Head・Blue
0x476eac@mhfdat-jp.bin,レグヌムGSヘッド・青,Regnum HS Head・Blue
0x476eb0@mhfdat-jp.bin,レグヌムGPヘッド・青,Regnum GS Head・Blue
0x476eb4@mhfdat-jp.bin,レグヌムハット・青,Regnum GP Head・Blue
0x476eb8@mhfdat-jp.bin,レグヌムＦハット・青,Regnum Hat・Blue
0x476ebc@mhfdat-jp.bin,レグヌムFZハット・青,Regnum F Hat・Blue
0x476ec0@mhfdat-jp.bin,レグヌムHSハット・青,Regnum FZ Hat・Blue
0x476ec4@mhfdat-jp.bin,レグヌムGSハット・青,Regnum HS Hat・Blue
0x476ec8@mhfdat-jp.bin,レグヌムGPハット・青,Regnum GS Hat・Blue
0x476ecc@mhfdat-jp.bin,レグヌムヘッド・赤,Regnum GP Hat・Blue
0x476ed0@mhfdat-jp.bin,レグヌムＦヘッド・赤,Regnum Head・Red
0x476ed4@mhfdat-jp.bin,レグヌムFZヘッド・赤,Regnum F Head・Red
0x476ed8@mhfdat-jp.bin,レグヌムHSヘッド・赤,Regnum FZ Head・Red
0x476edc@mhfdat-jp.bin,レグヌムGSヘッド・赤,Regnum HS Head・Red
0x476ee0@mhfdat-jp.bin,レグヌムGPヘッド・赤,Regnum GS Head・Red
0x476ee4@mhfdat-jp.bin,レグヌムハット・赤,Regnum GP Head・Red
0x476ee8@mhfdat-jp.bin,レグヌムＦハット・赤,Regnum Hat・Red
0x476eec@mhfdat-jp.bin,レグヌムFZハット・赤,Regnum F Hat・Red
0x476ef0@mhfdat-jp.bin,レグヌムHSハット・赤,Regnum FZ Hat・Red
0x476ef4@mhfdat-jp.bin,レグヌムGSハット・赤,Regnum HS Hat・Red
0x476ef8@mhfdat-jp.bin,レグヌムGPハット・赤,Regnum GS Hat・Red
0x476efc@mhfdat-jp.bin,レグヌムヘッド・茶,Regnum GP Hat・Red
0x476f00@mhfdat-jp.bin,レグヌムＦヘッド・茶,Regnum Head・Tea
0x476f04@mhfdat-jp.bin,レグヌムFZヘッド・茶,Regnum F Head・Tea
0x476f08@mhfdat-jp.bin,レグヌムHSヘッド・茶,Regnum FZ Head・Tea
0x476f0c@mhfdat-jp.bin,レグヌムGSヘッド・茶,Regnum HS Head・Tea
0x476f10@mhfdat-jp.bin,レグヌムGPヘッド・茶,Regnum GS Head・Tea
0x476f14@mhfdat-jp.bin,レグヌムハット・茶,Regnum GP Head・Tea
0x476f18@mhfdat-jp.bin,レグヌムＦハット・茶,Regnum Hat・Tea
0x476f1c@mhfdat-jp.bin,レグヌムFZハット・茶,Regnum F Hat・Tea
0x476f20@mhfdat-jp.bin,レグヌムHSハット・茶,Regnum FZ Hat・Tea
0x476f24@mhfdat-jp.bin,レグヌムGSハット・茶,Regnum HS Hat・Tea
0x476f28@mhfdat-jp.bin,レグヌムGPハット・茶,Regnum GS Hat・Tea
0x476f2c@mhfdat-jp.bin,マリンヘッド・青,Regnum GP Hat・Tea
0x476f30@mhfdat-jp.bin,マリンＦヘッド・青,Marin Head・Blue
0x476f34@mhfdat-jp.bin,マリンFZヘッド・青,Marin F Head・Blue
0x476f38@mhfdat-jp.bin,マリンHSヘッド・青,Marin FZ Head・Blue
0x476f3c@mhfdat-jp.bin,マリンGSヘッド・青,Marin HS Head・Blue
0x476f40@mhfdat-jp.bin,マリンGPヘッド・青,Marin GS Head・Blue
0x476f44@mhfdat-jp.bin,マリンキャップ・青,Marin GP Head・Blue
0x476f48@mhfdat-jp.bin,マリンＦキャップ・青,Marin Cap・Blue
0x476f4c@mhfdat-jp.bin,マリンFZキャップ・青,Marin F Cap・Blue
0x476f50@mhfdat-jp.bin,マリンHSキャップ・青,Marin FZ Cap・Blue
0x476f54@mhfdat-jp.bin,マリンGSキャップ・青,Marin HS Cap・Blue
0x476f58@mhfdat-jp.bin,マリンGPキャップ・青,Marin GS Cap・Blue
0x476f5c@mhfdat-jp.bin,マリンヘッド・桃,Marin GP Cap・Blue
0x476f60@mhfdat-jp.bin,マリンＦヘッド・桃,Marin Head・Peach
0x476f64@mhfdat-jp.bin,マリンFZヘッド・桃,Marin F Head・Peach
0x476f68@mhfdat-jp.bin,マリンHSヘッド・桃,Marin FZ Head・Peach
0x476f6c@mhfdat-jp.bin,マリンGSヘッド・桃,Marin HS Head・Peach
0x476f70@mhfdat-jp.bin,マリンGPヘッド・桃,Marin GS Head・Peach
0x476f74@mhfdat-jp.bin,マリンキャップ・桃,Marin GP Head・Peach
0x476f78@mhfdat-jp.bin,マリンＦキャップ・桃,Marin Cap・Peach
0x476f7c@mhfdat-jp.bin,マリンFZキャップ・桃,Marin F Cap・Peach
0x476f80@mhfdat-jp.bin,マリンHSキャップ・桃,Marin FZ Cap・Peach
0x476f84@mhfdat-jp.bin,マリンGSキャップ・桃,Marin HS Cap・Peach
0x476f88@mhfdat-jp.bin,マリンGPキャップ・桃,Marin GS Cap・Peach
0x476f8c@mhfdat-jp.bin,マリンヘッド・白,Marin GP Cap・Peach
0x476f90@mhfdat-jp.bin,マリンＦヘッド・白,Marin Head・White
0x476f94@mhfdat-jp.bin,マリンFZヘッド・白,Marin F Head・White
0x476f98@mhfdat-jp.bin,マリンHSヘッド・白,Marin FZ Head・White
0x476f9c@mhfdat-jp.bin,マリンGSヘッド・白,Marin HS Head・White
0x476fa0@mhfdat-jp.bin,マリンGPヘッド・白,Marin GS Head・White
0x476fa4@mhfdat-jp.bin,マリンキャップ・白,Marin GP Head・White
0x476fa8@mhfdat-jp.bin,マリンＦキャップ・白,Marin Cap・White
0x476fac@mhfdat-jp.bin,マリンFZキャップ・白,Marin F Cap・White
0x476fb0@mhfdat-jp.bin,マリンHSキャップ・白,Marin FZ Cap・White
0x476fb4@mhfdat-jp.bin,マリンGSキャップ・白,Marin HS Cap・White
0x476fb8@mhfdat-jp.bin,マリンGPキャップ・白,Marin GS Cap・White
0x476fbc@mhfdat-jp.bin,マリンヘッド・黒,Marin GP Cap・White
0x476fc0@mhfdat-jp.bin,マリンＦヘッド・黒,Marin Head・Black
0x476fc4@mhfdat-jp.bin,マリンFZヘッド・黒,Marin F Head・Black
0x476fc8@mhfdat-jp.bin,マリンHSヘッド・黒,Marin FZ Head・Black
0x476fcc@mhfdat-jp.bin,マリンGSヘッド・黒,Marin HS Head・Black
0x476fd0@mhfdat-jp.bin,マリンGPヘッド・黒,Marin GS Head・Black
0x476fd4@mhfdat-jp.bin,マリンキャップ・黒,Marin GP Head・Black
0x476fd8@mhfdat-jp.bin,マリンＦキャップ・黒,Marin Cap・Black
0x476fdc@mhfdat-jp.bin,マリンFZキャップ・黒,Marin F Cap・Black
0x476fe0@mhfdat-jp.bin,マリンHSキャップ・黒,Marin FZ Cap・Black
0x476fe4@mhfdat-jp.bin,マリンGSキャップ・黒,Marin HS Cap・Black
0x476fe8@mhfdat-jp.bin,マリンGPキャップ・黒,Marin GS Cap・Black
0x476fec@mhfdat-jp.bin,ルフレヘッド・青,Marin GP Cap・Black
0x476ff0@mhfdat-jp.bin,ルフレＦヘッド・青,Reflet Head・Blue
0x476ff4@mhfdat-jp.bin,ルフレFZヘッド・青,Reflet F Head・Blue
0x476ff8@mhfdat-jp.bin,ルフレHSヘッド・青,Reflet FZ Head・Blue
0x476ffc@mhfdat-jp.bin,ルフレGSヘッド・青,Reflet HS Head・Blue
0x477000@mhfdat-jp.bin,ルフレGPヘッド・青,Reflet GS Head・Blue
0x477004@mhfdat-jp.bin,ルフレマスク・青,Reflet GP Head・Blue
0x477008@mhfdat-jp.bin,ルフレＦマスク・青,Reflet Mask・Blue
0x47700c@mhfdat-jp.bin,ルフレFZマスク・青,Reflet F Mask・Blue
0x477010@mhfdat-jp.bin,ルフレHSマスク・青,Reflet FZ Mask・Blue
0x477014@mhfdat-jp.bin,ルフレGSマスク・青,Reflet HS Mask・Blue
0x477018@mhfdat-jp.bin,ルフレGPマスク・青,Reflet GS Mask・Blue
0x47701c@mhfdat-jp.bin,ルフレヘッド・白,Reflet GP Mask・Blue
0x477020@mhfdat-jp.bin,ルフレＦヘッド・白,Reflet Head・White
0x477024@mhfdat-jp.bin,ルフレFZヘッド・白,Reflet F Head・White
0x477028@mhfdat-jp.bin,ルフレHSヘッド・白,Reflet FZ Head・White
0x47702c@mhfdat-jp.bin,ルフレGSヘッド・白,Reflet HS Head・White
0x477030@mhfdat-jp.bin,ルフレGPヘッド・白,Reflet GS Head・White
0x477034@mhfdat-jp.bin,ルフレマスク・白,Reflet GP Head・White
0x477038@mhfdat-jp.bin,ルフレＦマスク・白,Reflet Mask・White
0x47703c@mhfdat-jp.bin,ルフレFZマスク・白,Reflet F Mask・White
0x477040@mhfdat-jp.bin,ルフレHSマスク・白,Reflet FZ Mask・White
0x477044@mhfdat-jp.bin,ルフレGSマスク・白,Reflet HS Mask・White
0x477048@mhfdat-jp.bin,ルフレGPマスク・白,Reflet GS Mask・White
0x47704c@mhfdat-jp.bin,ルフレヘッド・赤,Reflet GP Mask・White
0x477050@mhfdat-jp.bin,ルフレＦヘッド・赤,Reflet Head・Red
0x477054@mhfdat-jp.bin,ルフレFZヘッド・赤,Reflet F Head・Red
0x477058@mhfdat-jp.bin,ルフレHSヘッド・赤,Reflet FZ Head・Red
0x47705c@mhfdat-jp.bin,ルフレGSヘッド・赤,Reflet HS Head・Red
0x477060@mhfdat-jp.bin,ルフレGPヘッド・赤,Reflet GS Head・Red
0x477064@mhfdat-jp.bin,ルフレマスク・赤,Reflet GP Head・Red
0x477068@mhfdat-jp.bin,ルフレＦマスク・赤,Reflet Mask・Red
0x47706c@mhfdat-jp.bin,ルフレFZマスク・赤,Reflet F Mask・Red
0x477070@mhfdat-jp.bin,ルフレHSマスク・赤,Reflet FZ Mask・Red
0x477074@mhfdat-jp.bin,ルフレGSマスク・赤,Reflet HS Mask・Red
0x477078@mhfdat-jp.bin,ルフレGPマスク・赤,Reflet GS Mask・Red
0x47707c@mhfdat-jp.bin,ルフレヘッド・黒,Reflet GP Mask・Red
0x477080@mhfdat-jp.bin,ルフレＦヘッド・黒,Reflet Head・Black
0x477084@mhfdat-jp.bin,ルフレFZヘッド・黒,Reflet F Head・Black
0x477088@mhfdat-jp.bin,ルフレHSヘッド・黒,Reflet FZ Head・Black
0x47708c@mhfdat-jp.bin,ルフレGSヘッド・黒,Reflet HS Head・Black
0x477090@mhfdat-jp.bin,ルフレGPヘッド・黒,Reflet GS Head・Black
0x477094@mhfdat-jp.bin,ルフレマスク・黒,Reflet GP Head・Black
0x477098@mhfdat-jp.bin,ルフレＦマスク・黒,Reflet Mask・Black
0x47709c@mhfdat-jp.bin,ルフレFZマスク・黒,Reflet F Mask・Black
0x4770a0@mhfdat-jp.bin,ルフレHSマスク・黒,Reflet FZ Mask・Black
0x4770a4@mhfdat-jp.bin,ルフレGSマスク・黒,Reflet HS Mask・Black
0x4770a8@mhfdat-jp.bin,ルフレGPマスク・黒,Reflet GS Mask・Black
0x4770ac@mhfdat-jp.bin,CEケブラー頭：剣青,Reflet GP Mask・Black
0x4770b0@mhfdat-jp.bin,CEケブラーＦ頭：剣青,CE Kevlar BM Head Blue
0x4770b4@mhfdat-jp.bin,CEケブラーFZ頭：剣青,CE Kevlar F BM Head Blue
0x4770b8@mhfdat-jp.bin,CEケブラーHS頭：剣青,CE Kevlar FZ BM Head Blue
0x4770bc@mhfdat-jp.bin,CEケブラーGS頭：剣青,CE Kevlar HS BM Head Blue
0x4770c0@mhfdat-jp.bin,CEケブラーGP頭：剣青,CE Kevlar GS BM Head Blue
0x4770c4@mhfdat-jp.bin,CEケブラー頭：弓青,CE Kevlar GP BM Head Blue
0x4770c8@mhfdat-jp.bin,CEケブラーＦ頭：弓青,CE Kevlar GN Head Blue
0x4770cc@mhfdat-jp.bin,CEケブラーFZ頭：弓青,CE Kevlar F GN Head Blue
0x4770d0@mhfdat-jp.bin,CEケブラーHS頭：弓青,CE Kevlar FZ GN Head Blue
0x4770d4@mhfdat-jp.bin,CEケブラーGS頭：弓青,CE Kevlar HS GN Head Blue
0x4770d8@mhfdat-jp.bin,CEケブラーGP頭：弓青,CE Kevlar GS GN Head Blue
0x4770dc@mhfdat-jp.bin,CEケブラー頭：剣赤,CE Kevlar GP GN Head Blue
0x4770e0@mhfdat-jp.bin,CEケブラーＦ頭：剣赤,CE Kevlar BM Head Red
0x4770e4@mhfdat-jp.bin,CEケブラーFZ頭：剣赤,CE Kevlar F BM Head Red
0x4770e8@mhfdat-jp.bin,CEケブラーHS頭：剣赤,CE Kevlar FZ BM Head Red
0x4770ec@mhfdat-jp.bin,CEケブラーGS頭：剣赤,CE Kevlar HS BM Head Red
0x4770f0@mhfdat-jp.bin,CEケブラーGP頭：剣赤,CE Kevlar GS BM Head Red
0x4770f4@mhfdat-jp.bin,CEケブラー頭：弓赤,CE Kevlar GP BM Head Red
0x4770f8@mhfdat-jp.bin,CEケブラーＦ頭：弓赤,CE Kevlar GN Head Red
0x4770fc@mhfdat-jp.bin,CEケブラーFZ頭：弓赤,CE Kevlar F GN Head Red
0x477100@mhfdat-jp.bin,CEケブラーHS頭：弓赤,CE Kevlar FZ GN Head Red
0x477104@mhfdat-jp.bin,CEケブラーGS頭：弓赤,CE Kevlar HS GN Head Red
0x477108@mhfdat-jp.bin,CEケブラーGP頭：弓赤,CE Kevlar GS GN Head Red
0x47710c@mhfdat-jp.bin,CEケブラー頭：剣白,CE Kevlar GP GN Head Red
0x477110@mhfdat-jp.bin,CEケブラーＦ頭：剣白,CE Kevlar BM Head White
0x477114@mhfdat-jp.bin,CEケブラーFZ頭：剣白,CE Kevlar F BM Head White
0x477118@mhfdat-jp.bin,CEケブラーHS頭：剣白,CE Kevlar FZ BM Head White
0x47711c@mhfdat-jp.bin,CEケブラーGS頭：剣白,CE Kevlar HS BM Head White
0x477120@mhfdat-jp.bin,CEケブラーGP頭：剣白,CE Kevlar GS BM Head White
0x477124@mhfdat-jp.bin,CEケブラー頭：弓白,CE Kevlar GP BM Head White
0x477128@mhfdat-jp.bin,CEケブラーＦ頭：弓白,CE Kevlar GN Head White
0x47712c@mhfdat-jp.bin,CEケブラーFZ頭：弓白,CE Kevlar F GN Head White
0x477130@mhfdat-jp.bin,CEケブラーHS頭：弓白,CE Kevlar FZ GN Head White
0x477134@mhfdat-jp.bin,CEケブラーGS頭：弓白,CE Kevlar HS GN Head White
0x477138@mhfdat-jp.bin,CEケブラーGP頭：弓白,CE Kevlar GS GN Head White
0x47713c@mhfdat-jp.bin,CEケブラー頭：剣黒,CE Kevlar GP GN Head White
0x477140@mhfdat-jp.bin,CEケブラーＦ頭：剣黒,CE Kevlar BM Head Black
0x477144@mhfdat-jp.bin,CEケブラーFZ頭：剣黒,CE Kevlar F BM Head Black
0x477148@mhfdat-jp.bin,CEケブラーHS頭：剣黒,CE Kevlar FZ BM Head Black
0x47714c@mhfdat-jp.bin,CEケブラーGS頭：剣黒,CE Kevlar HS BM Head Black
0x477150@mhfdat-jp.bin,CEケブラーGP頭：剣黒,CE Kevlar GS BM Head Black
0x477154@mhfdat-jp.bin,CEケブラー頭：弓黒,CE Kevlar GP BM Head Black
0x477158@mhfdat-jp.bin,CEケブラーＦ頭：弓黒,CE Kevlar GN Head Black
0x47715c@mhfdat-jp.bin,CEケブラーFZ頭：弓黒,CE Kevlar F GN Head Black
0x477160@mhfdat-jp.bin,CEケブラーHS頭：弓黒,CE Kevlar FZ GN Head Black
0x477164@mhfdat-jp.bin,CEケブラーGS頭：弓黒,CE Kevlar HS GN Head Black
0x477168@mhfdat-jp.bin,CEケブラーGP頭：弓黒,CE Kevlar GS GN Head Black
0x47716c@mhfdat-jp.bin,ABレイヤー頭：剣赤,CE Kevlar GP GN Head Black
0x477170@mhfdat-jp.bin,ABレイヤーＦ頭：剣赤,AB Layer BM Head Red
0x477174@mhfdat-jp.bin,ABレイヤーFZ頭：剣赤,AB Layer F BM Head Red
0x477178@mhfdat-jp.bin,ABレイヤーHS頭：剣赤,AB Layer FZ BM Head Red
0x47717c@mhfdat-jp.bin,ABレイヤーGS頭：剣赤,AB Layer HS BM Head Red
0x477180@mhfdat-jp.bin,ABレイヤーGP頭：剣赤,AB Layer GS BM Head Red
0x477184@mhfdat-jp.bin,ABレイヤー頭：弓赤,AB Layer GP BM Head Red
0x477188@mhfdat-jp.bin,ABレイヤーＦ頭：弓赤,AB Layer GN Head Red
0x47718c@mhfdat-jp.bin,ABレイヤーFZ頭：弓赤,AB Layer F GN Head Red
0x477190@mhfdat-jp.bin,ABレイヤーHS頭：弓赤,AB Layer FZ GN Head Red
0x477194@mhfdat-jp.bin,ABレイヤーGS頭：弓赤,AB Layer HS GN Head Red
0x477198@mhfdat-jp.bin,ABレイヤーGP頭：弓赤,AB Layer GS GN Head Red
0x47719c@mhfdat-jp.bin,ABレイヤー頭：剣青,AB Layer GP GN Head Red
0x4771a0@mhfdat-jp.bin,ABレイヤーＦ頭：剣青,AB Layer BM Head Blue
0x4771a4@mhfdat-jp.bin,ABレイヤーFZ頭：剣青,AB Layer F BM Head Blue
0x4771a8@mhfdat-jp.bin,ABレイヤーHS頭：剣青,AB Layer FZ BM Head Blue
0x4771ac@mhfdat-jp.bin,ABレイヤーGS頭：剣青,AB Layer HS BM Head Blue
0x4771b0@mhfdat-jp.bin,ABレイヤーGP頭：剣青,AB Layer GS BM Head Blue
0x4771b4@mhfdat-jp.bin,ABレイヤー頭：弓青,AB Layer GP BM Head Blue
0x4771b8@mhfdat-jp.bin,ABレイヤーＦ頭：弓青,AB Layer GN Head Blue
0x4771bc@mhfdat-jp.bin,ABレイヤーFZ頭：弓青,AB Layer F GN Head Blue
0x4771c0@mhfdat-jp.bin,ABレイヤーHS頭：弓青,AB Layer FZ GN Head Blue
0x4771c4@mhfdat-jp.bin,ABレイヤーGS頭：弓青,AB Layer HS GN Head Blue
0x4771c8@mhfdat-jp.bin,ABレイヤーGP頭：弓青,AB Layer GS GN Head Blue
0x4771cc@mhfdat-jp.bin,ABレイヤー頭：剣黒,AB Layer GP GN Head Blue
0x4771d0@mhfdat-jp.bin,ABレイヤーＦ頭：剣黒,AB Layer BM Head Black
0x4771d4@mhfdat-jp.bin,ABレイヤーFZ頭：剣黒,AB Layer F BM Head Black
0x4771d8@mhfdat-jp.bin,ABレイヤーHS頭：剣黒,AB Layer FZ BM Head Black
0x4771dc@mhfdat-jp.bin,ABレイヤーGS頭：剣黒,AB Layer HS BM Head Black
0x4771e0@mhfdat-jp.bin,ABレイヤーGP頭：剣黒,AB Layer GS BM Head Black
0x4771e4@mhfdat-jp.bin,ABレイヤー頭：弓黒,AB Layer GP BM Head Black
0x4771e8@mhfdat-jp.bin,ABレイヤーＦ頭：弓黒,AB Layer GN Head Black
0x4771ec@mhfdat-jp.bin,ABレイヤーFZ頭：弓黒,AB Layer F GN Head Black
0x4771f0@mhfdat-jp.bin,ABレイヤーHS頭：弓黒,AB Layer FZ GN Head Black
0x4771f4@mhfdat-jp.bin,ABレイヤーGS頭：弓黒,AB Layer HS GN Head Black
0x4771f8@mhfdat-jp.bin,ABレイヤーGP頭：弓黒,AB Layer GS GN Head Black
0x4771fc@mhfdat-jp.bin,ABレイヤー頭：剣白,AB Layer GP GN Head Black
0x477200@mhfdat-jp.bin,ABレイヤーＦ頭：剣白,AB Layer BM Head White
0x477204@mhfdat-jp.bin,ABレイヤーFZ頭：剣白,AB Layer F BM Head White
0x477208@mhfdat-jp.bin,ABレイヤーHS頭：剣白,AB Layer FZ BM Head White
0x47720c@mhfdat-jp.bin,ABレイヤーGS頭：剣白,AB Layer HS BM Head White
0x477210@mhfdat-jp.bin,ABレイヤーGP頭：剣白,AB Layer GS BM Head White
0x477214@mhfdat-jp.bin,ABレイヤー頭：弓白,AB Layer GP BM Head White
0x477218@mhfdat-jp.bin,ABレイヤーＦ頭：弓白,AB Layer GN Head White
0x47721c@mhfdat-jp.bin,ABレイヤーFZ頭：弓白,AB Layer F GN Head White
0x477220@mhfdat-jp.bin,ABレイヤーHS頭：弓白,AB Layer FZ GN Head White
0x477224@mhfdat-jp.bin,ABレイヤーGS頭：弓白,AB Layer HS GN Head White
0x477228@mhfdat-jp.bin,ABレイヤーGP頭：弓白,AB Layer GS GN Head White
0x47722c@mhfdat-jp.bin,ブロンテヘッド,AB Layer GP GN Head White
0x477230@mhfdat-jp.bin,ブロンテＦヘッド,Bronte Head
0x477234@mhfdat-jp.bin,ブロンテFZヘッド,Bronte F Head
0x477238@mhfdat-jp.bin,ブロンテHSヘッド,Bronte FZ Head
0x47723c@mhfdat-jp.bin,ブロンテGSヘッド,Bronte HS Head
0x477240@mhfdat-jp.bin,ブロンテGPヘッド,Bronte GS Head
0x477244@mhfdat-jp.bin,ブロンテハット,Bronte GP Head
0x477248@mhfdat-jp.bin,ブロンテＦハット,Bronte Hat
0x47724c@mhfdat-jp.bin,ブロンテFZハット,Bronte F Hat
0x477250@mhfdat-jp.bin,ブロンテHSハット,Bronte FZ Hat
0x477254@mhfdat-jp.bin,ブロンテGSハット,Bronte HS Hat
0x477258@mhfdat-jp.bin,ブロンテGPハット,Bronte GS Hat
0x47725c@mhfdat-jp.bin,ソレーネヘッド,Bronte GP Hat
0x477260@mhfdat-jp.bin,ソレーネＦヘッド,Solene Head
0x477264@mhfdat-jp.bin,ソレーネFZヘッド,Solene F Head
0x477268@mhfdat-jp.bin,ソレーネHSヘッド,Solene FZ Head
0x47726c@mhfdat-jp.bin,ソレーネGSヘッド,Solene HS Head
0x477270@mhfdat-jp.bin,ソレーネGPヘッド,Solene GS Head
0x477274@mhfdat-jp.bin,ソレーネハット,Solene GP Head
0x477278@mhfdat-jp.bin,ソレーネＦハット,Solene Hat
0x47727c@mhfdat-jp.bin,ソレーネFZハット,Solene F Hat
0x477280@mhfdat-jp.bin,ソレーネHSハット,Solene FZ Hat
0x477284@mhfdat-jp.bin,ソレーネGSハット,Solene HS Hat
0x477288@mhfdat-jp.bin,ソレーネGPハット,Solene GS Hat
0x47728c@mhfdat-jp.bin,ラピヌバンド,Solene GP Hat
0x477290@mhfdat-jp.bin,ラピヌＦバンド,Lapine Band
0x477294@mhfdat-jp.bin,ラピヌFZバンド,Lapine F Band
0x477298@mhfdat-jp.bin,ラピヌHSバンド,Lapine FZ Band
0x47729c@mhfdat-jp.bin,ラピヌGSバンド,Lapine HS Band
0x4772a0@mhfdat-jp.bin,ラピヌGPバンド,Lapine GS Band
0x4772a4@mhfdat-jp.bin,ラピヌヘッド,Lapine GP Band
0x4772a8@mhfdat-jp.bin,ラピヌＦヘッド,Lapine Head
0x4772ac@mhfdat-jp.bin,ラピヌFZヘッド,Lapine F Head
0x4772b0@mhfdat-jp.bin,ラピヌHSヘッド,Lapine FZ Head
0x4772b4@mhfdat-jp.bin,ラピヌGSヘッド,Lapine HS Head
0x4772b8@mhfdat-jp.bin,ラピヌGPヘッド,Lapine GS Head
0x4772bc@mhfdat-jp.bin,トロピオピアス,Lapine GP Head
0x4772c0@mhfdat-jp.bin,トロピオＦピアス,トロピオ Piercings
0x4772c4@mhfdat-jp.bin,トロピオFZピアス,トロピオF Piercings
0x4772c8@mhfdat-jp.bin,トロピオHSピアス,トロピオFZ Piercings
0x4772cc@mhfdat-jp.bin,トロピオGSピアス,トロピオHS Piercings
0x4772d0@mhfdat-jp.bin,トロピオGPピアス,トロピオGS Piercings
0x4772d4@mhfdat-jp.bin,マゴスGPヘッド・黄,トロピオGP Piercings
0x4772d8@mhfdat-jp.bin,マゴスGPハール・黄,Magos GP Head・Yellow
0x4772dc@mhfdat-jp.bin,マゴスGPヘッド・赤,Magos GP Haar・Yellow
0x4772e0@mhfdat-jp.bin,マゴスGPハール・赤,Magos GP Head・Red
0x4772e4@mhfdat-jp.bin,マゴスGPヘッド・水,Magos GP Haar・Red
0x4772e8@mhfdat-jp.bin,マゴスGPハール・水,Magos GP Head・Water
0x4772ec@mhfdat-jp.bin,マゴスGPヘッド・青,Magos GP Haar・Water
0x4772f0@mhfdat-jp.bin,マゴスGPハール・青,Magos GP Head・Blue
0x4772f4@mhfdat-jp.bin,ユクモノカサ・天,Magos GP Haar・Blue
0x4772f8@mhfdat-jp.bin,ユクモノカサＧ・天,Yukumo Kasa・Heaven
0x4772fc@mhfdat-jp.bin,ユクモノカサGF・天,Yukumo Kasa G・Heaven
0x477300@mhfdat-jp.bin,ユクモノカサGX・天,Yukumo Kasa GF・Heaven
0x477304@mhfdat-jp.bin,フロガダＧヘッド,Yukumo Kasa GX・Heaven
0x477308@mhfdat-jp.bin,フロガダGFヘッド,Furogada G Head
0x47730c@mhfdat-jp.bin,フロガダGXヘッド,Furogada GF Head
0x477310@mhfdat-jp.bin,ユクモノカサ・地,Furogada GX Head
0x477314@mhfdat-jp.bin,ユクモノカサＧ・地,Yukumo Kasa・Earth
0x477318@mhfdat-jp.bin,ユクモノカサGF・地,Yukumo Kasa G・Earth
0x47731c@mhfdat-jp.bin,ユクモノカサGX・地,Yukumo Kasa GF・Earth
0x477320@mhfdat-jp.bin,フロガダＧキャップ,Yukumo Kasa GX・Earth
0x477324@mhfdat-jp.bin,フロガダGFキャップ,Furogada G Cap
0x477328@mhfdat-jp.bin,フロガダGXキャップ,Furogada GF Cap
0x47732c@mhfdat-jp.bin,ダミー,Furogada GX Cap
0x477330@mhfdat-jp.bin,ダミー,ダミー
0x477334@mhfdat-jp.bin,ダミー,ダミー
0x477338@mhfdat-jp.bin,ダミー,ダミー
0x47733c@mhfdat-jp.bin,ランセＧヘッド,ダミー
0x477340@mhfdat-jp.bin,ランセGFヘッド,Rance G Head
0x477344@mhfdat-jp.bin,ランセGXヘッド,Rance GF Head
0x477348@mhfdat-jp.bin,ダミー,Rance GX Head
0x47734c@mhfdat-jp.bin,ダミー,ダミー
0x477350@mhfdat-jp.bin,ダミー,ダミー
0x477354@mhfdat-jp.bin,ダミー,ダミー
0x477358@mhfdat-jp.bin,ランセＧウィッグ,ダミー
0x47735c@mhfdat-jp.bin,ランセGFウィッグ,Rance G Wig
0x477360@mhfdat-jp.bin,ランセGXウィッグ,Rance GF Wig
0x477364@mhfdat-jp.bin,メイリダヘルム,Rance GX Wig
0x477368@mhfdat-jp.bin,メイリダＦヘルム,Meirida Helm
0x47736c@mhfdat-jp.bin,メイリダFYヘルム,Meirida F Helm
0x477370@mhfdat-jp.bin,メイリダHSヘルム,Meirida FY Helm
0x477374@mhfdat-jp.bin,メイリダＧヘルム,Meirida HS Helm
0x477378@mhfdat-jp.bin,メイリダGFヘルム,Meirida G Helm
0x47737c@mhfdat-jp.bin,メイリダGXヘルム,Meirida GF Helm
0x477380@mhfdat-jp.bin,メイリダキャップ,Meirida GX Helm
0x477384@mhfdat-jp.bin,メイリダＦキャップ,Meirida Cap
0x477388@mhfdat-jp.bin,メイリダFYキャップ,Meirida F Cap
0x47738c@mhfdat-jp.bin,メイリダHSキャップ,Meirida FY Cap
0x477390@mhfdat-jp.bin,メイリダＧキャップ,Meirida HS Cap
0x477394@mhfdat-jp.bin,メイリダGFキャップ,Meirida G Cap
0x477398@mhfdat-jp.bin,メイリダGXキャップ,Meirida GF Cap
0x47739c@mhfdat-jp.bin,マアデンヘルム,Meirida GX Cap
0x4773a0@mhfdat-jp.bin,マアデンＦヘルム,Maaden Helm
0x4773a4@mhfdat-jp.bin,マアデンFYヘルム,Maaden F Helm
0x4773a8@mhfdat-jp.bin,マアデンHSヘルム,Maaden FY Helm
0x4773ac@mhfdat-jp.bin,マアデンＧヘルム,Maaden HS Helm
0x4773b0@mhfdat-jp.bin,マアデンGFヘルム,Maaden G Helm
0x4773b4@mhfdat-jp.bin,マアデンGXヘルム,Maaden GF Helm
0x4773b8@mhfdat-jp.bin,マアデンキャップ,Maaden GX Helm
0x4773bc@mhfdat-jp.bin,マアデンＦキャップ,Maaden Cap
0x4773c0@mhfdat-jp.bin,マアデンFYキャップ,Maaden F Cap
0x4773c4@mhfdat-jp.bin,マアデンHSキャップ,Maaden FY Cap
0x4773c8@mhfdat-jp.bin,マアデンＧキャップ,Maaden HS Cap
0x4773cc@mhfdat-jp.bin,マアデンGFキャップ,Maaden G Cap
0x4773d0@mhfdat-jp.bin,マアデンGXキャップ,Maaden GF Cap
0x4773d4@mhfdat-jp.bin,紅昇【鉢金】,Maaden GX Cap
0x4773d8@mhfdat-jp.bin,紅昇Ｆ【鉢金】,Kosho Hachigane
0x4773dc@mhfdat-jp.bin,紅昇FY【鉢金】,Kosho F Hachigane
0x4773e0@mhfdat-jp.bin,紅昇HS【鉢金】,Kosho FY Hachigane
0x4773e4@mhfdat-jp.bin,紅昇Ｇ【鉢金】,Kosho HS Hachigane
0x4773e8@mhfdat-jp.bin,紅昇GF【鉢金】,Kosho G Hachigane
0x4773ec@mhfdat-jp.bin,紅昇GX【鉢金】,Kosho GF Hachigane
0x4773f0@mhfdat-jp.bin,紅楼【鉢金】,Kosho GX Hachigane
0x4773f4@mhfdat-jp.bin,紅楼Ｆ【鉢金】,Koro Hachigane
0x4773f8@mhfdat-jp.bin,紅楼FY【鉢金】,Koro F Hachigane
0x4773fc@mhfdat-jp.bin,紅楼HS【鉢金】,Koro FY Hachigane
0x477400@mhfdat-jp.bin,紅楼Ｇ【鉢金】,Koro HS Hachigane
0x477404@mhfdat-jp.bin,紅楼GF【鉢金】,Koro G Hachigane
0x477408@mhfdat-jp.bin,紅楼GX【鉢金】,Koro GF Hachigane
0x47740c@mhfdat-jp.bin,アブヤドヘルム,Koro GX Hachigane
0x477410@mhfdat-jp.bin,アブヤドＦヘルム,Abuyado Helm
0x477414@mhfdat-jp.bin,アブヤドFYヘルム,Abuyado F Helm
0x477418@mhfdat-jp.bin,アブヤドHSヘルム,Abuyado FY Helm
0x47741c@mhfdat-jp.bin,アブヤドＧヘルム,Abuyado HS Helm
0x477420@mhfdat-jp.bin,アブヤドGFヘルム,Abuyado G Helm
0x477424@mhfdat-jp.bin,アブヤドGXヘルム,Abuyado GF Helm
0x477428@mhfdat-jp.bin,アブヤドキャップ,Abuyado GX Helm
0x47742c@mhfdat-jp.bin,アブヤドＦキャップ,Abuyado Cap
0x477430@mhfdat-jp.bin,アブヤドFYキャップ,Abuyado F Cap
0x477434@mhfdat-jp.bin,アブヤドHSキャップ,Abuyado FY Cap
0x477438@mhfdat-jp.bin,アブヤドＧキャップ,Abuyado HS Cap
0x47743c@mhfdat-jp.bin,アブヤドGFキャップ,Abuyado G Cap
0x477440@mhfdat-jp.bin,アブヤドGXキャップ,Abuyado GF Cap
0x477444@mhfdat-jp.bin,ゴルックヘッド,Abuyado GX Cap
0x477448@mhfdat-jp.bin,ゴルックＦヘッド,Gorukku Head
0x47744c@mhfdat-jp.bin,ゴルックFYヘッド,Gorukku F Head
0x477450@mhfdat-jp.bin,ゴルックHSヘッド,Gorukku FY Head
0x477454@mhfdat-jp.bin,ゴルックＧヘッド,Gorukku HS Head
0x477458@mhfdat-jp.bin,ゴルックGFヘッド,Gorukku G Head
0x47745c@mhfdat-jp.bin,ゴルックGXヘッド,Gorukku GF Head
0x477460@mhfdat-jp.bin,ゴルックフェイス,Gorukku GX Head
0x477464@mhfdat-jp.bin,ゴルックＦフェイス,Gorukku Face
0x477468@mhfdat-jp.bin,ゴルックFYフェイス,Gorukku F Face
0x47746c@mhfdat-jp.bin,ゴルックHSフェイス,Gorukku FY Face
0x477470@mhfdat-jp.bin,ゴルックＧフェイス,Gorukku HS Face
0x477474@mhfdat-jp.bin,ゴルックGFフェイス,Gorukku G Face
0x477478@mhfdat-jp.bin,ゴルックGXフェイス,Gorukku GF Face
0x47747c@mhfdat-jp.bin,ハルルバレッタ,Gorukku GX Face
0x477480@mhfdat-jp.bin,ハルルＦバレッタ,ハルル Beretta
0x477484@mhfdat-jp.bin,ポボルコサージュ,ハルルF Beretta
0x477488@mhfdat-jp.bin,ポボルＦコサージュ,ポボル Corsage
0x47748c@mhfdat-jp.bin,しましまヘッド,ポボルF Corsage
0x477490@mhfdat-jp.bin,しましまＦヘッド,Shimashima Head
0x477494@mhfdat-jp.bin,しましまFYヘッド,Shimashima F Head
0x477498@mhfdat-jp.bin,しましまHSヘッド,Shimashima FY Head
0x47749c@mhfdat-jp.bin,しましまＧヘッド,Shimashima HS Head
0x4774a0@mhfdat-jp.bin,しましまGFヘッド,Shimashima G Head
0x4774a4@mhfdat-jp.bin,しましまGXヘッド,Shimashima GF Head
0x4774a8@mhfdat-jp.bin,しましまキャップ,Shimashima GX Head
0x4774ac@mhfdat-jp.bin,しましまＦキャップ,Shimashima Cap
0x4774b0@mhfdat-jp.bin,しましまFYキャップ,Shimashima F Cap
0x4774b4@mhfdat-jp.bin,しましまHSキャップ,Shimashima FY Cap
0x4774b8@mhfdat-jp.bin,しましまＧキャップ,Shimashima HS Cap
0x4774bc@mhfdat-jp.bin,しましまGFキャップ,Shimashima G Cap
0x4774c0@mhfdat-jp.bin,しましまGXキャップ,Shimashima GF Cap
0x4774c4@mhfdat-jp.bin,リオデュオFYヘルム,Shimashima GX Cap
0x4774c8@mhfdat-jp.bin,リオデュオHSヘルム,Rath Duo FY Helm
0x4774cc@mhfdat-jp.bin,リオデュオＧヘルム,Rath Duo HS Helm
0x4774d0@mhfdat-jp.bin,リオデュオGFヘルム,Rath Duo G Helm
0x4774d4@mhfdat-jp.bin,リオデュオGXヘルム,Rath Duo GF Helm
0x4774d8@mhfdat-jp.bin,リオデュオFYキャップ,Rath Duo GX Helm
0x4774dc@mhfdat-jp.bin,リオデュオHSキャップ,Rath Duo FY Cap
0x4774e0@mhfdat-jp.bin,リオデュオＧキャップ,Rath Duo HS Cap
0x4774e4@mhfdat-jp.bin,リオデュオGFキャップ,Rath Duo G Cap
0x4774e8@mhfdat-jp.bin,リオデュオGXキャップ,Rath Duo GF Cap
0x4774ec@mhfdat-jp.bin,タンドレスHSヘッド,Rath Duo GX Cap
0x4774f0@mhfdat-jp.bin,タンドレスＧヘッド,Tandress HS Head
0x4774f4@mhfdat-jp.bin,タンドレスGFヘッド,Tandress G Head
0x4774f8@mhfdat-jp.bin,タンドレスGXヘッド,Tandress GF Head
0x4774fc@mhfdat-jp.bin,タンドレスHSピアス,Tandress GX Head
0x477500@mhfdat-jp.bin,タンドレスＧピアス,Tandress HS Piercings
0x477504@mhfdat-jp.bin,タンドレスGFピアス,Tandress G Piercings
0x477508@mhfdat-jp.bin,タンドレスGXピアス,Tandress GF Piercings
0x47750c@mhfdat-jp.bin,ランヴォヘルム,Tandress GX Piercings
0x477510@mhfdat-jp.bin,ランヴォＦヘルム,Ranvuo Helm
0x477514@mhfdat-jp.bin,ランヴォFYヘルム,Ranvuo F Helm
0x477518@mhfdat-jp.bin,ランヴォHSヘルム,Ranvuo FY Helm
0x47751c@mhfdat-jp.bin,ランヴォＧヘルム,Ranvuo HS Helm
0x477520@mhfdat-jp.bin,ランヴォGFヘルム,Ranvuo G Helm
0x477524@mhfdat-jp.bin,ランヴォGXヘルム,Ranvuo GF Helm
0x477528@mhfdat-jp.bin,ランヴォキャップ,Ranvuo GX Helm
0x47752c@mhfdat-jp.bin,ランヴォＦキャップ,Ranvuo Cap
0x477530@mhfdat-jp.bin,ランヴォFYキャップ,Ranvuo F Cap
0x477534@mhfdat-jp.bin,ランヴォHSキャップ,Ranvuo FY Cap
0x477538@mhfdat-jp.bin,ランヴォＧキャップ,Ranvuo HS Cap
0x47753c@mhfdat-jp.bin,ランヴォGFキャップ,Ranvuo G Cap
0x477540@mhfdat-jp.bin,ランヴォGXキャップ,Ranvuo GF Cap
0x477544@mhfdat-jp.bin,ニュイヘルム,Ranvuo GX Cap
0x477548@mhfdat-jp.bin,ニュイＦヘルム,Nyui Helm
0x47754c@mhfdat-jp.bin,ニュイFYヘルム,Nyui F Helm
0x477550@mhfdat-jp.bin,ニュイHSヘルム,Nyui FY Helm
0x477554@mhfdat-jp.bin,ニュイＧヘルム,Nyui HS Helm
0x477558@mhfdat-jp.bin,ニュイGFヘルム,Nyui G Helm
0x47755c@mhfdat-jp.bin,ニュイGXヘルム,Nyui GF Helm
0x477560@mhfdat-jp.bin,ニュイキャップ,Nyui GX Helm
0x477564@mhfdat-jp.bin,ニュイＦキャップ,Nyui Cap
0x477568@mhfdat-jp.bin,ニュイFYキャップ,Nyui F Cap
0x47756c@mhfdat-jp.bin,ニュイHSキャップ,Nyui FY Cap
0x477570@mhfdat-jp.bin,ニュイＧキャップ,Nyui HS Cap
0x477574@mhfdat-jp.bin,ニュイGFキャップ,Nyui G Cap
0x477578@mhfdat-jp.bin,ニュイGXキャップ,Nyui GF Cap
0x47757c@mhfdat-jp.bin,ダミー,Nyui GX Cap
0x477580@mhfdat-jp.bin,ダミー,ダミー
0x477584@mhfdat-jp.bin,ダミー,ダミー
0x477588@mhfdat-jp.bin,ダミー,ダミー
0x47758c@mhfdat-jp.bin,ニンファＧヘルム,ダミー
0x477590@mhfdat-jp.bin,ニンファGFヘルム,Nympha G Helm
0x477594@mhfdat-jp.bin,ニンファGXヘルム,Nympha GF Helm
0x477598@mhfdat-jp.bin,ダミー,Nympha GX Helm
0x47759c@mhfdat-jp.bin,ダミー,ダミー
0x4775a0@mhfdat-jp.bin,ダミー,ダミー
0x4775a4@mhfdat-jp.bin,ダミー,ダミー
0x4775a8@mhfdat-jp.bin,ニンファＧキャップ,ダミー
0x4775ac@mhfdat-jp.bin,ニンファGFキャップ,Nympha G Cap
0x4775b0@mhfdat-jp.bin,ニンファGXキャップ,Nympha GF Cap
0x4775b4@mhfdat-jp.bin,ハルドGXヘルム,Nympha GX Cap
0x4775b8@mhfdat-jp.bin,ハルドGXキャップ,Harudo GX Helm
0x4775bc@mhfdat-jp.bin,グレアGXヘルム,Harudo GX Cap
0x4775c0@mhfdat-jp.bin,グレアGXキャップ,Gureado GX Helm
0x4775c4@mhfdat-jp.bin,ピクスGPヘッド・緑,Gureado GX Cap
0x4775c8@mhfdat-jp.bin,ピクスGPハット・緑,Pics GP Head・Green
0x4775cc@mhfdat-jp.bin,ピクスGPヘッド・紫,Pics GP Hat・Green
0x4775d0@mhfdat-jp.bin,ピクスGPハット・紫,Pics GP Head・Purple
0x4775d4@mhfdat-jp.bin,ピクスGPヘッド・黒,Pics GP Hat・Purple
0x4775d8@mhfdat-jp.bin,ピクスGPハット・黒,Pics GP Head・Black
0x4775dc@mhfdat-jp.bin,ピクスGPヘッド・水,Pics GP Hat・Black
0x4775e0@mhfdat-jp.bin,ピクスGPハット・水,Pics GP Head・Water
0x4775e4@mhfdat-jp.bin,ダミー,Pics GP Hat・Water
0x4775e8@mhfdat-jp.bin,ダミー,ダミー
0x4775ec@mhfdat-jp.bin,タルネコヘルム・金,ダミー
0x4775f0@mhfdat-jp.bin,ダミー,Barrel Cat Helm・Gold
0x4775f4@mhfdat-jp.bin,ダミー,ダミー
0x4775f8@mhfdat-jp.bin,ダミー,ダミー
0x4775fc@mhfdat-jp.bin,ダミー,ダミー
0x477600@mhfdat-jp.bin,ダミー,ダミー
0x477604@mhfdat-jp.bin,ダミー,ダミー
0x477608@mhfdat-jp.bin,タルネコヘルム・銀,ダミー
0x47760c@mhfdat-jp.bin,ダミー,Barrel Cat Helm・Silver
0x477610@mhfdat-jp.bin,ダミー,ダミー
0x477614@mhfdat-jp.bin,ダミー,ダミー
0x477618@mhfdat-jp.bin,ダミー,ダミー
0x47761c@mhfdat-jp.bin,ダミー,ダミー
0x477620@mhfdat-jp.bin,ダミー,ダミー
0x477624@mhfdat-jp.bin,タルネコヘルム・銅,ダミー
0x477628@mhfdat-jp.bin,ダミー,Barrel Cat Helm・Copper
0x47762c@mhfdat-jp.bin,ダミー,ダミー
0x477630@mhfdat-jp.bin,ダミー,ダミー
0x477634@mhfdat-jp.bin,ダミー,ダミー
0x477638@mhfdat-jp.bin,ダミー,ダミー
0x47763c@mhfdat-jp.bin,ダミー,ダミー
0x477640@mhfdat-jp.bin,スマートHSヘッド,ダミー
0x477644@mhfdat-jp.bin,スマートGSヘッド,Smart HS Head
0x477648@mhfdat-jp.bin,ガスラヘルム,Smart GS Head
0x47764c@mhfdat-jp.bin,ガスラＦヘルム,Gasura Helm
0x477650@mhfdat-jp.bin,ガスラFXヘルム,Gasura F Helm
0x477654@mhfdat-jp.bin,ガスラＧヘルム,Gasura FX Helm
0x477658@mhfdat-jp.bin,ガスラGFヘルム,Gasura G Helm
0x47765c@mhfdat-jp.bin,ガスラGXヘルム,Gasura GF Helm
0x477660@mhfdat-jp.bin,ガスラキャップ,Gasura GX Helm
0x477664@mhfdat-jp.bin,ガスラＦキャップ,Gasura Cap
0x477668@mhfdat-jp.bin,ガスラFXキャップ,Gasura F Cap
0x47766c@mhfdat-jp.bin,ガスラＧキャップ,Gasura FX Cap
0x477670@mhfdat-jp.bin,ガスラGFキャップ,Gasura G Cap
0x477674@mhfdat-jp.bin,ガスラGXキャップ,Gasura GF Cap
0x477678@mhfdat-jp.bin,怒貌Ｇ【兜】,Gasura GX Cap
0x47767c@mhfdat-jp.bin,怒貌GF【兜】,Wrath G Kabuto
0x477680@mhfdat-jp.bin,怒貌GX【兜】,Wrath GF Kabuto
0x477684@mhfdat-jp.bin,怒面Ｇ【兜】,Wrath GX Kabuto
0x477688@mhfdat-jp.bin,怒面GF【兜】,Anger G Kabuto
0x47768c@mhfdat-jp.bin,怒面GX【兜】,Anger GF Kabuto
0x477690@mhfdat-jp.bin,アビＧヘルム,Anger GX Kabuto
0x477694@mhfdat-jp.bin,アビGFヘルム,Abi G Helm
0x477698@mhfdat-jp.bin,アビGXヘルム,Abi GF Helm
0x47769c@mhfdat-jp.bin,アビＧキャップ,Abi GX Helm
0x4776a0@mhfdat-jp.bin,アビGFキャップ,Abi G Cap
0x4776a4@mhfdat-jp.bin,アビGXキャップ,Abi GF Cap
0x4776a8@mhfdat-jp.bin,ジンオウヘルム,Abi GX Cap
0x4776ac@mhfdat-jp.bin,ジンオウＧヘルム,Zinogre Helm
0x4776b0@mhfdat-jp.bin,ジンオウGFヘルム,Zinogre G Helm
0x4776b4@mhfdat-jp.bin,ジンオウGXヘルム,Zinogre GF Helm
0x4776b8@mhfdat-jp.bin,ジンオウキャップ,Zinogre GX Helm
0x4776bc@mhfdat-jp.bin,ジンオウＧキャップ,Zinogre Cap
0x4776c0@mhfdat-jp.bin,ジンオウGFキャップ,Zinogre G Cap
0x4776c4@mhfdat-jp.bin,ジンオウGXキャップ,Zinogre GF Cap
0x4776c8@mhfdat-jp.bin,ガニアヘッド・赤,Zinogre GX Cap
0x4776cc@mhfdat-jp.bin,ガニアＦヘッド・赤,Gania Head・Red
0x4776d0@mhfdat-jp.bin,ガニアFZヘッド・赤,Gania F Head・Red
0x4776d4@mhfdat-jp.bin,ガニアHSヘッド・赤,Gania FZ Head・Red
0x4776d8@mhfdat-jp.bin,ガニアGSヘッド・赤,Gania HS Head・Red
0x4776dc@mhfdat-jp.bin,ガニアGPヘッド・赤,Gania GS Head・Red
0x4776e0@mhfdat-jp.bin,ガニアキャップ・赤,Gania GP Head・Red
0x4776e4@mhfdat-jp.bin,ガニアＦキャップ・赤,Gania Cap・Red
0x4776e8@mhfdat-jp.bin,ガニアFZキャップ・赤,Gania F Cap・Red
0x4776ec@mhfdat-jp.bin,ガニアHSキャップ・赤,Gania FZ Cap・Red
0x4776f0@mhfdat-jp.bin,ガニアGSキャップ・赤,Gania HS Cap・Red
0x4776f4@mhfdat-jp.bin,ガニアGPキャップ・赤,Gania GS Cap・Red
0x4776f8@mhfdat-jp.bin,ガニアヘッド・青,Gania GP Cap・Red
0x4776fc@mhfdat-jp.bin,ガニアＦヘッド・青,Gania Head・Blue
0x477700@mhfdat-jp.bin,ガニアFZヘッド・青,Gania F Head・Blue
0x477704@mhfdat-jp.bin,ガニアHSヘッド・青,Gania FZ Head・Blue
0x477708@mhfdat-jp.bin,ガニアGSヘッド・青,Gania HS Head・Blue
0x47770c@mhfdat-jp.bin,ガニアGPヘッド・青,Gania GS Head・Blue
0x477710@mhfdat-jp.bin,ガニアキャップ・青,Gania GP Head・Blue
0x477714@mhfdat-jp.bin,ガニアＦキャップ・青,Gania Cap・Blue
0x477718@mhfdat-jp.bin,ガニアFZキャップ・青,Gania F Cap・Blue
0x47771c@mhfdat-jp.bin,ガニアHSキャップ・青,Gania FZ Cap・Blue
0x477720@mhfdat-jp.bin,ガニアGSキャップ・青,Gania HS Cap・Blue
0x477724@mhfdat-jp.bin,ガニアGPキャップ・青,Gania GS Cap・Blue
0x477728@mhfdat-jp.bin,ガニアヘッド・茶,Gania GP Cap・Blue
0x47772c@mhfdat-jp.bin,ガニアＦヘッド・茶,Gania Head・Tea
0x477730@mhfdat-jp.bin,ガニアFZヘッド・茶,Gania F Head・Tea
0x477734@mhfdat-jp.bin,ガニアHSヘッド・茶,Gania FZ Head・Tea
0x477738@mhfdat-jp.bin,ガニアGSヘッド・茶,Gania HS Head・Tea
0x47773c@mhfdat-jp.bin,ガニアGPヘッド・茶,Gania GS Head・Tea
0x477740@mhfdat-jp.bin,ガニアキャップ・茶,Gania GP Head・Tea
0x477744@mhfdat-jp.bin,ガニアＦキャップ・茶,Gania Cap・Tea
0x477748@mhfdat-jp.bin,ガニアFZキャップ・茶,Gania F Cap・Tea
0x47774c@mhfdat-jp.bin,ガニアHSキャップ・茶,Gania FZ Cap・Tea
0x477750@mhfdat-jp.bin,ガニアGSキャップ・茶,Gania HS Cap・Tea
0x477754@mhfdat-jp.bin,ガニアGPキャップ・茶,Gania GS Cap・Tea
0x477758@mhfdat-jp.bin,ガニアヘッド・紫,Gania GP Cap・Tea
0x47775c@mhfdat-jp.bin,ガニアＦヘッド・紫,Gania Head・Purple
0x477760@mhfdat-jp.bin,ガニアFZヘッド・紫,Gania F Head・Purple
0x477764@mhfdat-jp.bin,ガニアHSヘッド・紫,Gania FZ Head・Purple
0x477768@mhfdat-jp.bin,ガニアGSヘッド・紫,Gania HS Head・Purple
0x47776c@mhfdat-jp.bin,ガニアGPヘッド・紫,Gania GS Head・Purple
0x477770@mhfdat-jp.bin,ガニアキャップ・紫,Gania GP Head・Purple
0x477774@mhfdat-jp.bin,ガニアＦキャップ・紫,Gania Cap・Purple
0x477778@mhfdat-jp.bin,ガニアFZキャップ・紫,Gania F Cap・Purple
0x47777c@mhfdat-jp.bin,ガニアHSキャップ・紫,Gania FZ Cap・Purple
0x477780@mhfdat-jp.bin,ガニアGSキャップ・紫,Gania HS Cap・Purple
0x477784@mhfdat-jp.bin,ガニアGPキャップ・紫,Gania GS Cap・Purple
0x477788@mhfdat-jp.bin,ディナトヘッド,Gania GP Cap・Purple
0x47778c@mhfdat-jp.bin,ディナトＦヘッド,Dinato Head
0x477790@mhfdat-jp.bin,ディナトFZヘッド,Dinato F Head
0x477794@mhfdat-jp.bin,ディナトHSヘッド,Dinato FZ Head
0x477798@mhfdat-jp.bin,ディナトGSヘッド,Dinato HS Head
0x47779c@mhfdat-jp.bin,ディナトGPヘッド,Dinato GS Head
0x4777a0@mhfdat-jp.bin,ディナトキャップ,Dinato GP Head
0x4777a4@mhfdat-jp.bin,ディナトＦキャップ,Dinato Cap
0x4777a8@mhfdat-jp.bin,ディナトFZキャップ,Dinato F Cap
0x4777ac@mhfdat-jp.bin,ディナトHSキャップ,Dinato FZ Cap
0x4777b0@mhfdat-jp.bin,ディナトGSキャップ,Dinato HS Cap
0x4777b4@mhfdat-jp.bin,ディナトGPキャップ,Dinato GS Cap
0x4777b8@mhfdat-jp.bin,ドゥケヘッド,Dinato GP Cap
0x4777bc@mhfdat-jp.bin,ドゥケＦヘッド,Duque Head
0x4777c0@mhfdat-jp.bin,ドゥケFZヘッド,Duque F Head
0x4777c4@mhfdat-jp.bin,ドゥケHSヘッド,Duque FZ Head
0x4777c8@mhfdat-jp.bin,ドゥケGSヘッド,Duque HS Head
0x4777cc@mhfdat-jp.bin,ドゥケGPヘッド,Duque GS Head
0x4777d0@mhfdat-jp.bin,ドゥケキャップ,Duque GP Head
0x4777d4@mhfdat-jp.bin,ドゥケＦキャップ,Duque Cap
0x4777d8@mhfdat-jp.bin,ドゥケFZキャップ,Duque F Cap
0x4777dc@mhfdat-jp.bin,ドゥケHSキャップ,Duque FZ Cap
0x4777e0@mhfdat-jp.bin,ドゥケGSキャップ,Duque HS Cap
0x4777e4@mhfdat-jp.bin,ドゥケGPキャップ,Duque GS Cap
0x4777e8@mhfdat-jp.bin,グラヌヘッド,Duque GP Cap
0x4777ec@mhfdat-jp.bin,グラヌＦヘッド,Granu Head
0x4777f0@mhfdat-jp.bin,グラヌFZヘッド,Granu F Head
0x4777f4@mhfdat-jp.bin,グラヌHSヘッド,Granu FZ Head
0x4777f8@mhfdat-jp.bin,グラヌGSヘッド,Granu HS Head
0x4777fc@mhfdat-jp.bin,グラヌGPヘッド,Granu GS Head
0x477800@mhfdat-jp.bin,グラヌキャップ,Granu GP Head
0x477804@mhfdat-jp.bin,グラヌＦキャップ,Granu Cap
0x477808@mhfdat-jp.bin,グラヌFZキャップ,Granu F Cap
0x47780c@mhfdat-jp.bin,グラヌHSキャップ,Granu FZ Cap
0x477810@mhfdat-jp.bin,グラヌGSキャップ,Granu HS Cap
0x477814@mhfdat-jp.bin,グラヌGPキャップ,Granu GS Cap
0x477818@mhfdat-jp.bin,プラグヘッド：01,Granu GP Cap
0x47781c@mhfdat-jp.bin,プラグＦヘッド：01,Plug Head :01
0x477820@mhfdat-jp.bin,プラグFZヘッド：01,Plug F Head :01
0x477824@mhfdat-jp.bin,プラグHSヘッド：01,Plug FZ Head :01
0x477828@mhfdat-jp.bin,プラグGSヘッド：01,Plug HS Head :01
0x47782c@mhfdat-jp.bin,プラグGPヘッド：01,Plug GS Head :01
0x477830@mhfdat-jp.bin,プラグキャップ：01,Plug GP Head :01
0x477834@mhfdat-jp.bin,プラグＦキャップ：01,Plug Cap :01
0x477838@mhfdat-jp.bin,プラグFZキャップ：01,Plug F Cap :01
0x47783c@mhfdat-jp.bin,プラグHSキャップ：01,Plug FZ Cap :01
0x477840@mhfdat-jp.bin,プラグGSキャップ：01,Plug HS Cap :01
0x477844@mhfdat-jp.bin,プラグGPキャップ：01,Plug GS Cap :01
0x477848@mhfdat-jp.bin,プラグヘッド：00,Plug GP Cap :01
0x47784c@mhfdat-jp.bin,プラグＦヘッド：00,Plug Head :00
0x477850@mhfdat-jp.bin,プラグFZヘッド：00,Plug F Head :00
0x477854@mhfdat-jp.bin,プラグHSヘッド：00,Plug FZ Head :00
0x477858@mhfdat-jp.bin,プラグGSヘッド：00,Plug HS Head :00
0x47785c@mhfdat-jp.bin,プラグGPヘッド：00,Plug GS Head :00
0x477860@mhfdat-jp.bin,プラグキャップ：00,Plug GP Head :00
0x477864@mhfdat-jp.bin,プラグＦキャップ：00,Plug Cap :00
0x477868@mhfdat-jp.bin,プラグFZキャップ：00,Plug F Cap :00
0x47786c@mhfdat-jp.bin,プラグHSキャップ：00,Plug FZ Cap :00
0x477870@mhfdat-jp.bin,プラグGSキャップ：00,Plug HS Cap :00
0x477874@mhfdat-jp.bin,プラグGPキャップ：00,Plug GS Cap :00
0x477878@mhfdat-jp.bin,初号機ヘッド,Plug GP Cap :00
0x47787c@mhfdat-jp.bin,初号機Ｆヘッド,Unit-01 Head
0x477880@mhfdat-jp.bin,初号機FZヘッド,Unit-01 F Head
0x477884@mhfdat-jp.bin,初号機HSヘッド,Unit-01 FZ Head
0x477888@mhfdat-jp.bin,初号機GSヘッド,Unit-01 HS Head
0x47788c@mhfdat-jp.bin,初号機GPヘッド,Unit-01 GS Head
0x477890@mhfdat-jp.bin,初号機マスク,Unit-01 GP Head
0x477894@mhfdat-jp.bin,初号機Ｆマスク,Unit-01 Mask
0x477898@mhfdat-jp.bin,初号機FZマスク,Unit-01 F Mask
0x47789c@mhfdat-jp.bin,初号機HSマスク,Unit-01 FZ Mask
0x4778a0@mhfdat-jp.bin,初号機GSマスク,Unit-01 HS Mask
0x4778a4@mhfdat-jp.bin,初号機GPマスク,Unit-01 GS Mask
0x4778a8@mhfdat-jp.bin,零号機ヘッド,Unit-01 GP Mask
0x4778ac@mhfdat-jp.bin,零号機Ｆヘッド,Unit-00 Head
0x4778b0@mhfdat-jp.bin,零号機FZヘッド,Unit-00 F Head
0x4778b4@mhfdat-jp.bin,零号機HSヘッド,Unit-00 FZ Head
0x4778b8@mhfdat-jp.bin,零号機GSヘッド,Unit-00 HS Head
0x4778bc@mhfdat-jp.bin,零号機GPヘッド,Unit-00 GS Head
0x4778c0@mhfdat-jp.bin,零号機マスク,Unit-00 GP Head
0x4778c4@mhfdat-jp.bin,零号機Ｆマスク,Unit-00 Mask
0x4778c8@mhfdat-jp.bin,零号機FZマスク,Unit-00 F Mask
0x4778cc@mhfdat-jp.bin,零号機HSマスク,Unit-00 FZ Mask
0x4778d0@mhfdat-jp.bin,零号機GSマスク,Unit-00 HS Mask
0x4778d4@mhfdat-jp.bin,零号機GPマスク,Unit-00 GS Mask
0x4778d8@mhfdat-jp.bin,ダスクヘッド・赤,Unit-00 GP Mask
0x4778dc@mhfdat-jp.bin,ダスクＦヘッド・赤,Dusk Head・Red
0x4778e0@mhfdat-jp.bin,ダスクFZヘッド・赤,Dusk F Head・Red
0x4778e4@mhfdat-jp.bin,ダスクHSヘッド・赤,Dusk FZ Head・Red
0x4778e8@mhfdat-jp.bin,ダスクGSヘッド・赤,Dusk HS Head・Red
0x4778ec@mhfdat-jp.bin,ダスクGPヘッド・赤,Dusk GS Head・Red
0x4778f0@mhfdat-jp.bin,ダスクキャップ・赤,Dusk GP Head・Red
0x4778f4@mhfdat-jp.bin,ダスクＦキャップ・赤,Dusk Cap・Red
0x4778f8@mhfdat-jp.bin,ダスクFZキャップ・赤,Dusk F Cap・Red
0x4778fc@mhfdat-jp.bin,ダスクHSキャップ・赤,Dusk FZ Cap・Red
0x477900@mhfdat-jp.bin,ダスクGSキャップ・赤,Dusk HS Cap・Red
0x477904@mhfdat-jp.bin,ダスクGPキャップ・赤,Dusk GS Cap・Red
0x477908@mhfdat-jp.bin,ダスクヘッド・白,Dusk GP Cap・Red
0x47790c@mhfdat-jp.bin,ダスクＦヘッド・白,Dusk Head・White
0x477910@mhfdat-jp.bin,ダスクFZヘッド・白,Dusk F Head・White
0x477914@mhfdat-jp.bin,ダスクHSヘッド・白,Dusk FZ Head・White
0x477918@mhfdat-jp.bin,ダスクGSヘッド・白,Dusk HS Head・White
0x47791c@mhfdat-jp.bin,ダスクGPヘッド・白,Dusk GS Head・White
0x477920@mhfdat-jp.bin,ダスクキャップ・白,Dusk GP Head・White
0x477924@mhfdat-jp.bin,ダスクＦキャップ・白,Dusk Cap・White
0x477928@mhfdat-jp.bin,ダスクFZキャップ・白,Dusk F Cap・White
0x47792c@mhfdat-jp.bin,ダスクHSキャップ・白,Dusk FZ Cap・White
0x477930@mhfdat-jp.bin,ダスクGSキャップ・白,Dusk HS Cap・White
0x477934@mhfdat-jp.bin,ダスクGPキャップ・白,Dusk GS Cap・White
0x477938@mhfdat-jp.bin,ダスクヘッド・桃,Dusk GP Cap・White
0x47793c@mhfdat-jp.bin,ダスクＦヘッド・桃,Dusk Head・Peach
0x477940@mhfdat-jp.bin,ダスクFZヘッド・桃,Dusk F Head・Peach
0x477944@mhfdat-jp.bin,ダスクHSヘッド・桃,Dusk FZ Head・Peach
0x477948@mhfdat-jp.bin,ダスクGSヘッド・桃,Dusk HS Head・Peach
0x47794c@mhfdat-jp.bin,ダスクGPヘッド・桃,Dusk GS Head・Peach
0x477950@mhfdat-jp.bin,ダスクキャップ・桃,Dusk GP Head・Peach
0x477954@mhfdat-jp.bin,ダスクＦキャップ・桃,Dusk Cap・Peach
0x477958@mhfdat-jp.bin,ダスクFZキャップ・桃,Dusk F Cap・Peach
0x47795c@mhfdat-jp.bin,ダスクHSキャップ・桃,Dusk FZ Cap・Peach
0x477960@mhfdat-jp.bin,ダスクGSキャップ・桃,Dusk HS Cap・Peach
0x477964@mhfdat-jp.bin,ダスクGPキャップ・桃,Dusk GS Cap・Peach
0x477968@mhfdat-jp.bin,ダスクヘッド・青,Dusk GP Cap・Peach
0x47796c@mhfdat-jp.bin,ダスクＦヘッド・青,Dusk Head・Blue
0x477970@mhfdat-jp.bin,ダスクFZヘッド・青,Dusk F Head・Blue
0x477974@mhfdat-jp.bin,ダスクHSヘッド・青,Dusk FZ Head・Blue
0x477978@mhfdat-jp.bin,ダスクGSヘッド・青,Dusk HS Head・Blue
0x47797c@mhfdat-jp.bin,ダスクGPヘッド・青,Dusk GS Head・Blue
0x477980@mhfdat-jp.bin,ダスクキャップ・青,Dusk GP Head・Blue
0x477984@mhfdat-jp.bin,ダスクＦキャップ・青,Dusk Cap・Blue
0x477988@mhfdat-jp.bin,ダスクFZキャップ・青,Dusk F Cap・Blue
0x47798c@mhfdat-jp.bin,ダスクHSキャップ・青,Dusk FZ Cap・Blue
0x477990@mhfdat-jp.bin,ダスクGSキャップ・青,Dusk HS Cap・Blue
0x477994@mhfdat-jp.bin,ダスクGPキャップ・青,Dusk GS Cap・Blue
0x477998@mhfdat-jp.bin,トイストヘッド,Dusk GP Cap・Blue
0x47799c@mhfdat-jp.bin,トイストＦヘッド,トイスト Head
0x4779a0@mhfdat-jp.bin,トイストFZヘッド,トイストF Head
0x4779a4@mhfdat-jp.bin,トイストHSヘッド,トイストFZ Head
0x4779a8@mhfdat-jp.bin,トイストGSヘッド,トイストHS Head
0x4779ac@mhfdat-jp.bin,トイストGPヘッド,トイストGS Head
0x4779b0@mhfdat-jp.bin,トイストキャップ,トイストGP Head
0x4779b4@mhfdat-jp.bin,トイストＦキャップ,トイスト Cap
0x4779b8@mhfdat-jp.bin,トイストFZキャップ,トイストF Cap
0x4779bc@mhfdat-jp.bin,トイストHSキャップ,トイストFZ Cap
0x4779c0@mhfdat-jp.bin,トイストGSキャップ,トイストHS Cap
0x4779c4@mhfdat-jp.bin,トイストGPキャップ,トイストGS Cap
0x4779c8@mhfdat-jp.bin,ネコダンヘッド,トイストGP Cap
0x4779cc@mhfdat-jp.bin,ネコダンＦヘッド,Nekodan Head
0x4779d0@mhfdat-jp.bin,ネコダンFZヘッド,Nekodan F Head
0x4779d4@mhfdat-jp.bin,ネコダンHSヘッド,Nekodan FZ Head
0x4779d8@mhfdat-jp.bin,ネコダンGSヘッド,Nekodan HS Head
0x4779dc@mhfdat-jp.bin,ネコダンGPヘッド,Nekodan GS Head
0x4779e0@mhfdat-jp.bin,ロワーガテスタ,Nekodan GP Head
0x4779e4@mhfdat-jp.bin,ロワーガＧテスタ,Aelucanth Vertex
0x4779e8@mhfdat-jp.bin,ロワーガGFテスタ,Aelucanth G Vertex
0x4779ec@mhfdat-jp.bin,ロワーガGXテスタ,Aelucanth GF Vertex
0x4779f0@mhfdat-jp.bin,ロワーガカプト,Aelucanth GX Vertex
0x4779f4@mhfdat-jp.bin,ロワーガＧカプト,Aelucanth Capto
0x4779f8@mhfdat-jp.bin,ロワーガGFカプト,Aelucanth G Capto
0x4779fc@mhfdat-jp.bin,ロワーガGXカプト,Aelucanth GF Capto
0x477a00@mhfdat-jp.bin,ファルメルテスタ,Aelucanth GX Capto
0x477a04@mhfdat-jp.bin,ファルメルＧテスタ,Rhopessa Vertex
0x477a08@mhfdat-jp.bin,ファルメルGFテスタ,Rhopessa G Vertex
0x477a0c@mhfdat-jp.bin,ファルメルGXテスタ,Rhopessa GF Vertex
0x477a10@mhfdat-jp.bin,ファルメルカプト,Rhopessa GX Vertex
0x477a14@mhfdat-jp.bin,ファルメルＧカプト,Rhopessa Capto
0x477a18@mhfdat-jp.bin,ファルメルGFカプト,Rhopessa G Capto
0x477a1c@mhfdat-jp.bin,ファルメルGXカプト,Rhopessa GF Capto
0x477a20@mhfdat-jp.bin,ガスラバレッタ,Rhopessa GX Capto
0x477a24@mhfdat-jp.bin,ガスラＦバレッタ,Gasura Beretta
0x477a28@mhfdat-jp.bin,ハルルコサージュ,Gasura F Beretta
0x477a2c@mhfdat-jp.bin,ハルルＦコサージュ,ハルル Corsage
0x477a30@mhfdat-jp.bin,リアルオＧヘルム,ハルルF Corsage
0x477a34@mhfdat-jp.bin,リアルオGFヘルム,Riaruo G Helm
0x477a38@mhfdat-jp.bin,リアルオGXヘルム,Riaruo GF Helm
0x477a3c@mhfdat-jp.bin,リアルオＧキャップ,Riaruo GX Helm
0x477a40@mhfdat-jp.bin,リアルオGFキャップ,Riaruo G Cap
0x477a44@mhfdat-jp.bin,リアルオGXキャップ,Riaruo GF Cap
0x477a48@mhfdat-jp.bin,オルドルヘルム,Riaruo GX Cap
0x477a4c@mhfdat-jp.bin,オルドルＦヘルム,Ordre Helm
0x477a50@mhfdat-jp.bin,オルドルFYヘルム,Ordre F Helm
0x477a54@mhfdat-jp.bin,オルドルHSヘルム,Ordre FY Helm
0x477a58@mhfdat-jp.bin,オルドルＧヘルム,Ordre HS Helm
0x477a5c@mhfdat-jp.bin,オルドルGFヘルム,Ordre G Helm
0x477a60@mhfdat-jp.bin,オルドルGXヘルム,Ordre GF Helm
0x477a64@mhfdat-jp.bin,オルドルキャップ,Ordre GX Helm
0x477a68@mhfdat-jp.bin,オルドルＦキャップ,Ordre Cap
0x477a6c@mhfdat-jp.bin,オルドルFYキャップ,Ordre F Cap
0x477a70@mhfdat-jp.bin,オルドルHSキャップ,Ordre FY Cap
0x477a74@mhfdat-jp.bin,オルドルＧキャップ,Ordre HS Cap
0x477a78@mhfdat-jp.bin,オルドルGFキャップ,Ordre G Cap
0x477a7c@mhfdat-jp.bin,オルドルGXキャップ,Ordre GF Cap
0x477a80@mhfdat-jp.bin,チェニーヘルム,Ordre GX Cap
0x477a84@mhfdat-jp.bin,チェニーＦヘルム,Cheni Helm
0x477a88@mhfdat-jp.bin,チェニーFYヘルム,Cheni F Helm
0x477a8c@mhfdat-jp.bin,チェニーHSヘルム,Cheni FY Helm
0x477a90@mhfdat-jp.bin,チェニーＧヘルム,Cheni HS Helm
0x477a94@mhfdat-jp.bin,チェニーGFヘルム,Cheni G Helm
0x477a98@mhfdat-jp.bin,チェニーGXヘルム,Cheni GF Helm
0x477a9c@mhfdat-jp.bin,チェニーキャップ,Cheni GX Helm
0x477aa0@mhfdat-jp.bin,チェニーＦキャップ,Cheni Cap
0x477aa4@mhfdat-jp.bin,チェニーFYキャップ,Cheni F Cap
0x477aa8@mhfdat-jp.bin,チェニーHSキャップ,Cheni FY Cap
0x477aac@mhfdat-jp.bin,チェニーＧキャップ,Cheni HS Cap
0x477ab0@mhfdat-jp.bin,チェニーGFキャップ,Cheni G Cap
0x477ab4@mhfdat-jp.bin,チェニーGXキャップ,Cheni GF Cap
0x477ab8@mhfdat-jp.bin,ミニオムヘルム,Cheni GX Cap
0x477abc@mhfdat-jp.bin,ミニオムＦヘルム,Miniomu Helm
0x477ac0@mhfdat-jp.bin,ミニオムFYヘルム,Miniomu F Helm
0x477ac4@mhfdat-jp.bin,ミニオムHSヘルム,Miniomu FY Helm
0x477ac8@mhfdat-jp.bin,ミニオムＧヘルム,Miniomu HS Helm
0x477acc@mhfdat-jp.bin,ミニオムGFヘルム,Miniomu G Helm
0x477ad0@mhfdat-jp.bin,ミニオムGXヘルム,Miniomu GF Helm
0x477ad4@mhfdat-jp.bin,ミニオムキャップ,Miniomu GX Helm
0x477ad8@mhfdat-jp.bin,ミニオムＦキャップ,Miniomu Cap
0x477adc@mhfdat-jp.bin,ミニオムFYキャップ,Miniomu F Cap
0x477ae0@mhfdat-jp.bin,ミニオムHSキャップ,Miniomu FY Cap
0x477ae4@mhfdat-jp.bin,ミニオムＧキャップ,Miniomu HS Cap
0x477ae8@mhfdat-jp.bin,ミニオムGFキャップ,Miniomu G Cap
0x477aec@mhfdat-jp.bin,ミニオムGXキャップ,Miniomu GF Cap
0x477af0@mhfdat-jp.bin,ブルックフェイクＧ,Miniomu GX Cap
0x477af4@mhfdat-jp.bin,ブルックフェイクGF,Brooke Mask G
0x477af8@mhfdat-jp.bin,ブルックフェイクGX,Brooke Mask GF
0x477afc@mhfdat-jp.bin,エルペフェイクＧ,Brooke Mask GX
0x477b00@mhfdat-jp.bin,エルペフェイクGF,Erupe Mask G
0x477b04@mhfdat-jp.bin,エルペフェイクGX,Erupe Mask GF
0x477b08@mhfdat-jp.bin,ヴォルヤマトＧ,Erupe Mask GX
0x477b0c@mhfdat-jp.bin,ヴォルヤマトGF,Vol ヤマトG
0x477b10@mhfdat-jp.bin,ヴォルヤマトGX,Vol ヤマトGF
0x477b14@mhfdat-jp.bin,ヴォルアポカリプスＧ,Vol ヤマトGX
0x477b18@mhfdat-jp.bin,ヴォルアポカリプスGF,Vol アポカリプスG
0x477b1c@mhfdat-jp.bin,ヴォルアポカリプスGX,Vol アポカリプスGF
0x477b20@mhfdat-jp.bin,ワンスヘルム,Vol アポカリプスGX
0x477b24@mhfdat-jp.bin,ワンスＦヘルム,Once Helm
0x477b28@mhfdat-jp.bin,ワンスFYヘルム,Once F Helm
0x477b2c@mhfdat-jp.bin,ワンスHSヘルム,Once FY Helm
0x477b30@mhfdat-jp.bin,ワンスＧヘルム,Once HS Helm
0x477b34@mhfdat-jp.bin,ワンスGFヘルム,Once G Helm
0x477b38@mhfdat-jp.bin,ワンスGXヘルム,Once GF Helm
0x477b3c@mhfdat-jp.bin,ワンスキャップ,Once GX Helm
0x477b40@mhfdat-jp.bin,ワンスＦキャップ,Once Cap
0x477b44@mhfdat-jp.bin,ワンスFYキャップ,Once F Cap
0x477b48@mhfdat-jp.bin,ワンスHSキャップ,Once FY Cap
0x477b4c@mhfdat-jp.bin,ワンスＧキャップ,Once HS Cap
0x477b50@mhfdat-jp.bin,ワンスGFキャップ,Once G Cap
0x477b54@mhfdat-jp.bin,ワンスGXキャップ,Once GF Cap
0x477b58@mhfdat-jp.bin,浮峰【兜】,Once GX Cap
0x477b5c@mhfdat-jp.bin,浮峰Ｆ【兜】,Kurai Kabuto
0x477b60@mhfdat-jp.bin,浮峰FX【兜】,Kurai F Kabuto
0x477b64@mhfdat-jp.bin,浮峰Ｇ【兜】,Kurai FX Kabuto
0x477b68@mhfdat-jp.bin,浮峰GF【兜】,Kurai G Kabuto
0x477b6c@mhfdat-jp.bin,浮峰GX【兜】,Kurai GF Kabuto
0x477b70@mhfdat-jp.bin,浮嶺【兜】,Kurai GX Kabuto
0x477b74@mhfdat-jp.bin,浮嶺Ｆ【兜】,Kurai Kabuto
0x477b78@mhfdat-jp.bin,浮嶺FX【兜】,Kurai F Kabuto
0x477b7c@mhfdat-jp.bin,浮嶺Ｇ【兜】,Kurai FX Kabuto
0x477b80@mhfdat-jp.bin,浮嶺GF【兜】,Kurai G Kabuto
0x477b84@mhfdat-jp.bin,浮嶺GX【兜】,Kurai GF Kabuto
0x477b88@mhfdat-jp.bin,モノデビルＧヘルム,Kurai GX Kabuto
0x477b8c@mhfdat-jp.bin,モノデビルGFヘルム,Monodevil G Helm
0x477b90@mhfdat-jp.bin,モノデビルGXヘルム,Monodevil GF Helm
0x477b94@mhfdat-jp.bin,モノデビルＧキャップ,Monodevil GX Helm
0x477b98@mhfdat-jp.bin,モノデビルGFキャップ,Monodevil G Cap
0x477b9c@mhfdat-jp.bin,モノデビルGXキャップ,Monodevil GF Cap
0x477ba0@mhfdat-jp.bin,ディアースＧヘルム,Monodevil GX Cap
0x477ba4@mhfdat-jp.bin,ディアースGFヘルム,Black Diablos G Helm
0x477ba8@mhfdat-jp.bin,ディアースGXヘルム,Black Diablos GF Helm
0x477bac@mhfdat-jp.bin,ディアースＧキャップ,Black Diablos GX Helm
0x477bb0@mhfdat-jp.bin,ディアースGFキャップ,Black Diablos G Cap
0x477bb4@mhfdat-jp.bin,ディアースGXキャップ,Black Diablos GF Cap
0x477bb8@mhfdat-jp.bin,ワダツミGX【烏帽子】,Black Diablos GX Cap
0x477bbc@mhfdat-jp.bin,オカミGX【烏帽子】,Wadatsumi GX [Eboshi 】
0x477bc0@mhfdat-jp.bin,オディバGXヘルム,Okami GX [Eboshi 】
0x477bc4@mhfdat-jp.bin,オディバGXキャップ,Odiva GX Helm
0x477bc8@mhfdat-jp.bin,雅孔GX【趣】,Odiva GX Cap
0x477bcc@mhfdat-jp.bin,雅穿GX【趣】,Elegance GX【趣】
0x477bd0@mhfdat-jp.bin,バンギスヘルム,Grace GX【趣】
0x477bd4@mhfdat-jp.bin,バンギスＧヘルム,Vangis Helm
0x477bd8@mhfdat-jp.bin,バンギスGFヘルム,Vangis G Helm
0x477bdc@mhfdat-jp.bin,バンギスGXヘルム,Vangis GF Helm
0x477be0@mhfdat-jp.bin,バンギスキャップ,Vangis GX Helm
0x477be4@mhfdat-jp.bin,バンギスＧキャップ,Vangis Cap
0x477be8@mhfdat-jp.bin,バンギスGFキャップ,Vangis G Cap
0x477bec@mhfdat-jp.bin,バンギスGXキャップ,Vangis GF Cap
0x477bf0@mhfdat-jp.bin,シルティヘッド,Vangis GX Cap
0x477bf4@mhfdat-jp.bin,シルティＦヘッド,Shiruti Head
0x477bf8@mhfdat-jp.bin,シルティFZヘッド,Shiruti F Head
0x477bfc@mhfdat-jp.bin,シルティHSヘッド,Shiruti FZ Head
0x477c00@mhfdat-jp.bin,シルティGSヘッド,Shiruti HS Head
0x477c04@mhfdat-jp.bin,シルティGPヘッド,Shiruti GS Head
0x477c08@mhfdat-jp.bin,シルティキャップ,Shiruti GP Head
0x477c0c@mhfdat-jp.bin,シルティＦキャップ,Shiruti Cap
0x477c10@mhfdat-jp.bin,シルティFZキャップ,Shiruti F Cap
0x477c14@mhfdat-jp.bin,シルティHSキャップ,Shiruti FZ Cap
0x477c18@mhfdat-jp.bin,シルティGSキャップ,Shiruti HS Cap
0x477c1c@mhfdat-jp.bin,シルティGPキャップ,Shiruti GS Cap
0x477c20@mhfdat-jp.bin,ブラキヘルム,Shiruti GP Cap
0x477c24@mhfdat-jp.bin,ブラキＧヘルム,Brachy Helm
0x477c28@mhfdat-jp.bin,ブラキGFヘルム,Brachy G Helm
0x477c2c@mhfdat-jp.bin,ブラキGXヘルム,Brachy GF Helm
0x477c30@mhfdat-jp.bin,ブラキキャップ,Brachy GX Helm
0x477c34@mhfdat-jp.bin,ブラキＧキャップ,Brachy Cap
0x477c38@mhfdat-jp.bin,ブラキGFキャップ,Brachy G Cap
0x477c3c@mhfdat-jp.bin,ブラキGXキャップ,Brachy GF Cap
0x477c40@mhfdat-jp.bin,トリドヘルム,Brachy GX Cap
0x477c44@mhfdat-jp.bin,トリドＦヘルム,Toridcless Helm
0x477c48@mhfdat-jp.bin,トリドFXヘルム,Toridcless F Helm
0x477c4c@mhfdat-jp.bin,トリドＧヘルム,Toridcless FX Helm
0x477c50@mhfdat-jp.bin,トリドGFヘルム,Toridcless G Helm
0x477c54@mhfdat-jp.bin,トリドGXヘルム,Toridcless GF Helm
0x477c58@mhfdat-jp.bin,トリドキャップ,Toridcless GX Helm
0x477c5c@mhfdat-jp.bin,トリドＦキャップ,Toridcless Cap
0x477c60@mhfdat-jp.bin,トリドFXキャップ,Toridcless F Cap
0x477c64@mhfdat-jp.bin,トリドＧキャップ,Toridcless FX Cap
0x477c68@mhfdat-jp.bin,トリドGFキャップ,Toridcless G Cap
0x477c6c@mhfdat-jp.bin,トリドGXキャップ,Toridcless GF Cap
0x477c70@mhfdat-jp.bin,照雷Ｇ【兜】,Toridcless GX Cap
0x477c74@mhfdat-jp.bin,照雷GF【兜】,Lightning G Kabuto
0x477c78@mhfdat-jp.bin,照雷GX【兜】,Lightning GF Kabuto
0x477c7c@mhfdat-jp.bin,明雷Ｇ【兜】,Lightning GX Kabuto
0x477c80@mhfdat-jp.bin,明雷GF【兜】,Thunder G Kabuto
0x477c84@mhfdat-jp.bin,明雷GX【兜】,Thunder GF Kabuto
0x477c88@mhfdat-jp.bin,エスピスＧゲヒル,Thunder GX Kabuto
0x477c8c@mhfdat-jp.bin,エスピスGFゲヒル,Orange Espinas G Brain
0x477c90@mhfdat-jp.bin,エスピスGXゲヒル,Orange Espinas GF Brain
0x477c94@mhfdat-jp.bin,エスピスＧアゼレ,Orange Espinas GX Brain
0x477c98@mhfdat-jp.bin,エスピスGFアゼレ,Orange Espinas G Soul
0x477c9c@mhfdat-jp.bin,エスピスGXアゼレ,Orange Espinas GF Soul
0x477ca0@mhfdat-jp.bin,ヴォラＧヘルム,Orange Espinas GX Soul
0x477ca4@mhfdat-jp.bin,ヴォラGFヘルム,Vola G Helm
0x477ca8@mhfdat-jp.bin,ヴォラGXヘルム,Vola GF Helm
0x477cac@mhfdat-jp.bin,ヴォラＧキャップ,Vola GX Helm
0x477cb0@mhfdat-jp.bin,ヴォラGFキャップ,Vola G Cap
0x477cb4@mhfdat-jp.bin,ヴォラGXキャップ,Vola GF Cap
0x477cb8@mhfdat-jp.bin,ラヴィＧヘッド：猛,Vola GX Cap
0x477cbc@mhfdat-jp.bin,ラヴィGFヘッド：猛,Raviente G Head : Berserk
0x477cc0@mhfdat-jp.bin,ラヴィGXヘッド：猛,Raviente GF Head : Berserk
0x477cc4@mhfdat-jp.bin,ラヴィＧキャップ：猛,Raviente GX Head : Berserk
0x477cc8@mhfdat-jp.bin,ラヴィGFキャップ：猛,Raviente G Cap : Berserk
0x477ccc@mhfdat-jp.bin,ラヴィGXキャップ：猛,Raviente GF Cap : Berserk
0x477cd0@mhfdat-jp.bin,ラヴィヘッド：狂,Raviente GX Cap : Berserk
0x477cd4@mhfdat-jp.bin,ラヴィHSヘッド：狂,Raviente Head : Violent
0x477cd8@mhfdat-jp.bin,ラヴィＧヘッド：狂,Raviente HS Head : Violent
0x477cdc@mhfdat-jp.bin,ラヴィGFヘッド：狂,Raviente G Head : Violent
0x477ce0@mhfdat-jp.bin,ラヴィGXヘッド：狂,Raviente GF Head : Violent
0x477ce4@mhfdat-jp.bin,ラヴィキャップ：狂,Raviente GX Head : Violent
0x477ce8@mhfdat-jp.bin,ラヴィHSキャップ：狂,Raviente Cap : Violent
0x477cec@mhfdat-jp.bin,ラヴィＧキャップ：狂,Raviente HS Cap : Violent
0x477cf0@mhfdat-jp.bin,ラヴィGFキャップ：狂,Raviente G Cap : Violent
0x477cf4@mhfdat-jp.bin,ラヴィGXキャップ：狂,Raviente GF Cap : Violent
0x477cf8@mhfdat-jp.bin,ラヴィＧヘッド,Raviente GX Cap : Violent
0x477cfc@mhfdat-jp.bin,ラヴィGFヘッド,Raviente G Head
0x477d00@mhfdat-jp.bin,ラヴィGXヘッド,Raviente GF Head
0x477d04@mhfdat-jp.bin,ラヴィＧキャップ,Raviente GX Head
0x477d08@mhfdat-jp.bin,ラヴィGFキャップ,Raviente G Cap
0x477d0c@mhfdat-jp.bin,ラヴィGXキャップ,Raviente GF Cap
0x477d10@mhfdat-jp.bin,ヒプシーＧヘルム,Raviente GX Cap
0x477d14@mhfdat-jp.bin,ヒプシーGFヘルム,White Hypnoc G Helm
0x477d18@mhfdat-jp.bin,ヒプシーGXヘルム,White Hypnoc GF Helm
0x477d1c@mhfdat-jp.bin,ヒプシーＧキャップ,White Hypnoc GX Helm
0x477d20@mhfdat-jp.bin,ヒプシーGFキャップ,White Hypnoc G Cap
0x477d24@mhfdat-jp.bin,ヒプシーGXキャップ,White Hypnoc GF Cap
0x477d28@mhfdat-jp.bin,ヴィーチヘッド,White Hypnoc GX Cap
0x477d2c@mhfdat-jp.bin,ヴィーチＦヘッド,Vichi Head
0x477d30@mhfdat-jp.bin,ヴィーチFZヘッド,Vichi F Head
0x477d34@mhfdat-jp.bin,ヴィーチHSヘッド,Vichi FZ Head
0x477d38@mhfdat-jp.bin,ヴィーチGSヘッド,Vichi HS Head
0x477d3c@mhfdat-jp.bin,ヴィーチGPヘッド,Vichi GS Head
0x477d40@mhfdat-jp.bin,ヴィーチキャップ,Vichi GP Head
0x477d44@mhfdat-jp.bin,ヴィーチＦキャップ,Vichi Cap
0x477d48@mhfdat-jp.bin,ヴィーチFZキャップ,Vichi F Cap
0x477d4c@mhfdat-jp.bin,ヴィーチHSキャップ,Vichi FZ Cap
0x477d50@mhfdat-jp.bin,ヴィーチGSキャップ,Vichi HS Cap
0x477d54@mhfdat-jp.bin,ヴィーチGPキャップ,Vichi GS Cap
0x477d58@mhfdat-jp.bin,ギルドバードロポス,Vichi GP Cap
0x477d5c@mhfdat-jp.bin,ギルドバードＧロポス,Guild Bard Lobos
0x477d60@mhfdat-jp.bin,ギルドバードGFロポス,Guild Bard G Lobos
0x477d64@mhfdat-jp.bin,ギルドバードGXロポス,Guild Bard GF Lobos
0x477d68@mhfdat-jp.bin,ギルドバードハット,Guild Bard GX Lobos
0x477d6c@mhfdat-jp.bin,ギルドバードＧハット,Guild Bard Hat
0x477d70@mhfdat-jp.bin,ギルドバードGFハット,Guild Bard G Hat
0x477d74@mhfdat-jp.bin,ギルドバードGXハット,Guild Bard GF Hat
0x477d78@mhfdat-jp.bin,スカラーフード,Guild Bard GX Hat
0x477d7c@mhfdat-jp.bin,スカラーＧフード,Scholar Hood
0x477d80@mhfdat-jp.bin,スカラーGFフード,Scholar G Hood
0x477d84@mhfdat-jp.bin,スカラーGXフード,Scholar GF Hood
0x477d88@mhfdat-jp.bin,スカラーベレー,Scholar GX Hood
0x477d8c@mhfdat-jp.bin,スカラーＧベレー,Scholar Beret
0x477d90@mhfdat-jp.bin,スカラーGFベレー,Scholar G Beret
0x477d94@mhfdat-jp.bin,スカラーGXベレー,Scholar GF Beret
0x477d98@mhfdat-jp.bin,アミスタヘルム・黒,Scholar GX Beret
0x477d9c@mhfdat-jp.bin,アミスタＦヘルム・黒,Amistad Helm・Black
0x477da0@mhfdat-jp.bin,アミスタFZヘルム・黒,Amistad F Helm・Black
0x477da4@mhfdat-jp.bin,アミスタHSヘルム・黒,Amistad FZ Helm・Black
0x477da8@mhfdat-jp.bin,アミスタGSヘルム・黒,Amistad HS Helm・Black
0x477dac@mhfdat-jp.bin,アミスタGPヘルム・黒,Amistad GS Helm・Black
0x477db0@mhfdat-jp.bin,アミスタマスク・黒,Amistad GP Helm・Black
0x477db4@mhfdat-jp.bin,アミスタＦマスク・黒,Amistad Mask・Black
0x477db8@mhfdat-jp.bin,アミスタFZマスク・黒,Amistad F Mask・Black
0x477dbc@mhfdat-jp.bin,アミスタHSマスク・黒,Amistad FZ Mask・Black
0x477dc0@mhfdat-jp.bin,アミスタGSマスク・黒,Amistad HS Mask・Black
0x477dc4@mhfdat-jp.bin,アミスタGPマスク・黒,Amistad GS Mask・Black
0x477dc8@mhfdat-jp.bin,アミスタヘルム・白,Amistad GP Mask・Black
0x477dcc@mhfdat-jp.bin,アミスタＦヘルム・白,Amistad Helm・White
0x477dd0@mhfdat-jp.bin,アミスタFZヘルム・白,Amistad F Helm・White
0x477dd4@mhfdat-jp.bin,アミスタHSヘルム・白,Amistad FZ Helm・White
0x477dd8@mhfdat-jp.bin,アミスタGSヘルム・白,Amistad HS Helm・White
0x477ddc@mhfdat-jp.bin,アミスタGPヘルム・白,Amistad GS Helm・White
0x477de0@mhfdat-jp.bin,アミスタマスク・白,Amistad GP Helm・White
0x477de4@mhfdat-jp.bin,アミスタＦマスク・白,Amistad Mask・White
0x477de8@mhfdat-jp.bin,アミスタFZマスク・白,Amistad F Mask・White
0x477dec@mhfdat-jp.bin,アミスタHSマスク・白,Amistad FZ Mask・White
0x477df0@mhfdat-jp.bin,アミスタGSマスク・白,Amistad HS Mask・White
0x477df4@mhfdat-jp.bin,アミスタGPマスク・白,Amistad GS Mask・White
0x477df8@mhfdat-jp.bin,アミスタヘルム・青,Amistad GP Mask・White
0x477dfc@mhfdat-jp.bin,アミスタＦヘルム・青,Amistad Helm・Blue
0x477e00@mhfdat-jp.bin,アミスタFZヘルム・青,Amistad F Helm・Blue
0x477e04@mhfdat-jp.bin,アミスタHSヘルム・青,Amistad FZ Helm・Blue
0x477e08@mhfdat-jp.bin,アミスタGSヘルム・青,Amistad HS Helm・Blue
0x477e0c@mhfdat-jp.bin,アミスタGPヘルム・青,Amistad GS Helm・Blue
0x477e10@mhfdat-jp.bin,アミスタマスク・青,Amistad GP Helm・Blue
0x477e14@mhfdat-jp.bin,アミスタＦマスク・青,Amistad Mask・Blue
0x477e18@mhfdat-jp.bin,アミスタFZマスク・青,Amistad F Mask・Blue
0x477e1c@mhfdat-jp.bin,アミスタHSマスク・青,Amistad FZ Mask・Blue
0x477e20@mhfdat-jp.bin,アミスタGSマスク・青,Amistad HS Mask・Blue
0x477e24@mhfdat-jp.bin,アミスタGPマスク・青,Amistad GS Mask・Blue
0x477e28@mhfdat-jp.bin,アミスタヘルム・紅,Amistad GP Mask・Blue
0x477e2c@mhfdat-jp.bin,アミスタＦヘルム・紅,Amistad Helm・Crimson
0x477e30@mhfdat-jp.bin,アミスタFZヘルム・紅,Amistad F Helm・Crimson
0x477e34@mhfdat-jp.bin,アミスタHSヘルム・紅,Amistad FZ Helm・Crimson
0x477e38@mhfdat-jp.bin,アミスタGSヘルム・紅,Amistad HS Helm・Crimson
0x477e3c@mhfdat-jp.bin,アミスタGPヘルム・紅,Amistad GS Helm・Crimson
0x477e40@mhfdat-jp.bin,アミスタマスク・紅,Amistad GP Helm・Crimson
0x477e44@mhfdat-jp.bin,アミスタＦマスク・紅,Amistad Mask・Crimson
0x477e48@mhfdat-jp.bin,アミスタFZマスク・紅,Amistad F Mask・Crimson
0x477e4c@mhfdat-jp.bin,アミスタHSマスク・紅,Amistad FZ Mask・Crimson
0x477e50@mhfdat-jp.bin,アミスタGSマスク・紅,Amistad HS Mask・Crimson
0x477e54@mhfdat-jp.bin,アミスタGPマスク・紅,Amistad GS Mask・Crimson
0x477e58@mhfdat-jp.bin,プラグヘッド：06,Amistad GP Mask・Crimson
0x477e5c@mhfdat-jp.bin,プラグＦヘッド：06,Plug Head :06
0x477e60@mhfdat-jp.bin,プラグFZヘッド：06,Plug F Head :06
0x477e64@mhfdat-jp.bin,プラグHSヘッド：06,Plug FZ Head :06
0x477e68@mhfdat-jp.bin,プラグGSヘッド：06,Plug HS Head :06
0x477e6c@mhfdat-jp.bin,プラグGPヘッド：06,Plug GS Head :06
0x477e70@mhfdat-jp.bin,プラグキャップ：06,Plug GP Head :06
0x477e74@mhfdat-jp.bin,プラグＦキャップ：06,Plug Cap :06
0x477e78@mhfdat-jp.bin,プラグFZキャップ：06,Plug F Cap :06
0x477e7c@mhfdat-jp.bin,プラグHSキャップ：06,Plug FZ Cap :06
0x477e80@mhfdat-jp.bin,プラグGSキャップ：06,Plug HS Cap :06
0x477e84@mhfdat-jp.bin,プラグGPキャップ：06,Plug GS Cap :06
0x477e88@mhfdat-jp.bin,プラグヘッド：02,Plug GP Cap :06
0x477e8c@mhfdat-jp.bin,プラグＦヘッド：02,Plug Head :02
0x477e90@mhfdat-jp.bin,プラグFZヘッド：02,Plug F Head :02
0x477e94@mhfdat-jp.bin,プラグHSヘッド：02,Plug FZ Head :02
0x477e98@mhfdat-jp.bin,プラグGSヘッド：02,Plug HS Head :02
0x477e9c@mhfdat-jp.bin,プラグGPヘッド：02,Plug GS Head :02
0x477ea0@mhfdat-jp.bin,プラグキャップ：02,Plug GP Head :02
0x477ea4@mhfdat-jp.bin,プラグＦキャップ：02,Plug Cap :02
0x477ea8@mhfdat-jp.bin,プラグFZキャップ：02,Plug F Cap :02
0x477eac@mhfdat-jp.bin,プラグHSキャップ：02,Plug FZ Cap :02
0x477eb0@mhfdat-jp.bin,プラグGSキャップ：02,Plug HS Cap :02
0x477eb4@mhfdat-jp.bin,プラグGPキャップ：02,Plug GS Cap :02
0x477eb8@mhfdat-jp.bin,Ｍark.０６ヘッド,Plug GP Cap :02
0x477ebc@mhfdat-jp.bin,Ｍark.０６Ｆヘッド,Mark.06 Head
0x477ec0@mhfdat-jp.bin,Ｍark.０６FZヘッド,Mark.06F Head
0x477ec4@mhfdat-jp.bin,Ｍark.０６HSヘッド,Mark.06FZ Head
0x477ec8@mhfdat-jp.bin,Ｍark.０６GSヘッド,Mark.06HS Head
0x477ecc@mhfdat-jp.bin,Ｍark.０６GPヘッド,Mark.06GS Head
0x477ed0@mhfdat-jp.bin,Ｍark.０６マスク,Mark.06GP Head
0x477ed4@mhfdat-jp.bin,Ｍark.０６Ｆマスク,Mark.06 Mask
0x477ed8@mhfdat-jp.bin,Ｍark.０６FZマスク,Mark.06F Mask
0x477edc@mhfdat-jp.bin,Ｍark.０６HSマスク,Mark.06FZ Mask
0x477ee0@mhfdat-jp.bin,Ｍark.０６GSマスク,Mark.06HS Mask
0x477ee4@mhfdat-jp.bin,Ｍark.０６GPマスク,Mark.06GS Mask
0x477ee8@mhfdat-jp.bin,２号機ヘッド,Mark.06GP Mask
0x477eec@mhfdat-jp.bin,２号機Ｆヘッド,Unit-02 Head
0x477ef0@mhfdat-jp.bin,２号機FZヘッド,Unit-02 F Head
0x477ef4@mhfdat-jp.bin,２号機HSヘッド,Unit-02 FZ Head
0x477ef8@mhfdat-jp.bin,２号機GSヘッド,Unit-02 HS Head
0x477efc@mhfdat-jp.bin,２号機GPヘッド,Unit-02 GS Head
0x477f00@mhfdat-jp.bin,２号機マスク,Unit-02 GP Head
0x477f04@mhfdat-jp.bin,２号機Ｆマスク,Unit-02 Mask
0x477f08@mhfdat-jp.bin,２号機FZマスク,Unit-02 F Mask
0x477f0c@mhfdat-jp.bin,２号機HSマスク,Unit-02 FZ Mask
0x477f10@mhfdat-jp.bin,２号機GSマスク,Unit-02 HS Mask
0x477f14@mhfdat-jp.bin,２号機GPマスク,Unit-02 GS Mask
0x477f18@mhfdat-jp.bin,カイラヘルム,Unit-02 GP Mask
0x477f1c@mhfdat-jp.bin,カイラＦヘルム,Kaila Helm
0x477f20@mhfdat-jp.bin,カイラFZヘルム,Kaila F Helm
0x477f24@mhfdat-jp.bin,カイラHSヘルム,Kaila FZ Helm
0x477f28@mhfdat-jp.bin,カイラGSヘルム,Kaila HS Helm
0x477f2c@mhfdat-jp.bin,カイラGPヘルム,Kaila GS Helm
0x477f30@mhfdat-jp.bin,カイラマスク,Kaila GP Helm
0x477f34@mhfdat-jp.bin,カイラＦマスク,Kaila Mask
0x477f38@mhfdat-jp.bin,カイラFZマスク,Kaila F Mask
0x477f3c@mhfdat-jp.bin,カイラHSマスク,Kaila FZ Mask
0x477f40@mhfdat-jp.bin,カイラGSマスク,Kaila HS Mask
0x477f44@mhfdat-jp.bin,カイラGPマスク,Kaila GS Mask
0x477f48@mhfdat-jp.bin,ダミー,Kaila GP Mask
0x477f4c@mhfdat-jp.bin,ダミー,ダミー
0x477f50@mhfdat-jp.bin,ダミー,ダミー
0x477f54@mhfdat-jp.bin,ダミー,ダミー
0x477f58@mhfdat-jp.bin,ダミー,ダミー
0x477f5c@mhfdat-jp.bin,ダミー,ダミー
0x477f60@mhfdat-jp.bin,トリドバレッタ,ダミー
0x477f64@mhfdat-jp.bin,トリドＦバレッタ,Toridcless Beretta
0x477f68@mhfdat-jp.bin,ガスラコサージュ,Toridcless F Beretta
0x477f6c@mhfdat-jp.bin,ガスラＦコサージュ,Gasura Corsage
0x477f70@mhfdat-jp.bin,オトノヘッド,Gasura F Corsage
0x477f74@mhfdat-jp.bin,オトノＦヘッド,Otono Head
0x477f78@mhfdat-jp.bin,オトノFYヘッド,Otono F Head
0x477f7c@mhfdat-jp.bin,オトノHSヘッド,Otono FY Head
0x477f80@mhfdat-jp.bin,オトノＧヘッド,Otono HS Head
0x477f84@mhfdat-jp.bin,オトノGFヘッド,Otono G Head
0x477f88@mhfdat-jp.bin,オトノGXヘッド,Otono GF Head
0x477f8c@mhfdat-jp.bin,カバリバヘルム,Otono GX Head
0x477f90@mhfdat-jp.bin,カバリバＦヘルム,Kabariba Helm
0x477f94@mhfdat-jp.bin,カバリバFYヘルム,Kabariba F Helm
0x477f98@mhfdat-jp.bin,カバリバHSヘルム,Kabariba FY Helm
0x477f9c@mhfdat-jp.bin,カバリバＧヘルム,Kabariba HS Helm
0x477fa0@mhfdat-jp.bin,カバリバGFヘルム,Kabariba G Helm
0x477fa4@mhfdat-jp.bin,カバリバGXヘルム,Kabariba GF Helm
0x477fa8@mhfdat-jp.bin,カバリバキャップ,Kabariba GX Helm
0x477fac@mhfdat-jp.bin,カバリバＦキャップ,Kabariba Cap
0x477fb0@mhfdat-jp.bin,カバリバFYキャップ,Kabariba F Cap
0x477fb4@mhfdat-jp.bin,カバリバHSキャップ,Kabariba FY Cap
0x477fb8@mhfdat-jp.bin,カバリバＧキャップ,Kabariba HS Cap
0x477fbc@mhfdat-jp.bin,カバリバGFキャップ,Kabariba G Cap
0x477fc0@mhfdat-jp.bin,カバリバGXキャップ,Kabariba GF Cap
0x477fc4@mhfdat-jp.bin,トルボダヘッド,Kabariba GX Cap
0x477fc8@mhfdat-jp.bin,トルボダＦヘッド,Toruboda Head
0x477fcc@mhfdat-jp.bin,トルボダFYヘッド,Toruboda F Head
0x477fd0@mhfdat-jp.bin,トルボダHSヘッド,Toruboda FY Head
0x477fd4@mhfdat-jp.bin,トルボダＧヘッド,Toruboda HS Head
0x477fd8@mhfdat-jp.bin,トルボダGFヘッド,Toruboda G Head
0x477fdc@mhfdat-jp.bin,トルボダGXヘッド,Toruboda GF Head
0x477fe0@mhfdat-jp.bin,トルボダキャップ,Toruboda GX Head
0x477fe4@mhfdat-jp.bin,トルボダＦキャップ,Toruboda Cap
0x477fe8@mhfdat-jp.bin,トルボダFYキャップ,Toruboda F Cap
0x477fec@mhfdat-jp.bin,トルボダHSキャップ,Toruboda FY Cap
0x477ff0@mhfdat-jp.bin,トルボダＧキャップ,Toruboda HS Cap
0x477ff4@mhfdat-jp.bin,トルボダGFキャップ,Toruboda G Cap
0x477ff8@mhfdat-jp.bin,トルボダGXキャップ,Toruboda GF Cap
0x477ffc@mhfdat-jp.bin,オリクトヘルム,Toruboda GX Cap
0x478000@mhfdat-jp.bin,オリクトＦヘルム,Orykto Helm
0x478004@mhfdat-jp.bin,オリクトFYヘルム,Orykto F Helm
0x478008@mhfdat-jp.bin,オリクトHSヘルム,Orykto FY Helm
0x47800c@mhfdat-jp.bin,オリクトキャップ,Orykto HS Helm
0x478010@mhfdat-jp.bin,オリクトＦキャップ,Orykto Cap
0x478014@mhfdat-jp.bin,オリクトFYキャップ,Orykto F Cap
0x478018@mhfdat-jp.bin,オリクトHSキャップ,Orykto FY Cap
0x47801c@mhfdat-jp.bin,レウアスＧヘルム,Orykto HS Cap
0x478020@mhfdat-jp.bin,レウアスGFヘルム,Reuasu G Helm
0x478024@mhfdat-jp.bin,レウアスGXヘルム,Reuasu GF Helm
0x478028@mhfdat-jp.bin,レウアスＧキャップ,Reuasu GX Helm
0x47802c@mhfdat-jp.bin,レウアスGFキャップ,Reuasu G Cap
0x478030@mhfdat-jp.bin,レウアスGXキャップ,Reuasu GF Cap
0x478034@mhfdat-jp.bin,ハリメノヘルム,Reuasu GX Cap
0x478038@mhfdat-jp.bin,ハリメノＦヘルム,Harimeno Helm
0x47803c@mhfdat-jp.bin,ハリメノFYヘルム,Harimeno F Helm
0x478040@mhfdat-jp.bin,ハリメノHSヘルム,Harimeno FY Helm
0x478044@mhfdat-jp.bin,ハリメノＧヘルム,Harimeno HS Helm
0x478048@mhfdat-jp.bin,ハリメノGFヘルム,Harimeno G Helm
0x47804c@mhfdat-jp.bin,ハリメノGXヘルム,Harimeno GF Helm
0x478050@mhfdat-jp.bin,ハリメノキャップ,Harimeno GX Helm
0x478054@mhfdat-jp.bin,ハリメノＦキャップ,Harimeno Cap
0x478058@mhfdat-jp.bin,ハリメノFYキャップ,Harimeno F Cap
0x47805c@mhfdat-jp.bin,ハリメノHSキャップ,Harimeno FY Cap
0x478060@mhfdat-jp.bin,ハリメノＧキャップ,Harimeno HS Cap
0x478064@mhfdat-jp.bin,ハリメノGFキャップ,Harimeno G Cap
0x478068@mhfdat-jp.bin,ハリメノGXキャップ,Harimeno GF Cap
0x47806c@mhfdat-jp.bin,シウスＧヘッド,Harimeno GX Cap
0x478070@mhfdat-jp.bin,シウスGFヘッド,Shiusu G Head
0x478074@mhfdat-jp.bin,シウスGXヘッド,Shiusu GF Head
0x478078@mhfdat-jp.bin,シウスＧウィッグ,Shiusu GX Head
0x47807c@mhfdat-jp.bin,シウスGFウィッグ,Shiusu G Wig
0x478080@mhfdat-jp.bin,シウスGXウィッグ,Shiusu GF Wig
0x478084@mhfdat-jp.bin,ベリオヘルム,Shiusu GX Wig
0x478088@mhfdat-jp.bin,ベリオＧヘルム,Barioth Helm
0x47808c@mhfdat-jp.bin,ベリオGFヘルム,Barioth G Helm
0x478090@mhfdat-jp.bin,ベリオGXヘルム,Barioth GF Helm
0x478094@mhfdat-jp.bin,ベリオキャップ,Barioth GX Helm
0x478098@mhfdat-jp.bin,ベリオＧキャップ,Barioth Cap
0x47809c@mhfdat-jp.bin,ベリオGFキャップ,Barioth G Cap
0x4780a0@mhfdat-jp.bin,ベリオGXキャップ,Barioth GF Cap
0x4780a4@mhfdat-jp.bin,ウィルＧヘッド,Barioth GX Cap
0x4780a8@mhfdat-jp.bin,ウィルGFヘッド,Will G Head
0x4780ac@mhfdat-jp.bin,ウィルGXヘッド,Will GF Head
0x4780b0@mhfdat-jp.bin,ウィルＧキャップ,Will GX Head
0x4780b4@mhfdat-jp.bin,ウィルGFキャップ,Will G Cap
0x4780b8@mhfdat-jp.bin,ウィルGXキャップ,Will GF Cap
0x4780bc@mhfdat-jp.bin,ケイスヘルム,Will GX Cap
0x4780c0@mhfdat-jp.bin,ケイスＦヘルム,Keisu Helm
0x4780c4@mhfdat-jp.bin,ケイスFYヘルム,Keisu F Helm
0x4780c8@mhfdat-jp.bin,ケイスHSヘルム,Keisu FY Helm
0x4780cc@mhfdat-jp.bin,ケイスＧヘルム,Keisu HS Helm
0x4780d0@mhfdat-jp.bin,ケイスGFヘルム,Keisu G Helm
0x4780d4@mhfdat-jp.bin,ケイスGXヘルム,Keisu GF Helm
0x4780d8@mhfdat-jp.bin,ケイスキャップ,Keisu GX Helm
0x4780dc@mhfdat-jp.bin,ケイスＦキャップ,Keisu Cap
0x4780e0@mhfdat-jp.bin,ケイスFYキャップ,Keisu F Cap
0x4780e4@mhfdat-jp.bin,ケイスHSキャップ,Keisu FY Cap
0x4780e8@mhfdat-jp.bin,ケイスＧキャップ,Keisu HS Cap
0x4780ec@mhfdat-jp.bin,ケイスGFキャップ,Keisu G Cap
0x4780f0@mhfdat-jp.bin,ケイスGXキャップ,Keisu GF Cap
0x4780f4@mhfdat-jp.bin,リュミエヘルム,Keisu GX Cap
0x4780f8@mhfdat-jp.bin,リュミエＦヘルム,Lumiere Helm
0x4780fc@mhfdat-jp.bin,リュミエFYヘルム,Lumiere F Helm
0x478100@mhfdat-jp.bin,リュミエHSヘルム,Lumiere FY Helm
0x478104@mhfdat-jp.bin,リュミエＧヘルム,Lumiere HS Helm
0x478108@mhfdat-jp.bin,リュミエGFヘルム,Lumiere G Helm
0x47810c@mhfdat-jp.bin,リュミエGXヘルム,Lumiere GF Helm
0x478110@mhfdat-jp.bin,リュミエキャップ,Lumiere GX Helm
0x478114@mhfdat-jp.bin,リュミエＦキャップ,Lumiere Cap
0x478118@mhfdat-jp.bin,リュミエFYキャップ,Lumiere F Cap
0x47811c@mhfdat-jp.bin,リュミエHSキャップ,Lumiere FY Cap
0x478120@mhfdat-jp.bin,リュミエＧキャップ,Lumiere HS Cap
0x478124@mhfdat-jp.bin,リュミエGFキャップ,Lumiere G Cap
0x478128@mhfdat-jp.bin,リュミエGXキャップ,Lumiere GF Cap
0x47812c@mhfdat-jp.bin,クレオラヘルム,Lumiere GX Cap
0x478130@mhfdat-jp.bin,クレオラＦヘルム,Cleora Helm
0x478134@mhfdat-jp.bin,クレオラFYヘルム,Cleora F Helm
0x478138@mhfdat-jp.bin,クレオラHSヘルム,Cleora FY Helm
0x47813c@mhfdat-jp.bin,クレオラＧヘルム,Cleora HS Helm
0x478140@mhfdat-jp.bin,クレオラGFヘルム,Cleora G Helm
0x478144@mhfdat-jp.bin,クレオラGXヘルム,Cleora GF Helm
0x478148@mhfdat-jp.bin,クレオラキャップ,Cleora GX Helm
0x47814c@mhfdat-jp.bin,クレオラＦキャップ,Cleora Cap
0x478150@mhfdat-jp.bin,クレオラFYキャップ,Cleora F Cap
0x478154@mhfdat-jp.bin,クレオラHSキャップ,Cleora FY Cap
0x478158@mhfdat-jp.bin,クレオラＧキャップ,Cleora HS Cap
0x47815c@mhfdat-jp.bin,クレオラGFキャップ,Cleora G Cap
0x478160@mhfdat-jp.bin,クレオラGXキャップ,Cleora GF Cap
0x478164@mhfdat-jp.bin,ドラギュＧヘルム,Cleora GX Cap
0x478168@mhfdat-jp.bin,ドラギュGFヘルム,Doragyurosu G Helm
0x47816c@mhfdat-jp.bin,ドラギュGXヘルム,Doragyurosu GF Helm
0x478170@mhfdat-jp.bin,ドラギュＧキャップ,Doragyurosu GX Helm
0x478174@mhfdat-jp.bin,ドラギュGFキャップ,Doragyurosu G Cap
0x478178@mhfdat-jp.bin,ドラギュGXキャップ,Doragyurosu GF Cap
0x47817c@mhfdat-jp.bin,ウィンドGXアンク,Doragyurosu GX Cap
0x478180@mhfdat-jp.bin,ウィンドGXスーラ,Wind GX Glare
0x478184@mhfdat-jp.bin,メラギGXヘルム,Wind GX Snarl
0x478188@mhfdat-jp.bin,メラギGXキャップ,Meraginasu GX Helm
0x47818c@mhfdat-jp.bin,ポボルムGXヘルム,Meraginasu GX Cap
0x478190@mhfdat-jp.bin,ポボルムGXキャップ,Pobo GX Helm
0x478194@mhfdat-jp.bin,トアヘルム,Pobo GX Cap
0x478198@mhfdat-jp.bin,トアＦヘルム,Toa Helm
0x47819c@mhfdat-jp.bin,トアFXヘルム,Toa F Helm
0x4781a0@mhfdat-jp.bin,トアＧヘルム,Toa FX Helm
0x4781a4@mhfdat-jp.bin,トアGFヘルム,Toa G Helm
0x4781a8@mhfdat-jp.bin,トアGXヘルム,Toa GF Helm
0x4781ac@mhfdat-jp.bin,トアキャップ,Toa GX Helm
0x4781b0@mhfdat-jp.bin,トアＦキャップ,Toa Cap
0x4781b4@mhfdat-jp.bin,トアFXキャップ,Toa F Cap
0x4781b8@mhfdat-jp.bin,トアＧキャップ,Toa FX Cap
0x4781bc@mhfdat-jp.bin,トアGFキャップ,Toa G Cap
0x4781c0@mhfdat-jp.bin,トアGXキャップ,Toa GF Cap
0x4781c4@mhfdat-jp.bin,ククスＧヘルム,Toa GX Cap
0x4781c8@mhfdat-jp.bin,ククスGFヘルム,Blue Kut Ku G Helm
0x4781cc@mhfdat-jp.bin,ククスGXヘルム,Blue Kut Ku GF Helm
0x4781d0@mhfdat-jp.bin,ククスＧキャップ,Blue Kut Ku GX Helm
0x4781d4@mhfdat-jp.bin,ククスGFキャップ,Blue Kut Ku G Cap
0x4781d8@mhfdat-jp.bin,ククスGXキャップ,Blue Kut Ku GF Cap
0x4781dc@mhfdat-jp.bin,弩岩Ｇ【兜】,Blue Kut Ku GX Cap
0x4781e0@mhfdat-jp.bin,弩岩GF【兜】,Dreadrock G Kabuto
0x4781e4@mhfdat-jp.bin,弩岩GX【兜】,Dreadrock GF Kabuto
0x4781e8@mhfdat-jp.bin,紅岩Ｇ【兜】,Dreadrock GX Kabuto
0x4781ec@mhfdat-jp.bin,紅岩GF【兜】,Redrock G Kabuto
0x4781f0@mhfdat-jp.bin,紅岩GX【兜】,Redrock GF Kabuto
0x4781f4@mhfdat-jp.bin,シエロヘッド,Redrock GX Kabuto
0x4781f8@mhfdat-jp.bin,シエロＦヘッド,Cielo Head
0x4781fc@mhfdat-jp.bin,シエロFZヘッド,Cielo F Head
0x478200@mhfdat-jp.bin,シエロHSヘッド,Cielo FZ Head
0x478204@mhfdat-jp.bin,シエロGSヘッド,Cielo HS Head
0x478208@mhfdat-jp.bin,シエロGPヘッド,Cielo GS Head
0x47820c@mhfdat-jp.bin,シエロキャップ,Cielo GP Head
0x478210@mhfdat-jp.bin,シエロＦキャップ,Cielo Cap
0x478214@mhfdat-jp.bin,シエロFZキャップ,Cielo F Cap
0x478218@mhfdat-jp.bin,シエロHSキャップ,Cielo FZ Cap
0x47821c@mhfdat-jp.bin,シエロGSキャップ,Cielo HS Cap
0x478220@mhfdat-jp.bin,シエロGPキャップ,Cielo GS Cap
0x478224@mhfdat-jp.bin,ガガチュピアス,Cielo GP Cap
0x478228@mhfdat-jp.bin,ガガチュＦピアス,Gagachu Piercings
0x47822c@mhfdat-jp.bin,ガガチュFZピアス,Gagachu F Piercings
0x478230@mhfdat-jp.bin,ガガチュHSピアス,Gagachu FZ Piercings
0x478234@mhfdat-jp.bin,ガガチュGSピアス,Gagachu HS Piercings
0x478238@mhfdat-jp.bin,ガガチュGPピアス,Gagachu GS Piercings
0x47823c@mhfdat-jp.bin,ガガチュハール,Gagachu GP Piercings
0x478240@mhfdat-jp.bin,ガガチュＦハール,Gagachu Haar
0x478244@mhfdat-jp.bin,ガガチュFZハール,Gagachu F Haar
0x478248@mhfdat-jp.bin,ガガチュHSハール,Gagachu FZ Haar
0x47824c@mhfdat-jp.bin,ガガチュGSハール,Gagachu HS Haar
0x478250@mhfdat-jp.bin,ガガチュGPハール,Gagachu GS Haar
0x478254@mhfdat-jp.bin,サルタヘッド,Gagachu GP Haar
0x478258@mhfdat-jp.bin,サルタＦヘッド,Salta Head
0x47825c@mhfdat-jp.bin,サルタFZヘッド,Salta F Head
0x478260@mhfdat-jp.bin,サルタHSヘッド,Salta FZ Head
0x478264@mhfdat-jp.bin,サルタGSヘッド,Salta HS Head
0x478268@mhfdat-jp.bin,サルタGPヘッド,Salta GS Head
0x47826c@mhfdat-jp.bin,サルタキャップ,Salta GP Head
0x478270@mhfdat-jp.bin,サルタＦキャップ,Salta Cap
0x478274@mhfdat-jp.bin,サルタFZキャップ,Salta F Cap
0x478278@mhfdat-jp.bin,サルタHSキャップ,Salta FZ Cap
0x47827c@mhfdat-jp.bin,サルタGSキャップ,Salta HS Cap
0x478280@mhfdat-jp.bin,サルタGPキャップ,Salta GS Cap
0x478284@mhfdat-jp.bin,チールＧヘッド,Salta GP Cap
0x478288@mhfdat-jp.bin,チールGFヘッド,Chiru G Head
0x47828c@mhfdat-jp.bin,チールGXヘッド,Chiru GF Head
0x478290@mhfdat-jp.bin,チールＧウィッグ,Chiru GX Head
0x478294@mhfdat-jp.bin,チールGFウィッグ,Chiru G Wig
0x478298@mhfdat-jp.bin,チールGXウィッグ,Chiru GF Wig
0x47829c@mhfdat-jp.bin,ガネトＧヘッド,Chiru GX Wig
0x4782a0@mhfdat-jp.bin,ガネトGFヘッド,Ganeto G Head
0x4782a4@mhfdat-jp.bin,ガネトGXヘッド,Ganeto GF Head
0x4782a8@mhfdat-jp.bin,ガネトＧウィッグ,Ganeto GX Head
0x4782ac@mhfdat-jp.bin,ガネトGFウィッグ,Ganeto G Wig
0x4782b0@mhfdat-jp.bin,ガネトGXウィッグ,Ganeto GF Wig
0x4782b4@mhfdat-jp.bin,千代ノ髪飾,Ganeto GX Wig
0x4782b8@mhfdat-jp.bin,千代ノ髪飾Ｆ,Chiyo Hairpiece
0x4782bc@mhfdat-jp.bin,千代ノ髪飾FZ,Chiyo Hairpiece F
0x4782c0@mhfdat-jp.bin,千代ノ髪飾HS,Chiyo Hairpiece FZ
0x4782c4@mhfdat-jp.bin,千代ノ髪飾GS,Chiyo Hairpiece HS
0x4782c8@mhfdat-jp.bin,千代ノ髪飾GP,Chiyo Hairpiece GS
0x4782cc@mhfdat-jp.bin,千代ノ髪留,Chiyo Hairpiece GP
0x4782d0@mhfdat-jp.bin,千代ノ髪留Ｆ,Chiyo Hairpin
0x4782d4@mhfdat-jp.bin,千代ノ髪留FZ,Chiyo Hairpin F
0x4782d8@mhfdat-jp.bin,千代ノ髪留HS,Chiyo Hairpin FZ
0x4782dc@mhfdat-jp.bin,千代ノ髪留GS,Chiyo Hairpin HS
0x4782e0@mhfdat-jp.bin,千代ノ髪留GP,Chiyo Hairpin GS
0x4782e4@mhfdat-jp.bin,ガンキンヘルム,Chiyo Hairpin GP
0x4782e8@mhfdat-jp.bin,ガンキンＧヘルム,Uragaan Helm
0x4782ec@mhfdat-jp.bin,ガンキンGFヘルム,Uragaan G Helm
0x4782f0@mhfdat-jp.bin,ガンキンGXヘルム,Uragaan GF Helm
0x4782f4@mhfdat-jp.bin,ガンキンキャップ,Uragaan GX Helm
0x4782f8@mhfdat-jp.bin,ガンキンＧキャップ,Uragaan Cap
0x4782fc@mhfdat-jp.bin,ガンキンGFキャップ,Uragaan G Cap
0x478300@mhfdat-jp.bin,ガンキンGXキャップ,Uragaan GF Cap
0x478304@mhfdat-jp.bin,祭のあとに【勝ち猫】,Uragaan GX Cap
0x478308@mhfdat-jp.bin,祭のあとに【勝ち猫】,Post-Festivities [Winning Cat]
0x47830c@mhfdat-jp.bin,祭のあとに【勝ち猫】,Post-Festivities [Winning Cat]
0x478310@mhfdat-jp.bin,祭のあとに【勝ち猫】,Post-Festivities [Winning Cat]
0x478314@mhfdat-jp.bin,祭のあとに【勝ち猫】,Post-Festivities [Winning Cat]
0x478318@mhfdat-jp.bin,祭のあとに【勝ち猫】,Post-Festivities [Winning Cat]
0x47831c@mhfdat-jp.bin,祭のあとに【勝ち猫】,Post-Festivities [Winning Cat]
0x478320@mhfdat-jp.bin,祭のあとに【勝ち猫】,Post-Festivities [Winning Cat]
0x478324@mhfdat-jp.bin,祭のあとに【勝ち猫】,Post-Festivities [Winning Cat]
0x478328@mhfdat-jp.bin,祭のあとに【勝ち猫】,Post-Festivities [Winning Cat]
0x47832c@mhfdat-jp.bin,祭のあとに【勝ち猫】,Post-Festivities [Winning Cat]
0x478330@mhfdat-jp.bin,祭のあとに【勝ち猫】,Post-Festivities [Winning Cat]
0x478334@mhfdat-jp.bin,祭のあとに【勝ち猫】,Post-Festivities [Winning Cat]
0x478338@mhfdat-jp.bin,祭のあとに【勝ち猫】,Post-Festivities [Winning Cat]
0x47833c@mhfdat-jp.bin,祭のあとに【勝ち猫】,Post-Festivities [Winning Cat]
0x478340@mhfdat-jp.bin,祭のあとに【勝ち猫】,Post-Festivities [Winning Cat]
0x478344@mhfdat-jp.bin,祭のあとに【勝ち猫】,Post-Festivities [Winning Cat]
0x478348@mhfdat-jp.bin,祭のあとに【勝ち猫】,Post-Festivities [Winning Cat]
0x47834c@mhfdat-jp.bin,祭のあとに【勝ち猫】,Post-Festivities [Winning Cat]
0x478350@mhfdat-jp.bin,祭のあとに【勝ち猫】,Post-Festivities [Winning Cat]
0x478354@mhfdat-jp.bin,祭のあとに【勝ち猫】,Post-Festivities [Winning Cat]
0x478358@mhfdat-jp.bin,祭のあとに【勝ち猫】,Post-Festivities [Winning Cat]
0x47835c@mhfdat-jp.bin,祭のあとに【勝ち猫】,Post-Festivities [Winning Cat]
0x478360@mhfdat-jp.bin,祭のあとに【勝ち猫】,Post-Festivities [Winning Cat]
0x478364@mhfdat-jp.bin,祭のあとに【勝ち猫】,Post-Festivities [Winning Cat]
0x478368@mhfdat-jp.bin,祭のあとに【勝ち猫】,Post-Festivities [Winning Cat]
0x47836c@mhfdat-jp.bin,祭のあとに【勝ち猫】,Post-Festivities [Winning Cat]
0x478370@mhfdat-jp.bin,祭のあとに【勝ち猫】,Post-Festivities [Winning Cat]
0x478374@mhfdat-jp.bin,祭のあとに【勝ち猫】,Post-Festivities [Winning Cat]
0x478378@mhfdat-jp.bin,祭のあとに【勝ち猫】,Post-Festivities [Winning Cat]
0x47837c@mhfdat-jp.bin,祭のあとに【勝ち猫】,Post-Festivities [Winning Cat]
0x478380@mhfdat-jp.bin,祭のあとに【勝ち猫】,Post-Festivities [Winning Cat]
0x478384@mhfdat-jp.bin,祭のあとに【勝ち猫】,Post-Festivities [Winning Cat]
0x478388@mhfdat-jp.bin,祭のあとに【勝ち猫】,Post-Festivities [Winning Cat]
0x47838c@mhfdat-jp.bin,祭のあとに【勝ち猫】,Post-Festivities [Winning Cat]
0x478390@mhfdat-jp.bin,祭のあとに【勝ち猫】,Post-Festivities [Winning Cat]
0x478394@mhfdat-jp.bin,祭のあとに【勝ち猫】,Post-Festivities [Winning Cat]
0x478398@mhfdat-jp.bin,祭のあとに【勝ち猫】,Post-Festivities [Winning Cat]
0x47839c@mhfdat-jp.bin,祭のあとに【勝ち猫】,Post-Festivities [Winning Cat]
0x4783a0@mhfdat-jp.bin,祭のあとに【勝ち猫】,Post-Festivities [Winning Cat]
0x4783a4@mhfdat-jp.bin,祭のあとに【勝ち猫】,Post-Festivities [Winning Cat]
0x4783a8@mhfdat-jp.bin,祭のあとに【勝ち猫】,Post-Festivities [Winning Cat]
0x4783ac@mhfdat-jp.bin,祭のあとに【勝ち猫】,Post-Festivities [Winning Cat]
0x4783b0@mhfdat-jp.bin,祭のあとに【勝ち猫】,Post-Festivities [Winning Cat]
0x4783b4@mhfdat-jp.bin,祭のあとに【勝ち猫】,Post-Festivities [Winning Cat]
0x4783b8@mhfdat-jp.bin,祭のあとに【勝ち猫】,Post-Festivities [Winning Cat]
0x4783bc@mhfdat-jp.bin,祭のあとに【勝ち猫】,Post-Festivities [Winning Cat]
0x4783c0@mhfdat-jp.bin,祭のあとに【勝ち猫】,Post-Festivities [Winning Cat]
0x4783c4@mhfdat-jp.bin,祭のあとに【勝ち猫】,Post-Festivities [Winning Cat]
0x4783c8@mhfdat-jp.bin,祭のあとに【勝ち猫】,Post-Festivities [Winning Cat]
0x4783cc@mhfdat-jp.bin,祭のあとに【勝ち猫】,Post-Festivities [Winning Cat]
0x4783d0@mhfdat-jp.bin,祭のあとに【勝ち猫】,Post-Festivities [Winning Cat]
0x4783d4@mhfdat-jp.bin,祭のあとに【勝ち猫】,Post-Festivities [Winning Cat]
0x4783d8@mhfdat-jp.bin,祭のあとに【勝ち猫】,Post-Festivities [Winning Cat]
0x4783dc@mhfdat-jp.bin,祭のあとに【勝ち猫】,Post-Festivities [Winning Cat]
0x4783e0@mhfdat-jp.bin,祭のあとに【勝ち猫】,Post-Festivities [Winning Cat]
0x4783e4@mhfdat-jp.bin,祭のあとに【勝ち猫】,Post-Festivities [Winning Cat]
0x4783e8@mhfdat-jp.bin,祭のあとに【勝ち猫】,Post-Festivities [Winning Cat]
0x4783ec@mhfdat-jp.bin,祭のあとに【勝ち猫】,Post-Festivities [Winning Cat]
0x4783f0@mhfdat-jp.bin,祭のあとに【勝ち猫】,Post-Festivities [Winning Cat]
0x4783f4@mhfdat-jp.bin,オニキスヘルム,Post-Festivities [Winning Cat]
0x4783f8@mhfdat-jp.bin,オニキスＦヘルム,Onyx Helm
0x4783fc@mhfdat-jp.bin,オニキスFXヘルム,Onyx F Helm
0x478400@mhfdat-jp.bin,ルチルヘルム,Onyx FX Helm
0x478404@mhfdat-jp.bin,ルチルＦヘルム,Rutile Helm
0x478408@mhfdat-jp.bin,ルチルFXヘルム,Rutile F Helm
0x47840c@mhfdat-jp.bin,白虎・斬将Ｇヘルム,Rutile FX Helm
0x478410@mhfdat-jp.bin,白虎・斬将GFヘルム,Byakko・斬将G Helm
0x478414@mhfdat-jp.bin,白虎・斬将GXヘルム,Byakko・斬将GF Helm
0x478418@mhfdat-jp.bin,朱雀・斬将Ｇヘルム,Byakko・斬将GX Helm
0x47841c@mhfdat-jp.bin,朱雀・斬将GFヘルム,Suzaku・斬将G Helm
0x478420@mhfdat-jp.bin,朱雀・斬将GXヘルム,Suzaku・斬将GF Helm
0x478424@mhfdat-jp.bin,玄武・斬将Ｇヘルム,Suzaku・斬将GX Helm
0x478428@mhfdat-jp.bin,玄武・斬将GFヘルム,Genbu・斬将G Helm
0x47842c@mhfdat-jp.bin,玄武・斬将GXヘルム,Genbu・斬将GF Helm
0x478430@mhfdat-jp.bin,青龍・斬将Ｇヘルム,Genbu・斬将GX Helm
0x478434@mhfdat-jp.bin,青龍・斬将GFヘルム,Seiryu・斬将G Helm
0x478438@mhfdat-jp.bin,青龍・斬将GXヘルム,Seiryu・斬将GF Helm
0x47843c@mhfdat-jp.bin,白蘭・斬将ヘルム,Seiryu・斬将GX Helm
0x478440@mhfdat-jp.bin,白蘭・斬将Ｆヘルム,White 蘭・斬将 Helm
0x478444@mhfdat-jp.bin,白蘭・斬将FXヘルム,White 蘭・斬将F Helm
0x478448@mhfdat-jp.bin,紅霞・斬将ヘルム,White 蘭・斬将FX Helm
0x47844c@mhfdat-jp.bin,紅霞・斬将Ｆヘルム,Crimson 霞・斬将 Helm
0x478450@mhfdat-jp.bin,紅霞・斬将FXヘルム,Crimson 霞・斬将F Helm
0x478454@mhfdat-jp.bin,白蘭・斬将Ｇヘルム,Crimson 霞・斬将FX Helm
0x478458@mhfdat-jp.bin,白蘭・斬将GFヘルム,White 蘭・斬将G Helm
0x47845c@mhfdat-jp.bin,白蘭・斬将GXヘルム,White 蘭・斬将GF Helm
0x478460@mhfdat-jp.bin,月夜・斬将Ｇヘルム,White 蘭・斬将GX Helm
0x478464@mhfdat-jp.bin,月夜・斬将GFヘルム,月夜・斬将G Helm
0x478468@mhfdat-jp.bin,月夜・斬将GXヘルム,月夜・斬将GF Helm
0x47846c@mhfdat-jp.bin,紅霞・斬将Ｇヘルム,月夜・斬将GX Helm
0x478470@mhfdat-jp.bin,紅霞・斬将GFヘルム,Crimson 霞・斬将G Helm
0x478474@mhfdat-jp.bin,紅霞・斬将GXヘルム,Crimson 霞・斬将GF Helm
0x478478@mhfdat-jp.bin,蒼穹・斬将Ｇヘルム,Crimson 霞・斬将GX Helm
0x47847c@mhfdat-jp.bin,蒼穹・斬将GFヘルム,Green 穹・斬将G Helm
0x478480@mhfdat-jp.bin,蒼穹・斬将GXヘルム,Green 穹・斬将GF Helm
0x478484@mhfdat-jp.bin,グァンヘッド,Green 穹・斬将GX Helm
0x478488@mhfdat-jp.bin,グァンＦヘッド,Guan Head
0x47848c@mhfdat-jp.bin,グァンFXヘッド,Guan F Head
0x478490@mhfdat-jp.bin,グァンＧヘッド,Guan FX Head
0x478494@mhfdat-jp.bin,グァンGFヘッド,Guan G Head
0x478498@mhfdat-jp.bin,グァンGXヘッド,Guan GF Head
0x47849c@mhfdat-jp.bin,グァンキャップ,Guan GX Head
0x4784a0@mhfdat-jp.bin,グァンＦキャップ,Guan Cap
0x4784a4@mhfdat-jp.bin,グァンFXキャップ,Guan F Cap
0x4784a8@mhfdat-jp.bin,グァンＧキャップ,Guan FX Cap
0x4784ac@mhfdat-jp.bin,グァンGFキャップ,Guan G Cap
0x4784b0@mhfdat-jp.bin,グァンGXキャップ,Guan GF Cap
0x4784b4@mhfdat-jp.bin,帝征Ｇ【兜】,Guan GX Cap
0x4784b8@mhfdat-jp.bin,帝征GF【兜】,Conqueror G Kabuto
0x4784bc@mhfdat-jp.bin,帝征GX【兜】,Conqueror GF Kabuto
0x4784c0@mhfdat-jp.bin,帝王Ｇ【兜】,Conqueror GX Kabuto
0x4784c4@mhfdat-jp.bin,帝王GF【兜】,Emperor G Kabuto
0x4784c8@mhfdat-jp.bin,帝王GX【兜】,Emperor GF Kabuto
0x4784cc@mhfdat-jp.bin,クシャナＧアンク,Emperor GX Kabuto
0x4784d0@mhfdat-jp.bin,クシャナGFアンク,Kushala G Glare
0x4784d4@mhfdat-jp.bin,クシャナGXアンク,Kushala GF Glare
0x4784d8@mhfdat-jp.bin,クシャナＧスーラ,Kushala GX Glare
0x4784dc@mhfdat-jp.bin,クシャナGFスーラ,Kushala G Snarl
0x4784e0@mhfdat-jp.bin,クシャナGXスーラ,Kushala GF Snarl
0x4784e4@mhfdat-jp.bin,カイザーＧクラウン,Kushala GX Snarl
0x4784e8@mhfdat-jp.bin,カイザーGFクラウン,Kaiser G Crown
0x4784ec@mhfdat-jp.bin,カイザーGXクラウン,Kaiser GF Crown
0x4784f0@mhfdat-jp.bin,カイザーＧマスク,Kaiser GX Crown
0x4784f4@mhfdat-jp.bin,カイザーGFマスク,Kaiser G Mask
0x4784f8@mhfdat-jp.bin,カイザーGXマスク,Kaiser GF Mask
0x4784fc@mhfdat-jp.bin,ミヅハＧ【帽子】,Kaiser GX Mask
0x478500@mhfdat-jp.bin,ミヅハGF【帽子】,Mizuha G [Cap 子】
0x478504@mhfdat-jp.bin,ミヅハGX【帽子】,Mizuha GF [Cap 子】
0x478508@mhfdat-jp.bin,トヨタマＧ【帽子】,Mizuha GX [Cap 子】
0x47850c@mhfdat-jp.bin,トヨタマGF【帽子】,Toyotama G [Cap 子】
0x478510@mhfdat-jp.bin,トヨタマGX【帽子】,Toyotama GF [Cap 子】
0x478514@mhfdat-jp.bin,ナルガヘルム,Toyotama GX [Cap 子】
0x478518@mhfdat-jp.bin,ナルガＧヘルム,Nargacuga Helm
0x47851c@mhfdat-jp.bin,ナルガGFヘルム,Nargacuga G Helm
0x478520@mhfdat-jp.bin,ナルガGXヘルム,Nargacuga GF Helm
0x478524@mhfdat-jp.bin,ナルガキャップ,Nargacuga GX Helm
0x478528@mhfdat-jp.bin,ナルガＧキャップ,Nargacuga Cap
0x47852c@mhfdat-jp.bin,ナルガGFキャップ,Nargacuga G Cap
0x478530@mhfdat-jp.bin,ナルガGXキャップ,Nargacuga GF Cap
0x478534@mhfdat-jp.bin,ペリフヘルム・青,Nargacuga GX Cap
0x478538@mhfdat-jp.bin,ペリフＦヘルム・青,Perifu Helm・Blue
0x47853c@mhfdat-jp.bin,ペリフFZヘルム・青,Perifu F Helm・Blue
0x478540@mhfdat-jp.bin,ペリフHSヘルム・青,Perifu FZ Helm・Blue
0x478544@mhfdat-jp.bin,ペリフGSヘルム・青,Perifu HS Helm・Blue
0x478548@mhfdat-jp.bin,ペリフGPヘルム・青,Perifu GS Helm・Blue
0x47854c@mhfdat-jp.bin,ペリフキャップ・青,Perifu GP Helm・Blue
0x478550@mhfdat-jp.bin,ペリフＦキャップ・青,Perifu Cap・Blue
0x478554@mhfdat-jp.bin,ペリフFZキャップ・青,Perifu F Cap・Blue
0x478558@mhfdat-jp.bin,ペリフHSキャップ・青,Perifu FZ Cap・Blue
0x47855c@mhfdat-jp.bin,ペリフGSキャップ・青,Perifu HS Cap・Blue
0x478560@mhfdat-jp.bin,ペリフGPキャップ・青,Perifu GS Cap・Blue
0x478564@mhfdat-jp.bin,ペリフヘルム・茶,Perifu GP Cap・Blue
0x478568@mhfdat-jp.bin,ペリフＦヘルム・茶,Perifu Helm・Tea
0x47856c@mhfdat-jp.bin,ペリフFZヘルム・茶,Perifu F Helm・Tea
0x478570@mhfdat-jp.bin,ペリフHSヘルム・茶,Perifu FZ Helm・Tea
0x478574@mhfdat-jp.bin,ペリフGSヘルム・茶,Perifu HS Helm・Tea
0x478578@mhfdat-jp.bin,ペリフGPヘルム・茶,Perifu GS Helm・Tea
0x47857c@mhfdat-jp.bin,ペリフキャップ・茶,Perifu GP Helm・Tea
0x478580@mhfdat-jp.bin,ペリフＦキャップ・茶,Perifu Cap・Tea
0x478584@mhfdat-jp.bin,ペリフFZキャップ・茶,Perifu F Cap・Tea
0x478588@mhfdat-jp.bin,ペリフHSキャップ・茶,Perifu FZ Cap・Tea
0x47858c@mhfdat-jp.bin,ペリフGSキャップ・茶,Perifu HS Cap・Tea
0x478590@mhfdat-jp.bin,ペリフGPキャップ・茶,Perifu GS Cap・Tea
0x478594@mhfdat-jp.bin,ペリフヘルム・緑,Perifu GP Cap・Tea
0x478598@mhfdat-jp.bin,ペリフＦヘルム・緑,Perifu Helm・Green
0x47859c@mhfdat-jp.bin,ペリフFZヘルム・緑,Perifu F Helm・Green
0x4785a0@mhfdat-jp.bin,ペリフHSヘルム・緑,Perifu FZ Helm・Green
0x4785a4@mhfdat-jp.bin,ペリフGSヘルム・緑,Perifu HS Helm・Green
0x4785a8@mhfdat-jp.bin,ペリフGPヘルム・緑,Perifu GS Helm・Green
0x4785ac@mhfdat-jp.bin,ペリフキャップ・緑,Perifu GP Helm・Green
0x4785b0@mhfdat-jp.bin,ペリフＦキャップ・緑,Perifu Cap・Green
0x4785b4@mhfdat-jp.bin,ペリフFZキャップ・緑,Perifu F Cap・Green
0x4785b8@mhfdat-jp.bin,ペリフHSキャップ・緑,Perifu FZ Cap・Green
0x4785bc@mhfdat-jp.bin,ペリフGSキャップ・緑,Perifu HS Cap・Green
0x4785c0@mhfdat-jp.bin,ペリフGPキャップ・緑,Perifu GS Cap・Green
0x4785c4@mhfdat-jp.bin,ペリフヘルム・紫,Perifu GP Cap・Green
0x4785c8@mhfdat-jp.bin,ペリフＦヘルム・紫,Perifu Helm・Purple
0x4785cc@mhfdat-jp.bin,ペリフFZヘルム・紫,Perifu F Helm・Purple
0x4785d0@mhfdat-jp.bin,ペリフHSヘルム・紫,Perifu FZ Helm・Purple
0x4785d4@mhfdat-jp.bin,ペリフGSヘルム・紫,Perifu HS Helm・Purple
0x4785d8@mhfdat-jp.bin,ペリフGPヘルム・紫,Perifu GS Helm・Purple
0x4785dc@mhfdat-jp.bin,ペリフキャップ・紫,Perifu GP Helm・Purple
0x4785e0@mhfdat-jp.bin,ペリフＦキャップ・紫,Perifu Cap・Purple
0x4785e4@mhfdat-jp.bin,ペリフFZキャップ・紫,Perifu F Cap・Purple
0x4785e8@mhfdat-jp.bin,ペリフHSキャップ・紫,Perifu FZ Cap・Purple
0x4785ec@mhfdat-jp.bin,ペリフGSキャップ・紫,Perifu HS Cap・Purple
0x4785f0@mhfdat-jp.bin,ペリフGPキャップ・紫,Perifu GS Cap・Purple
0x4785f4@mhfdat-jp.bin,カイジマスク,Perifu GP Cap・Purple
0x4785f8@mhfdat-jp.bin,カイジＦマスク,Kaiji Mask
0x4785fc@mhfdat-jp.bin,カイジFZマスク,Kaiji F Mask
0x478600@mhfdat-jp.bin,カイジHSマスク,Kaiji FZ Mask
0x478604@mhfdat-jp.bin,カイジGSマスク,Kaiji HS Mask
0x478608@mhfdat-jp.bin,カイジGPマスク,Kaiji GS Mask
0x47860c@mhfdat-jp.bin,カイジキャップ,Kaiji GP Mask
0x478610@mhfdat-jp.bin,カイジＦキャップ,Kaiji Cap
0x478614@mhfdat-jp.bin,カイジFZキャップ,Kaiji F Cap
0x478618@mhfdat-jp.bin,カイジHSキャップ,Kaiji FZ Cap
0x47861c@mhfdat-jp.bin,カイジGSキャップ,Kaiji HS Cap
0x478620@mhfdat-jp.bin,カイジGPキャップ,Kaiji GS Cap
0x478624@mhfdat-jp.bin,美心マスク,Kaiji GP Cap
0x478628@mhfdat-jp.bin,美心Ｆマスク,Mikoko Mask
0x47862c@mhfdat-jp.bin,美心FZマスク,Mikoko F Mask
0x478630@mhfdat-jp.bin,美心HSマスク,Mikoko FZ Mask
0x478634@mhfdat-jp.bin,美心GSマスク,Mikoko HS Mask
0x478638@mhfdat-jp.bin,美心GPマスク,Mikoko GS Mask
0x47863c@mhfdat-jp.bin,美心キャップ,Mikoko GP Mask
0x478640@mhfdat-jp.bin,美心Ｆキャップ,Mikoko Cap
0x478644@mhfdat-jp.bin,美心FZキャップ,Mikoko F Cap
0x478648@mhfdat-jp.bin,美心HSキャップ,Mikoko FZ Cap
0x47864c@mhfdat-jp.bin,美心GSキャップ,Mikoko HS Cap
0x478650@mhfdat-jp.bin,美心GPキャップ,Mikoko GS Cap
0x478654@mhfdat-jp.bin,テリュオヘッド,Mikoko GP Cap
0x478658@mhfdat-jp.bin,テリュオＦヘッド,テリュオ Head
0x47865c@mhfdat-jp.bin,テリュオFZヘッド,テリュオF Head
0x478660@mhfdat-jp.bin,テリュオHSヘッド,テリュオFZ Head
0x478664@mhfdat-jp.bin,テリュオGSヘッド,テリュオHS Head
0x478668@mhfdat-jp.bin,テリュオGPヘッド,テリュオGS Head
0x47866c@mhfdat-jp.bin,テリュオハット,テリュオGP Head
0x478670@mhfdat-jp.bin,テリュオＦハット,テリュオ Hat
0x478674@mhfdat-jp.bin,テリュオFZハット,テリュオF Hat
0x478678@mhfdat-jp.bin,テリュオHSハット,テリュオFZ Hat
0x47867c@mhfdat-jp.bin,テリュオGSハット,テリュオHS Hat
0x478680@mhfdat-jp.bin,テリュオGPハット,テリュオGS Hat
0x478684@mhfdat-jp.bin,セイラーフード,テリュオGP Hat
0x478688@mhfdat-jp.bin,セイラーＧフード,Sailor Hood
0x47868c@mhfdat-jp.bin,セイラーGFフード,Sailor G Hood
0x478690@mhfdat-jp.bin,セイラーGXフード,Sailor GF Hood
0x478694@mhfdat-jp.bin,セイラーキャップ,Sailor GX Hood
0x478698@mhfdat-jp.bin,セイラーＧキャップ,Sailor Cap
0x47869c@mhfdat-jp.bin,セイラーGFキャップ,Sailor G Cap
0x4786a0@mhfdat-jp.bin,セイラーGXキャップ,Sailor GF Cap
0x4786a4@mhfdat-jp.bin,スフレヘッド,Sailor GX Cap
0x4786a8@mhfdat-jp.bin,スフレＦヘッド,スフレ Head
0x4786ac@mhfdat-jp.bin,スフレFZヘッド,スフレF Head
0x4786b0@mhfdat-jp.bin,スフレHSヘッド,スフレFZ Head
0x4786b4@mhfdat-jp.bin,スフレGSヘッド,スフレHS Head
0x4786b8@mhfdat-jp.bin,スフレGPヘッド,スフレGS Head
0x4786bc@mhfdat-jp.bin,スフレマスク,スフレGP Head
0x4786c0@mhfdat-jp.bin,スフレＦマスク,スフレ Mask
0x4786c4@mhfdat-jp.bin,スフレFZマスク,スフレF Mask
0x4786c8@mhfdat-jp.bin,スフレHSマスク,スフレFZ Mask
0x4786cc@mhfdat-jp.bin,スフレGSマスク,スフレHS Mask
0x4786d0@mhfdat-jp.bin,スフレGPマスク,スフレGS Mask
0x4786d4@mhfdat-jp.bin,アメニケピアスFZ,スフレGP Mask
0x4786d8@mhfdat-jp.bin,アメニケピアスHS,アメニケ Piercings FZ
0x4786dc@mhfdat-jp.bin,アメニケピアスGS,アメニケ Piercings HS
0x4786e0@mhfdat-jp.bin,アメニケピアスGP,アメニケ Piercings GS
0x4786e4@mhfdat-jp.bin,クローニーGPピアス,アメニケ Piercings GP
0x4786e8@mhfdat-jp.bin,鬼伝ノ角Ｇ,クローニーGP Piercings
0x4786ec@mhfdat-jp.bin,鬼伝ノ角GF,Demon Tale ノ角G
0x4786f0@mhfdat-jp.bin,鬼伝ノ角GX,Demon Tale ノ角GF
0x4786f4@mhfdat-jp.bin,童伝ノ角Ｇ,Demon Tale ノ角GX
0x4786f8@mhfdat-jp.bin,童伝ノ角GF,童伝ノ角G
0x4786fc@mhfdat-jp.bin,童伝ノ角GX,童伝ノ角GF
0x478700@mhfdat-jp.bin,ヴァリエヘッド,童伝ノ角GX
0x478704@mhfdat-jp.bin,ヴァリエＦヘッド,Valier Head
0x478708@mhfdat-jp.bin,ヴァリエFYヘッド,Valier F Head
0x47870c@mhfdat-jp.bin,ヴァリエHSヘッド,Valier FY Head
0x478710@mhfdat-jp.bin,ヴァリエＧヘッド,Valier HS Head
0x478714@mhfdat-jp.bin,ヴァリエGFヘッド,Valier G Head
0x478718@mhfdat-jp.bin,ヴァリエGXヘッド,Valier GF Head
0x47871c@mhfdat-jp.bin,ヴァリエキャップ,Valier GX Head
0x478720@mhfdat-jp.bin,ヴァリエＦキャップ,Valier Cap
0x478724@mhfdat-jp.bin,ヴァリエFYキャップ,Valier F Cap
0x478728@mhfdat-jp.bin,ヴァリエHSキャップ,Valier FY Cap
0x47872c@mhfdat-jp.bin,ヴァリエＧキャップ,Valier HS Cap
0x478730@mhfdat-jp.bin,ヴァリエGFキャップ,Valier G Cap
0x478734@mhfdat-jp.bin,ヴァリエGXキャップ,Valier GF Cap
0x478738@mhfdat-jp.bin,ラースヘッド,Valier GX Cap
0x47873c@mhfdat-jp.bin,ラースＦヘッド,Lars Head
0x478740@mhfdat-jp.bin,ラースFYヘッド,Lars F Head
0x478744@mhfdat-jp.bin,ラースHSヘッド,Lars FY Head
0x478748@mhfdat-jp.bin,ラースＧヘッド,Lars HS Head
0x47874c@mhfdat-jp.bin,ラースGFヘッド,Lars G Head
0x478750@mhfdat-jp.bin,ラースGXヘッド,Lars GF Head
0x478754@mhfdat-jp.bin,ラースキャップ,Lars GX Head
0x478758@mhfdat-jp.bin,ラースＦキャップ,Lars Cap
0x47875c@mhfdat-jp.bin,ラースFYキャップ,Lars F Cap
0x478760@mhfdat-jp.bin,ラースHSキャップ,Lars FY Cap
0x478764@mhfdat-jp.bin,ラースＧキャップ,Lars HS Cap
0x478768@mhfdat-jp.bin,ラースGFキャップ,Lars G Cap
0x47876c@mhfdat-jp.bin,ラースGXキャップ,Lars GF Cap
0x478770@mhfdat-jp.bin,ウルキーフェイク,Lars GX Cap
0x478774@mhfdat-jp.bin,ウルキーフェイクＦ,Uruki Mask
0x478778@mhfdat-jp.bin,ウルキーフェイクＧ,Uruki Mask F
0x47877c@mhfdat-jp.bin,ウルキーフェイクGF,Uruki Mask G
0x478780@mhfdat-jp.bin,ウルキーフェイクGX,Uruki Mask GF
0x478784@mhfdat-jp.bin,シルックヘッド,Uruki Mask GX
0x478788@mhfdat-jp.bin,シルックＦヘッド,Shirukku Head
0x47878c@mhfdat-jp.bin,シルックFYヘッド,Shirukku F Head
0x478790@mhfdat-jp.bin,シルックHSヘッド,Shirukku FY Head
0x478794@mhfdat-jp.bin,シルックＧヘッド,Shirukku HS Head
0x478798@mhfdat-jp.bin,シルックGFヘッド,Shirukku G Head
0x47879c@mhfdat-jp.bin,シルックGXヘッド,Shirukku GF Head
0x4787a0@mhfdat-jp.bin,シルックフェイス,Shirukku GX Head
0x4787a4@mhfdat-jp.bin,シルックＦフェイス,Shirukku Face
0x4787a8@mhfdat-jp.bin,シルックFYフェイス,Shirukku F Face
0x4787ac@mhfdat-jp.bin,シルックHSフェイス,Shirukku FY Face
0x4787b0@mhfdat-jp.bin,シルックＧフェイス,Shirukku HS Face
0x4787b4@mhfdat-jp.bin,シルックGFフェイス,Shirukku G Face
0x4787b8@mhfdat-jp.bin,シルックGXフェイス,Shirukku GF Face
0x4787bc@mhfdat-jp.bin,ノルックヘッド,Shirukku GX Face
0x4787c0@mhfdat-jp.bin,ノルックＦヘッド,Norukku Head
0x4787c4@mhfdat-jp.bin,ノルックFYヘッド,Norukku F Head
0x4787c8@mhfdat-jp.bin,ノルックHSヘッド,Norukku FY Head
0x4787cc@mhfdat-jp.bin,ノルックＧヘッド,Norukku HS Head
0x4787d0@mhfdat-jp.bin,ノルックGFヘッド,Norukku G Head
0x4787d4@mhfdat-jp.bin,ノルックGXヘッド,Norukku GF Head
0x4787d8@mhfdat-jp.bin,ノルックフェイス,Norukku GX Head
0x4787dc@mhfdat-jp.bin,ノルックＦフェイス,Norukku Face
0x4787e0@mhfdat-jp.bin,ノルックFYフェイス,Norukku F Face
0x4787e4@mhfdat-jp.bin,ノルックHSフェイス,Norukku FY Face
0x4787e8@mhfdat-jp.bin,ノルックＧフェイス,Norukku HS Face
0x4787ec@mhfdat-jp.bin,ノルックGFフェイス,Norukku G Face
0x4787f0@mhfdat-jp.bin,ノルックGXフェイス,Norukku GF Face
0x4787f4@mhfdat-jp.bin,レイレスＧヘルム,Norukku GX Face
0x4787f8@mhfdat-jp.bin,レイレスGFヘルム,Reiresu G Helm
0x4787fc@mhfdat-jp.bin,レイレスGXヘルム,Reiresu GF Helm
0x478800@mhfdat-jp.bin,レイレスＧキャップ,Reiresu GX Helm
0x478804@mhfdat-jp.bin,レイレスGFキャップ,Reiresu G Cap
0x478808@mhfdat-jp.bin,レイレスGXキャップ,Reiresu GF Cap
0x47880c@mhfdat-jp.bin,アンジュＧヘルム,Reiresu GX Cap
0x478810@mhfdat-jp.bin,アンジュGFヘルム,Saint G Helm
0x478814@mhfdat-jp.bin,アンジュGXヘルム,Saint GF Helm
0x478818@mhfdat-jp.bin,アンジュＧキャップ,Saint GX Helm
0x47881c@mhfdat-jp.bin,アンジュGFキャップ,Saint G Cap
0x478820@mhfdat-jp.bin,アンジュGXキャップ,Saint GF Cap
0x478824@mhfdat-jp.bin,歌姫ＤＩＶＡピアス,Saint GX Cap
0x478828@mhfdat-jp.bin,歌姫ＤＩＶＡピアスＦ,Utahime DIVA Piercings
0x47882c@mhfdat-jp.bin,歌姫ＤＩＶＡピアスFZ,Utahime DIVA Piercings F
0x478830@mhfdat-jp.bin,歌姫ＤＩＶＡピアスHS,Utahime DIVA Piercings FZ
0x478834@mhfdat-jp.bin,歌姫ＤＩＶＡピアスGS,Utahime DIVA Piercings HS
0x478838@mhfdat-jp.bin,歌姫ＤＩＶＡピアスGP,Utahime DIVA Piercings GS
0x47883c@mhfdat-jp.bin,ソルフレアヘッド,Utahime DIVA Piercings GP
0x478840@mhfdat-jp.bin,ソルフレアＦヘッド,Solflare Head
0x478844@mhfdat-jp.bin,ソルフレアFZヘッド,Solflare F Head
0x478848@mhfdat-jp.bin,ソルフレアHSヘッド,Solflare FZ Head
0x47884c@mhfdat-jp.bin,ソルフレアGSヘッド,Solflare HS Head
0x478850@mhfdat-jp.bin,ソルフレアGPヘッド,Solflare GS Head
0x478854@mhfdat-jp.bin,ソルフレアキャップ,Solflare GP Head
0x478858@mhfdat-jp.bin,ソルフレアＦキャップ,Solflare Cap
0x47885c@mhfdat-jp.bin,ソルフレアFZキャップ,Solflare F Cap
0x478860@mhfdat-jp.bin,ソルフレアHSキャップ,Solflare FZ Cap
0x478864@mhfdat-jp.bin,ソルフレアGSキャップ,Solflare HS Cap
0x478868@mhfdat-jp.bin,ソルフレアGPキャップ,Solflare GS Cap
0x47886c@mhfdat-jp.bin,グァンバレッタ,Solflare GP Cap
0x478870@mhfdat-jp.bin,グァンバレッタＦ,Guan Beretta
0x478874@mhfdat-jp.bin,グァンバレッタＧ,Guan Beretta F
0x478878@mhfdat-jp.bin,グァンバレッタGF,Guan Beretta G
0x47887c@mhfdat-jp.bin,グァンバレッタGX,Guan Beretta GF
0x478880@mhfdat-jp.bin,トリドコサージュ,Guan Beretta GX
0x478884@mhfdat-jp.bin,トリドＦコサージュ,Toridcless Corsage
0x478888@mhfdat-jp.bin,トリドＧコサージュ,Toridcless F Corsage
0x47888c@mhfdat-jp.bin,トリドGFコサージュ,Toridcless G Corsage
0x478890@mhfdat-jp.bin,トリドGXコサージュ,Toridcless GF Corsage
0x478894@mhfdat-jp.bin,アーベンヘッド,Toridcless GX Corsage
0x478898@mhfdat-jp.bin,アーベンＦヘッド,Arben Head
0x47889c@mhfdat-jp.bin,アーベンFZヘッド,Arben F Head
0x4788a0@mhfdat-jp.bin,アーベンHSヘッド,Arben FZ Head
0x4788a4@mhfdat-jp.bin,アーベンGSヘッド,Arben HS Head
0x4788a8@mhfdat-jp.bin,アーベンGPヘッド,Arben GS Head
0x4788ac@mhfdat-jp.bin,アーベンキャップ,Arben GP Head
0x4788b0@mhfdat-jp.bin,アーベンＦキャップ,Arben Cap
0x4788b4@mhfdat-jp.bin,アーベンFZキャップ,Arben F Cap
0x4788b8@mhfdat-jp.bin,アーベンHSキャップ,Arben FZ Cap
0x4788bc@mhfdat-jp.bin,アーベンGSキャップ,Arben HS Cap
0x4788c0@mhfdat-jp.bin,アーベンGPキャップ,Arben GS Cap
0x4788c4@mhfdat-jp.bin,ケラヴノヘッド,Arben GP Cap
0x4788c8@mhfdat-jp.bin,ケラヴノＦヘッド,Keravuno Head
0x4788cc@mhfdat-jp.bin,ケラヴノFZヘッド,Keravuno F Head
0x4788d0@mhfdat-jp.bin,ケラヴノHSヘッド,Keravuno FZ Head
0x4788d4@mhfdat-jp.bin,ケラヴノGSヘッド,Keravuno HS Head
0x4788d8@mhfdat-jp.bin,ケラヴノGPヘッド,Keravuno GS Head
0x4788dc@mhfdat-jp.bin,ケラヴノキャップ,Keravuno GP Head
0x4788e0@mhfdat-jp.bin,ケラヴノＦキャップ,Keravuno Cap
0x4788e4@mhfdat-jp.bin,ケラヴノFZキャップ,Keravuno F Cap
0x4788e8@mhfdat-jp.bin,ケラヴノHSキャップ,Keravuno FZ Cap
0x4788ec@mhfdat-jp.bin,ケラヴノGSキャップ,Keravuno HS Cap
0x4788f0@mhfdat-jp.bin,ケラヴノGPキャップ,Keravuno GS Cap
0x4788f4@mhfdat-jp.bin,和花ノ帽,Keravuno GP Cap
0x4788f8@mhfdat-jp.bin,和花ノ帽Ｆ,Waka Cap
0x4788fc@mhfdat-jp.bin,和花ノ帽FZ,Waka Cap F
0x478900@mhfdat-jp.bin,和花ノ帽HS,Waka Cap FZ
0x478904@mhfdat-jp.bin,和花ノ帽GS,Waka Cap HS
0x478908@mhfdat-jp.bin,和花ノ帽GP,Waka Cap GS
0x47890c@mhfdat-jp.bin,和花ノ冠,Waka Cap GP
0x478910@mhfdat-jp.bin,和花ノ冠Ｆ,Waka Crown
0x478914@mhfdat-jp.bin,和花ノ冠FZ,Waka Crown F
0x478918@mhfdat-jp.bin,和花ノ冠HS,Waka Crown FZ
0x47891c@mhfdat-jp.bin,和花ノ冠GS,Waka Crown HS
0x478920@mhfdat-jp.bin,和花ノ冠GP,Waka Crown GS
0x478924@mhfdat-jp.bin,ルコＧヘッド,Waka Crown GP
0x478928@mhfdat-jp.bin,ルコGFヘッド,Rukodiora G Head
0x47892c@mhfdat-jp.bin,ルコGXヘッド,Rukodiora GF Head
0x478930@mhfdat-jp.bin,ルコＧフェイス,Rukodiora GX Head
0x478934@mhfdat-jp.bin,ルコGFフェイス,Rukodiora G Face
0x478938@mhfdat-jp.bin,ルコGXフェイス,Rukodiora GF Face
0x47893c@mhfdat-jp.bin,キリンＧホーン,Rukodiora GX Face
0x478940@mhfdat-jp.bin,キリンGFホーン,Kirin G Horn
0x478944@mhfdat-jp.bin,キリンGXホーン,Kirin GF Horn
0x478948@mhfdat-jp.bin,キリンＧコルノ,Kirin GX Horn
0x47894c@mhfdat-jp.bin,キリンGFコルノ,Kirin G Corno
0x478950@mhfdat-jp.bin,キリンGXコルノ,Kirin GF Corno
0x478954@mhfdat-jp.bin,ヴォンヘルム,Kirin GX Corno
0x478958@mhfdat-jp.bin,ヴォンＦヘルム,Voljang Helm
0x47895c@mhfdat-jp.bin,ヴォンFXヘルム,Voljang F Helm
0x478960@mhfdat-jp.bin,ヴォンＧヘルム,Voljang FX Helm
0x478964@mhfdat-jp.bin,ヴォンGFヘルム,Voljang G Helm
0x478968@mhfdat-jp.bin,ヴォンGXヘルム,Voljang GF Helm
0x47896c@mhfdat-jp.bin,ヴォンキャップ,Voljang GX Helm
0x478970@mhfdat-jp.bin,ヴォンＦキャップ,Voljang Cap
0x478974@mhfdat-jp.bin,ヴォンFXキャップ,Voljang F Cap
0x478978@mhfdat-jp.bin,ヴォンＧキャップ,Voljang FX Cap
0x47897c@mhfdat-jp.bin,ヴォンGFキャップ,Voljang G Cap
0x478980@mhfdat-jp.bin,ヴォンGXキャップ,Voljang GF Cap
0x478984@mhfdat-jp.bin,フレイムGXクラウン,Voljang GX Cap
0x478988@mhfdat-jp.bin,フレイムGXマスク,Flame GX Crown
0x47898c@mhfdat-jp.bin,フロルGXヘッド,Flame GX Mask
0x478990@mhfdat-jp.bin,フロルGXハット,Furoru GX Head
0x478994@mhfdat-jp.bin,ヴァルGXヘルム,Furoru GX Hat
0x478998@mhfdat-jp.bin,ヴァルGXキャップ,Varusa GX Helm
0x47899c@mhfdat-jp.bin,獄狼ヘルム,Varusa GX Cap
0x4789a0@mhfdat-jp.bin,獄狼Ｇヘルム,Stygian Helm
0x4789a4@mhfdat-jp.bin,獄狼GFヘルム,Stygian G Helm
0x4789a8@mhfdat-jp.bin,獄狼GXヘルム,Stygian GF Helm
0x4789ac@mhfdat-jp.bin,獄狼キャップ,Stygian GX Helm
0x4789b0@mhfdat-jp.bin,獄狼Ｇキャップ,Stygian Cap
0x4789b4@mhfdat-jp.bin,獄狼GFキャップ,Stygian G Cap
0x4789b8@mhfdat-jp.bin,獄狼GXキャップ,Stygian GF Cap
0x4789bc@mhfdat-jp.bin,メラルーヘッド,Stygian GX Cap
0x4789c0@mhfdat-jp.bin,メラルーＦヘッド,Melynx Head
0x4789c4@mhfdat-jp.bin,メラルーFZヘッド,Melynx F Head
0x4789c8@mhfdat-jp.bin,メラルーHSヘッド,Melynx FZ Head
0x4789cc@mhfdat-jp.bin,メラルーGSヘッド,Melynx HS Head
0x4789d0@mhfdat-jp.bin,メラルーGPヘッド,Melynx GS Head
0x4789d4@mhfdat-jp.bin,メラルーキャップ,Melynx GP Head
0x4789d8@mhfdat-jp.bin,メラルーＦキャップ,Melynx Cap
0x4789dc@mhfdat-jp.bin,メラルーFZキャップ,Melynx F Cap
0x4789e0@mhfdat-jp.bin,メラルーHSキャップ,Melynx FZ Cap
0x4789e4@mhfdat-jp.bin,メラルーGSキャップ,Melynx HS Cap
0x4789e8@mhfdat-jp.bin,メラルーGPキャップ,Melynx GS Cap
0x4789ec@mhfdat-jp.bin,アイルーヘッド,Melynx GP Cap
0x4789f0@mhfdat-jp.bin,アイルーＦヘッド,Felyne Head
0x4789f4@mhfdat-jp.bin,アイルーFZヘッド,Felyne F Head
0x4789f8@mhfdat-jp.bin,アイルーHSヘッド,Felyne FZ Head
0x4789fc@mhfdat-jp.bin,アイルーGSヘッド,Felyne HS Head
0x478a00@mhfdat-jp.bin,アイルーGPヘッド,Felyne GS Head
0x478a04@mhfdat-jp.bin,アイルーキャップ,Felyne GP Head
0x478a08@mhfdat-jp.bin,アイルーＦキャップ,Felyne Cap
0x478a0c@mhfdat-jp.bin,アイルーFZキャップ,Felyne F Cap
0x478a10@mhfdat-jp.bin,アイルーHSキャップ,Felyne FZ Cap
0x478a14@mhfdat-jp.bin,アイルーGSキャップ,Felyne HS Cap
0x478a18@mhfdat-jp.bin,アイルーGPキャップ,Felyne GS Cap
0x478a1c@mhfdat-jp.bin,アメショヘッド,Felyne GP Cap
0x478a20@mhfdat-jp.bin,アメショＦヘッド,Tabby Head
0x478a24@mhfdat-jp.bin,アメショFZヘッド,Tabby F Head
0x478a28@mhfdat-jp.bin,アメショHSヘッド,Tabby FZ Head
0x478a2c@mhfdat-jp.bin,アメショGSヘッド,Tabby HS Head
0x478a30@mhfdat-jp.bin,アメショGPヘッド,Tabby GS Head
0x478a34@mhfdat-jp.bin,アメショキャップ,Tabby GP Head
0x478a38@mhfdat-jp.bin,アメショＦキャップ,Tabby Cap
0x478a3c@mhfdat-jp.bin,アメショFZキャップ,Tabby F Cap
0x478a40@mhfdat-jp.bin,アメショHSキャップ,Tabby FZ Cap
0x478a44@mhfdat-jp.bin,アメショGSキャップ,Tabby HS Cap
0x478a48@mhfdat-jp.bin,アメショGPキャップ,Tabby GS Cap
0x478a4c@mhfdat-jp.bin,チャトラヘッド,Tabby GP Cap
0x478a50@mhfdat-jp.bin,チャトラＦヘッド,Brown Head
0x478a54@mhfdat-jp.bin,チャトラFZヘッド,Brown F Head
0x478a58@mhfdat-jp.bin,チャトラHSヘッド,Brown FZ Head
0x478a5c@mhfdat-jp.bin,チャトラGSヘッド,Brown HS Head
0x478a60@mhfdat-jp.bin,チャトラGPヘッド,Brown GS Head
0x478a64@mhfdat-jp.bin,チャトラキャップ,Brown GP Head
0x478a68@mhfdat-jp.bin,チャトラＦキャップ,Brown Cap
0x478a6c@mhfdat-jp.bin,チャトラFZキャップ,Brown F Cap
0x478a70@mhfdat-jp.bin,チャトラHSキャップ,Brown FZ Cap
0x478a74@mhfdat-jp.bin,チャトラGSキャップ,Brown HS Cap
0x478a78@mhfdat-jp.bin,チャトラGPキャップ,Brown GS Cap
0x478a7c@mhfdat-jp.bin,ミケヘッド,Brown GP Cap
0x478a80@mhfdat-jp.bin,ミケＦヘッド,Calico Head
0x478a84@mhfdat-jp.bin,ミケFZヘッド,Calico F Head
0x478a88@mhfdat-jp.bin,ミケHSヘッド,Calico FZ Head
0x478a8c@mhfdat-jp.bin,ミケGSヘッド,Calico HS Head
0x478a90@mhfdat-jp.bin,ミケGPヘッド,Calico GS Head
0x478a94@mhfdat-jp.bin,ミケキャップ,Calico GP Head
0x478a98@mhfdat-jp.bin,ミケＦキャップ,Calico Cap
0x478a9c@mhfdat-jp.bin,ミケFZキャップ,Calico F Cap
0x478aa0@mhfdat-jp.bin,ミケHSキャップ,Calico FZ Cap
0x478aa4@mhfdat-jp.bin,ミケGSキャップ,Calico HS Cap
0x478aa8@mhfdat-jp.bin,ミケGPキャップ,Calico GS Cap
0x478aac@mhfdat-jp.bin,シロヘッド,Calico GP Cap
0x478ab0@mhfdat-jp.bin,シロＦヘッド,Monotone Head
0x478ab4@mhfdat-jp.bin,シロFZヘッド,Monotone F Head
0x478ab8@mhfdat-jp.bin,シロHSヘッド,Monotone FZ Head
0x478abc@mhfdat-jp.bin,シロGSヘッド,Monotone HS Head
0x478ac0@mhfdat-jp.bin,シロGPヘッド,Monotone GS Head
0x478ac4@mhfdat-jp.bin,シロキャップ,Monotone GP Head
0x478ac8@mhfdat-jp.bin,シロＦキャップ,Monotone Cap
0x478acc@mhfdat-jp.bin,シロFZキャップ,Monotone F Cap
0x478ad0@mhfdat-jp.bin,シロHSキャップ,Monotone FZ Cap
0x478ad4@mhfdat-jp.bin,シロGSキャップ,Monotone HS Cap
0x478ad8@mhfdat-jp.bin,シロGPキャップ,Monotone GS Cap
0x478adc@mhfdat-jp.bin,チャシロヘッド,Monotone GP Cap
0x478ae0@mhfdat-jp.bin,チャシロＦヘッド,Chashiro Head
0x478ae4@mhfdat-jp.bin,チャシロFZヘッド,Chashiro F Head
0x478ae8@mhfdat-jp.bin,チャシロHSヘッド,Chashiro FZ Head
0x478aec@mhfdat-jp.bin,チャシロGSヘッド,Chashiro HS Head
0x478af0@mhfdat-jp.bin,チャシロGPヘッド,Chashiro GS Head
0x478af4@mhfdat-jp.bin,チャシロキャップ,Chashiro GP Head
0x478af8@mhfdat-jp.bin,チャシロＦキャップ,Chashiro Cap
0x478afc@mhfdat-jp.bin,チャシロFZキャップ,Chashiro F Cap
0x478b00@mhfdat-jp.bin,チャシロHSキャップ,Chashiro FZ Cap
0x478b04@mhfdat-jp.bin,チャシロGSキャップ,Chashiro HS Cap
0x478b08@mhfdat-jp.bin,チャシロGPキャップ,Chashiro GS Cap
0x478b0c@mhfdat-jp.bin,クロシロヘッド,Chashiro GP Cap
0x478b10@mhfdat-jp.bin,クロシロＦヘッド,Two-tone Head
0x478b14@mhfdat-jp.bin,クロシロFZヘッド,Two-tone F Head
0x478b18@mhfdat-jp.bin,クロシロHSヘッド,Two-tone FZ Head
0x478b1c@mhfdat-jp.bin,クロシロGSヘッド,Two-tone HS Head
0x478b20@mhfdat-jp.bin,クロシロGPヘッド,Two-tone GS Head
0x478b24@mhfdat-jp.bin,クロシロキャップ,Two-tone GP Head
0x478b28@mhfdat-jp.bin,クロシロＦキャップ,Two-tone Cap
0x478b2c@mhfdat-jp.bin,クロシロFZキャップ,Two-tone F Cap
0x478b30@mhfdat-jp.bin,クロシロHSキャップ,Two-tone FZ Cap
0x478b34@mhfdat-jp.bin,クロシロGSキャップ,Two-tone HS Cap
0x478b38@mhfdat-jp.bin,クロシロGPキャップ,Two-tone GS Cap
0x478b3c@mhfdat-jp.bin,雅ヘッド,Two-tone GP Cap
0x478b40@mhfdat-jp.bin,雅Ｆヘッド,Elegant Head
0x478b44@mhfdat-jp.bin,雅FZヘッド,Elegant F Head
0x478b48@mhfdat-jp.bin,雅HSヘッド,Elegant FZ Head
0x478b4c@mhfdat-jp.bin,雅GSヘッド,Elegant HS Head
0x478b50@mhfdat-jp.bin,雅GPヘッド,Elegant GS Head
0x478b54@mhfdat-jp.bin,雅キャップ,Elegant GP Head
0x478b58@mhfdat-jp.bin,雅Ｆキャップ,Elegant Cap
0x478b5c@mhfdat-jp.bin,雅FZキャップ,Elegant F Cap
0x478b60@mhfdat-jp.bin,雅HSキャップ,Elegant FZ Cap
0x478b64@mhfdat-jp.bin,雅GSキャップ,Elegant HS Cap
0x478b68@mhfdat-jp.bin,雅GPキャップ,Elegant GS Cap
0x478b6c@mhfdat-jp.bin,アウラヘッド,Elegant GP Cap
0x478b70@mhfdat-jp.bin,アウラＦヘッド,Aura Head
0x478b74@mhfdat-jp.bin,アウラFZヘッド,Aura F Head
0x478b78@mhfdat-jp.bin,アウラHSヘッド,Aura FZ Head
0x478b7c@mhfdat-jp.bin,アウラGSヘッド,Aura HS Head
0x478b80@mhfdat-jp.bin,アウラGPヘッド,Aura GS Head
0x478b84@mhfdat-jp.bin,アウラキャップ,Aura GP Head
0x478b88@mhfdat-jp.bin,アウラＦキャップ,Aura Cap
0x478b8c@mhfdat-jp.bin,アウラFZキャップ,Aura F Cap
0x478b90@mhfdat-jp.bin,アウラHSキャップ,Aura FZ Cap
0x478b94@mhfdat-jp.bin,アウラGSキャップ,Aura HS Cap
0x478b98@mhfdat-jp.bin,アウラGPキャップ,Aura GS Cap
0x478b9c@mhfdat-jp.bin,和奏ノ帽,Aura GP Cap
0x478ba0@mhfdat-jp.bin,和奏ノ帽Ｆ,Wasou Cap
0x478ba4@mhfdat-jp.bin,和奏ノ帽FZ,Wasou Cap F
0x478ba8@mhfdat-jp.bin,和奏ノ帽HS,Wasou Cap FZ
0x478bac@mhfdat-jp.bin,和奏ノ帽GS,Wasou Cap HS
0x478bb0@mhfdat-jp.bin,和奏ノ帽GP,Wasou Cap GS
0x478bb4@mhfdat-jp.bin,和奏ノ冠,Wasou Cap GP
0x478bb8@mhfdat-jp.bin,和奏ノ冠Ｆ,Wasou Crown
0x478bbc@mhfdat-jp.bin,和奏ノ冠FZ,Wasou Crown F
0x478bc0@mhfdat-jp.bin,和奏ノ冠HS,Wasou Crown FZ
0x478bc4@mhfdat-jp.bin,和奏ノ冠GS,Wasou Crown HS
0x478bc8@mhfdat-jp.bin,和奏ノ冠GP,Wasou Crown GS
0x478bcc@mhfdat-jp.bin,蒼皇氷ヘッド,Wasou Crown GP
0x478bd0@mhfdat-jp.bin,蒼皇氷Ｆヘッド,Blue Ice Emperor Head
0x478bd4@mhfdat-jp.bin,蒼皇氷FZヘッド,Blue Ice Emperor F Head
0x478bd8@mhfdat-jp.bin,蒼皇氷HSヘッド,Blue Ice Emperor FZ Head
0x478bdc@mhfdat-jp.bin,蒼皇氷GSヘッド,Blue Ice Emperor HS Head
0x478be0@mhfdat-jp.bin,蒼皇氷GPヘッド,Blue Ice Emperor GS Head
0x478be4@mhfdat-jp.bin,蒼皇氷キャップ,Blue Ice Emperor GP Head
0x478be8@mhfdat-jp.bin,蒼皇氷Ｆキャップ,Blue Ice Emperor Cap
0x478bec@mhfdat-jp.bin,蒼皇氷FZキャップ,Blue Ice Emperor F Cap
0x478bf0@mhfdat-jp.bin,蒼皇氷HSキャップ,Blue Ice Emperor FZ Cap
0x478bf4@mhfdat-jp.bin,蒼皇氷GSキャップ,Blue Ice Emperor HS Cap
0x478bf8@mhfdat-jp.bin,蒼皇氷GPキャップ,Blue Ice Emperor GS Cap
0x478bfc@mhfdat-jp.bin,白皇氷ヘッド,Blue Ice Emperor GP Cap
0x478c00@mhfdat-jp.bin,白皇氷Ｆヘッド,White Ice Emperor Head
0x478c04@mhfdat-jp.bin,白皇氷FZヘッド,White Ice Emperor F Head
0x478c08@mhfdat-jp.bin,白皇氷HSヘッド,White Ice Emperor FZ Head
0x478c0c@mhfdat-jp.bin,白皇氷GSヘッド,White Ice Emperor HS Head
0x478c10@mhfdat-jp.bin,白皇氷GPヘッド,White Ice Emperor GS Head
0x478c14@mhfdat-jp.bin,白皇氷キャップ,White Ice Emperor GP Head
0x478c18@mhfdat-jp.bin,白皇氷Ｆキャップ,White Ice Emperor Cap
0x478c1c@mhfdat-jp.bin,白皇氷FZキャップ,White Ice Emperor F Cap
0x478c20@mhfdat-jp.bin,白皇氷HSキャップ,White Ice Emperor FZ Cap
0x478c24@mhfdat-jp.bin,白皇氷GSキャップ,White Ice Emperor HS Cap
0x478c28@mhfdat-jp.bin,白皇氷GPキャップ,White Ice Emperor GS Cap
0x478c2c@mhfdat-jp.bin,紅皇氷ヘッド,White Ice Emperor GP Cap
0x478c30@mhfdat-jp.bin,紅皇氷Ｆヘッド,Red Ice Emperor Head
0x478c34@mhfdat-jp.bin,紅皇氷FZヘッド,Red Ice Emperor F Head
0x478c38@mhfdat-jp.bin,紅皇氷HSヘッド,Red Ice Emperor FZ Head
0x478c3c@mhfdat-jp.bin,紅皇氷GSヘッド,Red Ice Emperor HS Head
0x478c40@mhfdat-jp.bin,紅皇氷GPヘッド,Red Ice Emperor GS Head
0x478c44@mhfdat-jp.bin,紅皇氷キャップ,Red Ice Emperor GP Head
0x478c48@mhfdat-jp.bin,紅皇氷Ｆキャップ,Red Ice Emperor Cap
0x478c4c@mhfdat-jp.bin,紅皇氷FZキャップ,Red Ice Emperor F Cap
0x478c50@mhfdat-jp.bin,紅皇氷HSキャップ,Red Ice Emperor FZ Cap
0x478c54@mhfdat-jp.bin,紅皇氷GSキャップ,Red Ice Emperor HS Cap
0x478c58@mhfdat-jp.bin,紅皇氷GPキャップ,Red Ice Emperor GS Cap
0x478c5c@mhfdat-jp.bin,タルタヘッド,Red Ice Emperor GP Cap
0x478c60@mhfdat-jp.bin,タルタＦヘッド,Taruta Head
0x478c64@mhfdat-jp.bin,タルタFZヘッド,Taruta F Head
0x478c68@mhfdat-jp.bin,タルタHSヘッド,Taruta FZ Head
0x478c6c@mhfdat-jp.bin,タルタGSヘッド,Taruta HS Head
0x478c70@mhfdat-jp.bin,タルタGPヘッド,Taruta GS Head
0x478c74@mhfdat-jp.bin,タルタキャップ,Taruta GP Head
0x478c78@mhfdat-jp.bin,タルタＦキャップ,Taruta Cap
0x478c7c@mhfdat-jp.bin,タルタFZキャップ,Taruta F Cap
0x478c80@mhfdat-jp.bin,タルタHSキャップ,Taruta FZ Cap
0x478c84@mhfdat-jp.bin,タルタGSキャップ,Taruta HS Cap
0x478c88@mhfdat-jp.bin,タルタGPキャップ,Taruta GS Cap
0x478c8c@mhfdat-jp.bin,ルルタヘッド,Taruta GP Cap
0x478c90@mhfdat-jp.bin,ルルタＦヘッド,Ruruta Head
0x478c94@mhfdat-jp.bin,ルルタFZヘッド,Ruruta F Head
0x478c98@mhfdat-jp.bin,ルルタHSヘッド,Ruruta FZ Head
0x478c9c@mhfdat-jp.bin,ルルタGSヘッド,Ruruta HS Head
0x478ca0@mhfdat-jp.bin,ルルタGPヘッド,Ruruta GS Head
0x478ca4@mhfdat-jp.bin,ルルタキャップ,Ruruta GP Head
0x478ca8@mhfdat-jp.bin,ルルタＦキャップ,Ruruta Cap
0x478cac@mhfdat-jp.bin,ルルタFZキャップ,Ruruta F Cap
0x478cb0@mhfdat-jp.bin,ルルタHSキャップ,Ruruta FZ Cap
0x478cb4@mhfdat-jp.bin,ルルタGSキャップ,Ruruta HS Cap
0x478cb8@mhfdat-jp.bin,ルルタGPキャップ,Ruruta GS Cap
0x478cbc@mhfdat-jp.bin,クロフィヘッド,Ruruta GP Cap
0x478cc0@mhfdat-jp.bin,クロフィＦヘッド,Kurofi Head
0x478cc4@mhfdat-jp.bin,クロフィFZヘッド,Kurofi F Head
0x478cc8@mhfdat-jp.bin,クロフィHSヘッド,Kurofi FZ Head
0x478ccc@mhfdat-jp.bin,クロフィGSヘッド,Kurofi HS Head
0x478cd0@mhfdat-jp.bin,クロフィGPヘッド,Kurofi GS Head
0x478cd4@mhfdat-jp.bin,クロフィキャップ,Kurofi GP Head
0x478cd8@mhfdat-jp.bin,クロフィＦキャップ,Kurofi Cap
0x478cdc@mhfdat-jp.bin,クロフィFZキャップ,Kurofi F Cap
0x478ce0@mhfdat-jp.bin,クロフィHSキャップ,Kurofi FZ Cap
0x478ce4@mhfdat-jp.bin,クロフィGSキャップ,Kurofi HS Cap
0x478ce8@mhfdat-jp.bin,クロフィGPキャップ,Kurofi GS Cap
0x478cec@mhfdat-jp.bin,グーダンヘッド,Kurofi GP Cap
0x478cf0@mhfdat-jp.bin,グーダンＦヘッド,Gudan Head
0x478cf4@mhfdat-jp.bin,グーダンFZヘッド,Gudan F Head
0x478cf8@mhfdat-jp.bin,グーダンHSヘッド,Gudan FZ Head
0x478cfc@mhfdat-jp.bin,グーダンGSヘッド,Gudan HS Head
0x478d00@mhfdat-jp.bin,グーダンGPヘッド,Gudan GS Head
0x478d04@mhfdat-jp.bin,チアリムヘッド,Gudan GP Head
0x478d08@mhfdat-jp.bin,チアリムＦヘッド,Chiarim Head
0x478d0c@mhfdat-jp.bin,チアリムFZヘッド,Chiarim F Head
0x478d10@mhfdat-jp.bin,チアリムHSヘッド,Chiarim FZ Head
0x478d14@mhfdat-jp.bin,チアリムGSヘッド,Chiarim HS Head
0x478d18@mhfdat-jp.bin,チアリムGPヘッド,Chiarim GS Head
0x478d1c@mhfdat-jp.bin,チアリムキャップ,Chiarim GP Head
0x478d20@mhfdat-jp.bin,チアリムＦキャップ,Chiarim Cap
0x478d24@mhfdat-jp.bin,チアリムFZキャップ,Chiarim F Cap
0x478d28@mhfdat-jp.bin,チアリムHSキャップ,Chiarim FZ Cap
0x478d2c@mhfdat-jp.bin,チアリムGSキャップ,Chiarim HS Cap
0x478d30@mhfdat-jp.bin,チアリムGPキャップ,Chiarim GS Cap
0x478d34@mhfdat-jp.bin,ロホックヘッド,Chiarim GP Cap
0x478d38@mhfdat-jp.bin,ロホックＦヘッド,Rohokku Head
0x478d3c@mhfdat-jp.bin,ロホックFYヘッド,Rohokku F Head
0x478d40@mhfdat-jp.bin,ロホックHSヘッド,Rohokku FY Head
0x478d44@mhfdat-jp.bin,ロホックＧヘッド,Rohokku HS Head
0x478d48@mhfdat-jp.bin,ロホックGFヘッド,Rohokku G Head
0x478d4c@mhfdat-jp.bin,ロホックGXヘッド,Rohokku GF Head
0x478d50@mhfdat-jp.bin,ロホックキャップ,Rohokku GX Head
0x478d54@mhfdat-jp.bin,ロホックＦキャップ,Rohokku Cap
0x478d58@mhfdat-jp.bin,ロホックFYキャップ,Rohokku F Cap
0x478d5c@mhfdat-jp.bin,ロホックHSキャップ,Rohokku FY Cap
0x478d60@mhfdat-jp.bin,ロホックＧキャップ,Rohokku HS Cap
0x478d64@mhfdat-jp.bin,ロホックGFキャップ,Rohokku G Cap
0x478d68@mhfdat-jp.bin,ロホックGXキャップ,Rohokku GF Cap
0x478d6c@mhfdat-jp.bin,キュールヘッド,Rohokku GX Cap
0x478d70@mhfdat-jp.bin,キュールＦヘッド,Cure Head
0x478d74@mhfdat-jp.bin,キュールFYヘッド,Cure F Head
0x478d78@mhfdat-jp.bin,キュールHSヘッド,Cure FY Head
0x478d7c@mhfdat-jp.bin,キュールＧヘッド,Cure HS Head
0x478d80@mhfdat-jp.bin,キュールGFヘッド,Cure G Head
0x478d84@mhfdat-jp.bin,キュールGXヘッド,Cure GF Head
0x478d88@mhfdat-jp.bin,キュールキャップ,Cure GX Head
0x478d8c@mhfdat-jp.bin,キュールＦキャップ,Cure Cap
0x478d90@mhfdat-jp.bin,キュールFYキャップ,Cure F Cap
0x478d94@mhfdat-jp.bin,キュールHSキャップ,Cure FY Cap
0x478d98@mhfdat-jp.bin,キュールＧキャップ,Cure HS Cap
0x478d9c@mhfdat-jp.bin,キュールGFキャップ,Cure G Cap
0x478da0@mhfdat-jp.bin,キュールGXキャップ,Cure GF Cap
0x478da4@mhfdat-jp.bin,鬼凛ノ角Ｇ,Cure GX Cap
0x478da8@mhfdat-jp.bin,鬼凛ノ角GF,鬼凛ノ角G
0x478dac@mhfdat-jp.bin,鬼凛ノ角GX,鬼凛ノ角GF
0x478db0@mhfdat-jp.bin,童凛ノ角Ｇ,鬼凛ノ角GX
0x478db4@mhfdat-jp.bin,童凛ノ角GF,童凛ノ角G
0x478db8@mhfdat-jp.bin,童凛ノ角GX,童凛ノ角GF
0x478dbc@mhfdat-jp.bin,エギエネヘッド,童凛ノ角GX
0x478dc0@mhfdat-jp.bin,エギエネＦヘッド,Eguiene Head
0x478dc4@mhfdat-jp.bin,エギエネFYヘッド,Eguiene F Head
0x478dc8@mhfdat-jp.bin,エギエネHSヘッド,Eguiene FY Head
0x478dcc@mhfdat-jp.bin,エギエネＧヘッド,Eguiene HS Head
0x478dd0@mhfdat-jp.bin,エギエネGFヘッド,Eguiene G Head
0x478dd4@mhfdat-jp.bin,エギエネGXヘッド,Eguiene GF Head
0x478dd8@mhfdat-jp.bin,エギエネキャップ,Eguiene GX Head
0x478ddc@mhfdat-jp.bin,エギエネＦキャップ,Eguiene Cap
0x478de0@mhfdat-jp.bin,エギエネFYキャップ,Eguiene F Cap
0x478de4@mhfdat-jp.bin,エギエネHSキャップ,Eguiene FY Cap
0x478de8@mhfdat-jp.bin,エギエネＧキャップ,Eguiene HS Cap
0x478dec@mhfdat-jp.bin,エギエネGFキャップ,Eguiene G Cap
0x478df0@mhfdat-jp.bin,エギエネGXキャップ,Eguiene GF Cap
0x478df4@mhfdat-jp.bin,ヴァクスヘッド,Eguiene GX Cap
0x478df8@mhfdat-jp.bin,ヴァクスＦヘッド,Vakusu Head
0x478dfc@mhfdat-jp.bin,ヴァクスFYヘッド,Vakusu F Head
0x478e00@mhfdat-jp.bin,ヴァクスHSヘッド,Vakusu FY Head
0x478e04@mhfdat-jp.bin,ヴァクスＧヘッド,Vakusu HS Head
0x478e08@mhfdat-jp.bin,ヴァクスGFヘッド,Vakusu G Head
0x478e0c@mhfdat-jp.bin,ヴァクスGXヘッド,Vakusu GF Head
0x478e10@mhfdat-jp.bin,ヴァクスキャップ,Vakusu GX Head
0x478e14@mhfdat-jp.bin,ヴァクスＦキャップ,Vakusu Cap
0x478e18@mhfdat-jp.bin,ヴァクスFYキャップ,Vakusu F Cap
0x478e1c@mhfdat-jp.bin,ヴァクスHSキャップ,Vakusu FY Cap
0x478e20@mhfdat-jp.bin,ヴァクスＧキャップ,Vakusu HS Cap
0x478e24@mhfdat-jp.bin,ヴァクスGFキャップ,Vakusu G Cap
0x478e28@mhfdat-jp.bin,ヴァクスGXキャップ,Vakusu GF Cap
0x478e2c@mhfdat-jp.bin,ワンスヘッド,Vakusu GX Cap
0x478e30@mhfdat-jp.bin,クロエヘッド,Once Head
0x478e34@mhfdat-jp.bin,エスピナＺゲヒル,Chloe Head
0x478e38@mhfdat-jp.bin,エスピナZFゲヒル,Espinas Z Brain
0x478e3c@mhfdat-jp.bin,エスピナZYゲヒル,Espinas ZF Brain
0x478e40@mhfdat-jp.bin,エスピナZXゲヒル,Espinas ZY Brain
0x478e44@mhfdat-jp.bin,エスピナＺアゼレ,Espinas ZX Brain
0x478e48@mhfdat-jp.bin,エスピナZFアゼレ,Espinas Z Soul
0x478e4c@mhfdat-jp.bin,エスピナZYアゼレ,Espinas ZF Soul
0x478e50@mhfdat-jp.bin,エスピナZXアゼレ,Espinas ZY Soul
0x478e54@mhfdat-jp.bin,ヒプノＺヘルム,Espinas ZX Soul
0x478e58@mhfdat-jp.bin,ヒプノZFヘルム,Hypnoc Z Helm
0x478e5c@mhfdat-jp.bin,ヒプノZYヘルム,Hypnoc ZF Helm
0x478e60@mhfdat-jp.bin,ヒプノZXヘルム,Hypnoc ZY Helm
0x478e64@mhfdat-jp.bin,ヒプノＺキャップ,Hypnoc ZX Helm
0x478e68@mhfdat-jp.bin,ヒプノZFキャップ,Hypnoc Z Cap
0x478e6c@mhfdat-jp.bin,ヒプノZYキャップ,Hypnoc ZF Cap
0x478e70@mhfdat-jp.bin,ヒプノZXキャップ,Hypnoc ZY Cap
0x478e74@mhfdat-jp.bin,フルフルＺヘルム,Hypnoc ZX Cap
0x478e78@mhfdat-jp.bin,フルフルZFヘルム,Khezu Z Helm
0x478e7c@mhfdat-jp.bin,フルフルZYヘルム,Khezu ZF Helm
0x478e80@mhfdat-jp.bin,フルフルZXヘルム,Khezu ZY Helm
0x478e84@mhfdat-jp.bin,フルフルＺキャップ,Khezu ZX Helm
0x478e88@mhfdat-jp.bin,フルフルZFキャップ,Khezu Z Cap
0x478e8c@mhfdat-jp.bin,フルフルZYキャップ,Khezu ZF Cap
0x478e90@mhfdat-jp.bin,フルフルZXキャップ,Khezu ZY Cap
0x478e94@mhfdat-jp.bin,ザザミＺヘルム,Khezu ZX Cap
0x478e98@mhfdat-jp.bin,ザザミZFヘルム,Hermitaur Z Helm
0x478e9c@mhfdat-jp.bin,ザザミZYヘルム,Hermitaur ZF Helm
0x478ea0@mhfdat-jp.bin,ザザミZXヘルム,Hermitaur ZY Helm
0x478ea4@mhfdat-jp.bin,ザザミＺキャップ,Hermitaur ZX Helm
0x478ea8@mhfdat-jp.bin,ザザミZFキャップ,Hermitaur Z Cap
0x478eac@mhfdat-jp.bin,ザザミZYキャップ,Hermitaur ZF Cap
0x478eb0@mhfdat-jp.bin,ザザミZXキャップ,Hermitaur ZY Cap
0x478eb4@mhfdat-jp.bin,ディオスヘッド,Hermitaur ZX Cap
0x478eb8@mhfdat-jp.bin,ディオスＦヘッド,Dios Head
0x478ebc@mhfdat-jp.bin,ディオスFZヘッド,Dios F Head
0x478ec0@mhfdat-jp.bin,ディオスHSヘッド,Dios FZ Head
0x478ec4@mhfdat-jp.bin,ディオスGSヘッド,Dios HS Head
0x478ec8@mhfdat-jp.bin,ディオスGPヘッド,Dios GS Head
0x478ecc@mhfdat-jp.bin,ディオスZPヘッド,Dios GP Head
0x478ed0@mhfdat-jp.bin,ディオスキャップ,Dios ZP Head
0x478ed4@mhfdat-jp.bin,ディオスＦキャップ,Dios Cap
0x478ed8@mhfdat-jp.bin,ディオスFZキャップ,Dios F Cap
0x478edc@mhfdat-jp.bin,ディオスHSキャップ,Dios FZ Cap
0x478ee0@mhfdat-jp.bin,ディオスGSキャップ,Dios HS Cap
0x478ee4@mhfdat-jp.bin,ディオスGPキャップ,Dios GS Cap
0x478ee8@mhfdat-jp.bin,ディオスZPキャップ,Dios GP Cap
0x478eec@mhfdat-jp.bin,エヴォルヘッド・白,Dios ZP Cap
0x478ef0@mhfdat-jp.bin,エヴォルＦヘッド・白,Evol Head・White
0x478ef4@mhfdat-jp.bin,エヴォルFZヘッド・白,Evol F Head・White
0x478ef8@mhfdat-jp.bin,エヴォルHSヘッド・白,Evol FZ Head・White
0x478efc@mhfdat-jp.bin,エヴォルGSヘッド・白,Evol HS Head・White
0x478f00@mhfdat-jp.bin,エヴォルGPヘッド・白,Evol GS Head・White
0x478f04@mhfdat-jp.bin,エヴォルZPヘッド・白,Evol GP Head・White
0x478f08@mhfdat-jp.bin,エヴォルマスク・白,Evol ZP Head・White
0x478f0c@mhfdat-jp.bin,エヴォルＦマスク・白,Evol Mask・White
0x478f10@mhfdat-jp.bin,エヴォルFZマスク・白,Evol F Mask・White
0x478f14@mhfdat-jp.bin,エヴォルHSマスク・白,Evol FZ Mask・White
0x478f18@mhfdat-jp.bin,エヴォルGSマスク・白,Evol HS Mask・White
0x478f1c@mhfdat-jp.bin,エヴォルGPマスク・白,Evol GS Mask・White
0x478f20@mhfdat-jp.bin,エヴォルZPマスク・白,Evol GP Mask・White
0x478f24@mhfdat-jp.bin,エヴォルヘッド・赤,Evol ZP Mask・White
0x478f28@mhfdat-jp.bin,エヴォルＦヘッド・赤,Evol Head・Red
0x478f2c@mhfdat-jp.bin,エヴォルFZヘッド・赤,Evol F Head・Red
0x478f30@mhfdat-jp.bin,エヴォルHSヘッド・赤,Evol FZ Head・Red
0x478f34@mhfdat-jp.bin,エヴォルGSヘッド・赤,Evol HS Head・Red
0x478f38@mhfdat-jp.bin,エヴォルGPヘッド・赤,Evol GS Head・Red
0x478f3c@mhfdat-jp.bin,エヴォルZPヘッド・赤,Evol GP Head・Red
0x478f40@mhfdat-jp.bin,エヴォルマスク・赤,Evol ZP Head・Red
0x478f44@mhfdat-jp.bin,エヴォルＦマスク・赤,Evol Mask・Red
0x478f48@mhfdat-jp.bin,エヴォルFZマスク・赤,Evol F Mask・Red
0x478f4c@mhfdat-jp.bin,エヴォルHSマスク・赤,Evol FZ Mask・Red
0x478f50@mhfdat-jp.bin,エヴォルGSマスク・赤,Evol HS Mask・Red
0x478f54@mhfdat-jp.bin,エヴォルGPマスク・赤,Evol GS Mask・Red
0x478f58@mhfdat-jp.bin,エヴォルZPマスク・赤,Evol GP Mask・Red
0x478f5c@mhfdat-jp.bin,エヴォルヘッド・青,Evol ZP Mask・Red
0x478f60@mhfdat-jp.bin,エヴォルＦヘッド・青,Evol Head・Blue
0x478f64@mhfdat-jp.bin,エヴォルFZヘッド・青,Evol F Head・Blue
0x478f68@mhfdat-jp.bin,エヴォルHSヘッド・青,Evol FZ Head・Blue
0x478f6c@mhfdat-jp.bin,エヴォルGSヘッド・青,Evol HS Head・Blue
0x478f70@mhfdat-jp.bin,エヴォルGPヘッド・青,Evol GS Head・Blue
0x478f74@mhfdat-jp.bin,エヴォルZPヘッド・青,Evol GP Head・Blue
0x478f78@mhfdat-jp.bin,エヴォルマスク・青,Evol ZP Head・Blue
0x478f7c@mhfdat-jp.bin,エヴォルＦマスク・青,Evol Mask・Blue
0x478f80@mhfdat-jp.bin,エヴォルFZマスク・青,Evol F Mask・Blue
0x478f84@mhfdat-jp.bin,エヴォルHSマスク・青,Evol FZ Mask・Blue
0x478f88@mhfdat-jp.bin,エヴォルGSマスク・青,Evol HS Mask・Blue
0x478f8c@mhfdat-jp.bin,エヴォルGPマスク・青,Evol GS Mask・Blue
0x478f90@mhfdat-jp.bin,エヴォルZPマスク・青,Evol GP Mask・Blue
0x478f94@mhfdat-jp.bin,エヴォルヘッド・紫,Evol ZP Mask・Blue
0x478f98@mhfdat-jp.bin,エヴォルＦヘッド・紫,Evol Head・Purple
0x478f9c@mhfdat-jp.bin,エヴォルFZヘッド・紫,Evol F Head・Purple
0x478fa0@mhfdat-jp.bin,エヴォルHSヘッド・紫,Evol FZ Head・Purple
0x478fa4@mhfdat-jp.bin,エヴォルGSヘッド・紫,Evol HS Head・Purple
0x478fa8@mhfdat-jp.bin,エヴォルGPヘッド・紫,Evol GS Head・Purple
0x478fac@mhfdat-jp.bin,エヴォルZPヘッド・紫,Evol GP Head・Purple
0x478fb0@mhfdat-jp.bin,エヴォルマスク・紫,Evol ZP Head・Purple
0x478fb4@mhfdat-jp.bin,エヴォルＦマスク・紫,Evol Mask・Purple
0x478fb8@mhfdat-jp.bin,エヴォルFZマスク・紫,Evol F Mask・Purple
0x478fbc@mhfdat-jp.bin,エヴォルHSマスク・紫,Evol FZ Mask・Purple
0x478fc0@mhfdat-jp.bin,エヴォルGSマスク・紫,Evol HS Mask・Purple
0x478fc4@mhfdat-jp.bin,エヴォルGPマスク・紫,Evol GS Mask・Purple
0x478fc8@mhfdat-jp.bin,エヴォルZPマスク・紫,Evol GP Mask・Purple
0x478fcc@mhfdat-jp.bin,サクフィヘッド,Evol ZP Mask・Purple
0x478fd0@mhfdat-jp.bin,サクフィＦヘッド,Sakufi Head
0x478fd4@mhfdat-jp.bin,サクフィFZヘッド,Sakufi F Head
0x478fd8@mhfdat-jp.bin,サクフィHSヘッド,Sakufi FZ Head
0x478fdc@mhfdat-jp.bin,サクフィGSヘッド,Sakufi HS Head
0x478fe0@mhfdat-jp.bin,サクフィGPヘッド,Sakufi GS Head
0x478fe4@mhfdat-jp.bin,サクフィZPヘッド,Sakufi GP Head
0x478fe8@mhfdat-jp.bin,サクフィキャップ,Sakufi ZP Head
0x478fec@mhfdat-jp.bin,サクフィＦキャップ,Sakufi Cap
0x478ff0@mhfdat-jp.bin,サクフィFZキャップ,Sakufi F Cap
0x478ff4@mhfdat-jp.bin,サクフィHSキャップ,Sakufi FZ Cap
0x478ff8@mhfdat-jp.bin,サクフィGSキャップ,Sakufi HS Cap
0x478ffc@mhfdat-jp.bin,サクフィGPキャップ,Sakufi GS Cap
0x479000@mhfdat-jp.bin,サクフィZPキャップ,Sakufi GP Cap
0x479004@mhfdat-jp.bin,アスモヘッド,Sakufi ZP Cap
0x479008@mhfdat-jp.bin,アスモＦヘッド,Asumo Head
0x47900c@mhfdat-jp.bin,アスモFZヘッド,Asumo F Head
0x479010@mhfdat-jp.bin,アスモHSヘッド,Asumo FZ Head
0x479014@mhfdat-jp.bin,アスモGSヘッド,Asumo HS Head
0x479018@mhfdat-jp.bin,アスモGPヘッド,Asumo GS Head
0x47901c@mhfdat-jp.bin,アスモZPヘッド,Asumo GP Head
0x479020@mhfdat-jp.bin,アスモキャップ,Asumo ZP Head
0x479024@mhfdat-jp.bin,アスモＦキャップ,Asumo Cap
0x479028@mhfdat-jp.bin,アスモFZキャップ,Asumo F Cap
0x47902c@mhfdat-jp.bin,アスモHSキャップ,Asumo FZ Cap
0x479030@mhfdat-jp.bin,アスモGSキャップ,Asumo HS Cap
0x479034@mhfdat-jp.bin,アスモGPキャップ,Asumo GS Cap
0x479038@mhfdat-jp.bin,アスモZPキャップ,Asumo GP Cap
0x47903c@mhfdat-jp.bin,キャロルＣバンド,Asumo ZP Cap
0x479040@mhfdat-jp.bin,ザイラＣヘルム,Carrol C Band
0x479044@mhfdat-jp.bin,ルースＣヘッド,Zyra C Helm
0x479048@mhfdat-jp.bin,アステリZPピアス・白,Loose C Head
0x47904c@mhfdat-jp.bin,アステリZPハール・白,Asteli ZP Piercings・White
0x479050@mhfdat-jp.bin,アステリZPピアス・青,Asteli ZP Haar・White
0x479054@mhfdat-jp.bin,アステリZPハール・青,Asteli ZP Piercings・Blue
0x479058@mhfdat-jp.bin,アステリZPピアス・赤,Asteli ZP Haar・Blue
0x47905c@mhfdat-jp.bin,アステリZPハール・赤,Asteli ZP Piercings・Red
0x479060@mhfdat-jp.bin,アステリZPピアス・黒,Asteli ZP Haar・Red
0x479064@mhfdat-jp.bin,アステリZPハール・黒,Asteli ZP Piercings・Black
0x479068@mhfdat-jp.bin,リアンZPヘッド・青,Asteli ZP Haar・Black
0x47906c@mhfdat-jp.bin,リアンZPハット・青,Lien ZP Head・Blue
0x479070@mhfdat-jp.bin,リアンZPヘッド・赤,Lien ZP Hat・Blue
0x479074@mhfdat-jp.bin,リアンZPハット・赤,Lien ZP Head・Red
0x479078@mhfdat-jp.bin,リアンZPヘッド・黒,Lien ZP Hat・Red
0x47907c@mhfdat-jp.bin,リアンZPハット・黒,Lien ZP Head・Black
0x479080@mhfdat-jp.bin,リアンZPヘッド・白,Lien ZP Hat・Black
0x479084@mhfdat-jp.bin,リアンZPハット・白,Lien ZP Head・White
0x479088@mhfdat-jp.bin,キャロルZPバンド・黒,Lien ZP Hat・White
0x47908c@mhfdat-jp.bin,キャロルZPヘッド・黒,Carrol ZP Band・Black
0x479090@mhfdat-jp.bin,キャロルZPバンド・青,Carrol ZP Head・Black
0x479094@mhfdat-jp.bin,キャロルZPヘッド・青,Carrol ZP Band・Blue
0x479098@mhfdat-jp.bin,キャロルZPバンド・白,Carrol ZP Head・Blue
0x47909c@mhfdat-jp.bin,キャロルZPヘッド・白,Carrol ZP Band・White
0x4790a0@mhfdat-jp.bin,キャロルZPバンド・赤,Carrol ZP Head・White
0x4790a4@mhfdat-jp.bin,キャロルZPヘッド・赤,Carrol ZP Band・Red
0x4790a8@mhfdat-jp.bin,ゼナバレッタ,Carrol ZP Head・Red
0x4790ac@mhfdat-jp.bin,ゼナＦバレッタ,Zena Beretta
0x4790b0@mhfdat-jp.bin,ゼナＧバレッタ,Zena F Beretta
0x4790b4@mhfdat-jp.bin,ゼナGFバレッタ,Zena G Beretta
0x4790b8@mhfdat-jp.bin,ゼナGXバレッタ,Zena GF Beretta
0x4790bc@mhfdat-jp.bin,グァンコサージュ,Zena GX Beretta
0x4790c0@mhfdat-jp.bin,グァンＦコサージュ,Guan Corsage
0x4790c4@mhfdat-jp.bin,グァンＧコサージュ,Guan F Corsage
0x4790c8@mhfdat-jp.bin,グァンGFコサージュ,Guan G Corsage
0x4790cc@mhfdat-jp.bin,グァンGXコサージュ,Guan GF Corsage
0x4790d0@mhfdat-jp.bin,ブリゼヘルム,Guan GX Corsage
0x4790d4@mhfdat-jp.bin,ブリゼＦヘルム,Blize Helm
0x4790d8@mhfdat-jp.bin,ブリゼFYヘルム,Blize F Helm
0x4790dc@mhfdat-jp.bin,ブリゼHSヘルム,Blize FY Helm
0x4790e0@mhfdat-jp.bin,ブリゼＧヘルム,Blize HS Helm
0x4790e4@mhfdat-jp.bin,ブリゼGFヘルム,Blize G Helm
0x4790e8@mhfdat-jp.bin,ブリゼGXヘルム,Blize GF Helm
0x4790ec@mhfdat-jp.bin,ブリゼキャップ,Blize GX Helm
0x4790f0@mhfdat-jp.bin,ブリゼＦキャップ,Blize Cap
0x4790f4@mhfdat-jp.bin,ブリゼFYキャップ,Blize F Cap
0x4790f8@mhfdat-jp.bin,ブリゼHSキャップ,Blize FY Cap
0x4790fc@mhfdat-jp.bin,ブリゼＧキャップ,Blize HS Cap
0x479100@mhfdat-jp.bin,ブリゼGFキャップ,Blize G Cap
0x479104@mhfdat-jp.bin,ブリゼGXキャップ,Blize GF Cap
0x479108@mhfdat-jp.bin,ヒガクレＣヘルム,Blize GX Cap
0x47910c@mhfdat-jp.bin,ハロキュＤヘッド,Higakure C Helm
0x479110@mhfdat-jp.bin,エヴォルＤヘッド・白,Harokyu D Head
0x479114@mhfdat-jp.bin,エヴォルＤヘッド・赤,Evol D Head・White
0x479118@mhfdat-jp.bin,エヴォルＤヘッド・青,Evol D Head・Red
0x47911c@mhfdat-jp.bin,エヴォルＤヘッド・紫,Evol D Head・Blue
0x479120@mhfdat-jp.bin,狩衛部隊ヘッド・男,Evol D Head・Purple
0x479124@mhfdat-jp.bin,狩衛部隊ヘッド・女,狩衛部隊 Head・男
0x479128@mhfdat-jp.bin,蒼皇氷ZPヘッド,狩衛部隊 Head・女
0x47912c@mhfdat-jp.bin,蒼皇氷ZPキャップ,Blue Ice Emperor ZP Head
0x479130@mhfdat-jp.bin,白皇氷ZPヘッド,Blue Ice Emperor ZP Cap
0x479134@mhfdat-jp.bin,白皇氷ZPキャップ,White Ice Emperor ZP Head
0x479138@mhfdat-jp.bin,紅皇氷ZPヘッド,White Ice Emperor ZP Cap
0x47913c@mhfdat-jp.bin,紅皇氷ZPキャップ,Red Ice Emperor ZP Head
0x479140@mhfdat-jp.bin,ワンダレヘッド・青,Red Ice Emperor ZP Cap
0x479144@mhfdat-jp.bin,ワンダレＦヘッド・青,Wander Head・Blue
0x479148@mhfdat-jp.bin,ワンダレFZヘッド・青,Wander F Head・Blue
0x47914c@mhfdat-jp.bin,ワンダレHSヘッド・青,Wander FZ Head・Blue
0x479150@mhfdat-jp.bin,ワンダレGSヘッド・青,Wander HS Head・Blue
0x479154@mhfdat-jp.bin,ワンダレGPヘッド・青,Wander GS Head・Blue
0x479158@mhfdat-jp.bin,ワンダレZPヘッド・青,Wander GP Head・Blue
0x47915c@mhfdat-jp.bin,ワンダレハール・青,Wander ZP Head・Blue
0x479160@mhfdat-jp.bin,ワンダレＦハール・青,Wander Haar・Blue
0x479164@mhfdat-jp.bin,ワンダレFZハール・青,Wander F Haar・Blue
0x479168@mhfdat-jp.bin,ワンダレHSハール・青,Wander FZ Haar・Blue
0x47916c@mhfdat-jp.bin,ワンダレGSハール・青,Wander HS Haar・Blue
0x479170@mhfdat-jp.bin,ワンダレGPハール・青,Wander GS Haar・Blue
0x479174@mhfdat-jp.bin,ワンダレZPハール・青,Wander GP Haar・Blue
0x479178@mhfdat-jp.bin,ワンダレヘッド・赤,Wander ZP Haar・Blue
0x47917c@mhfdat-jp.bin,ワンダレＦヘッド・赤,Wander Head・Red
0x479180@mhfdat-jp.bin,ワンダレFZヘッド・赤,Wander F Head・Red
0x479184@mhfdat-jp.bin,ワンダレHSヘッド・赤,Wander FZ Head・Red
0x479188@mhfdat-jp.bin,ワンダレGSヘッド・赤,Wander HS Head・Red
0x47918c@mhfdat-jp.bin,ワンダレGPヘッド・赤,Wander GS Head・Red
0x479190@mhfdat-jp.bin,ワンダレZPヘッド・赤,Wander GP Head・Red
0x479194@mhfdat-jp.bin,ワンダレハール・赤,Wander ZP Head・Red
0x479198@mhfdat-jp.bin,ワンダレＦハール・赤,Wander Haar・Red
0x47919c@mhfdat-jp.bin,ワンダレFZハール・赤,Wander F Haar・Red
0x4791a0@mhfdat-jp.bin,ワンダレHSハール・赤,Wander FZ Haar・Red
0x4791a4@mhfdat-jp.bin,ワンダレGSハール・赤,Wander HS Haar・Red
0x4791a8@mhfdat-jp.bin,ワンダレGPハール・赤,Wander GS Haar・Red
0x4791ac@mhfdat-jp.bin,ワンダレZPハール・赤,Wander GP Haar・Red
0x4791b0@mhfdat-jp.bin,ワンダレヘッド・白,Wander ZP Haar・Red
0x4791b4@mhfdat-jp.bin,ワンダレＦヘッド・白,Wander Head・White
0x4791b8@mhfdat-jp.bin,ワンダレFZヘッド・白,Wander F Head・White
0x4791bc@mhfdat-jp.bin,ワンダレHSヘッド・白,Wander FZ Head・White
0x4791c0@mhfdat-jp.bin,ワンダレGSヘッド・白,Wander HS Head・White
0x4791c4@mhfdat-jp.bin,ワンダレGPヘッド・白,Wander GS Head・White
0x4791c8@mhfdat-jp.bin,ワンダレZPヘッド・白,Wander GP Head・White
0x4791cc@mhfdat-jp.bin,ワンダレハール・白,Wander ZP Head・White
0x4791d0@mhfdat-jp.bin,ワンダレＦハール・白,Wander Haar・White
0x4791d4@mhfdat-jp.bin,ワンダレFZハール・白,Wander F Haar・White
0x4791d8@mhfdat-jp.bin,ワンダレHSハール・白,Wander FZ Haar・White
0x4791dc@mhfdat-jp.bin,ワンダレGSハール・白,Wander HS Haar・White
0x4791e0@mhfdat-jp.bin,ワンダレGPハール・白,Wander GS Haar・White
0x4791e4@mhfdat-jp.bin,ワンダレZPハール・白,Wander GP Haar・White
0x4791e8@mhfdat-jp.bin,ワンダレヘッド・黒,Wander ZP Haar・White
0x4791ec@mhfdat-jp.bin,ワンダレＦヘッド・黒,Wander Head・Black
0x4791f0@mhfdat-jp.bin,ワンダレFZヘッド・黒,Wander F Head・Black
0x4791f4@mhfdat-jp.bin,ワンダレHSヘッド・黒,Wander FZ Head・Black
0x4791f8@mhfdat-jp.bin,ワンダレGSヘッド・黒,Wander HS Head・Black
0x4791fc@mhfdat-jp.bin,ワンダレGPヘッド・黒,Wander GS Head・Black
0x479200@mhfdat-jp.bin,ワンダレZPヘッド・黒,Wander GP Head・Black
0x479204@mhfdat-jp.bin,ワンダレハール・黒,Wander ZP Head・Black
0x479208@mhfdat-jp.bin,ワンダレＦハール・黒,Wander Haar・Black
0x47920c@mhfdat-jp.bin,ワンダレFZハール・黒,Wander F Haar・Black
0x479210@mhfdat-jp.bin,ワンダレHSハール・黒,Wander FZ Haar・Black
0x479214@mhfdat-jp.bin,ワンダレGSハール・黒,Wander HS Haar・Black
0x479218@mhfdat-jp.bin,ワンダレGPハール・黒,Wander GS Haar・Black
0x47921c@mhfdat-jp.bin,ワンダレZPハール・黒,Wander GP Haar・Black
0x479220@mhfdat-jp.bin,ゴアヘルム,Wander ZP Haar・Black
0x479224@mhfdat-jp.bin,ゴアＧヘルム,Gore Helm
0x479228@mhfdat-jp.bin,ゴアGFヘルム,Gore G Helm
0x47922c@mhfdat-jp.bin,ゴアGXヘルム,Gore GF Helm
0x479230@mhfdat-jp.bin,ゴアキャップ,Gore GX Helm
0x479234@mhfdat-jp.bin,ゴアＧキャップ,Gore Cap
0x479238@mhfdat-jp.bin,ゴアGFキャップ,Gore G Cap
0x47923c@mhfdat-jp.bin,ゴアGXキャップ,Gore GF Cap
0x479240@mhfdat-jp.bin,ゼナＧヘッド,Gore GX Cap
0x479244@mhfdat-jp.bin,ゼナGFヘッド,Zena G Head
0x479248@mhfdat-jp.bin,ゼナGXヘッド,Zena GF Head
0x47924c@mhfdat-jp.bin,ゼナＧキャップ,Zena GX Head
0x479250@mhfdat-jp.bin,ゼナGFキャップ,Zena G Cap
0x479254@mhfdat-jp.bin,ゼナGXキャップ,Zena GF Cap
0x479258@mhfdat-jp.bin,レウスＺヘルム,Zena GX Cap
0x47925c@mhfdat-jp.bin,レウスZFヘルム,Rathalos Z Helm
0x479260@mhfdat-jp.bin,レウスZYヘルム,Rathalos ZF Helm
0x479264@mhfdat-jp.bin,レウスZXヘルム,Rathalos ZY Helm
0x479268@mhfdat-jp.bin,レウスＺキャップ,Rathalos ZX Helm
0x47926c@mhfdat-jp.bin,レウスZFキャップ,Rathalos Z Cap
0x479270@mhfdat-jp.bin,レウスZYキャップ,Rathalos ZF Cap
0x479274@mhfdat-jp.bin,レウスZXキャップ,Rathalos ZY Cap
0x479278@mhfdat-jp.bin,ブランゴＺヘルム,Rathalos ZX Cap
0x47927c@mhfdat-jp.bin,ブランゴZFヘルム,Blango Z Helm
0x479280@mhfdat-jp.bin,ブランゴZYヘルム,Blango ZF Helm
0x479284@mhfdat-jp.bin,ブランゴZXヘルム,Blango ZY Helm
0x479288@mhfdat-jp.bin,ブランゴＺキャップ,Blango ZX Helm
0x47928c@mhfdat-jp.bin,ブランゴZFキャップ,Blango Z Cap
0x479290@mhfdat-jp.bin,ブランゴZYキャップ,Blango ZF Cap
0x479294@mhfdat-jp.bin,ブランゴZXキャップ,Blango ZY Cap
0x479298@mhfdat-jp.bin,ムルタヘッド,Blango ZX Cap
0x47929c@mhfdat-jp.bin,ムルタＦヘッド,Muruta Head
0x4792a0@mhfdat-jp.bin,ムルタFZヘッド,Muruta F Head
0x4792a4@mhfdat-jp.bin,ムルタHSヘッド,Muruta FZ Head
0x4792a8@mhfdat-jp.bin,ムルタGSヘッド,Muruta HS Head
0x4792ac@mhfdat-jp.bin,ムルタGPヘッド,Muruta GS Head
0x4792b0@mhfdat-jp.bin,ムルタZPヘッド,Muruta GP Head
0x4792b4@mhfdat-jp.bin,ムルタキャップ,Muruta ZP Head
0x4792b8@mhfdat-jp.bin,ムルタＦキャップ,Muruta Cap
0x4792bc@mhfdat-jp.bin,ムルタFZキャップ,Muruta F Cap
0x4792c0@mhfdat-jp.bin,ムルタHSキャップ,Muruta FZ Cap
0x4792c4@mhfdat-jp.bin,ムルタGSキャップ,Muruta HS Cap
0x4792c8@mhfdat-jp.bin,ムルタGPキャップ,Muruta GS Cap
0x4792cc@mhfdat-jp.bin,ムルタZPキャップ,Muruta GP Cap
0x4792d0@mhfdat-jp.bin,ハウラヘッド,Muruta ZP Cap
0x4792d4@mhfdat-jp.bin,ハウラＦヘッド,Howla Head
0x4792d8@mhfdat-jp.bin,ハウラFZヘッド,Howla F Head
0x4792dc@mhfdat-jp.bin,ハウラHSヘッド,Howla FZ Head
0x4792e0@mhfdat-jp.bin,ハウラGSヘッド,Howla HS Head
0x4792e4@mhfdat-jp.bin,ハウラGPヘッド,Howla GS Head
0x4792e8@mhfdat-jp.bin,ハウラZPヘッド,Howla GP Head
0x4792ec@mhfdat-jp.bin,ハウラキャップ,Howla ZP Head
0x4792f0@mhfdat-jp.bin,ハウラＦキャップ,Howla Cap
0x4792f4@mhfdat-jp.bin,ハウラFZキャップ,Howla F Cap
0x4792f8@mhfdat-jp.bin,ハウラHSキャップ,Howla FZ Cap
0x4792fc@mhfdat-jp.bin,ハウラGSキャップ,Howla HS Cap
0x479300@mhfdat-jp.bin,ハウラGPキャップ,Howla GS Cap
0x479304@mhfdat-jp.bin,ハウラZPキャップ,Howla GP Cap
0x479308@mhfdat-jp.bin,パンセヘッド,Howla ZP Cap
0x47930c@mhfdat-jp.bin,パンセＦヘッド,Panse Head
0x479310@mhfdat-jp.bin,パンセFZヘッド,Panse F Head
0x479314@mhfdat-jp.bin,パンセHSヘッド,Panse FZ Head
0x479318@mhfdat-jp.bin,パンセGSヘッド,Panse HS Head
0x47931c@mhfdat-jp.bin,パンセGPヘッド,Panse GS Head
0x479320@mhfdat-jp.bin,パンセZPヘッド,Panse GP Head
0x479324@mhfdat-jp.bin,パンセキャップ,Panse ZP Head
0x479328@mhfdat-jp.bin,パンセＦキャップ,Panse Cap
0x47932c@mhfdat-jp.bin,パンセFZキャップ,Panse F Cap
0x479330@mhfdat-jp.bin,パンセHSキャップ,Panse FZ Cap
0x479334@mhfdat-jp.bin,パンセGSキャップ,Panse HS Cap
0x479338@mhfdat-jp.bin,パンセGPキャップ,Panse GS Cap
0x47933c@mhfdat-jp.bin,パンセZPキャップ,Panse GP Cap
0x479340@mhfdat-jp.bin,マリジュヘッド,Panse ZP Cap
0x479344@mhfdat-jp.bin,マリジュＦヘッド,Marriage Head
0x479348@mhfdat-jp.bin,マリジュFZヘッド,Marriage F Head
0x47934c@mhfdat-jp.bin,マリジュHSヘッド,Marriage FZ Head
0x479350@mhfdat-jp.bin,マリジュGSヘッド,Marriage HS Head
0x479354@mhfdat-jp.bin,マリジュGPヘッド,Marriage GS Head
0x479358@mhfdat-jp.bin,マリジュZPヘッド,Marriage GP Head
0x47935c@mhfdat-jp.bin,マリジュキャップ,Marriage ZP Head
0x479360@mhfdat-jp.bin,マリジュＦキャップ,Marriage Cap
0x479364@mhfdat-jp.bin,マリジュFZキャップ,Marriage F Cap
0x479368@mhfdat-jp.bin,マリジュHSキャップ,Marriage FZ Cap
0x47936c@mhfdat-jp.bin,マリジュGSキャップ,Marriage HS Cap
0x479370@mhfdat-jp.bin,マリジュGPキャップ,Marriage GS Cap
0x479374@mhfdat-jp.bin,マリジュZPキャップ,Marriage GP Cap
0x479378@mhfdat-jp.bin,ユキネヘッド,Marriage ZP Cap
0x47937c@mhfdat-jp.bin,ユキネＦヘッド,Yukine Head
0x479380@mhfdat-jp.bin,ユキネFZヘッド,Yukine F Head
0x479384@mhfdat-jp.bin,ユキネHSヘッド,Yukine FZ Head
0x479388@mhfdat-jp.bin,ユキネGSヘッド,Yukine HS Head
0x47938c@mhfdat-jp.bin,ユキネGPヘッド,Yukine GS Head
0x479390@mhfdat-jp.bin,ユキネZPヘッド,Yukine GP Head
0x479394@mhfdat-jp.bin,ユキネマスク,Yukine ZP Head
0x479398@mhfdat-jp.bin,ユキネＦマスク,Yukine Mask
0x47939c@mhfdat-jp.bin,ユキネFZマスク,Yukine F Mask
0x4793a0@mhfdat-jp.bin,ユキネHSマスク,Yukine FZ Mask
0x4793a4@mhfdat-jp.bin,ユキネGSマスク,Yukine HS Mask
0x4793a8@mhfdat-jp.bin,ユキネGPマスク,Yukine GS Mask
0x4793ac@mhfdat-jp.bin,ユキネZPマスク,Yukine GP Mask
0x4793b0@mhfdat-jp.bin,雪ミクヘッド,Yukine ZP Mask
0x4793b4@mhfdat-jp.bin,雪ミクＦヘッド,Snow Miku Head
0x4793b8@mhfdat-jp.bin,雪ミクFZヘッド,Snow Miku F Head
0x4793bc@mhfdat-jp.bin,雪ミクHSヘッド,Snow Miku FZ Head
0x4793c0@mhfdat-jp.bin,雪ミクGSヘッド,Snow Miku HS Head
0x4793c4@mhfdat-jp.bin,雪ミクGPヘッド,Snow Miku GS Head
0x4793c8@mhfdat-jp.bin,雪ミクZPヘッド,Snow Miku GP Head
0x4793cc@mhfdat-jp.bin,雪ミクピアス,Snow Miku ZP Head
0x4793d0@mhfdat-jp.bin,雪ミクＦピアス,Snow Miku Piercings
0x4793d4@mhfdat-jp.bin,雪ミクFZピアス,Snow Miku F Piercings
0x4793d8@mhfdat-jp.bin,雪ミクHSピアス,Snow Miku FZ Piercings
0x4793dc@mhfdat-jp.bin,雪ミクGSピアス,Snow Miku HS Piercings
0x4793e0@mhfdat-jp.bin,雪ミクGPピアス,Snow Miku GS Piercings
0x4793e4@mhfdat-jp.bin,雪ミクZPピアス,Snow Miku GP Piercings
0x4793e8@mhfdat-jp.bin,ミクZPヘッド,Snow Miku ZP Piercings
0x4793ec@mhfdat-jp.bin,ミクZPピアス,Miku ZP Head
0x4793f0@mhfdat-jp.bin,オユンZPヘルム・青,Miku ZP Piercings
0x4793f4@mhfdat-jp.bin,オユンZPキャップ・青,Oyun ZP Helm・Blue
0x4793f8@mhfdat-jp.bin,オユンZPヘルム・赤,Oyun ZP Cap・Blue
0x4793fc@mhfdat-jp.bin,オユンZPキャップ・赤,Oyun ZP Helm・Red
0x479400@mhfdat-jp.bin,オユンZPヘルム・黒,Oyun ZP Cap・Red
0x479404@mhfdat-jp.bin,オユンZPキャップ・黒,Oyun ZP Helm・Black
0x479408@mhfdat-jp.bin,オユンZPヘルム・白,Oyun ZP Cap・Black
0x47940c@mhfdat-jp.bin,オユンZPキャップ・白,Oyun ZP Helm・White
0x479410@mhfdat-jp.bin,鬼穿ノ角Ｇ,Oyun ZP Cap・White
0x479414@mhfdat-jp.bin,鬼穿ノ角GF,Demonclad ノ角G
0x479418@mhfdat-jp.bin,鬼穿ノ角GX,Demonclad ノ角GF
0x47941c@mhfdat-jp.bin,童穿ノ角Ｇ,Demonclad ノ角GX
0x479420@mhfdat-jp.bin,童穿ノ角GF,Youthclad ノ角G
0x479424@mhfdat-jp.bin,童穿ノ角GX,Youthclad ノ角GF
0x479428@mhfdat-jp.bin,ラーヴェヘルム,Youthclad ノ角GX
0x47942c@mhfdat-jp.bin,ラーヴェＦヘルム,Rave Helm
0x479430@mhfdat-jp.bin,ラーヴェFYヘルム,Rave F Helm
0x479434@mhfdat-jp.bin,ラーヴェHSヘルム,Rave FY Helm
0x479438@mhfdat-jp.bin,ラーヴェＧヘルム,Rave HS Helm
0x47943c@mhfdat-jp.bin,ラーヴェGFヘルム,Rave G Helm
0x479440@mhfdat-jp.bin,ラーヴェGXヘルム,Rave GF Helm
0x479444@mhfdat-jp.bin,ラーヴェキャップ,Rave GX Helm
0x479448@mhfdat-jp.bin,ラーヴェＦキャップ,Rave Cap
0x47944c@mhfdat-jp.bin,ラーヴェFYキャップ,Rave F Cap
0x479450@mhfdat-jp.bin,ラーヴェHSキャップ,Rave FY Cap
0x479454@mhfdat-jp.bin,ラーヴェＧキャップ,Rave HS Cap
0x479458@mhfdat-jp.bin,ラーヴェGFキャップ,Rave G Cap
0x47945c@mhfdat-jp.bin,ラーヴェGXキャップ,Rave GF Cap
0x479460@mhfdat-jp.bin,ワンダレＤヘッド・青,Rave GX Cap
0x479464@mhfdat-jp.bin,ワンダレＤヘッド・赤,Wander D Head・Blue
0x479468@mhfdat-jp.bin,ワンダレＤヘッド・白,Wander D Head・Red
0x47946c@mhfdat-jp.bin,ワンダレＤヘッド・黒,Wander D Head・White
0x479470@mhfdat-jp.bin,蒼皇氷Ｄヘッド,Wander D Head・Black
0x479474@mhfdat-jp.bin,白皇氷Ｄヘッド,Blue Ice Emperor D Head
0x479478@mhfdat-jp.bin,紅皇氷Ｄヘッド,White Ice Emperor D Head
0x47947c@mhfdat-jp.bin,ランセＣヘッド,Red Ice Emperor D Head
0x479480@mhfdat-jp.bin,サンタＤヘッド,Rance C Head
0x479484@mhfdat-jp.bin,ガウシカＤヘッド,Santa D Head
0x479488@mhfdat-jp.bin,チアリムZPヘッド,Anteka D Head
0x47948c@mhfdat-jp.bin,チアリムZPキャップ,Chiarim ZP Head
0x479490@mhfdat-jp.bin,ミクZPヘッド・白,Chiarim ZP Cap
0x479494@mhfdat-jp.bin,ミクZPピアス・白,Miku ZP Head・White
0x479498@mhfdat-jp.bin,ミクZPヘッド・黄,Miku ZP Piercings・White
0x47949c@mhfdat-jp.bin,ミクZPピアス・黄,Miku ZP Head・Yellow
0x4794a0@mhfdat-jp.bin,ミクZPヘッド・黒,Miku ZP Piercings・Yellow
0x4794a4@mhfdat-jp.bin,ミクZPピアス・黒,Miku ZP Head・Black
0x4794a8@mhfdat-jp.bin,ミクZPヘッド・褐,Miku ZP Piercings・Black
0x4794ac@mhfdat-jp.bin,ミクZPピアス・褐,Miku ZP Head・Brown
0x4794b0@mhfdat-jp.bin,カタンテＺヘルム,Miku ZP Piercings・Brown
0x4794b4@mhfdat-jp.bin,カタンテZFヘルム,Katante Z Helm
0x4794b8@mhfdat-jp.bin,カタンテZYヘルム,Katante ZF Helm
0x4794bc@mhfdat-jp.bin,カタンテZXヘルム,Katante ZY Helm
0x4794c0@mhfdat-jp.bin,カタンテＺキャップ,Katante ZX Helm
0x4794c4@mhfdat-jp.bin,カタンテZFキャップ,Katante Z Cap
0x4794c8@mhfdat-jp.bin,カタンテZYキャップ,Katante ZF Cap
0x4794cc@mhfdat-jp.bin,カタンテZXキャップ,Katante ZY Cap
0x4794d0@mhfdat-jp.bin,サクフィＤヘッド,Katante ZX Cap
0x4794d4@mhfdat-jp.bin,アスモＤヘッド,Sakufi D Head
0x4794d8@mhfdat-jp.bin,ディオスＤヘッド,Asumo D Head
0x4794dc@mhfdat-jp.bin,アステリＤピアス・白,Dios D Head
0x4794e0@mhfdat-jp.bin,アステリＤピアス・青,Asteli D Piercings・White
0x4794e4@mhfdat-jp.bin,アステリＤピアス・赤,Asteli D Piercings・Blue
0x4794e8@mhfdat-jp.bin,アステリＤピアス・黒,Asteli D Piercings・Red
0x4794ec@mhfdat-jp.bin,リアンＤヘッド・青,Asteli D Piercings・Black
0x4794f0@mhfdat-jp.bin,リアンＤヘッド・赤,Lien D Head・Blue
0x4794f4@mhfdat-jp.bin,リアンＤヘッド・黒,Lien D Head・Red
0x4794f8@mhfdat-jp.bin,リアンＤヘッド・白,Lien D Head・Black
0x4794fc@mhfdat-jp.bin,リアンＤヘッド・紅,Lien D Head・White
0x479500@mhfdat-jp.bin,リアンＤヘッド・藍,Lien D Head・Crimson
0x479504@mhfdat-jp.bin,リアンＤヘッド・桃,Lien D Head・藍
0x479508@mhfdat-jp.bin,キャロルＤバンド・黒,Lien D Head・Peach
0x47950c@mhfdat-jp.bin,キャロルＤバンド・青,Carrol D Band・Black
0x479510@mhfdat-jp.bin,キャロルＤバンド・白,Carrol D Band・Blue
0x479514@mhfdat-jp.bin,キャロルＤバンド・赤,Carrol D Band・White
0x479518@mhfdat-jp.bin,キャロルＤバンド・桃,Carrol D Band・Red
0x47951c@mhfdat-jp.bin,ゴシックＤピアス,Carrol D Band・Peach
0x479520@mhfdat-jp.bin,キリンＤホーン,Gothic D Piercings
0x479524@mhfdat-jp.bin,ファルノＤヘルム,Kirin D Horn
0x479528@mhfdat-jp.bin,ファルノＤキャップ,Farunokku D Helm
0x47952c@mhfdat-jp.bin,ポカラＤヘルム,Farunokku D Cap
0x479530@mhfdat-jp.bin,ポカラＤキャップ,Pokara D Helm
0x479534@mhfdat-jp.bin,創音奏Ｄ【五線譜】,Pokara D Cap
0x479538@mhfdat-jp.bin,音紡奏Ｄ【五線譜】,Genesis D【五線譜】
0x47953c@mhfdat-jp.bin,照雷Ｄ【兜】,Motion D【五線譜】
0x479540@mhfdat-jp.bin,明雷Ｄ【兜】,Lightning D Kabuto
0x479544@mhfdat-jp.bin,トリドＤヘルム,Thunder D Kabuto
0x479548@mhfdat-jp.bin,トリドＤキャップ,Toridcless D Helm
0x47954c@mhfdat-jp.bin,グァンＤヘッド,Toridcless D Cap
0x479550@mhfdat-jp.bin,グァンＤキャップ,Guan D Head
0x479554@mhfdat-jp.bin,ヴァルＤヘルム,Guan D Cap
0x479558@mhfdat-jp.bin,ヴァルＤキャップ,Varusa D Helm
0x47955c@mhfdat-jp.bin,トアＤヘルム,Varusa D Cap
0x479560@mhfdat-jp.bin,トアＤキャップ,Toa D Helm
0x479564@mhfdat-jp.bin,ブリッツＤホーン,Toa D Cap
0x479568@mhfdat-jp.bin,ストロマＤヘルム,Blitz D Horn
0x47956c@mhfdat-jp.bin,ストロマＤキャップ,Stroma D Helm
0x479570@mhfdat-jp.bin,雅深Ｄ【趣】,Stroma D Cap
0x479574@mhfdat-jp.bin,雅淵Ｄ【趣】,Elegance D【趣】
0x479578@mhfdat-jp.bin,アルテラＤヘルム,Grace D【趣】
0x47957c@mhfdat-jp.bin,アルテラＤキャップ,Altera D Helm
0x479580@mhfdat-jp.bin,ポボルムＤヘルム,Altera D Cap
0x479584@mhfdat-jp.bin,ポボルムＤキャップ,Pobo D Helm
0x479588@mhfdat-jp.bin,ジンオウＣヘルム,Pobo D Cap
0x47958c@mhfdat-jp.bin,ジンオウＣキャップ,Zinogre C Helm
0x479590@mhfdat-jp.bin,タロスＵＤヘルム,Zinogre C Cap
0x479594@mhfdat-jp.bin,タロスＵＤキャップ,Hornetaur UD Helm
0x479598@mhfdat-jp.bin,レウスＤヘルム,Hornetaur UD Cap
0x47959c@mhfdat-jp.bin,レウスＤキャップ,Rathalos D Helm
0x4795a0@mhfdat-jp.bin,ゴゴＤヘルム,Rathalos D Cap
0x4795a4@mhfdat-jp.bin,ゴゴＤキャップ,Gogo D Helm
0x4795a8@mhfdat-jp.bin,アスールＤヘッド,Gogo D Cap
0x4795ac@mhfdat-jp.bin,アスールＤウィッグ,Azul D Head
0x4795b0@mhfdat-jp.bin,ハーヴェストＤヘッド,Azul D Wig
0x4795b4@mhfdat-jp.bin,ハーヴェストＤピアス,Harvest D Head
0x4795b8@mhfdat-jp.bin,メランＤヘッド,Harvest D Piercings
0x4795bc@mhfdat-jp.bin,メランＤウィッグ,Melan D Head
0x4795c0@mhfdat-jp.bin,ディールＤヘッド,Melan D Wig
0x4795c4@mhfdat-jp.bin,ディールＤウィッグ,Diru D Head
0x4795c8@mhfdat-jp.bin,タンドレスＤヘッド,Diru D Wig
0x4795cc@mhfdat-jp.bin,タンドレスＤピアス,Tandress D Head
0x4795d0@mhfdat-jp.bin,ランセＤヘッド,Tandress D Piercings
0x4795d4@mhfdat-jp.bin,ランセＤウィッグ,Rance D Head
0x4795d8@mhfdat-jp.bin,ガネトＤヘッド,Rance D Wig
0x4795dc@mhfdat-jp.bin,ガネトＤウィッグ,Ganeto D Head
0x4795e0@mhfdat-jp.bin,チールＤヘッド,Ganeto D Wig
0x4795e4@mhfdat-jp.bin,チールＤウィッグ,Chiru D Head
0x4795e8@mhfdat-jp.bin,シウスＤヘッド,Chiru D Wig
0x4795ec@mhfdat-jp.bin,シウスＤウィッグ,Shiusu D Head
0x4795f0@mhfdat-jp.bin,ウルキーフェイクＤ,Shiusu D Wig
0x4795f4@mhfdat-jp.bin,ワンスＤヘルム・無,Uruki Mask D
0x4795f8@mhfdat-jp.bin,淡桜Ｄ【鉢金】,Once D Helm・無
0x4795fc@mhfdat-jp.bin,イーリスピアスＤ,Pale Sakura D Hachigane
0x479600@mhfdat-jp.bin,ペレグリヘッド,Iris Piercings D
0x479604@mhfdat-jp.bin,ペレグリＦヘッド,Pelegri Head
0x479608@mhfdat-jp.bin,ペレグリFZヘッド,Pelegri F Head
0x47960c@mhfdat-jp.bin,ペレグリHSヘッド,Pelegri FZ Head
0x479610@mhfdat-jp.bin,ペレグリGSヘッド,Pelegri HS Head
0x479614@mhfdat-jp.bin,ペレグリGPヘッド,Pelegri GS Head
0x479618@mhfdat-jp.bin,ペレグリZPヘッド,Pelegri GP Head
0x47961c@mhfdat-jp.bin,ペレグリキャップ,Pelegri ZP Head
0x479620@mhfdat-jp.bin,ペレグリＦキャップ,Pelegri Cap
0x479624@mhfdat-jp.bin,ペレグリFZキャップ,Pelegri F Cap
0x479628@mhfdat-jp.bin,ペレグリHSキャップ,Pelegri FZ Cap
0x47962c@mhfdat-jp.bin,ペレグリGSキャップ,Pelegri HS Cap
0x479630@mhfdat-jp.bin,ペレグリGPキャップ,Pelegri GS Cap
0x479634@mhfdat-jp.bin,ペレグリZPキャップ,Pelegri GP Cap
0x479638@mhfdat-jp.bin,ヘルトＧピアス,Pelegri ZP Cap
0x47963c@mhfdat-jp.bin,ヘルトGFピアス,Heruto G Piercings
0x479640@mhfdat-jp.bin,ヘルトGXピアス,Heruto GF Piercings
0x479644@mhfdat-jp.bin,イロアスＧピアス,Heruto GX Piercings
0x479648@mhfdat-jp.bin,イロアスGFピアス,Iroasu G Piercings
0x47964c@mhfdat-jp.bin,イロアスGXピアス,Iroasu GF Piercings
0x479650@mhfdat-jp.bin,メラルーZPヘッド,Iroasu GX Piercings
0x479654@mhfdat-jp.bin,メラルーZPキャップ,Melynx ZP Head
0x479658@mhfdat-jp.bin,アイルーZPヘッド,Melynx ZP Cap
0x47965c@mhfdat-jp.bin,アイルーZPキャップ,Felyne ZP Head
0x479660@mhfdat-jp.bin,アメショZPヘッド,Felyne ZP Cap
0x479664@mhfdat-jp.bin,アメショZPキャップ,Tabby ZP Head
0x479668@mhfdat-jp.bin,チャトラZPヘッド,Tabby ZP Cap
0x47966c@mhfdat-jp.bin,チャトラZPキャップ,Brown ZP Head
0x479670@mhfdat-jp.bin,ミケZPヘッド,Brown ZP Cap
0x479674@mhfdat-jp.bin,ミケZPキャップ,Calico ZP Head
0x479678@mhfdat-jp.bin,シロZPヘッド,Calico ZP Cap
0x47967c@mhfdat-jp.bin,シロZPキャップ,Monotone ZP Head
0x479680@mhfdat-jp.bin,チャシロZPヘッド,Monotone ZP Cap
0x479684@mhfdat-jp.bin,チャシロZPキャップ,Chashiro ZP Head
0x479688@mhfdat-jp.bin,クロシロZPヘッド,Chashiro ZP Cap
0x47968c@mhfdat-jp.bin,クロシロZPキャップ,Two-tone ZP Head
0x479690@mhfdat-jp.bin,和奏ノ帽ZP,Two-tone ZP Cap
0x479694@mhfdat-jp.bin,和奏ノ冠ZP,Wasou Cap ZP
0x479698@mhfdat-jp.bin,ハウラＤヘッド,Wasou Crown ZP
0x47969c@mhfdat-jp.bin,パンセＤヘッド,Howla D Head
0x4796a0@mhfdat-jp.bin,マリジュＤヘッド,Panse D Head
0x4796a4@mhfdat-jp.bin,ユキネＤヘッド,Marriage D Head
0x4796a8@mhfdat-jp.bin,雪ミクＤヘッド,Yukine D Head
0x4796ac@mhfdat-jp.bin,ミクＤヘッド,Snow Miku D Head
0x4796b0@mhfdat-jp.bin,ミクＤヘッド・白,Miku D Head
0x4796b4@mhfdat-jp.bin,ミクＤヘッド・黄,Miku D Head・White
0x4796b8@mhfdat-jp.bin,ミクＤヘッド・黒,Miku D Head・Yellow
0x4796bc@mhfdat-jp.bin,ミクＤヘッド・褐,Miku D Head・Black
0x4796c0@mhfdat-jp.bin,和奏ノ帽Ｄ,Miku D Head・Brown
0x4796c4@mhfdat-jp.bin,メラルーＤヘッド,Wasou Cap D
0x4796c8@mhfdat-jp.bin,アイルーＤヘッド,Melynx D Head
0x4796cc@mhfdat-jp.bin,アメショＤヘッド,Felyne D Head
0x4796d0@mhfdat-jp.bin,チャトラＤヘッド,Tabby D Head
0x4796d4@mhfdat-jp.bin,ミケＤヘッド,Brown D Head
0x4796d8@mhfdat-jp.bin,シロＤヘッド,Calico D Head
0x4796dc@mhfdat-jp.bin,チャシロＤヘッド,Monotone D Head
0x4796e0@mhfdat-jp.bin,クロシロＤヘッド,Chashiro D Head
0x4796e4@mhfdat-jp.bin,ビストロＤキャップ,Two-tone D Head
0x4796e8@mhfdat-jp.bin,オウビートＤテスタ,Bistro D Cap
0x4796ec@mhfdat-jp.bin,パピメルＤテスタ,King Beetle D Vertex
0x4796f0@mhfdat-jp.bin,ヴォルアドミラルＤ,Butterfly D Vertex
0x4796f4@mhfdat-jp.bin,ヴォルレジェンドＤ,Vol アドミラルD
0x4796f8@mhfdat-jp.bin,鬼神ノ角Ｄ,Vol レジェンドD
0x4796fc@mhfdat-jp.bin,鬼伝ノ角Ｄ,Demon Lord ノ角D
0x479700@mhfdat-jp.bin,鬼凛ノ角Ｄ,Demon Tale ノ角D
0x479704@mhfdat-jp.bin,エンプレスＣセクター,鬼凛ノ角D
0x479708@mhfdat-jp.bin,エンプレスＣマスク,Empress C Sector
0x47970c@mhfdat-jp.bin,カイザーＣクラウン,Empress C Mask
0x479710@mhfdat-jp.bin,カイザーＣマスク,Kaiser C Crown
0x479714@mhfdat-jp.bin,ドラゴンＤヘッド,Kaiser C Mask
0x479718@mhfdat-jp.bin,ドラゴンＤフェイス,Dragon D Head
0x47971c@mhfdat-jp.bin,ナルガＣヘルム,Dragon D Face
0x479720@mhfdat-jp.bin,ナルガＣキャップ,Nargacuga C Helm
0x479724@mhfdat-jp.bin,焔嶽GX【兜】,Nargacuga C Cap
0x479728@mhfdat-jp.bin,緋嶽GX【兜】,Burning Cliff GX Kabuto
0x47972c@mhfdat-jp.bin,ヴァシムＺヘルム,Crimson Cliff GX Kabuto
0x479730@mhfdat-jp.bin,ヴァシムZFヘルム,Vashimu Z Helm
0x479734@mhfdat-jp.bin,ヴァシムZYヘルム,Vashimu ZF Helm
0x479738@mhfdat-jp.bin,ヴァシムZXヘルム,Vashimu ZY Helm
0x47973c@mhfdat-jp.bin,ヴァシムＺキャップ,Vashimu ZX Helm
0x479740@mhfdat-jp.bin,ヴァシムZFキャップ,Vashimu Z Cap
0x479744@mhfdat-jp.bin,ヴァシムZYキャップ,Vashimu ZF Cap
0x479748@mhfdat-jp.bin,ヴァシムZXキャップ,Vashimu ZY Cap
0x47974c@mhfdat-jp.bin,レックスＺヘルム,Vashimu ZX Cap
0x479750@mhfdat-jp.bin,レックスZFヘルム,Tigrex Z Helm
0x479754@mhfdat-jp.bin,レックスZYヘルム,Tigrex ZF Helm
0x479758@mhfdat-jp.bin,レックスZXヘルム,Tigrex ZY Helm
0x47975c@mhfdat-jp.bin,レックスＺキャップ,Tigrex ZX Helm
0x479760@mhfdat-jp.bin,レックスZFキャップ,Tigrex Z Cap
0x479764@mhfdat-jp.bin,レックスZYキャップ,Tigrex ZF Cap
0x479768@mhfdat-jp.bin,レックスZXキャップ,Tigrex ZY Cap
0x47976c@mhfdat-jp.bin,アデルヘッド,Tigrex ZX Cap
0x479770@mhfdat-jp.bin,アデルＦヘッド,Adel Head
0x479774@mhfdat-jp.bin,アデルFZヘッド,Adel F Head
0x479778@mhfdat-jp.bin,アデルHSヘッド,Adel FZ Head
0x47977c@mhfdat-jp.bin,アデルGSヘッド,Adel HS Head
0x479780@mhfdat-jp.bin,アデルGPヘッド,Adel GS Head
0x479784@mhfdat-jp.bin,アデルZPヘッド,Adel GP Head
0x479788@mhfdat-jp.bin,アデルマスク,Adel ZP Head
0x47978c@mhfdat-jp.bin,アデルＦマスク,Adel Mask
0x479790@mhfdat-jp.bin,アデルFZマスク,Adel F Mask
0x479794@mhfdat-jp.bin,アデルHSマスク,Adel FZ Mask
0x479798@mhfdat-jp.bin,アデルGSマスク,Adel HS Mask
0x47979c@mhfdat-jp.bin,アデルGPマスク,Adel GS Mask
0x4797a0@mhfdat-jp.bin,アデルZPマスク,Adel GP Mask
0x4797a4@mhfdat-jp.bin,ロックブーケヘッド,Adel ZP Mask
0x4797a8@mhfdat-jp.bin,ロックブーケＦヘッド,Rocbouquet Head
0x4797ac@mhfdat-jp.bin,ロックブーケFZヘッド,Rocbouquet F Head
0x4797b0@mhfdat-jp.bin,ロックブーケHSヘッド,Rocbouquet FZ Head
0x4797b4@mhfdat-jp.bin,ロックブーケGSヘッド,Rocbouquet HS Head
0x4797b8@mhfdat-jp.bin,ロックブーケGPヘッド,Rocbouquet GS Head
0x4797bc@mhfdat-jp.bin,ロックブーケZPヘッド,Rocbouquet GP Head
0x4797c0@mhfdat-jp.bin,ロックブーケマスク,Rocbouquet ZP Head
0x4797c4@mhfdat-jp.bin,ロックブーケＦマスク,Rocbouquet Mask
0x4797c8@mhfdat-jp.bin,ロックブーケFZマスク,Rocbouquet F Mask
0x4797cc@mhfdat-jp.bin,ロックブーケHSマスク,Rocbouquet FZ Mask
0x4797d0@mhfdat-jp.bin,ロックブーケGSマスク,Rocbouquet HS Mask
0x4797d4@mhfdat-jp.bin,ロックブーケGPマスク,Rocbouquet GS Mask
0x4797d8@mhfdat-jp.bin,ロックブーケZPマスク,Rocbouquet GP Mask
0x4797dc@mhfdat-jp.bin,アルカイザーヘッド,Rocbouquet ZP Mask
0x4797e0@mhfdat-jp.bin,アルカイザーＦヘッド,Alkaiser Head
0x4797e4@mhfdat-jp.bin,アルカイザーFZヘッド,Alkaiser F Head
0x4797e8@mhfdat-jp.bin,アルカイザーHSヘッド,Alkaiser FZ Head
0x4797ec@mhfdat-jp.bin,アルカイザーGSヘッド,Alkaiser HS Head
0x4797f0@mhfdat-jp.bin,アルカイザーGPヘッド,Alkaiser GS Head
0x4797f4@mhfdat-jp.bin,アルカイザーZPヘッド,Alkaiser GP Head
0x4797f8@mhfdat-jp.bin,アルカイザーマスク,Alkaiser ZP Head
0x4797fc@mhfdat-jp.bin,アルカイザーＦマスク,Alkaiser Mask
0x479800@mhfdat-jp.bin,アルカイザーFZマスク,Alkaiser F Mask
0x479804@mhfdat-jp.bin,アルカイザーHSマスク,Alkaiser FZ Mask
0x479808@mhfdat-jp.bin,アルカイザーGSマスク,Alkaiser HS Mask
0x47980c@mhfdat-jp.bin,アルカイザーGPマスク,Alkaiser GS Mask
0x479810@mhfdat-jp.bin,アルカイザーZPマスク,Alkaiser GP Mask
0x479814@mhfdat-jp.bin,クローディアヘッド,Alkaiser ZP Mask
0x479818@mhfdat-jp.bin,クローディアＦヘッド,Claudia Head
0x47981c@mhfdat-jp.bin,クローディアFZヘッド,Claudia F Head
0x479820@mhfdat-jp.bin,クローディアHSヘッド,Claudia FZ Head
0x479824@mhfdat-jp.bin,クローディアGSヘッド,Claudia HS Head
0x479828@mhfdat-jp.bin,クローディアGPヘッド,Claudia GS Head
0x47982c@mhfdat-jp.bin,クローディアZPヘッド,Claudia GP Head
0x479830@mhfdat-jp.bin,クローディアマスク,Claudia ZP Head
0x479834@mhfdat-jp.bin,クローディアＦマスク,Claudia Mask
0x479838@mhfdat-jp.bin,クローディアFZマスク,Claudia F Mask
0x47983c@mhfdat-jp.bin,クローディアHSマスク,Claudia FZ Mask
0x479840@mhfdat-jp.bin,クローディアGSマスク,Claudia HS Mask
0x479844@mhfdat-jp.bin,クローディアGPマスク,Claudia GS Mask
0x479848@mhfdat-jp.bin,クローディアZPマスク,Claudia GP Mask
0x47984c@mhfdat-jp.bin,ヘシュムヘッド,Claudia ZP Mask
0x479850@mhfdat-jp.bin,ヘシュムＦヘッド,Hesyumu Head
0x479854@mhfdat-jp.bin,ヘシュムFZヘッド,Hesyumu F Head
0x479858@mhfdat-jp.bin,ヘシュムHSヘッド,Hesyumu FZ Head
0x47985c@mhfdat-jp.bin,ヘシュムGSヘッド,Hesyumu HS Head
0x479860@mhfdat-jp.bin,ヘシュムGPヘッド,Hesyumu GS Head
0x479864@mhfdat-jp.bin,ヘシュムZPヘッド,Hesyumu GP Head
0x479868@mhfdat-jp.bin,ヘシュムキャップ,Hesyumu ZP Head
0x47986c@mhfdat-jp.bin,ヘシュムＦキャップ,Hesyumu Cap
0x479870@mhfdat-jp.bin,ヘシュムFZキャップ,Hesyumu F Cap
0x479874@mhfdat-jp.bin,ヘシュムHSキャップ,Hesyumu FZ Cap
0x479878@mhfdat-jp.bin,ヘシュムGSキャップ,Hesyumu HS Cap
0x47987c@mhfdat-jp.bin,ヘシュムGPキャップ,Hesyumu GS Cap
0x479880@mhfdat-jp.bin,ヘシュムZPキャップ,Hesyumu GP Cap
0x479884@mhfdat-jp.bin,カサミエヘッド,Hesyumu ZP Cap
0x479888@mhfdat-jp.bin,カサミエＦヘッド,Kasamie Head
0x47988c@mhfdat-jp.bin,カサミエFZヘッド,Kasamie F Head
0x479890@mhfdat-jp.bin,カサミエHSヘッド,Kasamie FZ Head
0x479894@mhfdat-jp.bin,カサミエGSヘッド,Kasamie HS Head
0x479898@mhfdat-jp.bin,カサミエGPヘッド,Kasamie GS Head
0x47989c@mhfdat-jp.bin,カサミエZPヘッド,Kasamie GP Head
0x4798a0@mhfdat-jp.bin,カサミエキャップ,Kasamie ZP Head
0x4798a4@mhfdat-jp.bin,カサミエＦキャップ,Kasamie Cap
0x4798a8@mhfdat-jp.bin,カサミエFZキャップ,Kasamie F Cap
0x4798ac@mhfdat-jp.bin,カサミエHSキャップ,Kasamie FZ Cap
0x4798b0@mhfdat-jp.bin,カサミエGSキャップ,Kasamie HS Cap
0x4798b4@mhfdat-jp.bin,カサミエGPキャップ,Kasamie GS Cap
0x4798b8@mhfdat-jp.bin,カサミエZPキャップ,Kasamie GP Cap
0x4798bc@mhfdat-jp.bin,シエロZPヘッド,Kasamie ZP Cap
0x4798c0@mhfdat-jp.bin,シエロZPキャップ,Cielo ZP Head
0x4798c4@mhfdat-jp.bin,ヴィーチZPヘッド,Cielo ZP Cap
0x4798c8@mhfdat-jp.bin,ヴィーチZPキャップ,Vichi ZP Head
0x4798cc@mhfdat-jp.bin,ラピヌZPバンド,Vichi ZP Cap
0x4798d0@mhfdat-jp.bin,ラピヌZPヘッド,Lapine ZP Band
0x4798d4@mhfdat-jp.bin,ベイルZPイヤリング,Lapine ZP Head
0x4798d8@mhfdat-jp.bin,エミールフェイク,Beil ZP Earrings
0x4798dc@mhfdat-jp.bin,エミールＦフェイク,Emil Mask
0x4798e0@mhfdat-jp.bin,エミールFZフェイク,Emil F Mask
0x4798e4@mhfdat-jp.bin,エミールHSフェイク,Emil FZ Mask
0x4798e8@mhfdat-jp.bin,エミールGSフェイク,Emil HS Mask
0x4798ec@mhfdat-jp.bin,エミールGPフェイク,Emil GS Mask
0x4798f0@mhfdat-jp.bin,エミールZPフェイク,Emil GP Mask
0x4798f4@mhfdat-jp.bin,パシオヘルム,Emil ZP Mask
0x4798f8@mhfdat-jp.bin,パシオＦヘルム,Pashio Helm
0x4798fc@mhfdat-jp.bin,パシオFYヘルム,Pashio F Helm
0x479900@mhfdat-jp.bin,パシオHSヘルム,Pashio FY Helm
0x479904@mhfdat-jp.bin,パシオＧヘルム,Pashio HS Helm
0x479908@mhfdat-jp.bin,パシオGFヘルム,Pashio G Helm
0x47990c@mhfdat-jp.bin,パシオGXヘルム,Pashio GF Helm
0x479910@mhfdat-jp.bin,パシオキャップ,Pashio GX Helm
0x479914@mhfdat-jp.bin,パシオＦキャップ,Pashio Cap
0x479918@mhfdat-jp.bin,パシオFYキャップ,Pashio F Cap
0x47991c@mhfdat-jp.bin,パシオHSキャップ,Pashio FY Cap
0x479920@mhfdat-jp.bin,パシオＧキャップ,Pashio HS Cap
0x479924@mhfdat-jp.bin,パシオGFキャップ,Pashio G Cap
0x479928@mhfdat-jp.bin,パシオGXキャップ,Pashio GF Cap
0x47992c@mhfdat-jp.bin,ハルドＤヘルム,Pashio GX Cap
0x479930@mhfdat-jp.bin,ハルドＤキャップ,Harudo D Helm
0x479934@mhfdat-jp.bin,雅孔Ｄ【趣】,Harudo D Cap
0x479938@mhfdat-jp.bin,雅穿Ｄ【趣】,Elegance D【趣】
0x47993c@mhfdat-jp.bin,メラギＤヘルム,Grace D【趣】
0x479940@mhfdat-jp.bin,メラギＤキャップ,Meraginasu D Helm
0x479944@mhfdat-jp.bin,ヘシュムＤヘッド,Meraginasu D Cap
0x479948@mhfdat-jp.bin,カサミエＤヘッド,Hesyumu D Head
0x47994c@mhfdat-jp.bin,シエロＤヘッド,Kasamie D Head
0x479950@mhfdat-jp.bin,ヴィーチＤヘッド,Cielo D Head
0x479954@mhfdat-jp.bin,アデルＤヘッド,Vichi D Head
0x479958@mhfdat-jp.bin,ロックブーケＤヘッド,Adel D Head
0x47995c@mhfdat-jp.bin,アルカイザーＤヘッド,Rocbouquet D Head
0x479960@mhfdat-jp.bin,クローディアＤヘッド,Alkaiser D Head
0x479964@mhfdat-jp.bin,エミールＤフェイク,Claudia D Head
0x479968@mhfdat-jp.bin,キノスＤヘルム,Emil D Mask
0x47996c@mhfdat-jp.bin,ヒメロスＤヘルム,Kinosu D Helm
0x479970@mhfdat-jp.bin,カリエンＤキャップ,Himeros D Helm
0x479974@mhfdat-jp.bin,アリエッタＤヘッド,Charien D Cap
0x479978@mhfdat-jp.bin,クラフトＤヘッド,Arietta D Head
0x47997c@mhfdat-jp.bin,シエリーＤヘルム,Craft D Head
0x479980@mhfdat-jp.bin,プペンＤヘルム,Shieri D Helm
0x479984@mhfdat-jp.bin,モスカバＤヘルム,Pupen D Helm
0x479988@mhfdat-jp.bin,エクセレＤヘルム,Moss Cover D Helm
0x47998c@mhfdat-jp.bin,オルドルＤヘルム,Excelle D Helm
0x479990@mhfdat-jp.bin,リオデュオＤヘルム,Ordre D Helm
0x479994@mhfdat-jp.bin,アトラＤヘルム,Rath Duo D Helm
0x479998@mhfdat-jp.bin,マダルＤヘルム,Atra D Helm
0x47999c@mhfdat-jp.bin,シャッセＤヘルム,Madaru D Helm
0x4799a0@mhfdat-jp.bin,オルケシスＤヘルム,Shasse D Helm
0x4799a4@mhfdat-jp.bin,ブリゼＤヘルム,Orchesis D Helm
0x4799a8@mhfdat-jp.bin,クオイズＤヘッド,Blize D Helm
0x4799ac@mhfdat-jp.bin,カライスＤヘッド,Quoiz D Head
0x4799b0@mhfdat-jp.bin,ルケーゼＤヘッド,Kalais D Head
0x4799b4@mhfdat-jp.bin,エントラＤヘルム,Lucchese D Head
0x4799b8@mhfdat-jp.bin,ﾖﾙﾊ九号S型ヘッド,Entora D Helm
0x4799bc@mhfdat-jp.bin,ﾖﾙﾊ九号S型Ｆヘッド,YoRHa No.9 Type S Head
0x4799c0@mhfdat-jp.bin,ﾖﾙﾊ九号S型FZヘッド,YoRHa No.9 Type S F Head
0x4799c4@mhfdat-jp.bin,ﾖﾙﾊ九号S型HSヘッド,YoRHa No.9 Type S FZ Head
0x4799c8@mhfdat-jp.bin,ﾖﾙﾊ九号S型GSヘッド,YoRHa No.9 Type S HS Head
0x4799cc@mhfdat-jp.bin,ﾖﾙﾊ九号S型GPヘッド,YoRHa No.9 Type S GS Head
0x4799d0@mhfdat-jp.bin,ﾖﾙﾊ九号S型ZPヘッド,YoRHa No.9 Type S GP Head
0x4799d4@mhfdat-jp.bin,ﾖﾙﾊ九号S型マスク,YoRHa No.9 Type S ZP Head
0x4799d8@mhfdat-jp.bin,ﾖﾙﾊ九号S型Ｆマスク,YoRHa No.9 Type S Mask
0x4799dc@mhfdat-jp.bin,ﾖﾙﾊ九号S型FZマスク,YoRHa No.9 Type S F Mask
0x4799e0@mhfdat-jp.bin,ﾖﾙﾊ九号S型HSマスク,YoRHa No.9 Type S FZ Mask
0x4799e4@mhfdat-jp.bin,ﾖﾙﾊ九号S型GSマスク,YoRHa No.9 Type S HS Mask
0x4799e8@mhfdat-jp.bin,ﾖﾙﾊ九号S型GPマスク,YoRHa No.9 Type S GS Mask
0x4799ec@mhfdat-jp.bin,ﾖﾙﾊ九号S型ZPマスク,YoRHa No.9 Type S GP Mask
0x4799f0@mhfdat-jp.bin,ﾖﾙﾊ二号B型ヘッド,YoRHa No.9 Type S ZP Mask
0x4799f4@mhfdat-jp.bin,ﾖﾙﾊ二号B型Ｆヘッド,YoRHa No.2 Type B Head
0x4799f8@mhfdat-jp.bin,ﾖﾙﾊ二号B型FZヘッド,YoRHa No.2 Type B F Head
0x4799fc@mhfdat-jp.bin,ﾖﾙﾊ二号B型HSヘッド,YoRHa No.2 Type B FZ Head
0x479a00@mhfdat-jp.bin,ﾖﾙﾊ二号B型GSヘッド,YoRHa No.2 Type B HS Head
0x479a04@mhfdat-jp.bin,ﾖﾙﾊ二号B型GPヘッド,YoRHa No.2 Type B GS Head
0x479a08@mhfdat-jp.bin,ﾖﾙﾊ二号B型ZPヘッド,YoRHa No.2 Type B GP Head
0x479a0c@mhfdat-jp.bin,ﾖﾙﾊ二号B型マスク,YoRHa No.2 Type B ZP Head
0x479a10@mhfdat-jp.bin,ﾖﾙﾊ二号B型Ｆマスク,YoRHa No.2 Type B Mask
0x479a14@mhfdat-jp.bin,ﾖﾙﾊ二号B型FZマスク,YoRHa No.2 Type B F Mask
0x479a18@mhfdat-jp.bin,ﾖﾙﾊ二号B型HSマスク,YoRHa No.2 Type B FZ Mask
0x479a1c@mhfdat-jp.bin,ﾖﾙﾊ二号B型GSマスク,YoRHa No.2 Type B HS Mask
0x479a20@mhfdat-jp.bin,ﾖﾙﾊ二号B型GPマスク,YoRHa No.2 Type B GS Mask
0x479a24@mhfdat-jp.bin,ﾖﾙﾊ二号B型ZPマスク,YoRHa No.2 Type B GP Mask
0x479a28@mhfdat-jp.bin,シャガルヘルム,YoRHa No.2 Type B ZP Mask
0x479a2c@mhfdat-jp.bin,シャガルＧヘルム,Shagaru Helm
0x479a30@mhfdat-jp.bin,シャガルGFヘルム,Shagaru G Helm
0x479a34@mhfdat-jp.bin,シャガルGXヘルム,Shagaru GF Helm
0x479a38@mhfdat-jp.bin,シャガルキャップ,Shagaru GX Helm
0x479a3c@mhfdat-jp.bin,シャガルＧキャップ,Shagaru Cap
0x479a40@mhfdat-jp.bin,シャガルGFキャップ,Shagaru G Cap
0x479a44@mhfdat-jp.bin,シャガルGXキャップ,Shagaru GF Cap
0x479a48@mhfdat-jp.bin,ヒュジＺヘルム,Shagaru GX Cap
0x479a4c@mhfdat-jp.bin,ヒュジZFヘルム,Hyujikiki Z Helm
0x479a50@mhfdat-jp.bin,ヒュジZYヘルム,Hyujikiki ZF Helm
0x479a54@mhfdat-jp.bin,ヒュジZXヘルム,Hyujikiki ZY Helm
0x479a58@mhfdat-jp.bin,ヒュジＺキャップ,Hyujikiki ZX Helm
0x479a5c@mhfdat-jp.bin,ヒュジZFキャップ,Hyujikiki Z Cap
0x479a60@mhfdat-jp.bin,ヒュジZYキャップ,Hyujikiki ZF Cap
0x479a64@mhfdat-jp.bin,ヒュジZXキャップ,Hyujikiki ZY Cap
0x479a68@mhfdat-jp.bin,ギアＺヘルム,Hyujikiki ZX Cap
0x479a6c@mhfdat-jp.bin,ギアZFヘルム,Gear Z Helm
0x479a70@mhfdat-jp.bin,ギアZYヘルム,Gear ZF Helm
0x479a74@mhfdat-jp.bin,ギアZXヘルム,Gear ZY Helm
0x479a78@mhfdat-jp.bin,ギアＺキャップ,Gear ZX Helm
0x479a7c@mhfdat-jp.bin,ギアZFキャップ,Gear Z Cap
0x479a80@mhfdat-jp.bin,ギアZYキャップ,Gear ZF Cap
0x479a84@mhfdat-jp.bin,ギアZXキャップ,Gear ZY Cap
0x479a88@mhfdat-jp.bin,ロッカヘルム,Gear ZX Cap
0x479a8c@mhfdat-jp.bin,ロッカＦヘルム,Rokka Helm
0x479a90@mhfdat-jp.bin,ロッカFZヘルム,Rokka F Helm
0x479a94@mhfdat-jp.bin,ロッカHSヘルム,Rokka FZ Helm
0x479a98@mhfdat-jp.bin,ロッカGSヘルム,Rokka HS Helm
0x479a9c@mhfdat-jp.bin,ロッカGPヘルム,Rokka GS Helm
0x479aa0@mhfdat-jp.bin,ロッカZPヘルム,Rokka GP Helm
0x479aa4@mhfdat-jp.bin,ロッカキャップ,Rokka ZP Helm
0x479aa8@mhfdat-jp.bin,ロッカＦキャップ,Rokka Cap
0x479aac@mhfdat-jp.bin,ロッカFZキャップ,Rokka F Cap
0x479ab0@mhfdat-jp.bin,ロッカHSキャップ,Rokka FZ Cap
0x479ab4@mhfdat-jp.bin,ロッカGSキャップ,Rokka HS Cap
0x479ab8@mhfdat-jp.bin,ロッカGPキャップ,Rokka GS Cap
0x479abc@mhfdat-jp.bin,ロッカZPキャップ,Rokka GP Cap
0x479ac0@mhfdat-jp.bin,ペンレヘッド,Rokka ZP Cap
0x479ac4@mhfdat-jp.bin,ペンレＦヘッド,Penre Head
0x479ac8@mhfdat-jp.bin,ペンレFZヘッド,Penre F Head
0x479acc@mhfdat-jp.bin,ペンレHSヘッド,Penre FZ Head
0x479ad0@mhfdat-jp.bin,ペンレGSヘッド,Penre HS Head
0x479ad4@mhfdat-jp.bin,ペンレGPヘッド,Penre GS Head
0x479ad8@mhfdat-jp.bin,ペンレZPヘッド,Penre GP Head
0x479adc@mhfdat-jp.bin,ペンレキャップ,Penre ZP Head
0x479ae0@mhfdat-jp.bin,ペンレＦキャップ,Penre Cap
0x479ae4@mhfdat-jp.bin,ペンレFZキャップ,Penre F Cap
0x479ae8@mhfdat-jp.bin,ペンレHSキャップ,Penre FZ Cap
0x479aec@mhfdat-jp.bin,ペンレGSキャップ,Penre HS Cap
0x479af0@mhfdat-jp.bin,ペンレGPキャップ,Penre GS Cap
0x479af4@mhfdat-jp.bin,ペンレZPキャップ,Penre GP Cap
0x479af8@mhfdat-jp.bin,赤原礼装・頭：剣ZP赤,Penre ZP Cap
0x479afc@mhfdat-jp.bin,赤原礼装・頭：弓ZP赤,Akahara Reisou BM Head ZP Red
0x479b00@mhfdat-jp.bin,赤原礼装・頭：剣ZP青,Akahara Reisou GN Head ZP Red
0x479b04@mhfdat-jp.bin,赤原礼装・頭：弓ZP青,Akahara Reisou BM Head ZP Blue
0x479b08@mhfdat-jp.bin,赤原礼装・頭：剣ZP黒,Akahara Reisou GN Head ZP Blue
0x479b0c@mhfdat-jp.bin,赤原礼装・頭：弓ZP黒,Akahara Reisou BM Head ZP Black
0x479b10@mhfdat-jp.bin,赤原礼装・頭：剣ZP白,Akahara Reisou GN Head ZP Black
0x479b14@mhfdat-jp.bin,赤原礼装・頭：弓ZP白,Akahara Reisou BM Head ZP White
0x479b18@mhfdat-jp.bin,騎士王の髪結：剣ZP青,Akahara Reisou GN Head ZP White
0x479b1c@mhfdat-jp.bin,騎士王の髪結：弓ZP青,Knight King Hair BM ZP Blue
0x479b20@mhfdat-jp.bin,騎士王の髪結：剣ZP赤,Knight King Hair GN ZP Blue
0x479b24@mhfdat-jp.bin,騎士王の髪結：弓ZP赤,Knight King Hair BM ZP Red
0x479b28@mhfdat-jp.bin,騎士王の髪結：剣ZP黒,Knight King Hair GN ZP Red
0x479b2c@mhfdat-jp.bin,騎士王の髪結：弓ZP黒,Knight King Hair BM ZP Black
0x479b30@mhfdat-jp.bin,騎士王の髪結：剣ZP白,Knight King Hair GN ZP Black
0x479b34@mhfdat-jp.bin,騎士王の髪結：弓ZP白,Knight King Hair BM ZP White
0x479b38@mhfdat-jp.bin,英雄王の耳飾：剣ZP金,Knight King Hair GN ZP White
0x479b3c@mhfdat-jp.bin,英雄王の耳飾：銃ZP金,Hero King Earring BM ZP Gold
0x479b40@mhfdat-jp.bin,英雄王の耳飾：剣ZP黒,Hero King Earring GN ZP Gold
0x479b44@mhfdat-jp.bin,英雄王の耳飾：銃ZP黒,Hero King Earring BM ZP Black
0x479b48@mhfdat-jp.bin,英雄王の耳飾：剣ZP白,Hero King Earring GN ZP Black
0x479b4c@mhfdat-jp.bin,英雄王の耳飾：銃ZP白,Hero King Earring BM ZP White
0x479b50@mhfdat-jp.bin,英雄王の耳飾：剣ZP赤,Hero King Earring GN ZP White
0x479b54@mhfdat-jp.bin,英雄王の耳飾：銃ZP赤,Hero King Earring BM ZP Red
0x479b58@mhfdat-jp.bin,ゴルゴンZPヘッド・黒,Hero King Earring GN ZP Red
0x479b5c@mhfdat-jp.bin,ゴルゴンZPマスク・黒,Gorgon ZP Head・Black
0x479b60@mhfdat-jp.bin,ゴルゴンZPヘッド・青,Gorgon ZP Mask・Black
0x479b64@mhfdat-jp.bin,ゴルゴンZPマスク・青,Gorgon ZP Head・Blue
0x479b68@mhfdat-jp.bin,ゴルゴンZPヘッド・白,Gorgon ZP Mask・Blue
0x479b6c@mhfdat-jp.bin,ゴルゴンZPマスク・白,Gorgon ZP Head・White
0x479b70@mhfdat-jp.bin,ゴルゴンZPヘッド・赤,Gorgon ZP Mask・White
0x479b74@mhfdat-jp.bin,ゴルゴンZPマスク・赤,Gorgon ZP Head・Red
0x479b78@mhfdat-jp.bin,アーベンZPヘッド,Gorgon ZP Mask・Red
0x479b7c@mhfdat-jp.bin,アーベンZPキャップ,Arben ZP Head
0x479b80@mhfdat-jp.bin,アウラZPヘッド,Arben ZP Cap
0x479b84@mhfdat-jp.bin,アウラZPキャップ,Aura ZP Head
0x479b88@mhfdat-jp.bin,ガガチュZPピアス,Aura ZP Cap
0x479b8c@mhfdat-jp.bin,ガガチュZPハール,Gagachu ZP Piercings
0x479b90@mhfdat-jp.bin,クロフィZPヘッド,Gagachu ZP Haar
0x479b94@mhfdat-jp.bin,クロフィZPキャップ,Kurofi ZP Head
0x479b98@mhfdat-jp.bin,ケラヴノZPヘッド,Kurofi ZP Cap
0x479b9c@mhfdat-jp.bin,ケラヴノZPキャップ,Keravuno ZP Head
0x479ba0@mhfdat-jp.bin,リカンテＺヘルム,Keravuno ZP Cap
0x479ba4@mhfdat-jp.bin,リカンテZFヘルム,Rikante Z Helm
0x479ba8@mhfdat-jp.bin,リカンテZYヘルム,Rikante ZF Helm
0x479bac@mhfdat-jp.bin,リカンテZXヘルム,Rikante ZY Helm
0x479bb0@mhfdat-jp.bin,リカンテＺキャップ,Rikante ZX Helm
0x479bb4@mhfdat-jp.bin,リカンテZFキャップ,Rikante Z Cap
0x479bb8@mhfdat-jp.bin,リカンテZYキャップ,Rikante ZF Cap
0x479bbc@mhfdat-jp.bin,リカンテZXキャップ,Rikante ZY Cap
0x479bc0@mhfdat-jp.bin,チャトレＧヘルム,Rikante ZX Cap
0x479bc4@mhfdat-jp.bin,チャトレGFヘルム,Chatore G Helm
0x479bc8@mhfdat-jp.bin,チャトレGXヘルム,Chatore GF Helm
0x479bcc@mhfdat-jp.bin,チャトレＧキャップ,Chatore GX Helm
0x479bd0@mhfdat-jp.bin,チャトレGFキャップ,Chatore G Cap
0x479bd4@mhfdat-jp.bin,チャトレGXキャップ,Chatore GF Cap
0x479bd8@mhfdat-jp.bin,ドゥンルGXヘルム,Chatore GX Cap
0x479bdc@mhfdat-jp.bin,ドゥンルGXキャップ,Donru GX Helm
0x479be0@mhfdat-jp.bin,ペンレＤヘッド,Donru GX Cap
0x479be4@mhfdat-jp.bin,ロッカＤヘルム,Penre D Head
0x479be8@mhfdat-jp.bin,ﾖﾙﾊ九号S型Ｄヘッド,Rokka D Helm
0x479bec@mhfdat-jp.bin,ﾖﾙﾊ二号B型Ｄヘッド,YoRHa No.9 Type S D Head
0x479bf0@mhfdat-jp.bin,トリートＣヘッド,YoRHa No.2 Type B D Head
0x479bf4@mhfdat-jp.bin,クラフトＣヘッド,トリートC Head
0x479bf8@mhfdat-jp.bin,シエロＣヘッド,Craft C Head
0x479bfc@mhfdat-jp.bin,アイルーＣヘッド,Cielo C Head
0x479c00@mhfdat-jp.bin,赤原礼装・頭：弓Ｄ赤,Felyne C Head
0x479c04@mhfdat-jp.bin,赤原礼装・頭：弓Ｄ青,Akahara Reisou GN Head D Red
0x479c08@mhfdat-jp.bin,赤原礼装・頭：弓Ｄ黒,Akahara Reisou GN Head D Blue
0x479c0c@mhfdat-jp.bin,赤原礼装・頭：弓Ｄ白,Akahara Reisou GN Head D Black
0x479c10@mhfdat-jp.bin,騎士王の髪結：剣Ｄ青,Akahara Reisou GN Head D White
0x479c14@mhfdat-jp.bin,騎士王の髪結：剣Ｄ赤,Knight King Hair BM D Blue
0x479c18@mhfdat-jp.bin,騎士王の髪結：剣Ｄ黒,Knight King Hair BM D Red
0x479c1c@mhfdat-jp.bin,騎士王の髪結：剣Ｄ白,Knight King Hair BM D Black
0x479c20@mhfdat-jp.bin,英雄王の耳飾：剣Ｄ金,Knight King Hair BM D White
0x479c24@mhfdat-jp.bin,英雄王の耳飾：剣Ｄ黒,Hero King Earring BM D Gold
0x479c28@mhfdat-jp.bin,英雄王の耳飾：剣Ｄ白,Hero King Earring BM D Black
0x479c2c@mhfdat-jp.bin,英雄王の耳飾：剣Ｄ赤,Hero King Earring BM D White
0x479c30@mhfdat-jp.bin,ゴルゴンＤヘッド・黒,Hero King Earring BM D Red
0x479c34@mhfdat-jp.bin,ゴルゴンＤヘッド・青,Gorgon D Head・Black
0x479c38@mhfdat-jp.bin,ゴルゴンＤヘッド・白,Gorgon D Head・Blue
0x479c3c@mhfdat-jp.bin,ゴルゴンＤヘッド・赤,Gorgon D Head・White
0x479c40@mhfdat-jp.bin,アーベンＤヘッド,Gorgon D Head・Red
0x479c44@mhfdat-jp.bin,アウラＤヘッド,Arben D Head
0x479c48@mhfdat-jp.bin,ガガチュＤピアス,Aura D Head
0x479c4c@mhfdat-jp.bin,クロフィＤヘッド,Gagachu D Piercings
0x479c50@mhfdat-jp.bin,ケラヴノＤヘッド,Kurofi D Head
0x479c54@mhfdat-jp.bin,エスピナZDゲヒル,Keravuno D Head
0x479c58@mhfdat-jp.bin,エスピナZDアゼレ,Espinas ZD Brain
0x479c5c@mhfdat-jp.bin,ヒプノZDヘルム,Espinas ZD Soul
0x479c60@mhfdat-jp.bin,ヒプノZDキャップ,Hypnoc ZD Helm
0x479c64@mhfdat-jp.bin,フルフルZDヘルム,Hypnoc ZD Cap
0x479c68@mhfdat-jp.bin,フルフルZDキャップ,Khezu ZD Helm
0x479c6c@mhfdat-jp.bin,ザザミZDヘルム,Khezu ZD Cap
0x479c70@mhfdat-jp.bin,ザザミZDキャップ,Hermitaur ZD Helm
0x479c74@mhfdat-jp.bin,レウスZDヘルム,Hermitaur ZD Cap
0x479c78@mhfdat-jp.bin,レウスZDキャップ,Rathalos ZD Helm
0x479c7c@mhfdat-jp.bin,ブランゴZDヘルム,Rathalos ZD Cap
0x479c80@mhfdat-jp.bin,ブランゴZDキャップ,Blango ZD Helm
0x479c84@mhfdat-jp.bin,ヴァシムZDヘルム,Blango ZD Cap
0x479c88@mhfdat-jp.bin,ヴァシムZDキャップ,Vashimu ZD Helm
0x479c8c@mhfdat-jp.bin,レックスZDヘルム,Vashimu ZD Cap
0x479c90@mhfdat-jp.bin,レックスZDキャップ,Tigrex ZD Helm
0x479c94@mhfdat-jp.bin,ヒュジZDヘルム,Tigrex ZD Cap
0x479c98@mhfdat-jp.bin,ヒュジZDキャップ,Hyujikiki ZD Helm
0x479c9c@mhfdat-jp.bin,ギアZDヘルム,Hyujikiki ZD Cap
0x479ca0@mhfdat-jp.bin,ギアZDキャップ,Gear ZD Helm
0x479ca4@mhfdat-jp.bin,ムルタＤヘッド,Gear ZD Cap
0x479ca8@mhfdat-jp.bin,ミドＺヘルム,Muruta D Head
0x479cac@mhfdat-jp.bin,ミドZFヘルム,Midogaron Z Helm
0x479cb0@mhfdat-jp.bin,ミドZYヘルム,Midogaron ZF Helm
0x479cb4@mhfdat-jp.bin,ミドZXヘルム,Midogaron ZY Helm
0x479cb8@mhfdat-jp.bin,ミドＺキャップ,Midogaron ZX Helm
0x479cbc@mhfdat-jp.bin,ミドZFキャップ,Midogaron Z Cap
0x479cc0@mhfdat-jp.bin,ミドZYキャップ,Midogaron ZF Cap
0x479cc4@mhfdat-jp.bin,ミドZXキャップ,Midogaron ZY Cap
0x479cc8@mhfdat-jp.bin,祖龍GXヘッド,Midogaron ZX Cap
0x479ccc@mhfdat-jp.bin,祖龍GXフェイス,White Fatalis GX Head
0x479cd0@mhfdat-jp.bin,エルゼＧヘルム,White Fatalis GX Face
0x479cd4@mhfdat-jp.bin,エルゼGFヘルム,Elzelion G Helm
0x479cd8@mhfdat-jp.bin,エルゼGXヘルム,Elzelion GF Helm
0x479cdc@mhfdat-jp.bin,エルゼＧキャップ,Elzelion GX Helm
0x479ce0@mhfdat-jp.bin,エルゼGFキャップ,Elzelion G Cap
0x479ce4@mhfdat-jp.bin,エルゼGXキャップ,Elzelion GF Cap
0x479ce8@mhfdat-jp.bin,ザッカヘルム,Elzelion GX Cap
0x479cec@mhfdat-jp.bin,ザッカＦヘルム,Zakka Helm
0x479cf0@mhfdat-jp.bin,ザッカFZヘルム,Zakka F Helm
0x479cf4@mhfdat-jp.bin,ザッカHSヘルム,Zakka FZ Helm
0x479cf8@mhfdat-jp.bin,ザッカGSヘルム,Zakka HS Helm
0x479cfc@mhfdat-jp.bin,ザッカGPヘルム,Zakka GS Helm
0x479d00@mhfdat-jp.bin,ザッカZPヘルム,Zakka GP Helm
0x479d04@mhfdat-jp.bin,ザッカキャップ,Zakka ZP Helm
0x479d08@mhfdat-jp.bin,ザッカＦキャップ,Zakka Cap
0x479d0c@mhfdat-jp.bin,ザッカFZキャップ,Zakka F Cap
0x479d10@mhfdat-jp.bin,ザッカHSキャップ,Zakka FZ Cap
0x479d14@mhfdat-jp.bin,ザッカGSキャップ,Zakka HS Cap
0x479d18@mhfdat-jp.bin,ザッカGPキャップ,Zakka GS Cap
0x479d1c@mhfdat-jp.bin,ザッカZPキャップ,Zakka GP Cap
0x479d20@mhfdat-jp.bin,蒼ノ剣雄ヘルム,Zakka ZP Cap
0x479d24@mhfdat-jp.bin,蒼ノ剣雄Ｆヘルム,Sword Hero Helm
0x479d28@mhfdat-jp.bin,蒼ノ剣雄FZヘルム,Sword Hero F Helm
0x479d2c@mhfdat-jp.bin,蒼ノ剣雄HSヘルム,Sword Hero FZ Helm
0x479d30@mhfdat-jp.bin,蒼ノ剣雄GSヘルム,Sword Hero HS Helm
0x479d34@mhfdat-jp.bin,蒼ノ剣雄GPヘルム,Sword Hero GS Helm
0x479d38@mhfdat-jp.bin,蒼ノ剣雄ZPヘルム,Sword Hero GP Helm
0x479d3c@mhfdat-jp.bin,紅ノ双星ヘルム,Sword Hero ZP Helm
0x479d40@mhfdat-jp.bin,紅ノ双星Ｆヘルム,Twin Star Helm
0x479d44@mhfdat-jp.bin,紅ノ双星FZヘルム,Twin Star F Helm
0x479d48@mhfdat-jp.bin,紅ノ双星HSヘルム,Twin Star FZ Helm
0x479d4c@mhfdat-jp.bin,紅ノ双星GSヘルム,Twin Star HS Helm
0x479d50@mhfdat-jp.bin,紅ノ双星GPヘルム,Twin Star GS Helm
0x479d54@mhfdat-jp.bin,紅ノ双星ZPヘルム,Twin Star GP Helm
0x479d58@mhfdat-jp.bin,黒ノ天剣ヘルム,Twin Star ZP Helm
0x479d5c@mhfdat-jp.bin,黒ノ天剣Ｆヘルム,Heaven Blade Helm
0x479d60@mhfdat-jp.bin,黒ノ天剣FZヘルム,Heaven Blade F Helm
0x479d64@mhfdat-jp.bin,黒ノ天剣HSヘルム,Heaven Blade FZ Helm
0x479d68@mhfdat-jp.bin,黒ノ天剣GSヘルム,Heaven Blade HS Helm
0x479d6c@mhfdat-jp.bin,黒ノ天剣GPヘルム,Heaven Blade GS Helm
0x479d70@mhfdat-jp.bin,黒ノ天剣ZPヘルム,Heaven Blade GP Helm
0x479d74@mhfdat-jp.bin,茜ノ春刀ヘルム,Heaven Blade ZP Helm
0x479d78@mhfdat-jp.bin,茜ノ春刀Ｆヘルム,Spring Sword Helm
0x479d7c@mhfdat-jp.bin,茜ノ春刀FZヘルム,Spring Sword F Helm
0x479d80@mhfdat-jp.bin,茜ノ春刀HSヘルム,Spring Sword FZ Helm
0x479d84@mhfdat-jp.bin,茜ノ春刀GSヘルム,Spring Sword HS Helm
0x479d88@mhfdat-jp.bin,茜ノ春刀GPヘルム,Spring Sword GS Helm
0x479d8c@mhfdat-jp.bin,茜ノ春刀ZPヘルム,Spring Sword GP Helm
0x479d90@mhfdat-jp.bin,菊ノ乱鎚ヘルム,Spring Sword ZP Helm
0x479d94@mhfdat-jp.bin,菊ノ乱鎚Ｆヘルム,Riot Hammer Helm
0x479d98@mhfdat-jp.bin,菊ノ乱鎚FZヘルム,Riot Hammer F Helm
0x479d9c@mhfdat-jp.bin,菊ノ乱鎚HSヘルム,Riot Hammer FZ Helm
0x479da0@mhfdat-jp.bin,菊ノ乱鎚GSヘルム,Riot Hammer HS Helm
0x479da4@mhfdat-jp.bin,菊ノ乱鎚GPヘルム,Riot Hammer GS Helm
0x479da8@mhfdat-jp.bin,菊ノ乱鎚ZPヘルム,Riot Hammer GP Helm
0x479dac@mhfdat-jp.bin,桜ノ歌笛ヘルム,Riot Hammer ZP Helm
0x479db0@mhfdat-jp.bin,桜ノ歌笛Ｆヘルム,Song Horn Helm
0x479db4@mhfdat-jp.bin,桜ノ歌笛FZヘルム,Song Horn F Helm
0x479db8@mhfdat-jp.bin,桜ノ歌笛HSヘルム,Song Horn FZ Helm
0x479dbc@mhfdat-jp.bin,桜ノ歌笛GSヘルム,Song Horn HS Helm
0x479dc0@mhfdat-jp.bin,桜ノ歌笛GPヘルム,Song Horn GS Helm
0x479dc4@mhfdat-jp.bin,桜ノ歌笛ZPヘルム,Song Horn GP Helm
0x479dc8@mhfdat-jp.bin,空ノ砕槍ヘルム,Song Horn ZP Helm
0x479dcc@mhfdat-jp.bin,空ノ砕槍Ｆヘルム,Crush Lance Helm
0x479dd0@mhfdat-jp.bin,空ノ砕槍FZヘルム,Crush Lance F Helm
0x479dd4@mhfdat-jp.bin,空ノ砕槍HSヘルム,Crush Lance FZ Helm
0x479dd8@mhfdat-jp.bin,空ノ砕槍GSヘルム,Crush Lance HS Helm
0x479ddc@mhfdat-jp.bin,空ノ砕槍GPヘルム,Crush Lance GS Helm
0x479de0@mhfdat-jp.bin,空ノ砕槍ZPヘルム,Crush Lance GP Helm
0x479de4@mhfdat-jp.bin,宵ノ告槍ヘルム,Crush Lance ZP Helm
0x479de8@mhfdat-jp.bin,宵ノ告槍Ｆヘルム,Scream Lance Helm
0x479dec@mhfdat-jp.bin,宵ノ告槍FZヘルム,Scream Lance F Helm
0x479df0@mhfdat-jp.bin,宵ノ告槍HSヘルム,Scream Lance FZ Helm
0x479df4@mhfdat-jp.bin,宵ノ告槍GSヘルム,Scream Lance HS Helm
0x479df8@mhfdat-jp.bin,宵ノ告槍GPヘルム,Scream Lance GS Helm
0x479dfc@mhfdat-jp.bin,宵ノ告槍ZPヘルム,Scream Lance GP Helm
0x479e00@mhfdat-jp.bin,白ノ穿光ヘルム,Scream Lance ZP Helm
0x479e04@mhfdat-jp.bin,白ノ穿光Ｆヘルム,Piercing Light Helm
0x479e08@mhfdat-jp.bin,白ノ穿光FZヘルム,Piercing Light F Helm
0x479e0c@mhfdat-jp.bin,白ノ穿光HSヘルム,Piercing Light FZ Helm
0x479e10@mhfdat-jp.bin,白ノ穿光GSヘルム,Piercing Light HS Helm
0x479e14@mhfdat-jp.bin,白ノ穿光GPヘルム,Piercing Light GS Helm
0x479e18@mhfdat-jp.bin,白ノ穿光ZPヘルム,Piercing Light GP Helm
0x479e1c@mhfdat-jp.bin,藤ノ彩斧ヘルム,Piercing Light ZP Helm
0x479e20@mhfdat-jp.bin,藤ノ彩斧Ｆヘルム,Colour Axe Helm
0x479e24@mhfdat-jp.bin,藤ノ彩斧FZヘルム,Colour Axe F Helm
0x479e28@mhfdat-jp.bin,藤ノ彩斧HSヘルム,Colour Axe FZ Helm
0x479e2c@mhfdat-jp.bin,藤ノ彩斧GSヘルム,Colour Axe HS Helm
0x479e30@mhfdat-jp.bin,藤ノ彩斧GPヘルム,Colour Axe GS Helm
0x479e34@mhfdat-jp.bin,藤ノ彩斧ZPヘルム,Colour Axe GP Helm
0x479e38@mhfdat-jp.bin,陽ノ砲銃キャップ,Colour Axe ZP Helm
0x479e3c@mhfdat-jp.bin,陽ノ砲銃Ｆキャップ,Blast Gun Cap
0x479e40@mhfdat-jp.bin,陽ノ砲銃FZキャップ,Blast Gun F Cap
0x479e44@mhfdat-jp.bin,陽ノ砲銃HSキャップ,Blast Gun FZ Cap
0x479e48@mhfdat-jp.bin,陽ノ砲銃GSキャップ,Blast Gun HS Cap
0x479e4c@mhfdat-jp.bin,陽ノ砲銃GPキャップ,Blast Gun GS Cap
0x479e50@mhfdat-jp.bin,陽ノ砲銃ZPキャップ,Blast Gun GP Cap
0x479e54@mhfdat-jp.bin,地ノ崩砲キャップ,Blast Gun ZP Cap
0x479e58@mhfdat-jp.bin,地ノ崩砲Ｆキャップ,Crush Gun Cap
0x479e5c@mhfdat-jp.bin,地ノ崩砲FZキャップ,Crush Gun F Cap
0x479e60@mhfdat-jp.bin,地ノ崩砲HSキャップ,Crush Gun FZ Cap
0x479e64@mhfdat-jp.bin,地ノ崩砲GSキャップ,Crush Gun HS Cap
0x479e68@mhfdat-jp.bin,地ノ崩砲GPキャップ,Crush Gun GS Cap
0x479e6c@mhfdat-jp.bin,地ノ崩砲ZPキャップ,Crush Gun GP Cap
0x479e70@mhfdat-jp.bin,夜ノ弓聖キャップ,Crush Gun ZP Cap
0x479e74@mhfdat-jp.bin,夜ノ弓聖Ｆキャップ,Bow Saint Cap
0x479e78@mhfdat-jp.bin,夜ノ弓聖FZキャップ,Bow Saint F Cap
0x479e7c@mhfdat-jp.bin,夜ノ弓聖HSキャップ,Bow Saint FZ Cap
0x479e80@mhfdat-jp.bin,夜ノ弓聖GSキャップ,Bow Saint HS Cap
0x479e84@mhfdat-jp.bin,夜ノ弓聖GPキャップ,Bow Saint GS Cap
0x479e88@mhfdat-jp.bin,夜ノ弓聖ZPキャップ,Bow Saint GP Cap
0x479e8c@mhfdat-jp.bin,ランタナヘルム,Bow Saint ZP Cap
0x479e90@mhfdat-jp.bin,ランタナＦヘルム,Rantana Helm
0x479e94@mhfdat-jp.bin,ランタナFZヘルム,Rantana F Helm
0x479e98@mhfdat-jp.bin,ランタナHSヘルム,Rantana FZ Helm
0x479e9c@mhfdat-jp.bin,ランタナGSヘルム,Rantana HS Helm
0x479ea0@mhfdat-jp.bin,ランタナGPヘルム,Rantana GS Helm
0x479ea4@mhfdat-jp.bin,ランタナZPヘルム,Rantana GP Helm
0x479ea8@mhfdat-jp.bin,ランタナキャップ,Rantana ZP Helm
0x479eac@mhfdat-jp.bin,ランタナＦキャップ,Rantana Cap
0x479eb0@mhfdat-jp.bin,ランタナFZキャップ,Rantana F Cap
0x479eb4@mhfdat-jp.bin,ランタナHSキャップ,Rantana FZ Cap
0x479eb8@mhfdat-jp.bin,ランタナGSキャップ,Rantana HS Cap
0x479ebc@mhfdat-jp.bin,ランタナGPキャップ,Rantana GS Cap
0x479ec0@mhfdat-jp.bin,ランタナZPキャップ,Rantana GP Cap
0x479ec4@mhfdat-jp.bin,エリスヘルム,Rantana ZP Cap
0x479ec8@mhfdat-jp.bin,エリスＦヘルム,Eris Helm
0x479ecc@mhfdat-jp.bin,エリスFZヘルム,Eris F Helm
0x479ed0@mhfdat-jp.bin,エリスHSヘルム,Eris FZ Helm
0x479ed4@mhfdat-jp.bin,エリスGSヘルム,Eris HS Helm
0x479ed8@mhfdat-jp.bin,エリスGPヘルム,Eris GS Helm
0x479edc@mhfdat-jp.bin,エリスZPヘルム,Eris GP Helm
0x479ee0@mhfdat-jp.bin,エリスキャップ,Eris ZP Helm
0x479ee4@mhfdat-jp.bin,エリスＦキャップ,Eris Cap
0x479ee8@mhfdat-jp.bin,エリスFZキャップ,Eris F Cap
0x479eec@mhfdat-jp.bin,エリスHSキャップ,Eris FZ Cap
0x479ef0@mhfdat-jp.bin,エリスGSキャップ,Eris HS Cap
0x479ef4@mhfdat-jp.bin,エリスGPキャップ,Eris GS Cap
0x479ef8@mhfdat-jp.bin,エリスZPキャップ,Eris GP Cap
0x479efc@mhfdat-jp.bin,マギサZPヘッド・赤,Eris ZP Cap
0x479f00@mhfdat-jp.bin,マギサZPヘッド・黒,Magisa ZP Head・Red
0x479f04@mhfdat-jp.bin,マギサZPヘッド・緑,Magisa ZP Head・Black
0x479f08@mhfdat-jp.bin,マギサZPヘッド・白,Magisa ZP Head・Green
0x479f0c@mhfdat-jp.bin,ウィザーZPハット・赤,Magisa ZP Head・White
0x479f10@mhfdat-jp.bin,ウィザーZPハット・黒,Wizard ZP Hat・Red
0x479f14@mhfdat-jp.bin,ウィザーZPハット・緑,Wizard ZP Hat・Black
0x479f18@mhfdat-jp.bin,ウィザーZPハット・白,Wizard ZP Hat・Green
0x479f1c@mhfdat-jp.bin,和花ノ帽ZP,Wizard ZP Hat・White
0x479f20@mhfdat-jp.bin,和花ノ冠ZP,Waka Cap ZP
0x479f24@mhfdat-jp.bin,シャランZPヘッド・青,Waka Crown ZP
0x479f28@mhfdat-jp.bin,シャランZPヘッド・緑,Shaln ZP Head・Blue
0x479f2c@mhfdat-jp.bin,シャランZPヘッド・紫,Shaln ZP Head・Green
0x479f30@mhfdat-jp.bin,シャランZPヘッド・白,Shaln ZP Head・Purple
0x479f34@mhfdat-jp.bin,シャランZPハット・青,Shaln ZP Head・White
0x479f38@mhfdat-jp.bin,シャランZPハット・緑,Shaln ZP Hat・Blue
0x479f3c@mhfdat-jp.bin,シャランZPハット・紫,Shaln ZP Hat・Green
0x479f40@mhfdat-jp.bin,シャランZPハット・白,Shaln ZP Hat・Purple
0x479f44@mhfdat-jp.bin,アルミュＧヘッド,Shaln ZP Hat・White
0x479f48@mhfdat-jp.bin,アルミュGFヘッド,Arumyu G Head
0x479f4c@mhfdat-jp.bin,アルミュGXヘッド,Arumyu GF Head
0x479f50@mhfdat-jp.bin,アルミュＧキャップ,Arumyu GX Head
0x479f54@mhfdat-jp.bin,アルミュGFキャップ,Arumyu G Cap
0x479f58@mhfdat-jp.bin,アルミュGXキャップ,Arumyu GF Cap
0x479f5c@mhfdat-jp.bin,コリニィＺバンド,Arumyu GX Cap
0x479f60@mhfdat-jp.bin,コリニィZFバンド,Korinyi Z Band
0x479f64@mhfdat-jp.bin,コリニィZYバンド,Korinyi ZF Band
0x479f68@mhfdat-jp.bin,コリニィZXバンド,Korinyi ZY Band
0x479f6c@mhfdat-jp.bin,コリニィＺヘッド,Korinyi ZX Band
0x479f70@mhfdat-jp.bin,コリニィZFヘッド,Korinyi Z Head
0x479f74@mhfdat-jp.bin,コリニィZYヘッド,Korinyi ZF Head
0x479f78@mhfdat-jp.bin,コリニィZXヘッド,Korinyi ZY Head
0x479f7c@mhfdat-jp.bin,煉華ノ鉢金Ｚ,Korinyi ZX Head
0x479f80@mhfdat-jp.bin,煉華ノ鉢金ZF,Renka Headguard Z
0x479f84@mhfdat-jp.bin,煉華ノ鉢金ZY,Renka Headguard ZF
0x479f88@mhfdat-jp.bin,煉華ノ鉢金ZX,Renka Headguard ZY
0x479f8c@mhfdat-jp.bin,煉華ノ面Ｚ,Renka Headguard ZX
0x479f90@mhfdat-jp.bin,煉華ノ面ZF,Renka Mask Z
0x479f94@mhfdat-jp.bin,煉華ノ面ZY,Renka Mask ZF
0x479f98@mhfdat-jp.bin,煉華ノ面ZX,Renka Mask ZY
0x479f9c@mhfdat-jp.bin,エルゼバレッタ,Renka Mask ZX
0x479fa0@mhfdat-jp.bin,エルゼＦバレッタ,Elzelion Beretta
0x479fa4@mhfdat-jp.bin,エルゼＧバレッタ,Elzelion F Beretta
0x479fa8@mhfdat-jp.bin,エルゼGFバレッタ,Elzelion G Beretta
0x479fac@mhfdat-jp.bin,エルゼGXバレッタ,Elzelion GF Beretta
0x479fb0@mhfdat-jp.bin,ダミー,Elzelion GX Beretta
0x479fb4@mhfdat-jp.bin,ダミー,ダミー
0x479fb8@mhfdat-jp.bin,ダミー,ダミー
0x479fbc@mhfdat-jp.bin,ダミー,ダミー
0x479fc0@mhfdat-jp.bin,ダミー,ダミー
0x479fc4@mhfdat-jp.bin,ダミー,ダミー
0x479fc8@mhfdat-jp.bin,ダミー,ダミー
0x479fcc@mhfdat-jp.bin,ダミー,ダミー
0x479fd0@mhfdat-jp.bin,ミドZDヘルム,ダミー
0x479fd4@mhfdat-jp.bin,ミドZDキャップ,Midogaron ZD Helm
0x479fd8@mhfdat-jp.bin,祖龍Ｄヘッド,Midogaron ZD Cap
0x479fdc@mhfdat-jp.bin,祖龍Ｄフェイス,White Fatalis D Head
0x479fe0@mhfdat-jp.bin,エルゼＤヘルム,White Fatalis D Face
0x479fe4@mhfdat-jp.bin,エルゼＤキャップ,Elzelion D Helm
0x479fe8@mhfdat-jp.bin,ザッカＤヘルム,Elzelion D Cap
0x479fec@mhfdat-jp.bin,十ノ軌跡Ｃヘルム,Zakka D Helm
0x479ff0@mhfdat-jp.bin,十ノ至道Ｃキャップ,十ノ軌跡C Helm
0x479ff4@mhfdat-jp.bin,ランタナＤヘルム,十ノ至道C Cap
0x479ff8@mhfdat-jp.bin,エリスＤヘルム,Rantana D Helm
0x479ffc@mhfdat-jp.bin,マギサＤヘッド・赤,Eris D Helm
0x47a000@mhfdat-jp.bin,マギサＤヘッド・黒,Magisa D Head・Red
0x47a004@mhfdat-jp.bin,マギサＤヘッド・緑,Magisa D Head・Black
0x47a008@mhfdat-jp.bin,マギサＤヘッド・白,Magisa D Head・Green
0x47a00c@mhfdat-jp.bin,マギサＤヘッド・青,Magisa D Head・White
0x47a010@mhfdat-jp.bin,和花ノ帽Ｄ,Magisa D Head・Blue
0x47a014@mhfdat-jp.bin,シャランＤヘッド・青,Waka Cap D
0x47a018@mhfdat-jp.bin,シャランＤヘッド・緑,Shaln D Head・Blue
0x47a01c@mhfdat-jp.bin,シャランＤヘッド・紫,Shaln D Head・Green
0x47a020@mhfdat-jp.bin,シャランＤヘッド・白,Shaln D Head・Purple
0x47a024@mhfdat-jp.bin,シャランＤヘッド・赤,Shaln D Head・White
0x47a028@mhfdat-jp.bin,シャランＤヘッド・紅,Shaln D Head・Red
0x47a02c@mhfdat-jp.bin,シャランＤヘッド・橙,Shaln D Head・Crimson
0x47a030@mhfdat-jp.bin,キャリッジＤヘッド,Shaln D Head・Orange
0x47a034@mhfdat-jp.bin,マーブルＤヘッド,Carriage D Head
0x47a038@mhfdat-jp.bin,シャンディＤヘッド,Marble D Head
0x47a03c@mhfdat-jp.bin,バンケットＤヘッド,Shandy D Head
0x47a040@mhfdat-jp.bin,コリニィＤバンド,Banquet D Head
0x47a044@mhfdat-jp.bin,煉華ノ鉢金Ｄ,Korinyi D Band
0x47a048@mhfdat-jp.bin,タルネコＤヘルム・金,Renka Headguard D
0x47a04c@mhfdat-jp.bin,タルネコＤヘルム・銀,Barrel Cat D Helm・Gold
0x47a050@mhfdat-jp.bin,タルネコＤヘルム・銅,Barrel Cat D Helm・Silver
0x47a054@mhfdat-jp.bin,ククボＤヘッド,Barrel Cat D Helm・Copper
0x47a058@mhfdat-jp.bin,カカブＤヘッド,Kukubo D Head
0x47a05c@mhfdat-jp.bin,アルルＤヘッド,Kakabu D Head
0x47a060@mhfdat-jp.bin,あかねこ服Ｄマスク,Aruru D Head
0x47a064@mhfdat-jp.bin,ライオスＤヘルム,Red Cat D Mask
0x47a068@mhfdat-jp.bin,ボニトＤヘルム,Rios D Helm
0x47a06c@mhfdat-jp.bin,メイリダＤヘルム,Bonito D Helm
0x47a070@mhfdat-jp.bin,ミニオムＤヘルム,Meirida D Helm
0x47a074@mhfdat-jp.bin,ハリメノＤヘルム,Miniomu D Helm
0x47a078@mhfdat-jp.bin,デリヴＤヘルム,Harimeno D Helm
0x47a07c@mhfdat-jp.bin,アサークＤヘルム,Deliver D Helm
0x47a080@mhfdat-jp.bin,デゾルトＤヘルム,Asaku D Helm
0x47a084@mhfdat-jp.bin,ハラガンＤヘルム,Desordre D Helm
0x47a088@mhfdat-jp.bin,アブヤドＤヘルム,Haragan D Helm
0x47a08c@mhfdat-jp.bin,ルコＺヘルム,Abuyado D Helm
0x47a090@mhfdat-jp.bin,ルコZFヘルム,Rukodiora Z Helm
0x47a094@mhfdat-jp.bin,ルコZYヘルム,Rukodiora ZF Helm
0x47a098@mhfdat-jp.bin,ルコZXヘルム,Rukodiora ZY Helm
0x47a09c@mhfdat-jp.bin,ルコＺキャップ,Rukodiora ZX Helm
0x47a0a0@mhfdat-jp.bin,ルコZFキャップ,Rukodiora Z Cap
0x47a0a4@mhfdat-jp.bin,ルコZYキャップ,Rukodiora ZF Cap
0x47a0a8@mhfdat-jp.bin,ルコZXキャップ,Rukodiora ZY Cap
0x47a0ac@mhfdat-jp.bin,ガノＺヘルム,Rukodiora ZX Cap
0x47a0b0@mhfdat-jp.bin,ガノZFヘルム,Plesioth Z Helm
0x47a0b4@mhfdat-jp.bin,ガノZYヘルム,Plesioth ZF Helm
0x47a0b8@mhfdat-jp.bin,ガノZXヘルム,Plesioth ZY Helm
0x47a0bc@mhfdat-jp.bin,ガノＺキャップ,Plesioth ZX Helm
0x47a0c0@mhfdat-jp.bin,ガノZFキャップ,Plesioth Z Cap
0x47a0c4@mhfdat-jp.bin,ガノZYキャップ,Plesioth ZF Cap
0x47a0c8@mhfdat-jp.bin,ガノZXキャップ,Plesioth ZY Cap
0x47a0cc@mhfdat-jp.bin,シャルフヘルム,Plesioth ZX Cap
0x47a0d0@mhfdat-jp.bin,シャルフＦヘルム,Sharufu Helm
0x47a0d4@mhfdat-jp.bin,シャルフFZヘルム,Sharufu F Helm
0x47a0d8@mhfdat-jp.bin,シャルフHSヘルム,Sharufu FZ Helm
0x47a0dc@mhfdat-jp.bin,シャルフGSヘルム,Sharufu HS Helm
0x47a0e0@mhfdat-jp.bin,シャルフGPヘルム,Sharufu GS Helm
0x47a0e4@mhfdat-jp.bin,シャルフZPヘルム,Sharufu GP Helm
0x47a0e8@mhfdat-jp.bin,シャルフキャップ,Sharufu ZP Helm
0x47a0ec@mhfdat-jp.bin,シャルフＦキャップ,Sharufu Cap
0x47a0f0@mhfdat-jp.bin,シャルフFZキャップ,Sharufu F Cap
0x47a0f4@mhfdat-jp.bin,シャルフHSキャップ,Sharufu FZ Cap
0x47a0f8@mhfdat-jp.bin,シャルフGSキャップ,Sharufu HS Cap
0x47a0fc@mhfdat-jp.bin,シャルフGPキャップ,Sharufu GS Cap
0x47a100@mhfdat-jp.bin,シャルフZPキャップ,Sharufu GP Cap
0x47a104@mhfdat-jp.bin,カマラヘルム,Sharufu ZP Cap
0x47a108@mhfdat-jp.bin,カマラＦヘルム,Kamara Helm
0x47a10c@mhfdat-jp.bin,カマラFZヘルム,Kamara F Helm
0x47a110@mhfdat-jp.bin,カマラHSヘルム,Kamara FZ Helm
0x47a114@mhfdat-jp.bin,カマラGSヘルム,Kamara HS Helm
0x47a118@mhfdat-jp.bin,カマラGPヘルム,Kamara GS Helm
0x47a11c@mhfdat-jp.bin,カマラZPヘルム,Kamara GP Helm
0x47a120@mhfdat-jp.bin,カマラキャップ,Kamara ZP Helm
0x47a124@mhfdat-jp.bin,カマラＦキャップ,Kamara Cap
0x47a128@mhfdat-jp.bin,カマラFZキャップ,Kamara F Cap
0x47a12c@mhfdat-jp.bin,カマラHSキャップ,Kamara FZ Cap
0x47a130@mhfdat-jp.bin,カマラGSキャップ,Kamara HS Cap
0x47a134@mhfdat-jp.bin,カマラGPキャップ,Kamara GS Cap
0x47a138@mhfdat-jp.bin,カマラZPキャップ,Kamara GP Cap
0x47a13c@mhfdat-jp.bin,ルーチェヘルム,Kamara ZP Cap
0x47a140@mhfdat-jp.bin,ルーチェＦヘルム,Ruche Helm
0x47a144@mhfdat-jp.bin,ルーチェFZヘルム,Ruche F Helm
0x47a148@mhfdat-jp.bin,ルーチェHSヘルム,Ruche FZ Helm
0x47a14c@mhfdat-jp.bin,ルーチェGSヘルム,Ruche HS Helm
0x47a150@mhfdat-jp.bin,ルーチェGPヘルム,Ruche GS Helm
0x47a154@mhfdat-jp.bin,ルーチェZPヘルム,Ruche GP Helm
0x47a158@mhfdat-jp.bin,ルーチェキャップ,Ruche ZP Helm
0x47a15c@mhfdat-jp.bin,ルーチェＦキャップ,Ruche Cap
0x47a160@mhfdat-jp.bin,ルーチェFZキャップ,Ruche F Cap
0x47a164@mhfdat-jp.bin,ルーチェHSキャップ,Ruche FZ Cap
0x47a168@mhfdat-jp.bin,ルーチェGSキャップ,Ruche HS Cap
0x47a16c@mhfdat-jp.bin,ルーチェGPキャップ,Ruche GS Cap
0x47a170@mhfdat-jp.bin,ルーチェZPキャップ,Ruche GP Cap
0x47a174@mhfdat-jp.bin,レイジHSヘルム,Ruche ZP Cap
0x47a178@mhfdat-jp.bin,レイジGSヘルム,Rage HS Helm
0x47a17c@mhfdat-jp.bin,レイジGPヘルム,Rage GS Helm
0x47a180@mhfdat-jp.bin,レイジZPヘルム,Rage GP Helm
0x47a184@mhfdat-jp.bin,レイジHSマスク,Rage ZP Helm
0x47a188@mhfdat-jp.bin,レイジGSマスク,Rage HS Mask
0x47a18c@mhfdat-jp.bin,レイジGPマスク,Rage GS Mask
0x47a190@mhfdat-jp.bin,レイジZPマスク,Rage GP Mask
0x47a194@mhfdat-jp.bin,ランページHSヘルム,Rage ZP Mask
0x47a198@mhfdat-jp.bin,ランページGSヘルム,Rampage HS Helm
0x47a19c@mhfdat-jp.bin,ランページGPヘルム,Rampage GS Helm
0x47a1a0@mhfdat-jp.bin,ランページZPヘルム,Rampage GP Helm
0x47a1a4@mhfdat-jp.bin,ランページHSマスク,Rampage ZP Helm
0x47a1a8@mhfdat-jp.bin,ランページGSマスク,Rampage HS Mask
0x47a1ac@mhfdat-jp.bin,ランページGPマスク,Rampage GS Mask
0x47a1b0@mhfdat-jp.bin,ランページZPマスク,Rampage GP Mask
0x47a1b4@mhfdat-jp.bin,ブレイズHSヘルム,Rampage ZP Mask
0x47a1b8@mhfdat-jp.bin,ブレイズGSヘルム,Blaze HS Helm
0x47a1bc@mhfdat-jp.bin,ブレイズGPヘルム,Blaze GS Helm
0x47a1c0@mhfdat-jp.bin,ブレイズZPヘルム,Blaze GP Helm
0x47a1c4@mhfdat-jp.bin,ブレイズHSマスク,Blaze ZP Helm
0x47a1c8@mhfdat-jp.bin,ブレイズGSマスク,Blaze HS Mask
0x47a1cc@mhfdat-jp.bin,ブレイズGPマスク,Blaze GS Mask
0x47a1d0@mhfdat-jp.bin,ブレイズZPマスク,Blaze GP Mask
0x47a1d4@mhfdat-jp.bin,エスピHSマスク・緑,Blaze ZP Mask
0x47a1d8@mhfdat-jp.bin,エスピGSマスク・緑,Espi HS Mask・Green
0x47a1dc@mhfdat-jp.bin,エスピGPマスク・緑,Espi GS Mask・Green
0x47a1e0@mhfdat-jp.bin,エスピZPマスク・緑,Espi GP Mask・Green
0x47a1e4@mhfdat-jp.bin,エスピHSマスク・茶,Espi ZP Mask・Green
0x47a1e8@mhfdat-jp.bin,エスピGSマスク・茶,Espi HS Mask・Tea
0x47a1ec@mhfdat-jp.bin,エスピGPマスク・茶,Espi GS Mask・Tea
0x47a1f0@mhfdat-jp.bin,エスピZPマスク・茶,Espi GP Mask・Tea
0x47a1f4@mhfdat-jp.bin,エスピHSマスク・白,Espi ZP Mask・Tea
0x47a1f8@mhfdat-jp.bin,エスピGSマスク・白,Espi HS Mask・White
0x47a1fc@mhfdat-jp.bin,エスピGPマスク・白,Espi GS Mask・White
0x47a200@mhfdat-jp.bin,エスピZPマスク・白,Espi GP Mask・White
0x47a204@mhfdat-jp.bin,プーギーFZクラウン,Espi ZP Mask・White
0x47a208@mhfdat-jp.bin,プーギーHSクラウン,Poogie FZ Crown
0x47a20c@mhfdat-jp.bin,プーギーGSクラウン,Poogie HS Crown
0x47a210@mhfdat-jp.bin,プーギーGPクラウン,Poogie GS Crown
0x47a214@mhfdat-jp.bin,プーギーZPクラウン,Poogie GP Crown
0x47a218@mhfdat-jp.bin,プーギーFZシンボル,Poogie ZP Crown
0x47a21c@mhfdat-jp.bin,プーギーHSシンボル,Poogie FZ Symbol
0x47a220@mhfdat-jp.bin,プーギーGSシンボル,Poogie HS Symbol
0x47a224@mhfdat-jp.bin,プーギーGPシンボル,Poogie GS Symbol
0x47a228@mhfdat-jp.bin,プーギーZPシンボル,Poogie GP Symbol
0x47a22c@mhfdat-jp.bin,マンドラFZヘルム,Poogie ZP Symbol
0x47a230@mhfdat-jp.bin,マンドラHSヘルム,Mandora FZ Helm
0x47a234@mhfdat-jp.bin,マンドラGSヘルム,Mandora HS Helm
0x47a238@mhfdat-jp.bin,マンドラGPヘルム,Mandora GS Helm
0x47a23c@mhfdat-jp.bin,マンドラZPヘルム,Mandora GP Helm
0x47a240@mhfdat-jp.bin,マンドラFZハット,Mandora ZP Helm
0x47a244@mhfdat-jp.bin,マンドラHSハット,Mandora FZ Hat
0x47a248@mhfdat-jp.bin,マンドラGSハット,Mandora HS Hat
0x47a24c@mhfdat-jp.bin,マンドラGPハット,Mandora GS Hat
0x47a250@mhfdat-jp.bin,マンドラZPハット,Mandora GP Hat
0x47a254@mhfdat-jp.bin,アオノコFZヘルム,Mandora ZP Hat
0x47a258@mhfdat-jp.bin,アオノコHSヘルム,Aonoko FZ Helm
0x47a25c@mhfdat-jp.bin,アオノコGSヘルム,Aonoko HS Helm
0x47a260@mhfdat-jp.bin,アオノコGPヘルム,Aonoko GS Helm
0x47a264@mhfdat-jp.bin,アオノコZPヘルム,Aonoko GP Helm
0x47a268@mhfdat-jp.bin,アオノコFZハット,Aonoko ZP Helm
0x47a26c@mhfdat-jp.bin,アオノコHSハット,Aonoko FZ Hat
0x47a270@mhfdat-jp.bin,アオノコGSハット,Aonoko HS Hat
0x47a274@mhfdat-jp.bin,アオノコGPハット,Aonoko GS Hat
0x47a278@mhfdat-jp.bin,アオノコZPハット,Aonoko GP Hat
0x47a27c@mhfdat-jp.bin,ガウスZPヘルム,Aonoko ZP Hat
0x47a280@mhfdat-jp.bin,ガウスZPマスク,Gauss ZP Helm
0x47a284@mhfdat-jp.bin,ウェーバZPヘルム,Gauss ZP Mask
0x47a288@mhfdat-jp.bin,ウェーバZPマスク,Weber ZP Helm
0x47a28c@mhfdat-jp.bin,ギルバートZPヘルム,Weber ZP Mask
0x47a290@mhfdat-jp.bin,ギルバートZPマスク,Gilbert ZP Helm
0x47a294@mhfdat-jp.bin,ズィベイZPゲヒル,Gilbert ZP Mask
0x47a298@mhfdat-jp.bin,ズィベイZPゼレ,Zuibei ZP Brain
0x47a29c@mhfdat-jp.bin,リエブレＧヘルム,Zuibei ZP Soul
0x47a2a0@mhfdat-jp.bin,リエブレGFヘルム,Liebre G Helm
0x47a2a4@mhfdat-jp.bin,リエブレGXヘルム,Liebre GF Helm
0x47a2a8@mhfdat-jp.bin,リエブレＧキャップ,Liebre GX Helm
0x47a2ac@mhfdat-jp.bin,リエブレGFキャップ,Liebre G Cap
0x47a2b0@mhfdat-jp.bin,リエブレGXキャップ,Liebre GF Cap
0x47a2b4@mhfdat-jp.bin,メレンテＺヘルム,Liebre GX Cap
0x47a2b8@mhfdat-jp.bin,メレンテZFヘルム,Merente Z Helm
0x47a2bc@mhfdat-jp.bin,メレンテZYヘルム,Merente ZF Helm
0x47a2c0@mhfdat-jp.bin,メレンテZXヘルム,Merente ZY Helm
0x47a2c4@mhfdat-jp.bin,メレンテＺキャップ,Merente ZX Helm
0x47a2c8@mhfdat-jp.bin,メレンテZFキャップ,Merente Z Cap
0x47a2cc@mhfdat-jp.bin,メレンテZYキャップ,Merente ZF Cap
0x47a2d0@mhfdat-jp.bin,メレンテZXキャップ,Merente ZY Cap
0x47a2d4@mhfdat-jp.bin,ルコZDヘルム,Merente ZX Cap
0x47a2d8@mhfdat-jp.bin,ルコZDキャップ,Rukodiora ZD Helm
0x47a2dc@mhfdat-jp.bin,ガノZDヘルム,Rukodiora ZD Cap
0x47a2e0@mhfdat-jp.bin,ガノZDキャップ,Plesioth ZD Helm
0x47a2e4@mhfdat-jp.bin,シャルフＤヘルム,Plesioth ZD Cap
0x47a2e8@mhfdat-jp.bin,カマラＤヘルム,Sharufu D Helm
0x47a2ec@mhfdat-jp.bin,リエブレＤヘルム,Kamara D Helm
0x47a2f0@mhfdat-jp.bin,コリニィＣバンド,Liebre D Helm
0x47a2f4@mhfdat-jp.bin,ルーチェＤヘルム,Korinyi C Band
0x47a2f8@mhfdat-jp.bin,ストレングスＤヘッド,Ruche D Helm
0x47a2fc@mhfdat-jp.bin,レイジＤヘルム,Strength D Head
0x47a300@mhfdat-jp.bin,ランページＤヘルム,Rage D Helm
0x47a304@mhfdat-jp.bin,ブレイズＤヘルム,Rampage D Helm
0x47a308@mhfdat-jp.bin,エスピＤマスク・緑,Blaze D Helm
0x47a30c@mhfdat-jp.bin,エスピＤマスク・茶,Espi D Mask・Green
0x47a310@mhfdat-jp.bin,エスピＤマスク・白,Espi D Mask・Tea
0x47a314@mhfdat-jp.bin,プーギーＤクラウン,Espi D Mask・White
0x47a318@mhfdat-jp.bin,マンドラＤヘルム,Poogie D Crown
0x47a31c@mhfdat-jp.bin,アオノコＤヘルム,Mandora D Helm
0x47a320@mhfdat-jp.bin,ガウスＤヘルム,Aonoko D Helm
0x47a324@mhfdat-jp.bin,ウェーバＤヘルム,Gauss D Helm
0x47a328@mhfdat-jp.bin,ギルバートＤヘルム,Weber D Helm
0x47a32c@mhfdat-jp.bin,ズィベイＤゲヒル,Gilbert D Helm
0x47a330@mhfdat-jp.bin,チアリムＤヘッド,Zuibei D Brain
0x47a334@mhfdat-jp.bin,ギルドバードＣロポス,Chiarim D Head
0x47a338@mhfdat-jp.bin,スカラーＣフード,Guild Bard C Lobos
0x47a33c@mhfdat-jp.bin,ロワーガＣテスタ,Scholar C Hood
0x47a340@mhfdat-jp.bin,ファルメルＣテスタ,Aelucanth C Vertex
0x47a344@mhfdat-jp.bin,ユクモノカサＣ・天,Rhopessa C Vertex
0x47a348@mhfdat-jp.bin,白蘭・剣聖Ｄヘルム,Yukumo Kasa C・Heaven
0x47a34c@mhfdat-jp.bin,白蘭・双龍Ｄヘルム,White 蘭・Kensei D Helm
0x47a350@mhfdat-jp.bin,白蘭・剣王Ｄヘルム,White 蘭・双龍D Helm
0x47a354@mhfdat-jp.bin,白蘭・刀神Ｄヘルム,White 蘭・Blade 王D Helm
0x47a358@mhfdat-jp.bin,白蘭・鈍器獣Ｄヘルム,White 蘭・刀神D Helm
0x47a35c@mhfdat-jp.bin,白蘭・奏帝Ｄヘルム,White 蘭・鈍器獣D Helm
0x47a360@mhfdat-jp.bin,白蘭・天槍Ｄヘルム,White 蘭・奏帝D Helm
0x47a364@mhfdat-jp.bin,白蘭・砲皇Ｄヘルム,White 蘭・Heaven 槍D Helm
0x47a368@mhfdat-jp.bin,白蘭・銃傑Ｄマスク,White 蘭・砲皇D Helm
0x47a36c@mhfdat-jp.bin,白蘭・銃仙Ｄマスク,White 蘭・銃傑D Mask
0x47a370@mhfdat-jp.bin,白蘭・弓鬼Ｄマスク,White 蘭・銃仙D Mask
0x47a374@mhfdat-jp.bin,白蘭・穿凰Ｄヘルム,White 蘭・Bow 鬼D Mask
0x47a378@mhfdat-jp.bin,白蘭・斬将Ｄヘルム,White 蘭・穿凰D Helm
0x47a37c@mhfdat-jp.bin,紅霞・剣聖Ｄヘルム,White 蘭・斬将D Helm
0x47a380@mhfdat-jp.bin,紅霞・双龍Ｄヘルム,Crimson 霞・Kensei D Helm
0x47a384@mhfdat-jp.bin,紅霞・剣王Ｄヘルム,Crimson 霞・双龍D Helm
0x47a388@mhfdat-jp.bin,紅霞・刀神Ｄヘルム,Crimson 霞・Blade 王D Helm
0x47a38c@mhfdat-jp.bin,紅霞・鈍器獣Ｄヘルム,Crimson 霞・刀神D Helm
0x47a390@mhfdat-jp.bin,紅霞・奏帝Ｄヘルム,Crimson 霞・鈍器獣D Helm
0x47a394@mhfdat-jp.bin,紅霞・天槍Ｄヘルム,Crimson 霞・奏帝D Helm
0x47a398@mhfdat-jp.bin,紅霞・砲皇Ｄヘルム,Crimson 霞・Heaven 槍D Helm
0x47a39c@mhfdat-jp.bin,紅霞・銃傑Ｄマスク,Crimson 霞・砲皇D Helm
0x47a3a0@mhfdat-jp.bin,紅霞・銃仙Ｄマスク,Crimson 霞・銃傑D Mask
0x47a3a4@mhfdat-jp.bin,紅霞・弓鬼Ｄマスク,Crimson 霞・銃仙D Mask
0x47a3a8@mhfdat-jp.bin,紅霞・穿凰Ｄヘルム,Crimson 霞・Bow 鬼D Mask
0x47a3ac@mhfdat-jp.bin,紅霞・斬将Ｄヘルム,Crimson 霞・穿凰D Helm
0x47a3b0@mhfdat-jp.bin,鬼穿ノ角Ｄ,Crimson 霞・斬将D Helm
0x47a3b4@mhfdat-jp.bin,タングスＤヘッド,Demonclad ノ角D
0x47a3b8@mhfdat-jp.bin,ディスＤヘルム,Tangusu D Head
0x47a3bc@mhfdat-jp.bin,ディスＤキャップ,Disu D Helm
0x47a3c0@mhfdat-jp.bin,リルスＤヘッド,Disu D Cap
0x47a3c4@mhfdat-jp.bin,リルスＤキャップ,Lils D Head
0x47a3c8@mhfdat-jp.bin,ドラゴンSCヘッド,Lils D Cap
0x47a3cc@mhfdat-jp.bin,ドラゴンSCフェイス,Dragon SC Head
0x47a3d0@mhfdat-jp.bin,ドラゴンGDヘッド,Dragon SC Face
0x47a3d4@mhfdat-jp.bin,ドラゴンGDフェイス,Dragon GD Head
0x47a3d8@mhfdat-jp.bin,バルカンＤヘッド,Dragon GD Face
0x47a3dc@mhfdat-jp.bin,バルカンＤフェイス,Vulcan D Head
0x47a3e0@mhfdat-jp.bin,バルカンGDヘッド,Vulcan D Face
0x47a3e4@mhfdat-jp.bin,バルカンGDフェイス,Vulcan GD Head
0x47a3e8@mhfdat-jp.bin,ガーネットＤヘルム,Vulcan GD Face
0x47a3ec@mhfdat-jp.bin,アメジストＤヘルム,Garnet D Helm
0x47a3f0@mhfdat-jp.bin,コーラルＤヘルム,Amethyst D Helm
0x47a3f4@mhfdat-jp.bin,クォーツＤヘルム,Coral D Helm
0x47a3f8@mhfdat-jp.bin,エメラルドＤヘルム,Quartz D Helm
0x47a3fc@mhfdat-jp.bin,パールＤヘルム,Emerald D Helm
0x47a400@mhfdat-jp.bin,ルビーＤヘルム,Pearl D Helm
0x47a404@mhfdat-jp.bin,サファイアＤヘルム,Ruby D Helm
0x47a408@mhfdat-jp.bin,トパーズＤキャップ,Sapphire D Helm
0x47a40c@mhfdat-jp.bin,トルマリンＤキャップ,Topaz D Cap
0x47a410@mhfdat-jp.bin,ラピスＤキャップ,Tourmaline D Cap
0x47a414@mhfdat-jp.bin,ヒスイＤヘルム,Lapis D Cap
0x47a418@mhfdat-jp.bin,オニキスＤヘルム,Hisui D Helm
0x47a41c@mhfdat-jp.bin,ブルファンＤフェイク,Onyx D Helm
0x47a420@mhfdat-jp.bin,ガルルガＤフェイク,ブルファンD Mask
0x47a424@mhfdat-jp.bin,ランポスフェイクＤ,Garuga D Mask
0x47a428@mhfdat-jp.bin,ゲネポスフェイクＤ,Veloci Mask D
0x47a42c@mhfdat-jp.bin,イーオスフェイクＤ,Gen Mask D
0x47a430@mhfdat-jp.bin,ギアノスフェイクＤ,Io Mask D
0x47a434@mhfdat-jp.bin,モスフェイクＤ,Gia Mask D
0x47a438@mhfdat-jp.bin,ガブラスフェイクＤ,Mosswine Mask D
0x47a43c@mhfdat-jp.bin,バトルキャップPD青,Remobra Mask D
0x47a440@mhfdat-jp.bin,バトルキャップPD黄,Battle Cap PD Blue
0x47a444@mhfdat-jp.bin,バトルキャップPD紫,Battle Cap PD Yellow
0x47a448@mhfdat-jp.bin,レイアヘルムPD青,Battle Cap PD Purple
0x47a44c@mhfdat-jp.bin,レイアヘルムPD赤,Rathian Helm PD Blue
0x47a450@mhfdat-jp.bin,レイアヘルムPD黒,Rathian Helm PD Red
0x47a454@mhfdat-jp.bin,フルフルヘルムPD青,Rathian Helm PD Black
0x47a458@mhfdat-jp.bin,フルフルヘルムPD緑,Khezu Helm PD Blue
0x47a45c@mhfdat-jp.bin,フルフルヘルムPD黒,Khezu Helm PD Green
0x47a460@mhfdat-jp.bin,エスピナヘルムPD赤,Khezu Helm PD Black
0x47a464@mhfdat-jp.bin,エスピナヘルムPD青,Espinas Helm PD Red
0x47a468@mhfdat-jp.bin,エスピナヘルムPD黄,Espinas Helm PD Blue
0x47a46c@mhfdat-jp.bin,ガーディヘルムPD白,Espinas Helm PD Yellow
0x47a470@mhfdat-jp.bin,ガーディヘルムPD黒,Guardi Helm PD White
0x47a474@mhfdat-jp.bin,ガーディヘルムPD紫,Guardi Helm PD Black
0x47a478@mhfdat-jp.bin,ヒーラーグラスPD青,Guardi Helm PD Purple
0x47a47c@mhfdat-jp.bin,ヒーラーグラスPD白,Healer Glasses PD Blue
0x47a480@mhfdat-jp.bin,ヒーラーグラスPD黄,Healer Glasses PD White
0x47a484@mhfdat-jp.bin,ショウロウ【天頭】Ｄ,Healer Glasses PD Yellow
0x47a488@mhfdat-jp.bin,ミタマ【天頭】Ｄ,Shourou [Heaven 頭】D
0x47a48c@mhfdat-jp.bin,焔嶽Ｄ【兜】,Mitama [Heaven 頭】D
0x47a490@mhfdat-jp.bin,緋嶽Ｄ【兜】,Burning Cliff D Kabuto
0x47a494@mhfdat-jp.bin,ルディアＤヘッド,Crimson Cliff D Kabuto
0x47a498@mhfdat-jp.bin,白蛇ノ鉢金Ｄ,Ledia D Head
0x47a49c@mhfdat-jp.bin,黒虎ノ鉢金Ｄ,White Snake Headguard D
0x47a4a0@mhfdat-jp.bin,崩霧Ｄ【鉢金】,Black Tiger Headguard D
0x47a4a4@mhfdat-jp.bin,納言ノ鉢金Ｄ,Crushing Fog D Hachigane
0x47a4a8@mhfdat-jp.bin,蒼空ノ鉢金Ｄ,Valued Word Headguard D
0x47a4ac@mhfdat-jp.bin,夕焼ノ鉢金Ｄ,Blue Sky Headguard D
0x47a4b0@mhfdat-jp.bin,紅昇Ｄ【鉢金】,Noon Glow Headguard D
0x47a4b4@mhfdat-jp.bin,絶影ノ鉢金Ｄ,Kosho D Hachigane
0x47a4b8@mhfdat-jp.bin,アイルーＤフェイク,True Shadow Headguard D
0x47a4bc@mhfdat-jp.bin,フロガダＤヘッド,Felyne D Mask
0x47a4c0@mhfdat-jp.bin,ラースＤヘッド,Furogada D Head
0x47a4c4@mhfdat-jp.bin,ドゥンルＤヘルム,Lars D Head
0x47a4c8@mhfdat-jp.bin,イナガミZDヘルム,Donru D Helm
0x47a4cc@mhfdat-jp.bin,ベリオＣヘルム,Inagami ZD Helm
0x47a4d0@mhfdat-jp.bin,ベリオＣキャップ,Barioth C Helm
0x47a4d4@mhfdat-jp.bin,ブラキＣヘルム,Barioth C Cap
0x47a4d8@mhfdat-jp.bin,ブラキＣキャップ,Brachy C Helm
0x47a4dc@mhfdat-jp.bin,ガンキンＣヘルム,Brachy C Cap
0x47a4e0@mhfdat-jp.bin,ガンキンＣキャップ,Uragaan C Helm
0x47a4e4@mhfdat-jp.bin,獄狼Ｃヘルム,Uragaan C Cap
0x47a4e8@mhfdat-jp.bin,獄狼Ｃキャップ,Stygian C Helm
0x47a4ec@mhfdat-jp.bin,ゴアＣヘルム,Stygian C Cap
0x47a4f0@mhfdat-jp.bin,ゴアＣキャップ,Gore C Helm
0x47a4f4@mhfdat-jp.bin,バンギスＣヘルム,Gore C Cap
0x47a4f8@mhfdat-jp.bin,バンギスＣキャップ,Vangis C Helm
0x47a4fc@mhfdat-jp.bin,シャガルＣヘルム,Vangis C Cap
0x47a500@mhfdat-jp.bin,シャガルＣキャップ,Shagaru C Helm
0x47a504@mhfdat-jp.bin,イナガミＺヘルム,Shagaru C Cap
0x47a508@mhfdat-jp.bin,イナガミZFヘルム,Inagami Z Helm
0x47a50c@mhfdat-jp.bin,イナガミZYヘルム,Inagami ZF Helm
0x47a510@mhfdat-jp.bin,イナガミZXヘルム,Inagami ZY Helm
0x47a514@mhfdat-jp.bin,イナガミＺキャップ,Inagami ZX Helm
0x47a518@mhfdat-jp.bin,イナガミZFキャップ,Inagami Z Cap
0x47a51c@mhfdat-jp.bin,イナガミZYキャップ,Inagami ZF Cap
0x47a520@mhfdat-jp.bin,イナガミZXキャップ,Inagami ZY Cap
0x47a524@mhfdat-jp.bin,荒天【冠】,Inagami ZX Cap
0x47a528@mhfdat-jp.bin,荒天Ｇ【冠】,Tempest [Crown 】
0x47a52c@mhfdat-jp.bin,荒天GF【冠】,Tempest G [Crown 】
0x47a530@mhfdat-jp.bin,荒天GX【冠】,Tempest GF [Crown 】
0x47a534@mhfdat-jp.bin,蒼天【冠】,Tempest GX [Crown 】
0x47a538@mhfdat-jp.bin,蒼天Ｇ【冠】,Welkin [Crown 】
0x47a53c@mhfdat-jp.bin,蒼天GF【冠】,Welkin G [Crown 】
0x47a540@mhfdat-jp.bin,蒼天GX【冠】,Welkin GF [Crown 】
0x47a544@mhfdat-jp.bin,レビンヘルム,Welkin GX [Crown 】
0x47a548@mhfdat-jp.bin,レビンＦヘルム,Levin Helm
0x47a54c@mhfdat-jp.bin,レビンFZヘルム,Levin F Helm
0x47a550@mhfdat-jp.bin,レビンHSヘルム,Levin FZ Helm
0x47a554@mhfdat-jp.bin,レビンGSヘルム,Levin HS Helm
0x47a558@mhfdat-jp.bin,レビンGPヘルム,Levin GS Helm
0x47a55c@mhfdat-jp.bin,レビンZPヘルム,Levin GP Helm
0x47a560@mhfdat-jp.bin,レビンキャップ,Levin ZP Helm
0x47a564@mhfdat-jp.bin,レビンＦキャップ,Levin Cap
0x47a568@mhfdat-jp.bin,レビンFZキャップ,Levin F Cap
0x47a56c@mhfdat-jp.bin,レビンHSキャップ,Levin FZ Cap
0x47a570@mhfdat-jp.bin,レビンGSキャップ,Levin HS Cap
0x47a574@mhfdat-jp.bin,レビンGPキャップ,Levin GS Cap
0x47a578@mhfdat-jp.bin,レビンZPキャップ,Levin GP Cap
0x47a57c@mhfdat-jp.bin,白銀の甲冑・兜,Levin ZP Cap
0x47a580@mhfdat-jp.bin,白銀の甲冑Ｆ・兜,Silver Armour・Helm
0x47a584@mhfdat-jp.bin,白銀の甲冑FZ・兜,Silver Armour F・Helm
0x47a588@mhfdat-jp.bin,白銀の甲冑HS・兜,Silver Armour FZ・Helm
0x47a58c@mhfdat-jp.bin,白銀の甲冑GS・兜,Silver Armour HS・Helm
0x47a590@mhfdat-jp.bin,白銀の甲冑GP・兜,Silver Armour GS・Helm
0x47a594@mhfdat-jp.bin,白銀の甲冑ZP・兜,Silver Armour GP・Helm
0x47a598@mhfdat-jp.bin,白銀の甲冑・鉢金,Silver Armour ZP・Helm
0x47a59c@mhfdat-jp.bin,白銀の甲冑Ｆ・鉢金,Silver Armour・Headguard
0x47a5a0@mhfdat-jp.bin,白銀の甲冑FZ・鉢金,Silver Armour F・Headguard
0x47a5a4@mhfdat-jp.bin,白銀の甲冑HS・鉢金,Silver Armour FZ・Headguard
0x47a5a8@mhfdat-jp.bin,白銀の甲冑GS・鉢金,Silver Armour HS・Headguard
0x47a5ac@mhfdat-jp.bin,白銀の甲冑GP・鉢金,Silver Armour GS・Headguard
0x47a5b0@mhfdat-jp.bin,白銀の甲冑ZP・鉢金,Silver Armour GP・Headguard
0x47a5b4@mhfdat-jp.bin,薔薇の舞踏服・髪結,Silver Armour ZP・Headguard
0x47a5b8@mhfdat-jp.bin,薔薇の舞踏服Ｆ・髪結,Rose Ball Gown・Hairtie
0x47a5bc@mhfdat-jp.bin,薔薇の舞踏服FZ・髪結,Rose Ball Gown F・Hairtie
0x47a5c0@mhfdat-jp.bin,薔薇の舞踏服HS・髪結,Rose Ball Gown FZ・Hairtie
0x47a5c4@mhfdat-jp.bin,薔薇の舞踏服GS・髪結,Rose Ball Gown HS・Hairtie
0x47a5c8@mhfdat-jp.bin,薔薇の舞踏服GP・髪結,Rose Ball Gown GS・Hairtie
0x47a5cc@mhfdat-jp.bin,薔薇の舞踏服ZP・髪結,Rose Ball Gown GP・Hairtie
0x47a5d0@mhfdat-jp.bin,薔薇の舞踏服・蝶結,Rose Ball Gown ZP・Hairtie
0x47a5d4@mhfdat-jp.bin,薔薇の舞踏服Ｆ・蝶結,Rose Ball Gown・Knot
0x47a5d8@mhfdat-jp.bin,薔薇の舞踏服FZ・蝶結,Rose Ball Gown F・Knot
0x47a5dc@mhfdat-jp.bin,薔薇の舞踏服HS・蝶結,Rose Ball Gown FZ・Knot
0x47a5e0@mhfdat-jp.bin,薔薇の舞踏服GS・蝶結,Rose Ball Gown HS・Knot
0x47a5e4@mhfdat-jp.bin,薔薇の舞踏服GP・蝶結,Rose Ball Gown GS・Knot
0x47a5e8@mhfdat-jp.bin,薔薇の舞踏服ZP・蝶結,Rose Ball Gown GP・Knot
0x47a5ec@mhfdat-jp.bin,シュイヘルム,Rose Ball Gown ZP・Knot
0x47a5f0@mhfdat-jp.bin,シュイＦヘルム,Shui Helm
0x47a5f4@mhfdat-jp.bin,シュイFZヘルム,Shui F Helm
0x47a5f8@mhfdat-jp.bin,シュイHSヘルム,Shui FZ Helm
0x47a5fc@mhfdat-jp.bin,シュイGSヘルム,Shui HS Helm
0x47a600@mhfdat-jp.bin,シュイGPヘルム,Shui GS Helm
0x47a604@mhfdat-jp.bin,シュイZPヘルム,Shui GP Helm
0x47a608@mhfdat-jp.bin,シュイキャップ,Shui ZP Helm
0x47a60c@mhfdat-jp.bin,シュイＦキャップ,Shui Cap
0x47a610@mhfdat-jp.bin,シュイFZキャップ,Shui F Cap
0x47a614@mhfdat-jp.bin,シュイHSキャップ,Shui FZ Cap
0x47a618@mhfdat-jp.bin,シュイGSキャップ,Shui HS Cap
0x47a61c@mhfdat-jp.bin,シュイGPキャップ,Shui GS Cap
0x47a620@mhfdat-jp.bin,シュイZPキャップ,Shui GP Cap
0x47a624@mhfdat-jp.bin,CEケブラーZP頭：剣青,Shui ZP Cap
0x47a628@mhfdat-jp.bin,CEケブラーZP頭：弓青,CE Kevlar ZP BM Head Blue
0x47a62c@mhfdat-jp.bin,CEケブラーZP頭：剣赤,CE Kevlar ZP GN Head Blue
0x47a630@mhfdat-jp.bin,CEケブラーZP頭：弓赤,CE Kevlar ZP BM Head Red
0x47a634@mhfdat-jp.bin,CEケブラーZP頭：剣白,CE Kevlar ZP GN Head Red
0x47a638@mhfdat-jp.bin,CEケブラーZP頭：弓白,CE Kevlar ZP BM Head White
0x47a63c@mhfdat-jp.bin,CEケブラーZP頭：剣黒,CE Kevlar ZP GN Head White
0x47a640@mhfdat-jp.bin,CEケブラーZP頭：弓黒,CE Kevlar ZP BM Head Black
0x47a644@mhfdat-jp.bin,ABレイヤーZP頭：剣赤,CE Kevlar ZP GN Head Black
0x47a648@mhfdat-jp.bin,ABレイヤーZP頭：弓赤,AB Layer ZP BM Head Red
0x47a64c@mhfdat-jp.bin,ABレイヤーZP頭：剣青,AB Layer ZP GN Head Red
0x47a650@mhfdat-jp.bin,ABレイヤーZP頭：弓青,AB Layer ZP BM Head Blue
0x47a654@mhfdat-jp.bin,ABレイヤーZP頭：剣黒,AB Layer ZP GN Head Blue
0x47a658@mhfdat-jp.bin,ABレイヤーZP頭：弓黒,AB Layer ZP BM Head Black
0x47a65c@mhfdat-jp.bin,ABレイヤーZP頭：剣白,AB Layer ZP GN Head Black
0x47a660@mhfdat-jp.bin,ABレイヤーZP頭：弓白,AB Layer ZP BM Head White
0x47a664@mhfdat-jp.bin,リュバンZPバンド,AB Layer ZP GN Head White
0x47a668@mhfdat-jp.bin,リュバンZPヘッド,Ruban ZP Band
0x47a66c@mhfdat-jp.bin,ラモールZPマスク,Ruban ZP Head
0x47a670@mhfdat-jp.bin,ラモールZPヘッド,L'Amore ZP Mask
0x47a674@mhfdat-jp.bin,オルロジュZPバンド,L'Amore ZP Head
0x47a678@mhfdat-jp.bin,オルロジュZPヘッド,Orloj ZP Band
0x47a67c@mhfdat-jp.bin,ドルチェZPマスク,Orloj ZP Head
0x47a680@mhfdat-jp.bin,ドルチェZPヘッド,Dolce ZP Mask
0x47a684@mhfdat-jp.bin,ブライトZPヘルム,Dolce ZP Head
0x47a688@mhfdat-jp.bin,ブライトZPキャップ,Bright ZP Helm
0x47a68c@mhfdat-jp.bin,ジュアリZPヘルム,Bright ZP Cap
0x47a690@mhfdat-jp.bin,ジュアリZPキャップ,Juari ZP Helm
0x47a694@mhfdat-jp.bin,ティンクZPヘルム,Juari ZP Cap
0x47a698@mhfdat-jp.bin,ティンクZPキャップ,Tinku ZP Helm
0x47a69c@mhfdat-jp.bin,シャテムZPバンド,Tinku ZP Cap
0x47a6a0@mhfdat-jp.bin,シャテムZPヘッド,Shatemu ZP Band
0x47a6a4@mhfdat-jp.bin,ヘヴリアZPバンド,Shatemu ZP Head
0x47a6a8@mhfdat-jp.bin,ヘヴリアZPヘッド,Hevria ZP Band
0x47a6ac@mhfdat-jp.bin,ティルルZPバンド,Hevria ZP Head
0x47a6b0@mhfdat-jp.bin,ティルルZPヘッド,Tiuru ZP Band
0x47a6b4@mhfdat-jp.bin,カイラZPヘルム,Tiuru ZP Head
0x47a6b8@mhfdat-jp.bin,カイラZPマスク,Kaila ZP Helm
0x47a6bc@mhfdat-jp.bin,フォンセＧヘルム,Kaila ZP Mask
0x47a6c0@mhfdat-jp.bin,フォンセGFヘルム,Fonce G Helm
0x47a6c4@mhfdat-jp.bin,フォンセGXヘルム,Fonce GF Helm
0x47a6c8@mhfdat-jp.bin,フォンセＧキャップ,Fonce GX Helm
0x47a6cc@mhfdat-jp.bin,フォンセGFキャップ,Fonce G Cap
0x47a6d0@mhfdat-jp.bin,フォンセGXキャップ,Fonce GF Cap
0x47a6d4@mhfdat-jp.bin,ウタンテＺヘルム,Fonce GX Cap
0x47a6d8@mhfdat-jp.bin,ウタンテZFヘルム,Utante Z Helm
0x47a6dc@mhfdat-jp.bin,ウタンテZYヘルム,Utante ZF Helm
0x47a6e0@mhfdat-jp.bin,ウタンテZXヘルム,Utante ZY Helm
0x47a6e4@mhfdat-jp.bin,ウタンテＺキャップ,Utante ZX Helm
0x47a6e8@mhfdat-jp.bin,ウタンテZFキャップ,Utante Z Cap
0x47a6ec@mhfdat-jp.bin,ウタンテZYキャップ,Utante ZF Cap
0x47a6f0@mhfdat-jp.bin,ウタンテZXキャップ,Utante ZY Cap
0x47a6f4@mhfdat-jp.bin,リズヴェＧヘルム,Utante ZX Cap
0x47a6f8@mhfdat-jp.bin,リズヴェGFヘルム,Rizuvue G Helm
0x47a6fc@mhfdat-jp.bin,リズヴェGXヘルム,Rizuvue GF Helm
0x47a700@mhfdat-jp.bin,リズヴェＧキャップ,Rizuvue GX Helm
0x47a704@mhfdat-jp.bin,リズヴェGFキャップ,Rizuvue G Cap
0x47a708@mhfdat-jp.bin,リズヴェGXキャップ,Rizuvue GF Cap
0x47a70c@mhfdat-jp.bin,エルゼコサージュ,Rizuvue GX Cap
0x47a710@mhfdat-jp.bin,エルゼＦコサージュ,Elzelion Corsage
0x47a714@mhfdat-jp.bin,エルゼＧコサージュ,Elzelion F Corsage
0x47a718@mhfdat-jp.bin,エルゼGFコサージュ,Elzelion G Corsage
0x47a71c@mhfdat-jp.bin,エルゼGXコサージュ,Elzelion GF Corsage
0x47a720@mhfdat-jp.bin,イナガミZDキャップ,Elzelion GX Corsage
0x47a724@mhfdat-jp.bin,荒天Ｃ【冠】,Inagami ZD Cap
0x47a728@mhfdat-jp.bin,蒼天Ｃ【冠】,Tempest C [Crown 】
0x47a72c@mhfdat-jp.bin,レビンＤヘルム,Welkin C [Crown 】
0x47a730@mhfdat-jp.bin,白銀の甲冑Ｄ・兜,Levin D Helm
0x47a734@mhfdat-jp.bin,薔薇の舞踏服Ｄ・髪結,Silver Armour D・Helm
0x47a738@mhfdat-jp.bin,シュイＤヘルム,Rose Ball Gown D・Hairtie
0x47a73c@mhfdat-jp.bin,CEケブラーＤ頭：剣青,Shui D Helm
0x47a740@mhfdat-jp.bin,CEケブラーＤ頭：剣赤,CE Kevlar D BM Head Blue
0x47a744@mhfdat-jp.bin,CEケブラーＤ頭：剣白,CE Kevlar D BM Head Red
0x47a748@mhfdat-jp.bin,CEケブラーＤ頭：剣黒,CE Kevlar D BM Head White
0x47a74c@mhfdat-jp.bin,ABレイヤーＤ頭：剣赤,CE Kevlar D BM Head Black
0x47a750@mhfdat-jp.bin,ABレイヤーＤ頭：剣青,AB Layer D BM Head Red
0x47a754@mhfdat-jp.bin,ABレイヤーＤ頭：剣黒,AB Layer D BM Head Blue
0x47a758@mhfdat-jp.bin,ABレイヤーＤ頭：剣白,AB Layer D BM Head Black
0x47a75c@mhfdat-jp.bin,リュバンＤバンド,AB Layer D BM Head White
0x47a760@mhfdat-jp.bin,ラモールＤマスク,Ruban D Band
0x47a764@mhfdat-jp.bin,オルロジュＤバンド,L'Amore D Mask
0x47a768@mhfdat-jp.bin,ドルチェＤマスク,Orloj D Band
0x47a76c@mhfdat-jp.bin,ブライトＤヘルム,Dolce D Mask
0x47a770@mhfdat-jp.bin,ジュアリＤヘルム,Bright D Helm
0x47a774@mhfdat-jp.bin,ティンクＤヘルム,Juari D Helm
0x47a778@mhfdat-jp.bin,シャテムＤバンド,Tinku D Helm
0x47a77c@mhfdat-jp.bin,ヘヴリアＤバンド,Shatemu D Band
0x47a780@mhfdat-jp.bin,ティルルＤバンド,Hevria D Band
0x47a784@mhfdat-jp.bin,カイラＤヘルム,Tiuru D Band
0x47a788@mhfdat-jp.bin,フォンセＤヘルム,Kaila D Helm
0x47a78c@mhfdat-jp.bin,ヒプノルータＤヘッド,Fonce D Helm
0x47a790@mhfdat-jp.bin,ヒプノリアＤヘッド,Hypnoc ルータD Head
0x47a794@mhfdat-jp.bin,エス・クェラＤヘッド,Hypnolia D Head
0x47a798@mhfdat-jp.bin,エコールＤヘッド,Es Quera D Head
0x47a79c@mhfdat-jp.bin,ガンズＤヘッド,Ecole D Head
0x47a7a0@mhfdat-jp.bin,アグリアＤヘッド,Guns D Head
0x47a7a4@mhfdat-jp.bin,フォーヴＤヘッド,Agria D Head
0x47a7a8@mhfdat-jp.bin,ティーアＤヘッド,Fauve D Head
0x47a7ac@mhfdat-jp.bin,ミューズＤヘッド,ティーアD Head
0x47a7b0@mhfdat-jp.bin,ディクトＤヘッド,Muse D Head
0x47a7b4@mhfdat-jp.bin,クリュスＤヘッド,Dicto D Head
0x47a7b8@mhfdat-jp.bin,スタリナＤヘッド,Kruss D Head
0x47a7bc@mhfdat-jp.bin,ルースＤヘッド,Starina D Head
0x47a7c0@mhfdat-jp.bin,ミラドＤヘッド,Loose D Head
0x47a7c4@mhfdat-jp.bin,デュールＤヘルム,Mirado D Head
0x47a7c8@mhfdat-jp.bin,ロバストＤアンク,Deyuru D Helm
0x47a7cc@mhfdat-jp.bin,ファルコＤヘルム,Robust D Glare
0x47a7d0@mhfdat-jp.bin,ハウクスＤヘルム,Falco D Helm
0x47a7d4@mhfdat-jp.bin,ピラータＤヘッド,Howx D Helm
0x47a7d8@mhfdat-jp.bin,ゼロイＤヘッド,Pirata D Head
0x47a7dc@mhfdat-jp.bin,レイルＤヘルム,Zeroi D Head
0x47a7e0@mhfdat-jp.bin,リーデレＤヘルム,Rail D Helm
0x47a7e4@mhfdat-jp.bin,リエットＤヘルム,Ridere D Helm
0x47a7e8@mhfdat-jp.bin,ルターレＤヘルム,Riot D Helm
0x47a7ec@mhfdat-jp.bin,流転の鉢金・Ｄ,Rutare D Helm
0x47a7f0@mhfdat-jp.bin,嵐転の鉢金・Ｄ,Rolling Flow の Headguard・D
0x47a7f4@mhfdat-jp.bin,キュビィＤヘルム,Rolling Sky の Headguard・D
0x47a7f8@mhfdat-jp.bin,ケモルＤヘルム,Cubie D Helm
0x47a7fc@mhfdat-jp.bin,ラトリアＤヘッド,Kemor D Helm
0x47a800@mhfdat-jp.bin,コンタオＤヘッド,Latria D Head
0x47a804@mhfdat-jp.bin,オービスＤヘッド,Kontao D Head
0x47a808@mhfdat-jp.bin,ロットＤヘッド,Ukon D Head
0x47a80c@mhfdat-jp.bin,ウーコンＤヘッド,ロットD Head
0x47a810@mhfdat-jp.bin,ニンバスＤヘッド,Shoko D Head
0x47a814@mhfdat-jp.bin,月陽ノ兜・Ｄ,Nimbus D Head
0x47a818@mhfdat-jp.bin,曙光ノ兜・Ｄ,Moonlight Helm・D
0x47a81c@mhfdat-jp.bin,トリドＺヘルム,Dawnbreak Helm・D
0x47a820@mhfdat-jp.bin,トリドZFヘルム,Toridcless Z Helm
0x47a824@mhfdat-jp.bin,トリドZYヘルム,Toridcless ZF Helm
0x47a828@mhfdat-jp.bin,トリドZXヘルム,Toridcless ZY Helm
0x47a82c@mhfdat-jp.bin,トリドＺキャップ,Toridcless ZX Helm
0x47a830@mhfdat-jp.bin,トリドZFキャップ,Toridcless Z Cap
0x47a834@mhfdat-jp.bin,トリドZYキャップ,Toridcless ZF Cap
0x47a838@mhfdat-jp.bin,トリドZXキャップ,Toridcless ZY Cap
0x47a83c@mhfdat-jp.bin,ドラギュＺヘルム,Toridcless ZX Cap
0x47a840@mhfdat-jp.bin,ドラギュZFヘルム,Doragyurosu Z Helm
0x47a844@mhfdat-jp.bin,ドラギュZYヘルム,Doragyurosu ZF Helm
0x47a848@mhfdat-jp.bin,ドラギュZXヘルム,Doragyurosu ZY Helm
0x47a84c@mhfdat-jp.bin,ドラギュＺキャップ,Doragyurosu ZX Helm
0x47a850@mhfdat-jp.bin,ドラギュZFキャップ,Doragyurosu Z Cap
0x47a854@mhfdat-jp.bin,ドラギュZYキャップ,Doragyurosu ZF Cap
0x47a858@mhfdat-jp.bin,ドラギュZXキャップ,Doragyurosu ZY Cap
0x47a85c@mhfdat-jp.bin,アルフィヘッド,Doragyurosu ZX Cap
0x47a860@mhfdat-jp.bin,アルフィＦヘッド,Alfi Head
0x47a864@mhfdat-jp.bin,アルフィFZヘッド,Alfi F Head
0x47a868@mhfdat-jp.bin,アルフィHSヘッド,Alfi FZ Head
0x47a86c@mhfdat-jp.bin,アルフィGSヘッド,Alfi HS Head
0x47a870@mhfdat-jp.bin,アルフィGPヘッド,Alfi GS Head
0x47a874@mhfdat-jp.bin,アルフィZPヘッド,Alfi GP Head
0x47a878@mhfdat-jp.bin,アルフィキャップ,Alfi ZP Head
0x47a87c@mhfdat-jp.bin,アルフィＦキャップ,Alfi Cap
0x47a880@mhfdat-jp.bin,アルフィFZキャップ,Alfi F Cap
0x47a884@mhfdat-jp.bin,アルフィHSキャップ,Alfi FZ Cap
0x47a888@mhfdat-jp.bin,アルフィGSキャップ,Alfi HS Cap
0x47a88c@mhfdat-jp.bin,アルフィGPキャップ,Alfi GS Cap
0x47a890@mhfdat-jp.bin,アルフィZPキャップ,Alfi GP Cap
0x47a894@mhfdat-jp.bin,カイファヘルム,Alfi ZP Cap
0x47a898@mhfdat-jp.bin,カイファＦヘルム,Kaifa Helm
0x47a89c@mhfdat-jp.bin,カイファFZヘルム,Kaifa F Helm
0x47a8a0@mhfdat-jp.bin,カイファHSヘルム,Kaifa FZ Helm
0x47a8a4@mhfdat-jp.bin,カイファGSヘルム,Kaifa HS Helm
0x47a8a8@mhfdat-jp.bin,カイファGPヘルム,Kaifa GS Helm
0x47a8ac@mhfdat-jp.bin,カイファZPヘルム,Kaifa GP Helm
0x47a8b0@mhfdat-jp.bin,カイファキャップ,Kaifa ZP Helm
0x47a8b4@mhfdat-jp.bin,カイファＦキャップ,Kaifa Cap
0x47a8b8@mhfdat-jp.bin,カイファFZキャップ,Kaifa F Cap
0x47a8bc@mhfdat-jp.bin,カイファHSキャップ,Kaifa FZ Cap
0x47a8c0@mhfdat-jp.bin,カイファGSキャップ,Kaifa HS Cap
0x47a8c4@mhfdat-jp.bin,カイファGPキャップ,Kaifa GS Cap
0x47a8c8@mhfdat-jp.bin,カイファZPキャップ,Kaifa GP Cap
0x47a8cc@mhfdat-jp.bin,ストラザヘッド,Kaifa ZP Cap
0x47a8d0@mhfdat-jp.bin,ストラザＦヘッド,Straza Head
0x47a8d4@mhfdat-jp.bin,ストラザFZヘッド,Straza F Head
0x47a8d8@mhfdat-jp.bin,ストラザHSヘッド,Straza FZ Head
0x47a8dc@mhfdat-jp.bin,ストラザGSヘッド,Straza HS Head
0x47a8e0@mhfdat-jp.bin,ストラザGPヘッド,Straza GS Head
0x47a8e4@mhfdat-jp.bin,ストラザZPヘッド,Straza GP Head
0x47a8e8@mhfdat-jp.bin,ストラザキャップ,Straza ZP Head
0x47a8ec@mhfdat-jp.bin,ストラザＦキャップ,Straza Cap
0x47a8f0@mhfdat-jp.bin,ストラザFZキャップ,Straza F Cap
0x47a8f4@mhfdat-jp.bin,ストラザHSキャップ,Straza FZ Cap
0x47a8f8@mhfdat-jp.bin,ストラザGSキャップ,Straza HS Cap
0x47a8fc@mhfdat-jp.bin,ストラザGPキャップ,Straza GS Cap
0x47a900@mhfdat-jp.bin,ストラザZPキャップ,Straza GP Cap
0x47a904@mhfdat-jp.bin,フランテＺヘルム,Straza ZP Cap
0x47a908@mhfdat-jp.bin,フランテZFヘルム,Furante Z Helm
0x47a90c@mhfdat-jp.bin,フランテZYヘルム,Furante ZF Helm
0x47a910@mhfdat-jp.bin,フランテZXヘルム,Furante ZY Helm
0x47a914@mhfdat-jp.bin,フランテＺキャップ,Furante ZX Helm
0x47a918@mhfdat-jp.bin,フランテZFキャップ,Furante Z Cap
0x47a91c@mhfdat-jp.bin,フランテZYキャップ,Furante ZF Cap
0x47a920@mhfdat-jp.bin,フランテZXキャップ,Furante ZY Cap
0x47a924@mhfdat-jp.bin,カリヴァＧヘルム,Furante ZX Cap
0x47a928@mhfdat-jp.bin,カリヴァGFヘルム,Cariva G Helm
0x47a92c@mhfdat-jp.bin,カリヴァGXヘルム,Cariva GF Helm
0x47a930@mhfdat-jp.bin,カリヴァＧキャップ,Cariva GX Helm
0x47a934@mhfdat-jp.bin,カリヴァGFキャップ,Cariva G Cap
0x47a938@mhfdat-jp.bin,カリヴァGXキャップ,Cariva GF Cap
0x47a93c@mhfdat-jp.bin,ボンネＧヘルム,Cariva GX Cap
0x47a940@mhfdat-jp.bin,ボンネGFヘルム,Bonne G Helm
0x47a944@mhfdat-jp.bin,ボンネGXヘルム,Bonne GF Helm
0x47a948@mhfdat-jp.bin,ボンネＧキャップ,Bonne GX Helm
0x47a94c@mhfdat-jp.bin,ボンネGFキャップ,Bonne G Cap
0x47a950@mhfdat-jp.bin,ボンネGXキャップ,Bonne GF Cap
0x47a954@mhfdat-jp.bin,調査兵団ZPヘッド,Bonne GX Cap
0x47a958@mhfdat-jp.bin,調査兵団ZPピアス,Survey Corps ZP Head
0x47a95c@mhfdat-jp.bin,訓練兵団ZPヘッド,Survey Corps ZP Piercings
0x47a960@mhfdat-jp.bin,訓練兵団ZPピアス,Training Corps ZP Head
0x47a964@mhfdat-jp.bin,十二勇士甲冑・剣黄,Training Corps ZP Piercings
0x47a968@mhfdat-jp.bin,十二勇士甲冑・剣白,Twelve Paladins' Armor・BM Yelow
0x47a96c@mhfdat-jp.bin,十二勇士甲冑・剣褐,Twelve Paladins' Armor・BM White
0x47a970@mhfdat-jp.bin,十二勇士甲冑・剣黒,Twelve Paladins' Armor・BM Brown
0x47a974@mhfdat-jp.bin,十二勇士甲冑Ｆ・剣黄,Twelve Paladins' Armor・BM Black
0x47a978@mhfdat-jp.bin,十二勇士甲冑Ｆ・剣白,Twelve Paladins' Armor F・BM Yelow
0x47a97c@mhfdat-jp.bin,十二勇士甲冑Ｆ・剣褐,Twelve Paladins' Armor F・BM White
0x47a980@mhfdat-jp.bin,十二勇士甲冑Ｆ・剣黒,Twelve Paladins' Armor F・BM Brown
0x47a984@mhfdat-jp.bin,十二勇士甲冑FZ・剣黄,Twelve Paladins' Armor F・BM Black
0x47a988@mhfdat-jp.bin,十二勇士甲冑FZ・剣白,Twelve Paladins' Armor FZ・BM Yelow
0x47a98c@mhfdat-jp.bin,十二勇士甲冑FZ・剣褐,Twelve Paladins' Armor FZ・BM White
0x47a990@mhfdat-jp.bin,十二勇士甲冑FZ・剣黒,Twelve Paladins' Armor FZ・BM Brown
0x47a994@mhfdat-jp.bin,十二勇士甲冑HS・剣黄,Twelve Paladins' Armor FZ・BM Black
0x47a998@mhfdat-jp.bin,十二勇士甲冑HS・剣白,Twelve Paladins' Armor HS・BM Yelow
0x47a99c@mhfdat-jp.bin,十二勇士甲冑HS・剣褐,Twelve Paladins' Armor HS・BM White
0x47a9a0@mhfdat-jp.bin,十二勇士甲冑HS・剣黒,Twelve Paladins' Armor HS・BM Brown
0x47a9a4@mhfdat-jp.bin,十二勇士甲冑GS・剣黄,Twelve Paladins' Armor HS・BM Black
0x47a9a8@mhfdat-jp.bin,十二勇士甲冑GS・剣白,Twelve Paladins' Armor GS・BM Yelow
0x47a9ac@mhfdat-jp.bin,十二勇士甲冑GS・剣褐,Twelve Paladins' Armor GS・BM White
0x47a9b0@mhfdat-jp.bin,十二勇士甲冑GS・剣黒,Twelve Paladins' Armor GS・BM Brown
0x47a9b4@mhfdat-jp.bin,十二勇士甲冑GP・剣黄,Twelve Paladins' Armor GS・BM Black
0x47a9b8@mhfdat-jp.bin,十二勇士甲冑GP・剣白,Twelve Paladins' Armor GP・BM Yelow
0x47a9bc@mhfdat-jp.bin,十二勇士甲冑GP・剣褐,Twelve Paladins' Armor GP・BM White
0x47a9c0@mhfdat-jp.bin,十二勇士甲冑GP・剣黒,Twelve Paladins' Armor GP・BM Brown
0x47a9c4@mhfdat-jp.bin,十二勇士甲冑ZP・剣黄,Twelve Paladins' Armor GP・BM Black
0x47a9c8@mhfdat-jp.bin,十二勇士甲冑ZP・剣白,Twelve Paladins' Armor ZP・BM Yelow
0x47a9cc@mhfdat-jp.bin,十二勇士甲冑ZP・剣褐,Twelve Paladins' Armor ZP・BM White
0x47a9d0@mhfdat-jp.bin,十二勇士甲冑ZP・剣黒,Twelve Paladins' Armor ZP・BM Brown
0x47a9d4@mhfdat-jp.bin,十二勇士甲冑・弓黄,Twelve Paladins' Armor ZP・BM Black
0x47a9d8@mhfdat-jp.bin,十二勇士甲冑・弓白,Twelve Paladins' Armor・GN Yelow
0x47a9dc@mhfdat-jp.bin,十二勇士甲冑・弓褐,Twelve Paladins' Armor・GN White
0x47a9e0@mhfdat-jp.bin,十二勇士甲冑・弓黒,Twelve Paladins' Armor・GN Brown
0x47a9e4@mhfdat-jp.bin,十二勇士甲冑Ｆ・弓黄,Twelve Paladins' Armor・GN Black
0x47a9e8@mhfdat-jp.bin,十二勇士甲冑Ｆ・弓白,Twelve Paladins' Armor F・GN Yelow
0x47a9ec@mhfdat-jp.bin,十二勇士甲冑Ｆ・弓褐,Twelve Paladins' Armor F・GN White
0x47a9f0@mhfdat-jp.bin,十二勇士甲冑Ｆ・弓黒,Twelve Paladins' Armor F・GN Brown
0x47a9f4@mhfdat-jp.bin,十二勇士甲冑FZ・弓黄,Twelve Paladins' Armor F・GN Black
0x47a9f8@mhfdat-jp.bin,十二勇士甲冑FZ・弓白,Twelve Paladins' Armor FZ・GN Yelow
0x47a9fc@mhfdat-jp.bin,十二勇士甲冑FZ・弓褐,Twelve Paladins' Armor FZ・GN White
0x47aa00@mhfdat-jp.bin,十二勇士甲冑FZ・弓黒,Twelve Paladins' Armor FZ・GN Brown
0x47aa04@mhfdat-jp.bin,十二勇士甲冑HS・弓黄,Twelve Paladins' Armor FZ・GN Black
0x47aa08@mhfdat-jp.bin,十二勇士甲冑HS・弓白,Twelve Paladins' Armor HS・GN Yelow
0x47aa0c@mhfdat-jp.bin,十二勇士甲冑HS・弓褐,Twelve Paladins' Armor HS・GN White
0x47aa10@mhfdat-jp.bin,十二勇士甲冑HS・弓黒,Twelve Paladins' Armor HS・GN Brown
0x47aa14@mhfdat-jp.bin,十二勇士甲冑GS・弓黄,Twelve Paladins' Armor HS・GN Black
0x47aa18@mhfdat-jp.bin,十二勇士甲冑GS・弓白,Twelve Paladins' Armor GS・GN Yelow
0x47aa1c@mhfdat-jp.bin,十二勇士甲冑GS・弓褐,Twelve Paladins' Armor GS・GN White
0x47aa20@mhfdat-jp.bin,十二勇士甲冑GS・弓黒,Twelve Paladins' Armor GS・GN Brown
0x47aa24@mhfdat-jp.bin,十二勇士甲冑GP・弓黄,Twelve Paladins' Armor GS・GN Black
0x47aa28@mhfdat-jp.bin,十二勇士甲冑GP・弓白,Twelve Paladins' Armor GP・GN Yelow
0x47aa2c@mhfdat-jp.bin,十二勇士甲冑GP・弓褐,Twelve Paladins' Armor GP・GN White
0x47aa30@mhfdat-jp.bin,十二勇士甲冑GP・弓黒,Twelve Paladins' Armor GP・GN Brown
0x47aa34@mhfdat-jp.bin,十二勇士甲冑ZP・弓黄,Twelve Paladins' Armor GP・GN Black
0x47aa38@mhfdat-jp.bin,十二勇士甲冑ZP・弓白,Twelve Paladins' Armor ZP・GN Yelow
0x47aa3c@mhfdat-jp.bin,十二勇士甲冑ZP・弓褐,Twelve Paladins' Armor ZP・GN White
0x47aa40@mhfdat-jp.bin,十二勇士甲冑ZP・弓黒,Twelve Paladins' Armor ZP・GN Brown
0x47aa44@mhfdat-jp.bin,救国の聖女服・髪結,Twelve Paladins' Armor ZP・GN Black
0x47aa48@mhfdat-jp.bin,救国の聖女服Ｆ・髪結,Holy Maiden Armor・Hairtie
0x47aa4c@mhfdat-jp.bin,救国の聖女服FZ・髪結,Holy Maiden Armor F・Hairtie
0x47aa50@mhfdat-jp.bin,救国の聖女服HS・髪結,Holy Maiden Armor FZ・Hairtie
0x47aa54@mhfdat-jp.bin,救国の聖女服GS・髪結,Holy Maiden Armor HS・Hairtie
0x47aa58@mhfdat-jp.bin,救国の聖女服GP・髪結,Holy Maiden Armor GS・Hairtie
0x47aa5c@mhfdat-jp.bin,救国の聖女服ZP・髪結,Holy Maiden Armor GP・Hairtie
0x47aa60@mhfdat-jp.bin,救国の聖女服・蝶結,Holy Maiden Armor ZP・Hairtie
0x47aa64@mhfdat-jp.bin,救国の聖女服Ｆ・蝶結,Holy Maiden Armor・Knot
0x47aa68@mhfdat-jp.bin,救国の聖女服FZ・蝶結,Holy Maiden Armor F・Knot
0x47aa6c@mhfdat-jp.bin,救国の聖女服HS・蝶結,Holy Maiden Armor FZ・Knot
0x47aa70@mhfdat-jp.bin,救国の聖女服GS・蝶結,Holy Maiden Armor HS・Knot
0x47aa74@mhfdat-jp.bin,救国の聖女服GP・蝶結,Holy Maiden Armor GS・Knot
0x47aa78@mhfdat-jp.bin,救国の聖女服ZP・蝶結,Holy Maiden Armor GP・Knot
0x47aa7c@mhfdat-jp.bin,竜殺しの甲冑・剣,Holy Maiden Armor ZP・Knot
0x47aa80@mhfdat-jp.bin,竜殺しの甲冑Ｆ・剣,Dragon Slayer Armor・Blade
0x47aa84@mhfdat-jp.bin,竜殺しの甲冑FZ・剣,Dragon Slayer Armor F・Blade
0x47aa88@mhfdat-jp.bin,竜殺しの甲冑HS・剣,Dragon Slayer Armor FZ・Blade
0x47aa8c@mhfdat-jp.bin,竜殺しの甲冑GS・剣,Dragon Slayer Armor HS・Blade
0x47aa90@mhfdat-jp.bin,竜殺しの甲冑GP・剣,Dragon Slayer Armor GS・Blade
0x47aa94@mhfdat-jp.bin,竜殺しの甲冑ZP・剣,Dragon Slayer Armor GP・Blade
0x47aa98@mhfdat-jp.bin,竜殺しの甲冑・弓,Dragon Slayer Armor ZP・Blade
0x47aa9c@mhfdat-jp.bin,竜殺しの甲冑Ｆ・弓,Dragon Slayer Armor・Bow
0x47aaa0@mhfdat-jp.bin,竜殺しの甲冑FZ・弓,Dragon Slayer Armor F・Bow
0x47aaa4@mhfdat-jp.bin,竜殺しの甲冑HS・弓,Dragon Slayer Armor FZ・Bow
0x47aaa8@mhfdat-jp.bin,竜殺しの甲冑GS・弓,Dragon Slayer Armor HS・Bow
0x47aaac@mhfdat-jp.bin,竜殺しの甲冑GP・弓,Dragon Slayer Armor GS・Bow
0x47aab0@mhfdat-jp.bin,竜殺しの甲冑ZP・弓,Dragon Slayer Armor GP・Bow
0x47aab4@mhfdat-jp.bin,不貞隠しの兜・剣,Dragon Slayer Armor ZP・Bow
0x47aab8@mhfdat-jp.bin,不貞隠しの兜Ｆ・剣,Helm of Hidden Infidelity・Blade
0x47aabc@mhfdat-jp.bin,不貞隠しの兜FZ・剣,Helm of Hidden Infidelity F・Blade
0x47aac0@mhfdat-jp.bin,不貞隠しの兜HS・剣,Helm of Hidden Infidelity FZ・Blade
0x47aac4@mhfdat-jp.bin,不貞隠しの兜GS・剣,Helm of Hidden Infidelity HS・Blade
0x47aac8@mhfdat-jp.bin,不貞隠しの兜GP・剣,Helm of Hidden Infidelity GS・Blade
0x47aacc@mhfdat-jp.bin,不貞隠しの兜ZP・剣,Helm of Hidden Infidelity GP・Blade
0x47aad0@mhfdat-jp.bin,不貞隠しの兜・弓,Helm of Hidden Infidelity ZP・Blade
0x47aad4@mhfdat-jp.bin,不貞隠しの兜Ｆ・弓,Helm of Hidden Infidelity・Bow
0x47aad8@mhfdat-jp.bin,不貞隠しの兜FZ・弓,Helm of Hidden Infidelity F・Bow
0x47aadc@mhfdat-jp.bin,不貞隠しの兜HS・弓,Helm of Hidden Infidelity FZ・Bow
0x47aae0@mhfdat-jp.bin,不貞隠しの兜GS・弓,Helm of Hidden Infidelity HS・Bow
0x47aae4@mhfdat-jp.bin,不貞隠しの兜GP・弓,Helm of Hidden Infidelity GS・Bow
0x47aae8@mhfdat-jp.bin,不貞隠しの兜ZP・弓,Helm of Hidden Infidelity GP・Bow
0x47aaec@mhfdat-jp.bin,ディナトZPヘッド,Helm of Hidden Infidelity ZP・Bow
0x47aaf0@mhfdat-jp.bin,ディナトZPキャップ,Dinato ZP Head
0x47aaf4@mhfdat-jp.bin,ドゥケZPヘッド,Dinato ZP Cap
0x47aaf8@mhfdat-jp.bin,ドゥケZPキャップ,Duque ZP Head
0x47aafc@mhfdat-jp.bin,グラヌZPヘッド,Duque ZP Cap
0x47ab00@mhfdat-jp.bin,グラヌZPキャップ,Granu ZP Head
0x47ab04@mhfdat-jp.bin,千代ノ髪飾ZP,Granu ZP Cap
0x47ab08@mhfdat-jp.bin,千代ノ髪留ZP,Chiyo Hairpiece ZP
0x47ab0c@mhfdat-jp.bin,ゼナコサージュ,Chiyo Hairpin ZP
0x47ab10@mhfdat-jp.bin,ゼナＦコサージュ,Zena Corsage
0x47ab14@mhfdat-jp.bin,ゼナＧコサージュ,Zena F Corsage
0x47ab18@mhfdat-jp.bin,ゼナGFコサージュ,Zena G Corsage
0x47ab1c@mhfdat-jp.bin,ゼナGXコサージュ,Zena GF Corsage
0x47ab20@mhfdat-jp.bin,ネコダンZPヘッド,Zena GX Corsage
0x47ab24@mhfdat-jp.bin,グーダンZPヘッド,Nekodan ZP Head
0x47ab28@mhfdat-jp.bin,トリドZDヘルム,Gudan ZP Head
0x47ab2c@mhfdat-jp.bin,トリドZDキャップ,Toridcless ZD Helm
0x47ab30@mhfdat-jp.bin,ドラギュZDヘルム,Toridcless ZD Cap
0x47ab34@mhfdat-jp.bin,ドラギュZDキャップ,Doragyurosu ZD Helm
0x47ab38@mhfdat-jp.bin,アルフィＤヘッド,Doragyurosu ZD Cap
0x47ab3c@mhfdat-jp.bin,カイファＤヘルム,Alfi D Head
0x47ab40@mhfdat-jp.bin,ストラザＤヘッド,Kaifa D Helm
0x47ab44@mhfdat-jp.bin,煉華ノ鉢金Ｃ,Straza D Head
0x47ab48@mhfdat-jp.bin,調査兵団Ｄヘッド,Renka Headguard C
0x47ab4c@mhfdat-jp.bin,訓練兵団Ｄヘッド,Survey Corps D Head
0x47ab50@mhfdat-jp.bin,十二勇士甲冑Ｄ・黄,Training Corps D Head
0x47ab54@mhfdat-jp.bin,十二勇士甲冑Ｄ・白,Twelve Paladins' Armor D・Yellow
0x47ab58@mhfdat-jp.bin,十二勇士甲冑Ｄ・褐,Twelve Paladins' Armor D・White
0x47ab5c@mhfdat-jp.bin,十二勇士甲冑Ｄ・黒,Twelve Paladins' Armor D・Brown
0x47ab60@mhfdat-jp.bin,救国の聖女服Ｄ・髪結,Twelve Paladins' Armor D・Black
0x47ab64@mhfdat-jp.bin,竜殺しの甲冑Ｄ,Holy Maiden Armor D・Hairtie
0x47ab68@mhfdat-jp.bin,不貞隠しの兜Ｄ,Dragon Slayer Armor D
0x47ab6c@mhfdat-jp.bin,ディナトＤヘッド,Helm of Hidden Infidelity D
0x47ab70@mhfdat-jp.bin,ドゥケＤヘッド,Dinato D Head
0x47ab74@mhfdat-jp.bin,グラヌＤヘッド,Duque D Head
0x47ab78@mhfdat-jp.bin,千代ノ髪飾Ｄ,Granu D Head
0x47ab7c@mhfdat-jp.bin,ルベライトＤヘルム,Chiyo Hairpiece D
0x47ab80@mhfdat-jp.bin,ラズライトＤヘルム,Rubellite D Helm
0x47ab84@mhfdat-jp.bin,ジルコンＤヘルム,ラズライトD Helm
0x47ab88@mhfdat-jp.bin,スピネルＤヘルム,Zircon D Helm
0x47ab8c@mhfdat-jp.bin,ジェイドＤヘルム,Spinel D Helm
0x47ab90@mhfdat-jp.bin,アゲートＤヘルム,Jade D Helm
0x47ab94@mhfdat-jp.bin,パイローブＤヘルム,Agate D Helm
0x47ab98@mhfdat-jp.bin,アイオラＤヘルム,Pyrope D Helm
0x47ab9c@mhfdat-jp.bin,ルチルＤヘルム,アイオラD Helm
0x47aba0@mhfdat-jp.bin,ブラッドＤヘルム,Rutile D Helm
0x47aba4@mhfdat-jp.bin,シトリンＤキャップ,Blood D Helm
0x47aba8@mhfdat-jp.bin,ペリドットＤキャップ,Citrine D Cap
0x47abac@mhfdat-jp.bin,ターコイズＤキャップ,Peridot D Cap
0x47abb0@mhfdat-jp.bin,マフモフフードPD赤,Turquoise D Cap
0x47abb4@mhfdat-jp.bin,マフモフフードPD黄,Mafumofu Hood PD Red
0x47abb8@mhfdat-jp.bin,マフモフフードPD紫,Mafumofu Hood PD Yellow
0x47abbc@mhfdat-jp.bin,バサルキャップPD赤,Mafumofu Hood PD Purple
0x47abc0@mhfdat-jp.bin,バサルキャップPD黒,Basarios Cap PD Red
0x47abc4@mhfdat-jp.bin,バサルキャップPD黄,Basarios Cap PD Black
0x47abc8@mhfdat-jp.bin,ブランゴヘルムPD黄,Basarios Cap PD Yellow
0x47abcc@mhfdat-jp.bin,ブランゴヘルムPD青,Blango Helm PD Yellow
0x47abd0@mhfdat-jp.bin,ブランゴヘルムPD黒,Blango Helm PD Blue
0x47abd4@mhfdat-jp.bin,金色ノ添髪PD白,Blango Helm PD Black
0x47abd8@mhfdat-jp.bin,金色ノ添髪PD紫,Golden Headdress PD White
0x47abdc@mhfdat-jp.bin,金色ノ添髪PD緑,Golden Headdress PD Purple
0x47abe0@mhfdat-jp.bin,グラビドキャップPD緑,Golden Headdress PD Green
0x47abe4@mhfdat-jp.bin,グラビドキャップPD紫,Gravios Cap PD Green
0x47abe8@mhfdat-jp.bin,グラビドキャップPD赤,Gravios Cap PD Purple
0x47abec@mhfdat-jp.bin,ハイメタヘルムPD黒,Gravios Cap PD Red
0x47abf0@mhfdat-jp.bin,ハイメタヘルムPD青,High Metal Helm PD Black
0x47abf4@mhfdat-jp.bin,ハイメタヘルムPD黄,High Metal Helm PD Blue
0x47abf8@mhfdat-jp.bin,Ｓ・ソルヘルムPD赤,High Metal Helm PD Yellow
0x47abfc@mhfdat-jp.bin,Ｓ・ソルヘルムPD紫,S・Sol Helm PD Red
0x47ac00@mhfdat-jp.bin,Ｓ・ソルヘルムPD黒,S・Sol Helm PD Purple
0x47ac04@mhfdat-jp.bin,ガルルガキャップPD白,S・Sol Helm PD Black
0x47ac08@mhfdat-jp.bin,ガルルガキャップPD緑,Garuga Cap PD White
0x47ac0c@mhfdat-jp.bin,ガルルガキャップPD赤,Garuga Cap PD Green
0x47ac10@mhfdat-jp.bin,ザザミヘルムPD青,Garuga Cap PD Red
0x47ac14@mhfdat-jp.bin,ザザミヘルムPD白,Hermitaur Helm PD Blue
0x47ac18@mhfdat-jp.bin,ザザミヘルムPD紫,Hermitaur Helm PD White
0x47ac1c@mhfdat-jp.bin,クシャナアンクPD赤,Hermitaur Helm PD Purple
0x47ac20@mhfdat-jp.bin,クシャナアンクPD黄,Kushala Glare PD Red
0x47ac24@mhfdat-jp.bin,クシャナアンクPD緑,Kushala Glare PD Yellow
0x47ac28@mhfdat-jp.bin,クシャナスーラPD赤,Kushala Glare PD Green
0x47ac2c@mhfdat-jp.bin,クシャナスーラPD黄,Kushala Snarl PD Red
0x47ac30@mhfdat-jp.bin,クシャナスーラPD緑,Kushala Snarl PD Yellow
0x47ac34@mhfdat-jp.bin,忍の面・陽Ｄ,Kushala Snarl PD Green
0x47ac38@mhfdat-jp.bin,忍の面・陰Ｄ,Shinobi Mask・陽D
0x47ac3c@mhfdat-jp.bin,ボンネＤヘルム,Shinobi Mask・陰D
0x47ac40@mhfdat-jp.bin,カライスＤキャップ,Bonne D Helm
0x47ac44@mhfdat-jp.bin,ルケーゼＤキャップ,Kalais D Cap
0x47ac48@mhfdat-jp.bin,クオイズＤキャップ,Lucchese D Cap
0x47ac4c@mhfdat-jp.bin,ネコダンＤヘッド,Quoiz D Cap
0x47ac50@mhfdat-jp.bin,グーダンＤヘッド,Nekodan D Head
0x47ac54@mhfdat-jp.bin,煉緋ノ鉢金Ｚ,Gudan D Head
0x47ac58@mhfdat-jp.bin,煉緋ノ鉢金ZF,Nerihi Headguard Z
0x47ac5c@mhfdat-jp.bin,煉緋ノ鉢金ZY,Nerihi Headguard ZF
0x47ac60@mhfdat-jp.bin,煉緋ノ鉢金ZX,Nerihi Headguard ZY
0x47ac64@mhfdat-jp.bin,煉緋ノ面Ｚ,Nerihi Headguard ZX
0x47ac68@mhfdat-jp.bin,煉緋ノ面ZF,Nerihi Mask Z
0x47ac6c@mhfdat-jp.bin,煉緋ノ面ZY,Nerihi Mask ZF
0x47ac70@mhfdat-jp.bin,煉緋ノ面ZX,Nerihi Mask ZY
0x47ac74@mhfdat-jp.bin,サイネヘルム,Nerihi Mask ZX
0x47ac78@mhfdat-jp.bin,サイネＦヘルム,Saine Helm
0x47ac7c@mhfdat-jp.bin,サイネFZヘルム,Saine F Helm
0x47ac80@mhfdat-jp.bin,サイネHSヘルム,Saine FZ Helm
0x47ac84@mhfdat-jp.bin,サイネGSヘルム,Saine HS Helm
0x47ac88@mhfdat-jp.bin,サイネGPヘルム,Saine GS Helm
0x47ac8c@mhfdat-jp.bin,サイネZPヘルム,Saine GP Helm
0x47ac90@mhfdat-jp.bin,サイネキャップ,Saine ZP Helm
0x47ac94@mhfdat-jp.bin,サイネＦキャップ,Saine Cap
0x47ac98@mhfdat-jp.bin,サイネFZキャップ,Saine F Cap
0x47ac9c@mhfdat-jp.bin,サイネHSキャップ,Saine FZ Cap
0x47aca0@mhfdat-jp.bin,サイネGSキャップ,Saine HS Cap
0x47aca4@mhfdat-jp.bin,サイネGPキャップ,Saine GS Cap
0x47aca8@mhfdat-jp.bin,サイネZPキャップ,Saine GP Cap
0x47acac@mhfdat-jp.bin,ウイングヘッド,Saine ZP Cap
0x47acb0@mhfdat-jp.bin,ウイングＦヘッド,Wing Head
0x47acb4@mhfdat-jp.bin,ウイングFZヘッド,Wing F Head
0x47acb8@mhfdat-jp.bin,ウイングHSヘッド,Wing FZ Head
0x47acbc@mhfdat-jp.bin,ウイングGSヘッド,Wing HS Head
0x47acc0@mhfdat-jp.bin,ウイングGPヘッド,Wing GS Head
0x47acc4@mhfdat-jp.bin,ウイングZPヘッド,Wing GP Head
0x47acc8@mhfdat-jp.bin,ウイングキャップ,Wing ZP Head
0x47accc@mhfdat-jp.bin,ウイングＦキャップ,Wing Cap
0x47acd0@mhfdat-jp.bin,ウイングFZキャップ,Wing F Cap
0x47acd4@mhfdat-jp.bin,ウイングHSキャップ,Wing FZ Cap
0x47acd8@mhfdat-jp.bin,ウイングGSキャップ,Wing HS Cap
0x47acdc@mhfdat-jp.bin,ウイングGPキャップ,Wing GS Cap
0x47ace0@mhfdat-jp.bin,ウイングZPキャップ,Wing GP Cap
0x47ace4@mhfdat-jp.bin,ガスラＺヘルム,Wing ZP Cap
0x47ace8@mhfdat-jp.bin,ガスラZFヘルム,Gasura Z Helm
0x47acec@mhfdat-jp.bin,ガスラZYヘルム,Gasura ZF Helm
0x47acf0@mhfdat-jp.bin,ガスラZXヘルム,Gasura ZY Helm
0x47acf4@mhfdat-jp.bin,ガスラＺキャップ,Gasura ZX Helm
0x47acf8@mhfdat-jp.bin,ガスラZFキャップ,Gasura Z Cap
0x47acfc@mhfdat-jp.bin,ガスラZYキャップ,Gasura ZF Cap
0x47ad00@mhfdat-jp.bin,ガスラZXキャップ,Gasura ZY Cap
0x47ad04@mhfdat-jp.bin,レギオスヘルム,Gasura ZX Cap
0x47ad08@mhfdat-jp.bin,レギオスＧヘルム,Seregios Helm
0x47ad0c@mhfdat-jp.bin,レギオスGFヘルム,Seregios G Helm
0x47ad10@mhfdat-jp.bin,レギオスGXヘルム,Seregios GF Helm
0x47ad14@mhfdat-jp.bin,レギオスキャップ,Seregios GX Helm
0x47ad18@mhfdat-jp.bin,レギオスＧキャップ,Seregios Cap
0x47ad1c@mhfdat-jp.bin,レギオスGFキャップ,Seregios G Cap
0x47ad20@mhfdat-jp.bin,レギオスGXキャップ,Seregios GF Cap
0x47ad24@mhfdat-jp.bin,歌詠ノ髪飾Ｚ,Seregios GX Cap
0x47ad28@mhfdat-jp.bin,歌詠ノ髪飾ZF,Utaei Hairpiece Z
0x47ad2c@mhfdat-jp.bin,歌詠ノ髪飾ZY,Utaei Hairpiece ZF
0x47ad30@mhfdat-jp.bin,歌詠ノ髪飾ZX,Utaei Hairpiece ZY
0x47ad34@mhfdat-jp.bin,歌詠ノ髪留Ｚ,Utaei Hairpiece ZX
0x47ad38@mhfdat-jp.bin,歌詠ノ髪留ZF,Utaei Hairpin Z
0x47ad3c@mhfdat-jp.bin,歌詠ノ髪留ZY,Utaei Hairpin ZF
0x47ad40@mhfdat-jp.bin,歌詠ノ髪留ZX,Utaei Hairpin ZY
0x47ad44@mhfdat-jp.bin,カシウスＧヘルム,Utaei Hairpin ZX
0x47ad48@mhfdat-jp.bin,カシウスGFヘルム,Cassius G Helm
0x47ad4c@mhfdat-jp.bin,カシウスGXヘルム,Cassius GF Helm
0x47ad50@mhfdat-jp.bin,カシウスＧキャップ,Cassius GX Helm
0x47ad54@mhfdat-jp.bin,カシウスGFキャップ,Cassius G Cap
0x47ad58@mhfdat-jp.bin,カシウスGXキャップ,Cassius GF Cap
0x47ad5c@mhfdat-jp.bin,ピンビヘッド,Cassius GX Cap
0x47ad60@mhfdat-jp.bin,ピンビＦヘッド,Pinbi Head
0x47ad64@mhfdat-jp.bin,ピンビFZヘッド,Pinbi F Head
0x47ad68@mhfdat-jp.bin,ピンビHSヘッド,Pinbi FZ Head
0x47ad6c@mhfdat-jp.bin,ピンビGSヘッド,Pinbi HS Head
0x47ad70@mhfdat-jp.bin,ピンビGPヘッド,Pinbi GS Head
0x47ad74@mhfdat-jp.bin,ピンビZPヘッド,Pinbi GP Head
0x47ad78@mhfdat-jp.bin,ピンビマスク,Pinbi ZP Head
0x47ad7c@mhfdat-jp.bin,ピンビＦマスク,Pinbi Mask
0x47ad80@mhfdat-jp.bin,ピンビFZマスク,Pinbi F Mask
0x47ad84@mhfdat-jp.bin,ピンビHSマスク,Pinbi FZ Mask
0x47ad88@mhfdat-jp.bin,ピンビGSマスク,Pinbi HS Mask
0x47ad8c@mhfdat-jp.bin,ピンビGPマスク,Pinbi GS Mask
0x47ad90@mhfdat-jp.bin,ピンビZPマスク,Pinbi GP Mask
0x47ad94@mhfdat-jp.bin,プリブヘッド,Pinbi ZP Mask
0x47ad98@mhfdat-jp.bin,プリブＦヘッド,Pribu Head
0x47ad9c@mhfdat-jp.bin,プリブFZヘッド,Pribu F Head
0x47ada0@mhfdat-jp.bin,プリブHSヘッド,Pribu FZ Head
0x47ada4@mhfdat-jp.bin,プリブGSヘッド,Pribu HS Head
0x47ada8@mhfdat-jp.bin,プリブGPヘッド,Pribu GS Head
0x47adac@mhfdat-jp.bin,プリブZPヘッド,Pribu GP Head
0x47adb0@mhfdat-jp.bin,プリブマスク,Pribu ZP Head
0x47adb4@mhfdat-jp.bin,プリブＦマスク,Pribu Mask
0x47adb8@mhfdat-jp.bin,プリブFZマスク,Pribu F Mask
0x47adbc@mhfdat-jp.bin,プリブHSマスク,Pribu FZ Mask
0x47adc0@mhfdat-jp.bin,プリブGSマスク,Pribu HS Mask
0x47adc4@mhfdat-jp.bin,プリブGPマスク,Pribu GS Mask
0x47adc8@mhfdat-jp.bin,プリブZPマスク,Pribu GP Mask
0x47adcc@mhfdat-jp.bin,グレイヘッド,Pribu ZP Mask
0x47add0@mhfdat-jp.bin,グレイＦヘッド,Gray Head
0x47add4@mhfdat-jp.bin,グレイFZヘッド,Gray F Head
0x47add8@mhfdat-jp.bin,グレイHSヘッド,Gray FZ Head
0x47addc@mhfdat-jp.bin,グレイGSヘッド,Gray HS Head
0x47ade0@mhfdat-jp.bin,グレイGPヘッド,Gray GS Head
0x47ade4@mhfdat-jp.bin,グレイZPヘッド,Gray GP Head
0x47ade8@mhfdat-jp.bin,グレイマスク,Gray ZP Head
0x47adec@mhfdat-jp.bin,グレイＦマスク,Gray Mask
0x47adf0@mhfdat-jp.bin,グレイFZマスク,Gray F Mask
0x47adf4@mhfdat-jp.bin,グレイHSマスク,Gray FZ Mask
0x47adf8@mhfdat-jp.bin,グレイGSマスク,Gray HS Mask
0x47adfc@mhfdat-jp.bin,グレイGPマスク,Gray GS Mask
0x47ae00@mhfdat-jp.bin,グレイZPマスク,Gray GP Mask
0x47ae04@mhfdat-jp.bin,ウルピナヘッド,Gray ZP Mask
0x47ae08@mhfdat-jp.bin,ウルピナＦヘッド,Urpina Head
0x47ae0c@mhfdat-jp.bin,ウルピナFZヘッド,Urpina F Head
0x47ae10@mhfdat-jp.bin,ウルピナHSヘッド,Urpina FZ Head
0x47ae14@mhfdat-jp.bin,ウルピナGSヘッド,Urpina HS Head
0x47ae18@mhfdat-jp.bin,ウルピナGPヘッド,Urpina GS Head
0x47ae1c@mhfdat-jp.bin,ウルピナZPヘッド,Urpina GP Head
0x47ae20@mhfdat-jp.bin,ウルピナキャップ,Urpina ZP Head
0x47ae24@mhfdat-jp.bin,ウルピナＦキャップ,Urpina Cap
0x47ae28@mhfdat-jp.bin,ウルピナFZキャップ,Urpina F Cap
0x47ae2c@mhfdat-jp.bin,ウルピナHSキャップ,Urpina FZ Cap
0x47ae30@mhfdat-jp.bin,ウルピナGSキャップ,Urpina HS Cap
0x47ae34@mhfdat-jp.bin,ウルピナGPキャップ,Urpina GS Cap
0x47ae38@mhfdat-jp.bin,ウルピナZPキャップ,Urpina GP Cap
0x47ae3c@mhfdat-jp.bin,ノエルヘッド,Urpina ZP Cap
0x47ae40@mhfdat-jp.bin,ノエルＦヘッド,Noel Head
0x47ae44@mhfdat-jp.bin,ノエルFZヘッド,Noel F Head
0x47ae48@mhfdat-jp.bin,ノエルHSヘッド,Noel FZ Head
0x47ae4c@mhfdat-jp.bin,ノエルGSヘッド,Noel HS Head
0x47ae50@mhfdat-jp.bin,ノエルGPヘッド,Noel GS Head
0x47ae54@mhfdat-jp.bin,ノエルZPヘッド,Noel GP Head
0x47ae58@mhfdat-jp.bin,ノエルマスク,Noel ZP Head
0x47ae5c@mhfdat-jp.bin,ノエルＦマスク,Noel Mask
0x47ae60@mhfdat-jp.bin,ノエルFZマスク,Noel F Mask
0x47ae64@mhfdat-jp.bin,ノエルHSマスク,Noel FZ Mask
0x47ae68@mhfdat-jp.bin,ノエルGSマスク,Noel HS Mask
0x47ae6c@mhfdat-jp.bin,ノエルGPマスク,Noel GS Mask
0x47ae70@mhfdat-jp.bin,ノエルZPマスク,Noel GP Mask
0x47ae74@mhfdat-jp.bin,ビューネイヘッド,Noel ZP Mask
0x47ae78@mhfdat-jp.bin,ビューネイＦヘッド,Bune Head
0x47ae7c@mhfdat-jp.bin,ビューネイFZヘッド,Bune F Head
0x47ae80@mhfdat-jp.bin,ビューネイHSヘッド,Bune FZ Head
0x47ae84@mhfdat-jp.bin,ビューネイGSヘッド,Bune HS Head
0x47ae88@mhfdat-jp.bin,ビューネイGPヘッド,Bune GS Head
0x47ae8c@mhfdat-jp.bin,ビューネイZPヘッド,Bune GP Head
0x47ae90@mhfdat-jp.bin,ビューネイマスク,Bune ZP Head
0x47ae94@mhfdat-jp.bin,ビューネイＦマスク,Bune Mask
0x47ae98@mhfdat-jp.bin,ビューネイFZマスク,Bune F Mask
0x47ae9c@mhfdat-jp.bin,ビューネイHSマスク,Bune FZ Mask
0x47aea0@mhfdat-jp.bin,ビューネイGSマスク,Bune HS Mask
0x47aea4@mhfdat-jp.bin,ビューネイGPマスク,Bune GS Mask
0x47aea8@mhfdat-jp.bin,ビューネイZPマスク,Bune GP Mask
0x47aeac@mhfdat-jp.bin,ラヴィＧヘッド：極,Bune ZP Mask
0x47aeb0@mhfdat-jp.bin,ラヴィGFヘッド：極,Raviente G Head : Extreme
0x47aeb4@mhfdat-jp.bin,ラヴィGXヘッド：極,Raviente GF Head : Extreme
0x47aeb8@mhfdat-jp.bin,ラヴィＧキャップ：極,Raviente GX Head : Extreme
0x47aebc@mhfdat-jp.bin,ラヴィGFキャップ：極,Raviente G Cap : Extreme
0x47aec0@mhfdat-jp.bin,ラヴィGXキャップ：極,Raviente GF Cap : Extreme
0x47aec4@mhfdat-jp.bin,ハーゼZPバンド,Raviente GX Cap : Extreme
0x47aec8@mhfdat-jp.bin,ハーゼZPヘッド,Harze ZP Band
0x47aecc@mhfdat-jp.bin,ルヴナンZPゲヒル,Harze ZP Head
0x47aed0@mhfdat-jp.bin,ルヴナンZPゼレ,Revenants ZP Brain
0x47aed4@mhfdat-jp.bin,祭のあとに【勝ち猫】,Revenants ZP Soul
0x47aed8@mhfdat-jp.bin,祭のあとに【勝ち猫】,Post-Festivities [Winning Cat]
0x47aedc@mhfdat-jp.bin,祭のあとに【勝ち猫】,Post-Festivities [Winning Cat]
0x47aee0@mhfdat-jp.bin,祭のあとに【勝ち猫】,Post-Festivities [Winning Cat]
0x47aee4@mhfdat-jp.bin,祭のあとに【勝ち猫】,Post-Festivities [Winning Cat]
0x47aee8@mhfdat-jp.bin,祭のあとに【勝ち猫】,Post-Festivities [Winning Cat]
0x47aeec@mhfdat-jp.bin,祭のあとに【勝ち猫】,Post-Festivities [Winning Cat]
0x47aef0@mhfdat-jp.bin,祭のあとに【勝ち猫】,Post-Festivities [Winning Cat]
0x47aef4@mhfdat-jp.bin,祭のあとに【勝ち猫】,Post-Festivities [Winning Cat]
0x47aef8@mhfdat-jp.bin,祭のあとに【勝ち猫】,Post-Festivities [Winning Cat]
0x47aefc@mhfdat-jp.bin,祭のあとに【勝ち猫】,Post-Festivities [Winning Cat]
0x47af00@mhfdat-jp.bin,祭のあとに【勝ち猫】,Post-Festivities [Winning Cat]
0x47af04@mhfdat-jp.bin,祭のあとに【勝ち猫】,Post-Festivities [Winning Cat]
0x47af08@mhfdat-jp.bin,祭のあとに【勝ち猫】,Post-Festivities [Winning Cat]
0x47af0c@mhfdat-jp.bin,祭のあとに【勝ち猫】,Post-Festivities [Winning Cat]
0x47af10@mhfdat-jp.bin,祭のあとに【勝ち猫】,Post-Festivities [Winning Cat]
0x47af14@mhfdat-jp.bin,祭のあとに【勝ち猫】,Post-Festivities [Winning Cat]
0x47af18@mhfdat-jp.bin,祭のあとに【勝ち猫】,Post-Festivities [Winning Cat]
0x47af1c@mhfdat-jp.bin,祭のあとに【勝ち猫】,Post-Festivities [Winning Cat]
0x47af20@mhfdat-jp.bin,祭のあとに【勝ち猫】,Post-Festivities [Winning Cat]
0x47af24@mhfdat-jp.bin,祭のあとに【勝ち猫】,Post-Festivities [Winning Cat]
0x47af28@mhfdat-jp.bin,祭のあとに【勝ち猫】,Post-Festivities [Winning Cat]
0x47af2c@mhfdat-jp.bin,祭のあとに【勝ち猫】,Post-Festivities [Winning Cat]
0x47af30@mhfdat-jp.bin,祭のあとに【勝ち猫】,Post-Festivities [Winning Cat]
0x47af34@mhfdat-jp.bin,祭のあとに【勝ち猫】,Post-Festivities [Winning Cat]
0x47af38@mhfdat-jp.bin,祭のあとに【勝ち猫】,Post-Festivities [Winning Cat]
0x47af3c@mhfdat-jp.bin,祭のあとに【勝ち猫】,Post-Festivities [Winning Cat]
0x47af40@mhfdat-jp.bin,祭のあとに【勝ち猫】,Post-Festivities [Winning Cat]
0x47af44@mhfdat-jp.bin,祭のあとに【勝ち猫】,Post-Festivities [Winning Cat]
0x47af48@mhfdat-jp.bin,祭のあとに【勝ち猫】,Post-Festivities [Winning Cat]
0x47af4c@mhfdat-jp.bin,祭のあとに【勝ち猫】,Post-Festivities [Winning Cat]
0x47af50@mhfdat-jp.bin,祭のあとに【勝ち猫】,Post-Festivities [Winning Cat]
0x47af54@mhfdat-jp.bin,祭のあとに【勝ち猫】,Post-Festivities [Winning Cat]
0x47af58@mhfdat-jp.bin,祭のあとに【勝ち猫】,Post-Festivities [Winning Cat]
0x47af5c@mhfdat-jp.bin,祭のあとに【勝ち猫】,Post-Festivities [Winning Cat]
0x47af60@mhfdat-jp.bin,祭のあとに【勝ち猫】,Post-Festivities [Winning Cat]
0x47af64@mhfdat-jp.bin,祭のあとに【勝ち猫】,Post-Festivities [Winning Cat]
0x47af68@mhfdat-jp.bin,祭のあとに【勝ち猫】,Post-Festivities [Winning Cat]
0x47af6c@mhfdat-jp.bin,祭のあとに【勝ち猫】,Post-Festivities [Winning Cat]
0x47af70@mhfdat-jp.bin,祭のあとに【勝ち猫】,Post-Festivities [Winning Cat]
0x47af74@mhfdat-jp.bin,サイネＤヘルム,Post-Festivities [Winning Cat]
0x47af78@mhfdat-jp.bin,ウイングＤヘッド,Saine D Helm
0x47af7c@mhfdat-jp.bin,ガスラZDヘルム,Wing D Head
0x47af80@mhfdat-jp.bin,ガスラZDキャップ,Gasura ZD Helm
0x47af84@mhfdat-jp.bin,レギオスＣヘルム,Gasura ZD Cap
0x47af88@mhfdat-jp.bin,レギオスＣキャップ,Seregios C Helm
0x47af8c@mhfdat-jp.bin,ピンビＤヘッド,Seregios C Cap
0x47af90@mhfdat-jp.bin,プリブＤヘッド,Pinbi D Head
0x47af94@mhfdat-jp.bin,煉緋ノ鉢金Ｄ,Pribu D Head
0x47af98@mhfdat-jp.bin,グレイＤヘッド,Nerihi Headguard D
0x47af9c@mhfdat-jp.bin,ウルピナＤヘッド,Gray D Head
0x47afa0@mhfdat-jp.bin,ノエルＤヘッド,Urpina D Head
0x47afa4@mhfdat-jp.bin,ビューネイＤヘッド,Noel D Head
0x47afa8@mhfdat-jp.bin,メラースＤウィッグ,Bune D Head
0x47afac@mhfdat-jp.bin,白虎・剣聖Ｄヘルム,Melas D Wig
0x47afb0@mhfdat-jp.bin,白虎・双龍Ｄヘルム,Byakko・Kensei D Helm
0x47afb4@mhfdat-jp.bin,白虎・剣王Ｄヘルム,Byakko・双龍D Helm
0x47afb8@mhfdat-jp.bin,白虎・刀神Ｄヘルム,Byakko・Blade 王D Helm
0x47afbc@mhfdat-jp.bin,白虎・天槍Ｄヘルム,Byakko・刀神D Helm
0x47afc0@mhfdat-jp.bin,白虎・砲皇Ｄヘルム,Byakko・Heaven 槍D Helm
0x47afc4@mhfdat-jp.bin,白虎・鈍器獣Ｄヘルム,Byakko・砲皇D Helm
0x47afc8@mhfdat-jp.bin,白虎・奏帝Ｄヘルム,Byakko・鈍器獣D Helm
0x47afcc@mhfdat-jp.bin,白虎・穿凰Ｄヘルム,Byakko・奏帝D Helm
0x47afd0@mhfdat-jp.bin,白虎・斬将Ｄヘルム,Byakko・穿凰D Helm
0x47afd4@mhfdat-jp.bin,白虎・銃傑Ｄマスク,Byakko・斬将D Helm
0x47afd8@mhfdat-jp.bin,白虎・銃仙Ｄマスク,Byakko・銃傑D Mask
0x47afdc@mhfdat-jp.bin,白虎・弓鬼Ｄマスク,Byakko・銃仙D Mask
0x47afe0@mhfdat-jp.bin,キリンホーンPD赤,Byakko・Bow 鬼D Mask
0x47afe4@mhfdat-jp.bin,キリンホーンPD紫,Kirin Horn PD Red
0x47afe8@mhfdat-jp.bin,キリンホーンPD黒,Kirin Horn PD Purple
0x47afec@mhfdat-jp.bin,カイザークラウンPD白,Kirin Horn PD Black
0x47aff0@mhfdat-jp.bin,カイザーマスクPD白,Kaiser Crown PD White
0x47aff4@mhfdat-jp.bin,カイザークラウンPD黒,Kaiser Mask PD White
0x47aff8@mhfdat-jp.bin,カイザーマスクPD黒,Kaiser Crown PD Black
0x47affc@mhfdat-jp.bin,カイザークラウンPD緑,Kaiser Mask PD Black
0x47b000@mhfdat-jp.bin,カイザーマスクPD緑,Kaiser Crown PD Green
0x47b004@mhfdat-jp.bin,ミヅハ【帽子】PD青,Kaiser Mask PD Green
0x47b008@mhfdat-jp.bin,ミヅハ【帽子】PD赤,Mizuha [Cap 子】 PD Blue
0x47b00c@mhfdat-jp.bin,ミヅハ【帽子】PD黄,Mizuha [Cap 子】 PD Red
0x47b010@mhfdat-jp.bin,トヨタマ【帽子】PD青,Mizuha [Cap 子】 PD Yellow
0x47b014@mhfdat-jp.bin,トヨタマ【帽子】PD赤,Toyotama [Cap 子】 PD Blue
0x47b018@mhfdat-jp.bin,トヨタマ【帽子】PD黄,Toyotama [Cap 子】 PD Red
0x47b01c@mhfdat-jp.bin,暁丸【兜】PD赤,Toyotama [Cap 子】 PD Yellow
0x47b020@mhfdat-jp.bin,暁丸【兜】PD紫,暁丸 Kabuto PD Red
0x47b024@mhfdat-jp.bin,暁丸【兜】PD白,暁丸 Kabuto PD Purple
0x47b028@mhfdat-jp.bin,凛【鉢金】PD黒,暁丸 Kabuto PD White
0x47b02c@mhfdat-jp.bin,凛【鉢金】PD紫,凛 Hachigane PD Black
0x47b030@mhfdat-jp.bin,凛【鉢金】PD白,凛 Hachigane PD Purple
0x47b034@mhfdat-jp.bin,ギザミキャップPD赤,凛 Hachigane PD White
0x47b038@mhfdat-jp.bin,ギザミキャップPD黒,Ceanataur Cap PD Red
0x47b03c@mhfdat-jp.bin,ギザミキャップPD黄,Ceanataur Cap PD Black
0x47b040@mhfdat-jp.bin,ガブラスフェイクPD白,Ceanataur Cap PD Yellow
0x47b044@mhfdat-jp.bin,ガブラスフェイクPD黄,Remobra Mask PD White
0x47b048@mhfdat-jp.bin,ガブラスフェイクPD黒,Remobra Mask PD Yellow
0x47b04c@mhfdat-jp.bin,ハーゼＤバンド,Remobra Mask PD Black
0x47b050@mhfdat-jp.bin,ルヴナンＤゲヒル,Harze D Band
0x47b054@mhfdat-jp.bin,ククボＤキャップ,Revenants D Brain
0x47b058@mhfdat-jp.bin,カカブＤキャップ,Kukubo D Cap
0x47b05c@mhfdat-jp.bin,アルルＤキャップ,Kakabu D Cap
0x47b060@mhfdat-jp.bin,朱雀・剣聖Ｄヘルム,Aruru D Cap
0x47b064@mhfdat-jp.bin,朱雀・双龍Ｄヘルム,Suzaku・Kensei D Helm
0x47b068@mhfdat-jp.bin,朱雀・剣王Ｄヘルム,Suzaku・双龍D Helm
0x47b06c@mhfdat-jp.bin,朱雀・刀神Ｄヘルム,Suzaku・Blade 王D Helm
0x47b070@mhfdat-jp.bin,朱雀・天槍Ｄヘルム,Suzaku・刀神D Helm
0x47b074@mhfdat-jp.bin,朱雀・砲皇Ｄヘルム,Suzaku・Heaven 槍D Helm
0x47b078@mhfdat-jp.bin,朱雀・鈍器獣Ｄヘルム,Suzaku・砲皇D Helm
0x47b07c@mhfdat-jp.bin,朱雀・奏帝Ｄヘルム,Suzaku・鈍器獣D Helm
0x47b080@mhfdat-jp.bin,朱雀・穿凰Ｄヘルム,Suzaku・奏帝D Helm
0x47b084@mhfdat-jp.bin,朱雀・斬将Ｄヘルム,Suzaku・穿凰D Helm
0x47b088@mhfdat-jp.bin,朱雀・銃傑Ｄマスク,Suzaku・斬将D Helm
0x47b08c@mhfdat-jp.bin,朱雀・銃仙Ｄマスク,Suzaku・銃傑D Mask
0x47b090@mhfdat-jp.bin,朱雀・弓鬼Ｄマスク,Suzaku・銃仙D Mask
0x47b094@mhfdat-jp.bin,Ｇ・ナイトマスクPD赤,Suzaku・Bow 鬼D Mask
0x47b098@mhfdat-jp.bin,Ｇ・ナイトマスクPD青,G・Knight Mask PD Red
0x47b09c@mhfdat-jp.bin,Ｇ・ナイトマスクPD紫,G・Knight Mask PD Blue
0x47b0a0@mhfdat-jp.bin,ＰＶグラスPD赤,G・Knight Mask PD Purple
0x47b0a4@mhfdat-jp.bin,ＰＶグラスPD青,PV Glasses PD Red
0x47b0a8@mhfdat-jp.bin,ＰＶグラスPD紫,PV Glasses PD Blue
0x47b0ac@mhfdat-jp.bin,エンプレスヘッドPD赤,PV Glasses PD Purple
0x47b0b0@mhfdat-jp.bin,エンプレスヘッドPD黄,Empress Head PD Red
0x47b0b4@mhfdat-jp.bin,エンプレスヘッドPD紫,Empress Head PD Yellow
0x47b0b8@mhfdat-jp.bin,エンプレスマスクPD赤,Empress Head PD Purple
0x47b0bc@mhfdat-jp.bin,エンプレスマスクPD黄,Empress Mask PD Red
0x47b0c0@mhfdat-jp.bin,エンプレスマスクPD紫,Empress Mask PD Yellow
0x47b0c4@mhfdat-jp.bin,ランゴヘルムPD黄,Empress Mask PD Purple
0x47b0c8@mhfdat-jp.bin,ランゴヘルムPD黒,Vespoid Helm PD Yellow
0x47b0cc@mhfdat-jp.bin,ランゴヘルムPD青,Vespoid Helm PD Black
0x47b0d0@mhfdat-jp.bin,デスギアゲヒルPD白,Vespoid Helm PD Blue
0x47b0d4@mhfdat-jp.bin,デスギアゲヒルPD赤,Death Stench Brain PD White
0x47b0d8@mhfdat-jp.bin,デスギアゲヒルPD青,Death Stench Brain PD Red
0x47b0dc@mhfdat-jp.bin,ディアブロヘルムPD紫,Death Stench Brain PD Blue
0x47b0e0@mhfdat-jp.bin,ディアブロヘルムPD青,Diablos Helm PD Purple
0x47b0e4@mhfdat-jp.bin,ディアブロヘルムPD黄,Diablos Helm PD Blue
0x47b0e8@mhfdat-jp.bin,マカルパフードPD緑,Diablos Helm PD Yellow
0x47b0ec@mhfdat-jp.bin,マカルパフードPD青,Makluva Hood PD Green
0x47b0f0@mhfdat-jp.bin,マカルパフードPD黒,Makluva Hood PD Blue
0x47b0f4@mhfdat-jp.bin,アカムトサクパケPD黒,Makluva Hood PD Black
0x47b0f8@mhfdat-jp.bin,アカムトサクパケPD赤,Akantor Mask PD Black
0x47b0fc@mhfdat-jp.bin,アカムトサクパケPD白,Akantor Mask PD Red
0x47b100@mhfdat-jp.bin,アカムトリクンPD黒,Akantor Mask PD White
0x47b104@mhfdat-jp.bin,アカムトリクンPD赤,Akantor リクン PD Black
0x47b108@mhfdat-jp.bin,アカムトリクンPD白,Akantor リクン PD Red
0x47b10c@mhfdat-jp.bin,グラビドヘルムPD黒,Akantor リクン PD White
0x47b110@mhfdat-jp.bin,グラビドヘルムPD青,Gravios Helm PD Black
0x47b114@mhfdat-jp.bin,グラビドヘルムPD赤,Gravios Helm PD Blue
0x47b118@mhfdat-jp.bin,ウルキーＤフェスタ,Gravios Helm PD Red
0x47b11c@mhfdat-jp.bin,アイルーＤフェスタ,Uruki D Festa
0x47b120@mhfdat-jp.bin,メラルーＤフェスタ,Felyne D Festa
0x47b124@mhfdat-jp.bin,プーギーＤフェスタ,Melynx D Festa
0x47b128@mhfdat-jp.bin,エスピＤフェスタ,Poogie D Festa
0x47b12c@mhfdat-jp.bin,エスピ亜Ｄフェスタ,Espi D Festa
0x47b130@mhfdat-jp.bin,エスピ希Ｄフェスタ,Espi 亜D Festa
0x47b134@mhfdat-jp.bin,カムＤフェスタ,Espi 希D Festa
0x47b138@mhfdat-jp.bin,ノノＤフェスタ,Kamu D Festa
0x47b13c@mhfdat-jp.bin,ゴゴモアＤフェスタ,Nono D Festa
0x47b140@mhfdat-jp.bin,エルゼＤフェスタ,Gogo モアD Festa
0x47b144@mhfdat-jp.bin,極エルゼＤフェスタ,Elzelion D Festa
0x47b148@mhfdat-jp.bin,ドゥレムＤフェスタ,Extreme Elzelion D Festa
0x47b14c@mhfdat-jp.bin,グークＤフェスタ,Duremudira D Festa
0x47b150@mhfdat-jp.bin,シャルルＤヘルム,Gook D Festa
0x47b154@mhfdat-jp.bin,煉鳳ノ鉢金Ｄ,Sharuru D Helm
0x47b158@mhfdat-jp.bin,アノルZDヘルム,Neriotori Headguard D
0x47b15c@mhfdat-jp.bin,アノルZDキャップ,Anorupatisu ZD Helm
0x47b160@mhfdat-jp.bin,ディランＤヘッド,Anorupatisu ZD Cap
0x47b164@mhfdat-jp.bin,ディブルＤヘッド,Dylan D Head
0x47b168@mhfdat-jp.bin,フィンスＤヘッド,Dibble D Head
0x47b16c@mhfdat-jp.bin,ディンスＤヘッド,Fins D Head
0x47b170@mhfdat-jp.bin,カリスＤヘルム,Dins D Head
0x47b174@mhfdat-jp.bin,ミリアムＤヘッド,Charis D Helm
0x47b178@mhfdat-jp.bin,レニガンＤヘッド,Miriam D Head
0x47b17c@mhfdat-jp.bin,執事メイド 色替え,Lenigan D Head
0x47b180@mhfdat-jp.bin,カタンテＤヘルム,執事 Maid 色替え
0x47b184@mhfdat-jp.bin,リカンテＤヘルム,Katante D Helm
0x47b188@mhfdat-jp.bin,メレンテＤヘルム,Rikante D Helm
0x47b18c@mhfdat-jp.bin,ウタンテＤヘルム,Merente D Helm
0x47b190@mhfdat-jp.bin,ブルックＤヘッド,Utante D Helm
0x47b194@mhfdat-jp.bin,シルックＤヘッド,Brooke D Head
0x47b198@mhfdat-jp.bin,ゴルックＤヘッド,Shirukku D Head
0x47b19c@mhfdat-jp.bin,ゴルガノヘッドＤ,Gorukku D Head
0x47b1a0@mhfdat-jp.bin,アルガノヘッドＤ,Goruganosu Head D
0x47b1a4@mhfdat-jp.bin,潔燭ノ兜Ｄ,Aruganosu Head D
0x47b1a8@mhfdat-jp.bin,華燭ノ兜Ｄ,Kiyoshi Helm D
0x47b1ac@mhfdat-jp.bin,ジャガーＤヘルム,Kashoku Helm D
0x47b1b0@mhfdat-jp.bin,キュールＤヘッド,Jyaga D Helm
0x47b1b4@mhfdat-jp.bin,ジェスＤヘルム,Cure D Head
0x47b1b8@mhfdat-jp.bin,リアルオＤヘルム,Jess D Helm
0x47b1bc@mhfdat-jp.bin,レイレスＤヘルム,Riaruo D Helm
0x47b1c0@mhfdat-jp.bin,レウアスＤヘルム,Reiresu D Helm
0x47b1c4@mhfdat-jp.bin,ブランＤヘッド,Reuasu D Helm
0x47b1c8@mhfdat-jp.bin,しましまＤヘッド,Buran D Head
0x47b1cc@mhfdat-jp.bin,デストラＤヘルム,Shimashima D Head
0x47b1d0@mhfdat-jp.bin,フランテＤヘルム,Desutora D Helm
0x47b1d4@mhfdat-jp.bin,シャルルヘルム,Furante D Helm
0x47b1d8@mhfdat-jp.bin,シャルルＦヘルム,Sharuru Helm
0x47b1dc@mhfdat-jp.bin,シャルルFZヘルム,Sharuru F Helm
0x47b1e0@mhfdat-jp.bin,シャルルHSヘルム,Sharuru FZ Helm
0x47b1e4@mhfdat-jp.bin,シャルルGSヘルム,Sharuru HS Helm
0x47b1e8@mhfdat-jp.bin,シャルルGPヘルム,Sharuru GS Helm
0x47b1ec@mhfdat-jp.bin,シャルルZPヘルム,Sharuru GP Helm
0x47b1f0@mhfdat-jp.bin,シャルルキャップ,Sharuru ZP Helm
0x47b1f4@mhfdat-jp.bin,シャルルＦキャップ,Sharuru Cap
0x47b1f8@mhfdat-jp.bin,シャルルFZキャップ,Sharuru F Cap
0x47b1fc@mhfdat-jp.bin,シャルルHSキャップ,Sharuru FZ Cap
0x47b200@mhfdat-jp.bin,シャルルGSキャップ,Sharuru HS Cap
0x47b204@mhfdat-jp.bin,シャルルGPキャップ,Sharuru GS Cap
0x47b208@mhfdat-jp.bin,シャルルZPキャップ,Sharuru GP Cap
0x47b20c@mhfdat-jp.bin,煉鳳ノ鉢金Ｚ,Sharuru ZP Cap
0x47b210@mhfdat-jp.bin,煉鳳ノ鉢金ZF,Neriotori Headguard Z
0x47b214@mhfdat-jp.bin,煉鳳ノ鉢金ZY,Neriotori Headguard ZF
0x47b218@mhfdat-jp.bin,煉鳳ノ鉢金ZX,Neriotori Headguard ZY
0x47b21c@mhfdat-jp.bin,煉鳳ノ面Ｚ,Neriotori Headguard ZX
0x47b220@mhfdat-jp.bin,煉鳳ノ面ZF,Neriotori Mask Z
0x47b224@mhfdat-jp.bin,煉鳳ノ面ZY,Neriotori Mask ZF
0x47b228@mhfdat-jp.bin,煉鳳ノ面ZX,Neriotori Mask ZY
0x47b22c@mhfdat-jp.bin,アノルＺヘルム,Neriotori Mask ZX
0x47b230@mhfdat-jp.bin,アノルZFヘルム,Anorupatisu Z Helm
0x47b234@mhfdat-jp.bin,アノルZYヘルム,Anorupatisu ZF Helm
0x47b238@mhfdat-jp.bin,アノルZXヘルム,Anorupatisu ZY Helm
0x47b23c@mhfdat-jp.bin,アノルＺキャップ,Anorupatisu ZX Helm
0x47b240@mhfdat-jp.bin,アノルZFキャップ,Anorupatisu Z Cap
0x47b244@mhfdat-jp.bin,アノルZYキャップ,Anorupatisu ZF Cap
0x47b248@mhfdat-jp.bin,アノルZXキャップ,Anorupatisu ZY Cap
0x47b24c@mhfdat-jp.bin,歌紡ノ髪飾Ｚ,Anorupatisu ZX Cap
0x47b250@mhfdat-jp.bin,歌紡ノ髪飾ZF,Utatsumugu Hairpiece Z
0x47b254@mhfdat-jp.bin,歌紡ノ髪飾ZY,Utatsumugu Hairpiece ZF
0x47b258@mhfdat-jp.bin,歌紡ノ髪飾ZX,Utatsumugu Hairpiece ZY
0x47b25c@mhfdat-jp.bin,歌紡ノ髪留Ｚ,Utatsumugu Hairpiece ZX
0x47b260@mhfdat-jp.bin,歌紡ノ髪留ZF,Utatsumugu Hairpin Z
0x47b264@mhfdat-jp.bin,歌紡ノ髪留ZY,Utatsumugu Hairpin ZF
0x47b268@mhfdat-jp.bin,歌紡ノ髪留ZX,Utatsumugu Hairpin ZY
0x47b26c@mhfdat-jp.bin,リンクスＧヘルム,Utatsumugu Hairpin ZX
0x47b270@mhfdat-jp.bin,リンクスGFヘルム,Lynx G Helm
0x47b274@mhfdat-jp.bin,リンクスGXヘルム,Lynx GF Helm
0x47b278@mhfdat-jp.bin,リンクスＧキャップ,Lynx GX Helm
0x47b27c@mhfdat-jp.bin,リンクスGFキャップ,Lynx G Cap
0x47b280@mhfdat-jp.bin,リンクスGXキャップ,Lynx GF Cap
0x47b284@mhfdat-jp.bin,ジンドルＧヘルム,Lynx GX Cap
0x47b288@mhfdat-jp.bin,ジンドルGFヘルム,Zindol G Helm
0x47b28c@mhfdat-jp.bin,ジンドルGXヘルム,Zindol GF Helm
0x47b290@mhfdat-jp.bin,ジンドルＧキャップ,Zindol GX Helm
0x47b294@mhfdat-jp.bin,ジンドルGFキャップ,Zindol G Cap
0x47b298@mhfdat-jp.bin,ジンドルGXキャップ,Zindol GF Cap
0x47b29c@mhfdat-jp.bin,ディランヘッド,Zindol GX Cap
0x47b2a0@mhfdat-jp.bin,ディランＦヘッド,Dylan Head
0x47b2a4@mhfdat-jp.bin,ディランFZヘッド,Dylan F Head
0x47b2a8@mhfdat-jp.bin,ディランHSヘッド,Dylan FZ Head
0x47b2ac@mhfdat-jp.bin,ディランGSヘッド,Dylan HS Head
0x47b2b0@mhfdat-jp.bin,ディランGPヘッド,Dylan GS Head
0x47b2b4@mhfdat-jp.bin,ディランZPヘッド,Dylan GP Head
0x47b2b8@mhfdat-jp.bin,ディランマスク,Dylan ZP Head
0x47b2bc@mhfdat-jp.bin,ディランＦマスク,Dylan Mask
0x47b2c0@mhfdat-jp.bin,ディランFZマスク,Dylan F Mask
0x47b2c4@mhfdat-jp.bin,ディランHSマスク,Dylan FZ Mask
0x47b2c8@mhfdat-jp.bin,ディランGSマスク,Dylan HS Mask
0x47b2cc@mhfdat-jp.bin,ディランGPマスク,Dylan GS Mask
0x47b2d0@mhfdat-jp.bin,ディランZPマスク,Dylan GP Mask
0x47b2d4@mhfdat-jp.bin,ディブルヘッド,Dylan ZP Mask
0x47b2d8@mhfdat-jp.bin,ディブルＦヘッド,Dibble Head
0x47b2dc@mhfdat-jp.bin,ディブルFZヘッド,Dibble F Head
0x47b2e0@mhfdat-jp.bin,ディブルHSヘッド,Dibble FZ Head
0x47b2e4@mhfdat-jp.bin,ディブルGSヘッド,Dibble HS Head
0x47b2e8@mhfdat-jp.bin,ディブルGPヘッド,Dibble GS Head
0x47b2ec@mhfdat-jp.bin,ディブルZPヘッド,Dibble GP Head
0x47b2f0@mhfdat-jp.bin,ディブルマスク,Dibble ZP Head
0x47b2f4@mhfdat-jp.bin,ディブルＦマスク,Dibble Mask
0x47b2f8@mhfdat-jp.bin,ディブルFZマスク,Dibble F Mask
0x47b2fc@mhfdat-jp.bin,ディブルHSマスク,Dibble FZ Mask
0x47b300@mhfdat-jp.bin,ディブルGSマスク,Dibble HS Mask
0x47b304@mhfdat-jp.bin,ディブルGPマスク,Dibble GS Mask
0x47b308@mhfdat-jp.bin,ディブルZPマスク,Dibble GP Mask
0x47b30c@mhfdat-jp.bin,フィンスヘッド,Dibble ZP Mask
0x47b310@mhfdat-jp.bin,フィンスＦヘッド,Fins Head
0x47b314@mhfdat-jp.bin,フィンスFZヘッド,Fins F Head
0x47b318@mhfdat-jp.bin,フィンスHSヘッド,Fins FZ Head
0x47b31c@mhfdat-jp.bin,フィンスGSヘッド,Fins HS Head
0x47b320@mhfdat-jp.bin,フィンスGPヘッド,Fins GS Head
0x47b324@mhfdat-jp.bin,フィンスZPヘッド,Fins GP Head
0x47b328@mhfdat-jp.bin,フィンスマスク,Fins ZP Head
0x47b32c@mhfdat-jp.bin,フィンスＦマスク,Fins Mask
0x47b330@mhfdat-jp.bin,フィンスFZマスク,Fins F Mask
0x47b334@mhfdat-jp.bin,フィンスHSマスク,Fins FZ Mask
0x47b338@mhfdat-jp.bin,フィンスGSマスク,Fins HS Mask
0x47b33c@mhfdat-jp.bin,フィンスGPマスク,Fins GS Mask
0x47b340@mhfdat-jp.bin,フィンスZPマスク,Fins GP Mask
0x47b344@mhfdat-jp.bin,ディンスヘッド,Fins ZP Mask
0x47b348@mhfdat-jp.bin,ディンスＦヘッド,Dins Head
0x47b34c@mhfdat-jp.bin,ディンスFZヘッド,Dins F Head
0x47b350@mhfdat-jp.bin,ディンスHSヘッド,Dins FZ Head
0x47b354@mhfdat-jp.bin,ディンスGSヘッド,Dins HS Head
0x47b358@mhfdat-jp.bin,ディンスGPヘッド,Dins GS Head
0x47b35c@mhfdat-jp.bin,ディンスZPヘッド,Dins GP Head
0x47b360@mhfdat-jp.bin,ディンスマスク,Dins ZP Head
0x47b364@mhfdat-jp.bin,ディンスＦマスク,Dins Mask
0x47b368@mhfdat-jp.bin,ディンスFZマスク,Dins F Mask
0x47b36c@mhfdat-jp.bin,ディンスHSマスク,Dins FZ Mask
0x47b370@mhfdat-jp.bin,ディンスGSマスク,Dins HS Mask
0x47b374@mhfdat-jp.bin,ディンスGPマスク,Dins GS Mask
0x47b378@mhfdat-jp.bin,ディンスZPマスク,Dins GP Mask
0x47b37c@mhfdat-jp.bin,潔燭ノ兜Ｚ,Dins ZP Mask
0x47b380@mhfdat-jp.bin,潔燭ノ兜ZF,Kiyoshi Helm Z
0x47b384@mhfdat-jp.bin,潔燭ノ兜ZY,Kiyoshi Helm ZF
0x47b388@mhfdat-jp.bin,潔燭ノ兜ZX,Kiyoshi Helm ZY
0x47b38c@mhfdat-jp.bin,潔燭ノ冠Ｚ,Kiyoshi Helm ZX
0x47b390@mhfdat-jp.bin,潔燭ノ冠ZF,Kiyoshi Crown Z
0x47b394@mhfdat-jp.bin,潔燭ノ冠ZY,Kiyoshi Crown ZF
0x47b398@mhfdat-jp.bin,潔燭ノ冠ZX,Kiyoshi Crown ZY
0x47b39c@mhfdat-jp.bin,華燭ノ兜Ｚ,Kiyoshi Crown ZX
0x47b3a0@mhfdat-jp.bin,華燭ノ兜ZF,Kashoku Helm Z
0x47b3a4@mhfdat-jp.bin,華燭ノ兜ZY,Kashoku Helm ZF
0x47b3a8@mhfdat-jp.bin,華燭ノ兜ZX,Kashoku Helm ZY
0x47b3ac@mhfdat-jp.bin,華燭ノ冠Ｚ,Kashoku Helm ZX
0x47b3b0@mhfdat-jp.bin,華燭ノ冠ZF,Kashoku Crown Z
0x47b3b4@mhfdat-jp.bin,華燭ノ冠ZY,Kashoku Crown ZF
0x47b3b8@mhfdat-jp.bin,華燭ノ冠ZX,Kashoku Crown ZY
0x47b3bc@mhfdat-jp.bin,カリスヘルム,Kashoku Crown ZX
0x47b3c0@mhfdat-jp.bin,カリスＦヘルム,Charis Helm
0x47b3c4@mhfdat-jp.bin,カリスFZヘルム,Charis F Helm
0x47b3c8@mhfdat-jp.bin,カリスHSヘルム,Charis FZ Helm
0x47b3cc@mhfdat-jp.bin,カリスGSヘルム,Charis HS Helm
0x47b3d0@mhfdat-jp.bin,カリスGPヘルム,Charis GS Helm
0x47b3d4@mhfdat-jp.bin,カリスZPヘルム,Charis GP Helm
0x47b3d8@mhfdat-jp.bin,カリスキャップ,Charis ZP Helm
0x47b3dc@mhfdat-jp.bin,カリスＦキャップ,Charis Cap
0x47b3e0@mhfdat-jp.bin,カリスFZキャップ,Charis F Cap
0x47b3e4@mhfdat-jp.bin,カリスHSキャップ,Charis FZ Cap
0x47b3e8@mhfdat-jp.bin,カリスGSキャップ,Charis HS Cap
0x47b3ec@mhfdat-jp.bin,カリスGPキャップ,Charis GS Cap
0x47b3f0@mhfdat-jp.bin,カリスZPキャップ,Charis GP Cap
0x47b3f4@mhfdat-jp.bin,ミリアムヘッド,Charis ZP Cap
0x47b3f8@mhfdat-jp.bin,ミリアムＦヘッド,Miriam Head
0x47b3fc@mhfdat-jp.bin,ミリアムFZヘッド,Miriam F Head
0x47b400@mhfdat-jp.bin,ミリアムHSヘッド,Miriam FZ Head
0x47b404@mhfdat-jp.bin,ミリアムGSヘッド,Miriam HS Head
0x47b408@mhfdat-jp.bin,ミリアムGPヘッド,Miriam GS Head
0x47b40c@mhfdat-jp.bin,ミリアムZPヘッド,Miriam GP Head
0x47b410@mhfdat-jp.bin,ミリアムキャップ,Miriam ZP Head
0x47b414@mhfdat-jp.bin,ミリアムＦキャップ,Miriam Cap
0x47b418@mhfdat-jp.bin,ミリアムFZキャップ,Miriam F Cap
0x47b41c@mhfdat-jp.bin,ミリアムHSキャップ,Miriam FZ Cap
0x47b420@mhfdat-jp.bin,ミリアムGSキャップ,Miriam HS Cap
0x47b424@mhfdat-jp.bin,ミリアムGPキャップ,Miriam GS Cap
0x47b428@mhfdat-jp.bin,ミリアムZPキャップ,Miriam GP Cap
0x47b42c@mhfdat-jp.bin,レニガンヘッド,Miriam ZP Cap
0x47b430@mhfdat-jp.bin,レニガンＦヘッド,Lenigan Head
0x47b434@mhfdat-jp.bin,レニガンFZヘッド,Lenigan F Head
0x47b438@mhfdat-jp.bin,レニガンHSヘッド,Lenigan FZ Head
0x47b43c@mhfdat-jp.bin,レニガンGSヘッド,Lenigan HS Head
0x47b440@mhfdat-jp.bin,レニガンGPヘッド,Lenigan GS Head
0x47b444@mhfdat-jp.bin,レニガンZPヘッド,Lenigan GP Head
0x47b448@mhfdat-jp.bin,レニガンマスク,Lenigan ZP Head
0x47b44c@mhfdat-jp.bin,レニガンＦマスク,Lenigan Mask
0x47b450@mhfdat-jp.bin,レニガンFZマスク,Lenigan F Mask
0x47b454@mhfdat-jp.bin,レニガンHSマスク,Lenigan FZ Mask
0x47b458@mhfdat-jp.bin,レニガンGSマスク,Lenigan HS Mask
0x47b45c@mhfdat-jp.bin,レニガンGPマスク,Lenigan GS Mask
0x47b460@mhfdat-jp.bin,レニガンZPマスク,Lenigan GP Mask
0x47b464@mhfdat-jp.bin,ファビラヘッド,Lenigan ZP Mask
0x47b468@mhfdat-jp.bin,ファビラＦヘッド,Favila Head
0x47b46c@mhfdat-jp.bin,ファビラFZヘッド,Favila F Head
0x47b470@mhfdat-jp.bin,ファビラHSヘッド,Favila FZ Head
0x47b474@mhfdat-jp.bin,ファビラGSヘッド,Favila HS Head
0x47b478@mhfdat-jp.bin,ファビラGPヘッド,Favila GS Head
0x47b47c@mhfdat-jp.bin,ファビラZPヘッド,Favila GP Head
0x47b480@mhfdat-jp.bin,ファビラマスク,Favila ZP Head
0x47b484@mhfdat-jp.bin,ファビラＦマスク,Favila Mask
0x47b488@mhfdat-jp.bin,ファビラFZマスク,Favila F Mask
0x47b48c@mhfdat-jp.bin,ファビラHSマスク,Favila FZ Mask
0x47b490@mhfdat-jp.bin,ファビラGSマスク,Favila HS Mask
0x47b494@mhfdat-jp.bin,ファビラGPマスク,Favila GS Mask
0x47b498@mhfdat-jp.bin,ファビラZPマスク,Favila GP Mask
0x47b49c@mhfdat-jp.bin,ゴルガノヘッドＺ,Favila ZP Mask
0x47b4a0@mhfdat-jp.bin,ゴルガノヘッドZF,Goruganosu Head Z
0x47b4a4@mhfdat-jp.bin,ゴルガノヘッドZY,Goruganosu Head ZF
0x47b4a8@mhfdat-jp.bin,ゴルガノヘッドZX,Goruganosu Head ZY
0x47b4ac@mhfdat-jp.bin,アルガノヘッドＺ,Goruganosu Head ZX
0x47b4b0@mhfdat-jp.bin,アルガノヘッドZF,Aruganosu Head Z
0x47b4b4@mhfdat-jp.bin,アルガノヘッドZY,Aruganosu Head ZF
0x47b4b8@mhfdat-jp.bin,アルガノヘッドZX,Aruganosu Head ZY
0x47b4bc@mhfdat-jp.bin,デストラGSヘルム,Aruganosu Head ZX
0x47b4c0@mhfdat-jp.bin,デストラGPヘルム,Desutora GS Helm
0x47b4c4@mhfdat-jp.bin,デストラZPヘルム,Desutora GP Helm
0x47b4c8@mhfdat-jp.bin,ダミー,Desutora ZP Helm
0x47b4cc@mhfdat-jp.bin,ダミー,ダミー
0x47b4d0@mhfdat-jp.bin,ダミー,ダミー
0x47b4d4@mhfdat-jp.bin,デストラGSフェイス,ダミー
0x47b4d8@mhfdat-jp.bin,デストラGPフェイス,Desutora GS Face
0x47b4dc@mhfdat-jp.bin,デストラZPフェイス,Desutora GP Face
0x47b4e0@mhfdat-jp.bin,ダミー,Desutora ZP Face
0x47b4e4@mhfdat-jp.bin,ダミー,ダミー
0x47b4e8@mhfdat-jp.bin,ダミー,ダミー
0x47b4ec@mhfdat-jp.bin,ブレイブZXヘッド,ダミー
0x47b4f0@mhfdat-jp.bin,ボガバドＺヘルム,Brave ZX Head
0x47b4f4@mhfdat-jp.bin,ボガバドZFヘルム,Bogabado Z Helm
0x47b4f8@mhfdat-jp.bin,ボガバドZYヘルム,Bogabado ZF Helm
0x47b4fc@mhfdat-jp.bin,ボガバドZXヘルム,Bogabado ZY Helm
0x47b500@mhfdat-jp.bin,ボガバドＺキャップ,Bogabado ZX Helm
0x47b504@mhfdat-jp.bin,ボガバドZFキャップ,Bogabado Z Cap
0x47b508@mhfdat-jp.bin,ボガバドZYキャップ,Bogabado ZF Cap
0x47b50c@mhfdat-jp.bin,ボガバドZXキャップ,Bogabado ZY Cap
0x47b510@mhfdat-jp.bin,アリシアヘッド,Bogabado ZX Cap
0x47b514@mhfdat-jp.bin,アリシアＦヘッド,Alicia Head
0x47b518@mhfdat-jp.bin,アリシアFZヘッド,Alicia F Head
0x47b51c@mhfdat-jp.bin,アリシアHSヘッド,Alicia FZ Head
0x47b520@mhfdat-jp.bin,アリシアGSヘッド,Alicia HS Head
0x47b524@mhfdat-jp.bin,アリシアGPヘッド,Alicia GS Head
0x47b528@mhfdat-jp.bin,アリシアZPヘッド,Alicia GP Head
0x47b52c@mhfdat-jp.bin,アリシアキャップ,Alicia ZP Head
0x47b530@mhfdat-jp.bin,アリシアＦキャップ,Alicia Cap
0x47b534@mhfdat-jp.bin,アリシアFZキャップ,Alicia F Cap
0x47b538@mhfdat-jp.bin,アリシアHSキャップ,Alicia FZ Cap
0x47b53c@mhfdat-jp.bin,アリシアGSキャップ,Alicia HS Cap
0x47b540@mhfdat-jp.bin,アリシアGPキャップ,Alicia GS Cap
0x47b544@mhfdat-jp.bin,アリシアZPキャップ,Alicia GP Cap
0x47b548@mhfdat-jp.bin,ボガバレッタ,Alicia ZP Cap
0x47b54c@mhfdat-jp.bin,ボガＦバレッタ,Boga Beretta
0x47b550@mhfdat-jp.bin,ボガＧバレッタ,Boga F Beretta
0x47b554@mhfdat-jp.bin,ボガGFバレッタ,Boga G Beretta
0x47b558@mhfdat-jp.bin,ボガGXバレッタ,Boga GF Beretta
0x47b55c@mhfdat-jp.bin,ボガコサージュ,Boga GX Beretta
0x47b560@mhfdat-jp.bin,ボガＦコサージュ,Boga Corsage
0x47b564@mhfdat-jp.bin,ボガＧコサージュ,Boga F Corsage
0x47b568@mhfdat-jp.bin,ボガGFコサージュ,Boga G Corsage
0x47b56c@mhfdat-jp.bin,ボガGXコサージュ,Boga GF Corsage
0x47b570@mhfdat-jp.bin,タンザナヘルム,Boga GX Corsage
0x47b574@mhfdat-jp.bin,タンザナＦヘルム,Tanzanite Helm
0x47b578@mhfdat-jp.bin,タンザナFXヘルム,Tanzanite F Helm
0x47b57c@mhfdat-jp.bin,ヘマタイトヘルム,Tanzanite FX Helm
0x47b580@mhfdat-jp.bin,ヘマタイトＦヘルム,Hematite Helm
0x47b584@mhfdat-jp.bin,ヘマタイトFXヘルム,Hematite F Helm
0x47b588@mhfdat-jp.bin,白虎・磁星Ｇヘルム,Hematite FX Helm
0x47b58c@mhfdat-jp.bin,白虎・磁星GFヘルム,Byakko・磁星G Helm
0x47b590@mhfdat-jp.bin,白虎・磁星GXヘルム,Byakko・磁星GF Helm
0x47b594@mhfdat-jp.bin,朱雀・磁星Ｇヘルム,Byakko・磁星GX Helm
0x47b598@mhfdat-jp.bin,朱雀・磁星GFヘルム,Suzaku・磁星G Helm
0x47b59c@mhfdat-jp.bin,朱雀・磁星GXヘルム,Suzaku・磁星GF Helm
0x47b5a0@mhfdat-jp.bin,玄武・磁星Ｇヘルム,Suzaku・磁星GX Helm
0x47b5a4@mhfdat-jp.bin,玄武・磁星GFヘルム,Genbu・磁星G Helm
0x47b5a8@mhfdat-jp.bin,玄武・磁星GXヘルム,Genbu・磁星GF Helm
0x47b5ac@mhfdat-jp.bin,青龍・磁星Ｇヘルム,Genbu・磁星GX Helm
0x47b5b0@mhfdat-jp.bin,青龍・磁星GFヘルム,Seiryu・磁星G Helm
0x47b5b4@mhfdat-jp.bin,青龍・磁星GXヘルム,Seiryu・磁星GF Helm
0x47b5b8@mhfdat-jp.bin,白蘭・磁星ヘルム,Seiryu・磁星GX Helm
0x47b5bc@mhfdat-jp.bin,白蘭・磁星Ｆヘルム,White 蘭・磁星 Helm
0x47b5c0@mhfdat-jp.bin,白蘭・磁星FXヘルム,White 蘭・磁星F Helm
0x47b5c4@mhfdat-jp.bin,紅霞・磁星ヘルム,White 蘭・磁星FX Helm
0x47b5c8@mhfdat-jp.bin,紅霞・磁星Ｆヘルム,Crimson 霞・磁星 Helm
0x47b5cc@mhfdat-jp.bin,紅霞・磁星FXヘルム,Crimson 霞・磁星F Helm
0x47b5d0@mhfdat-jp.bin,白蘭・磁星Ｇヘルム,Crimson 霞・磁星FX Helm
0x47b5d4@mhfdat-jp.bin,白蘭・磁星GFヘルム,White 蘭・磁星G Helm
0x47b5d8@mhfdat-jp.bin,白蘭・磁星GXヘルム,White 蘭・磁星GF Helm
0x47b5dc@mhfdat-jp.bin,紅霞・磁星Ｇヘルム,White 蘭・磁星GX Helm
0x47b5e0@mhfdat-jp.bin,紅霞・磁星GFヘルム,Crimson 霞・磁星G Helm
0x47b5e4@mhfdat-jp.bin,紅霞・磁星GXヘルム,Crimson 霞・磁星GF Helm
0x47b5e8@mhfdat-jp.bin,月夜・磁星Ｇヘルム,Crimson 霞・磁星GX Helm
0x47b5ec@mhfdat-jp.bin,月夜・磁星GFヘルム,月夜・磁星G Helm
0x47b5f0@mhfdat-jp.bin,月夜・磁星GXヘルム,月夜・磁星GF Helm
0x47b5f4@mhfdat-jp.bin,蒼穹・磁星Ｇヘルム,月夜・磁星GX Helm
0x47b5f8@mhfdat-jp.bin,蒼穹・磁星GFヘルム,Green 穹・磁星G Helm
0x47b5fc@mhfdat-jp.bin,蒼穹・磁星GXヘルム,Green 穹・磁星GF Helm
0x47b600@mhfdat-jp.bin,雅葉ノ装【髪飾】朱,Green 穹・磁星GX Helm
0x47b604@mhfdat-jp.bin,雅葉ノ装Ｆ【髪飾】朱,Masaha Dress [Hairpiece] Red
0x47b608@mhfdat-jp.bin,雅葉ノ装FZ【髪飾】朱,Masaha Dress F [Hairpiece] Red
0x47b60c@mhfdat-jp.bin,雅葉ノ装HS【髪飾】朱,Masaha Dress FZ [Hairpiece] Red
0x47b610@mhfdat-jp.bin,雅葉ノ装GS【髪飾】朱,Masaha Dress HS [Hairpiece] Red
0x47b614@mhfdat-jp.bin,雅葉ノ装GP【髪飾】朱,Masaha Dress GS [Hairpiece] Red
0x47b618@mhfdat-jp.bin,雅葉ノ装ZP【髪飾】朱,Masaha Dress GP [Hairpiece] Red
0x47b61c@mhfdat-jp.bin,雅葉ノ装【髪留】朱,Masaha Dress ZP [Hairpiece] Red
0x47b620@mhfdat-jp.bin,雅葉ノ装Ｆ【髪留】朱,Masaha Dress [Hairpin] Red
0x47b624@mhfdat-jp.bin,雅葉ノ装FZ【髪留】朱,Masaha Dress F [Hairpin] Red
0x47b628@mhfdat-jp.bin,雅葉ノ装HS【髪留】朱,Masaha Dress FZ [Hairpin] Red
0x47b62c@mhfdat-jp.bin,雅葉ノ装GS【髪留】朱,Masaha Dress HS [Hairpin] Red
0x47b630@mhfdat-jp.bin,雅葉ノ装GP【髪留】朱,Masaha Dress GS [Hairpin] Red
0x47b634@mhfdat-jp.bin,雅葉ノ装ZP【髪留】朱,Masaha Dress GP [Hairpin] Red
0x47b638@mhfdat-jp.bin,雅葉ノ装【髪飾】銀,Masaha Dress ZP [Hairpin] Red
0x47b63c@mhfdat-jp.bin,雅葉ノ装Ｆ【髪飾】銀,Masaha Dress [Hairpiece] Silver
0x47b640@mhfdat-jp.bin,雅葉ノ装FZ【髪飾】銀,Masaha Dress F [Hairpiece] Silver
0x47b644@mhfdat-jp.bin,雅葉ノ装HS【髪飾】銀,Masaha Dress FZ [Hairpiece] Silver
0x47b648@mhfdat-jp.bin,雅葉ノ装GS【髪飾】銀,Masaha Dress HS [Hairpiece] Silver
0x47b64c@mhfdat-jp.bin,雅葉ノ装GP【髪飾】銀,Masaha Dress GS [Hairpiece] Silver
0x47b650@mhfdat-jp.bin,雅葉ノ装ZP【髪飾】銀,Masaha Dress GP [Hairpiece] Silver
0x47b654@mhfdat-jp.bin,雅葉ノ装【髪留】銀,Masaha Dress ZP [Hairpiece] Silver
0x47b658@mhfdat-jp.bin,雅葉ノ装Ｆ【髪留】銀,Masaha Dress [Hairpin] Silver
0x47b65c@mhfdat-jp.bin,雅葉ノ装FZ【髪留】銀,Masaha Dress F [Hairpin] Silver
0x47b660@mhfdat-jp.bin,雅葉ノ装HS【髪留】銀,Masaha Dress FZ [Hairpin] Silver
0x47b664@mhfdat-jp.bin,雅葉ノ装GS【髪留】銀,Masaha Dress HS [Hairpin] Silver
0x47b668@mhfdat-jp.bin,雅葉ノ装GP【髪留】銀,Masaha Dress GS [Hairpin] Silver
0x47b66c@mhfdat-jp.bin,雅葉ノ装ZP【髪留】銀,Masaha Dress GP [Hairpin] Silver
0x47b670@mhfdat-jp.bin,雅葉ノ装【髪飾】碧,Masaha Dress ZP [Hairpin] Silver
0x47b674@mhfdat-jp.bin,雅葉ノ装Ｆ【髪飾】碧,Masaha Dress [Hairpiece] Blue
0x47b678@mhfdat-jp.bin,雅葉ノ装FZ【髪飾】碧,Masaha Dress F [Hairpiece] Blue
0x47b67c@mhfdat-jp.bin,雅葉ノ装HS【髪飾】碧,Masaha Dress FZ [Hairpiece] Blue
0x47b680@mhfdat-jp.bin,雅葉ノ装GS【髪飾】碧,Masaha Dress HS [Hairpiece] Blue
0x47b684@mhfdat-jp.bin,雅葉ノ装GP【髪飾】碧,Masaha Dress GS [Hairpiece] Blue
0x47b688@mhfdat-jp.bin,雅葉ノ装ZP【髪飾】碧,Masaha Dress GP [Hairpiece] Blue
0x47b68c@mhfdat-jp.bin,雅葉ノ装【髪留】碧,Masaha Dress ZP [Hairpiece] Blue
0x47b690@mhfdat-jp.bin,雅葉ノ装Ｆ【髪留】碧,Masaha Dress [Hairpin] Blue
0x47b694@mhfdat-jp.bin,雅葉ノ装FZ【髪留】碧,Masaha Dress F [Hairpin] Blue
0x47b698@mhfdat-jp.bin,雅葉ノ装HS【髪留】碧,Masaha Dress FZ [Hairpin] Blue
0x47b69c@mhfdat-jp.bin,雅葉ノ装GS【髪留】碧,Masaha Dress HS [Hairpin] Blue
0x47b6a0@mhfdat-jp.bin,雅葉ノ装GP【髪留】碧,Masaha Dress GS [Hairpin] Blue
0x47b6a4@mhfdat-jp.bin,雅葉ノ装ZP【髪留】碧,Masaha Dress GP [Hairpin] Blue
0x47b6a8@mhfdat-jp.bin,雅葉ノ装【髪飾】橙,Masaha Dress ZP [Hairpin] Blue
0x47b6ac@mhfdat-jp.bin,雅葉ノ装Ｆ【髪飾】橙,Masaha Dress [Hairpiece] Orange
0x47b6b0@mhfdat-jp.bin,雅葉ノ装FZ【髪飾】橙,Masaha Dress F [Hairpiece] Orange
0x47b6b4@mhfdat-jp.bin,雅葉ノ装HS【髪飾】橙,Masaha Dress FZ [Hairpiece] Orange
0x47b6b8@mhfdat-jp.bin,雅葉ノ装GS【髪飾】橙,Masaha Dress HS [Hairpiece] Orange
0x47b6bc@mhfdat-jp.bin,雅葉ノ装GP【髪飾】橙,Masaha Dress GS [Hairpiece] Orange
0x47b6c0@mhfdat-jp.bin,雅葉ノ装ZP【髪飾】橙,Masaha Dress GP [Hairpiece] Orange
0x47b6c4@mhfdat-jp.bin,雅葉ノ装【髪留】橙,Masaha Dress ZP [Hairpiece] Orange
0x47b6c8@mhfdat-jp.bin,雅葉ノ装Ｆ【髪留】橙,Masaha Dress [Hairpin] Orange
0x47b6cc@mhfdat-jp.bin,雅葉ノ装FZ【髪留】橙,Masaha Dress F [Hairpin] Orange
0x47b6d0@mhfdat-jp.bin,雅葉ノ装HS【髪留】橙,Masaha Dress FZ [Hairpin] Orange
0x47b6d4@mhfdat-jp.bin,雅葉ノ装GS【髪留】橙,Masaha Dress HS [Hairpin] Orange
0x47b6d8@mhfdat-jp.bin,雅葉ノ装GP【髪留】橙,Masaha Dress GS [Hairpin] Orange
0x47b6dc@mhfdat-jp.bin,雅葉ノ装ZP【髪留】橙,Masaha Dress GP [Hairpin] Orange
0x47b6e0@mhfdat-jp.bin,グラハムヘルム,Masaha Dress ZP [Hairpin] Orange
0x47b6e4@mhfdat-jp.bin,ファビラＤヘッド,Graham Helm
0x47b6e8@mhfdat-jp.bin,アリシアＤヘッド,Favila D Head
0x47b6ec@mhfdat-jp.bin,雅葉ノ装Ｃ【髪飾】,Alicia D Head
0x47b6f0@mhfdat-jp.bin,アウラＣヘッド,Masaha Dress C [Hairpiece 】
0x47b6f4@mhfdat-jp.bin,アスモＣヘッド,Aura C Head
0x47b6f8@mhfdat-jp.bin,ロッカＣヘルム,Asumo C Head
0x47b6fc@mhfdat-jp.bin,ルーチェＣヘルム,Rokka C Helm
0x47b700@mhfdat-jp.bin,シュイＣヘルム,Ruche C Helm
0x47b704@mhfdat-jp.bin,白蘭・磁星Ｄヘルム,Shui C Helm
0x47b708@mhfdat-jp.bin,紅霞・磁星Ｄヘルム,White 蘭・磁星D Helm
0x47b70c@mhfdat-jp.bin,雅葉ノ装Ｄ【髪飾】朱,Crimson 霞・磁星D Helm
0x47b710@mhfdat-jp.bin,雅葉ノ装Ｄ【髪飾】銀,Masaha Dress D [Hairpiece] Red
0x47b714@mhfdat-jp.bin,雅葉ノ装Ｄ【髪飾】碧,Masaha Dress D [Hairpiece] Silver
0x47b718@mhfdat-jp.bin,雅葉ノ装Ｄ【髪飾】橙,Masaha Dress D [Hairpiece] Blue
0x47b71c@mhfdat-jp.bin,玄武・剣聖Ｄヘルム,Masaha Dress D [Hairpiece] Orange
0x47b720@mhfdat-jp.bin,玄武・双龍Ｄヘルム,Genbu・Kensei D Helm
0x47b724@mhfdat-jp.bin,玄武・剣王Ｄヘルム,Genbu・双龍D Helm
0x47b728@mhfdat-jp.bin,玄武・刀神Ｄヘルム,Genbu・Blade 王D Helm
0x47b72c@mhfdat-jp.bin,玄武・天槍Ｄヘルム,Genbu・刀神D Helm
0x47b730@mhfdat-jp.bin,玄武・砲皇Ｄヘルム,Genbu・Heaven 槍D Helm
0x47b734@mhfdat-jp.bin,玄武・鈍器獣Ｄヘルム,Genbu・砲皇D Helm
0x47b738@mhfdat-jp.bin,玄武・奏帝Ｄヘルム,Genbu・鈍器獣D Helm
0x47b73c@mhfdat-jp.bin,玄武・穿凰Ｄヘルム,Genbu・奏帝D Helm
0x47b740@mhfdat-jp.bin,玄武・斬将Ｄヘルム,Genbu・穿凰D Helm
0x47b744@mhfdat-jp.bin,玄武・銃傑Ｄマスク,Genbu・斬将D Helm
0x47b748@mhfdat-jp.bin,玄武・銃仙Ｄマスク,Genbu・銃傑D Mask
0x47b74c@mhfdat-jp.bin,玄武・弓鬼Ｄマスク,Genbu・銃仙D Mask
0x47b750@mhfdat-jp.bin,タンザナＤヘルム,Genbu・Bow 鬼D Mask
0x47b754@mhfdat-jp.bin,ヘマタイトＤヘルム,Tanzanite D Helm
0x47b758@mhfdat-jp.bin,白虎・磁星Ｄヘルム,Hematite D Helm
0x47b75c@mhfdat-jp.bin,朱雀・磁星Ｄヘルム,Byakko・磁星D Helm
0x47b760@mhfdat-jp.bin,玄武・磁星Ｄヘルム,Suzaku・磁星D Helm
0x47b764@mhfdat-jp.bin,レックスヘルムPD黒,Genbu・磁星D Helm
0x47b768@mhfdat-jp.bin,レックスヘルムPD白,Tigrex Helm PD Black
0x47b76c@mhfdat-jp.bin,レックスヘルムPD紫,Tigrex Helm PD White
0x47b770@mhfdat-jp.bin,モノブロスヘルムPD黄,Tigrex Helm PD Purple
0x47b774@mhfdat-jp.bin,モノブロスヘルムPD緑,Monoblos Helm PD Yellow
0x47b778@mhfdat-jp.bin,モノブロスヘルムPD白,Monoblos Helm PD Green
0x47b77c@mhfdat-jp.bin,フルフルキャップPD黒,Monoblos Helm PD White
0x47b780@mhfdat-jp.bin,フルフルキャップPD緑,Khezu Cap PD Black
0x47b784@mhfdat-jp.bin,フルフルキャップPD青,Khezu Cap PD Green
0x47b788@mhfdat-jp.bin,ガノスヘルムPD黒,Khezu Cap PD Blue
0x47b78c@mhfdat-jp.bin,ガノスヘルムPD黄,Plesioth Helm PD Black
0x47b790@mhfdat-jp.bin,ガノスヘルムPD紫,Plesioth Helm PD Yellow
0x47b794@mhfdat-jp.bin,ガノスキャップPD黒,Plesioth Helm PD Purple
0x47b798@mhfdat-jp.bin,ガノスキャップPD黄,Plesioth Cap PD Black
0x47b79c@mhfdat-jp.bin,ガノスキャップPD紫,Plesioth Cap PD Yellow
0x47b7a0@mhfdat-jp.bin,ゲリョスキャップPD赤,Plesioth Cap PD Purple
0x47b7a4@mhfdat-jp.bin,ゲリョスキャップPD黄,Gypceros Cap PD Red
0x47b7a8@mhfdat-jp.bin,ゲリョスキャップPD緑,Gypceros Cap PD Yellow
0x47b7ac@mhfdat-jp.bin,神楽【兜】PD赤,Gypceros Cap PD Green
0x47b7b0@mhfdat-jp.bin,神楽【兜】PD黒,Kagura Kabuto PD Red
0x47b7b4@mhfdat-jp.bin,神楽【兜】PD紫,Kagura Kabuto PD Black
0x47b7b8@mhfdat-jp.bin,神座【鉢金】PD赤,Kagura Kabuto PD Purple
0x47b7bc@mhfdat-jp.bin,神座【鉢金】PD黒,Kamiza Hachigane PD Red
0x47b7c0@mhfdat-jp.bin,神座【鉢金】PD紫,Kamiza Hachigane PD Black
0x47b7c4@mhfdat-jp.bin,モスフェイクPD白,Kamiza Hachigane PD Purple
0x47b7c8@mhfdat-jp.bin,モスフェイクPD黄,Mosswine Mask PD White
0x47b7cc@mhfdat-jp.bin,モスフェイクPD青,Mosswine Mask PD Yellow
0x47b7d0@mhfdat-jp.bin,忍の面・陰PD黄,Mosswine Mask PD Blue
0x47b7d4@mhfdat-jp.bin,忍の面・陰PD赤,Shinobi Mask・陰 PD Yellow
0x47b7d8@mhfdat-jp.bin,忍の面・陰PD青,Shinobi Mask・陰 PD Red
0x47b7dc@mhfdat-jp.bin,デュラＤフェスタ,Shinobi Mask・陰 PD Blue
0x47b7e0@mhfdat-jp.bin,フルフルＤフェスタ,Dyura D Festa
0x47b7e4@mhfdat-jp.bin,アノルＤフェスタ,Khezu D Festa
0x47b7e8@mhfdat-jp.bin,ヴァシムＤフェスタ,Anorupatisu D Festa
0x47b7ec@mhfdat-jp.bin,パリアＤフェスタ,Vashimu D Festa
0x47b7f0@mhfdat-jp.bin,ヒプノックＤフェスタ,Pariapuria D Festa
0x47b7f4@mhfdat-jp.bin,山菜爺Ｄフェスタ,Hypnoc D Festa
0x47b7f8@mhfdat-jp.bin,ボックス青Ｄフェスタ,山菜爺D Festa
0x47b7fc@mhfdat-jp.bin,ボックス赤Ｄフェスタ,Box Blue D Festa
0x47b800@mhfdat-jp.bin,ダスクＤヘッド・赤,Box Red D Festa
0x47b804@mhfdat-jp.bin,ダスクＤヘッド・白,Dusk D Head・Red
0x47b808@mhfdat-jp.bin,ダスクＤヘッド・桃,Dusk D Head・White
0x47b80c@mhfdat-jp.bin,ダスクＤヘッド・青,Dusk D Head・Peach
0x47b810@mhfdat-jp.bin,マリンＤヘッド・青,Dusk D Head・Blue
0x47b814@mhfdat-jp.bin,マリンＤヘッド・桃,Marin D Head・Blue
0x47b818@mhfdat-jp.bin,マリンＤヘッド・白,Marin D Head・Peach
0x47b81c@mhfdat-jp.bin,マリンＤヘッド・黒,Marin D Head・White
0x47b820@mhfdat-jp.bin,ルフレＤヘッド・青,Marin D Head・Black
0x47b824@mhfdat-jp.bin,ルフレＤヘッド・白,Reflet D Head・Blue
0x47b828@mhfdat-jp.bin,ルフレＤヘッド・赤,Reflet D Head・White
0x47b82c@mhfdat-jp.bin,ルフレＤヘッド・黒,Reflet D Head・Red
0x47b830@mhfdat-jp.bin,天日ノ兜Ｄ・赤,Reflet D Head・Black
0x47b834@mhfdat-jp.bin,天日ノ兜Ｄ・青,Tenpi Helm D・Red
0x47b838@mhfdat-jp.bin,天日ノ兜Ｄ・黒,Tenpi Helm D・Blue
0x47b83c@mhfdat-jp.bin,天日ノ兜Ｄ・白,Tenpi Helm D・Black
0x47b840@mhfdat-jp.bin,天日ノ冠Ｄ・赤,Tenpi Helm D・White
0x47b844@mhfdat-jp.bin,天日ノ冠Ｄ・青,Tenpi Crown D・Red
0x47b848@mhfdat-jp.bin,天日ノ冠Ｄ・黒,Tenpi Crown D・Blue
0x47b84c@mhfdat-jp.bin,天日ノ冠Ｄ・白,Tenpi Crown D・Black
0x47b850@mhfdat-jp.bin,ナーガＤヘッド・青,Tenpi Crown D・White
0x47b854@mhfdat-jp.bin,ナーガＤヘッド・赤,Naga D Head・Blue
0x47b858@mhfdat-jp.bin,ナーガＤヘッド・白,Naga D Head・Red
0x47b85c@mhfdat-jp.bin,ナーガＤヘッド・黒,Naga D Head・White
0x47b860@mhfdat-jp.bin,シェリフＤヘッド・茶,Naga D Head・Black
0x47b864@mhfdat-jp.bin,シェリフＤヘッド・黒,Sheriff D Head・Tea
0x47b868@mhfdat-jp.bin,シェリフＤヘッド・青,Sheriff D Head・Black
0x47b86c@mhfdat-jp.bin,シェリフＤヘッド・白,Sheriff D Head・Blue
0x47b870@mhfdat-jp.bin,セレナＤヘッド・紫,Sheriff D Head・White
0x47b874@mhfdat-jp.bin,セレナＤヘッド・青,Serena D Head・Purple
0x47b878@mhfdat-jp.bin,セレナＤヘッド・白,Serena D Head・Blue
0x47b87c@mhfdat-jp.bin,セレナＤヘッド・赤,Serena D Head・White
0x47b880@mhfdat-jp.bin,ゲルトＤヘルム・黒,Serena D Head・Red
0x47b884@mhfdat-jp.bin,ゲルトＤヘルム・銅,Gelt D Helm・Black
0x47b888@mhfdat-jp.bin,ゲルトＤヘルム・銀,Gelt D Helm・Copper
0x47b88c@mhfdat-jp.bin,ゲルトＤヘルム・金,Gelt D Helm・Silver
0x47b890@mhfdat-jp.bin,グロリアＤヘルム・金,Gelt D Helm・Gold
0x47b894@mhfdat-jp.bin,グロリアＤヘルム・青,Gloria D Helm・Gold
0x47b898@mhfdat-jp.bin,グロリアＤヘルム・水,Gloria D Helm・Blue
0x47b89c@mhfdat-jp.bin,グロリアＤヘルム・赤,Gloria D Helm・Water
0x47b8a0@mhfdat-jp.bin,クロースＤヘッド・赤,Gloria D Helm・Red
0x47b8a4@mhfdat-jp.bin,クロースＤヘッド・青,Cloth D Head・Red
0x47b8a8@mhfdat-jp.bin,クロースＤヘッド・紫,Cloth D Head・Blue
0x47b8ac@mhfdat-jp.bin,クロースＤヘッド・緑,Cloth D Head・Purple
0x47b8b0@mhfdat-jp.bin,レイストＤヘッド・黒,Cloth D Head・Green
0x47b8b4@mhfdat-jp.bin,レイストＤヘッド・青,Rast D Head・Black
0x47b8b8@mhfdat-jp.bin,レイストＤヘッド・紅,Rast D Head・Blue
0x47b8bc@mhfdat-jp.bin,レイストＤヘッド・白,Rast D Head・Crimson
0x47b8c0@mhfdat-jp.bin,シエナＤヘルム・銀,Rast D Head・White
0x47b8c4@mhfdat-jp.bin,シエナＤヘルム・黒,Siena D Helm・Silver
0x47b8c8@mhfdat-jp.bin,シエナＤヘルム・赤,Siena D Helm・Black
0x47b8cc@mhfdat-jp.bin,シエナＤヘルム・青,Siena D Helm・Red
0x47b8d0@mhfdat-jp.bin,カウチュＤピアス・灰,Siena D Helm・Blue
0x47b8d4@mhfdat-jp.bin,カウチュＤピアス・青,Cultu D Piercings・Ash
0x47b8d8@mhfdat-jp.bin,カウチュＤピアス・橙,Cultu D Piercings・Blue
0x47b8dc@mhfdat-jp.bin,カウチュＤピアス・緑,Cultu D Piercings・Orange
0x47b8e0@mhfdat-jp.bin,トラスＤモンテラ青,Cultu D Piercings・Green
0x47b8e4@mhfdat-jp.bin,トラスＤモンテラ赤,Truss D Montera Blue
0x47b8e8@mhfdat-jp.bin,トラスＤモンテラ白,Truss D Montera Red
0x47b8ec@mhfdat-jp.bin,トラスＤモンテラ紫,Truss D Montera White
0x47b8f0@mhfdat-jp.bin,マイストＤヘッド・紅,Truss D Montera Purple
0x47b8f4@mhfdat-jp.bin,マイストＤヘッド・緑,Maisto D Head・Crimson
0x47b8f8@mhfdat-jp.bin,マイストＤヘッド・蒼,Maisto D Head・Green
0x47b8fc@mhfdat-jp.bin,マイストＤヘッド・桜,Maisto D Head・Green
0x47b900@mhfdat-jp.bin,蘭陀の帽・Ｄ黄,Maisto D Head・Pink
0x47b904@mhfdat-jp.bin,蘭陀の帽・Ｄ赤,Randa Hat・D Yellow
0x47b908@mhfdat-jp.bin,蘭陀の帽・Ｄ紫,Randa Hat・D Red
0x47b90c@mhfdat-jp.bin,蘭陀の帽・Ｄ金,Randa Hat・D Purple
0x47b910@mhfdat-jp.bin,バーニーＤバンド・黒,Randa Hat・D Gold
0x47b914@mhfdat-jp.bin,バーニーＤバンド・白,Bunny D Band・Black
0x47b918@mhfdat-jp.bin,バーニーＤバンド・赤,Bunny D Band・White
0x47b91c@mhfdat-jp.bin,バーニーＤバンド・紫,Bunny D Band・Red
0x47b920@mhfdat-jp.bin,リゲリアＤヘルム・白,Bunny D Band・Purple
0x47b924@mhfdat-jp.bin,リゲリアＤヘルム・赤,Regelia D Helm・White
0x47b928@mhfdat-jp.bin,リゲリアＤヘルム・緑,Regelia D Helm・Red
0x47b92c@mhfdat-jp.bin,リゲリアＤヘルム・青,Regelia D Helm・Green
0x47b930@mhfdat-jp.bin,アリストＤヘッド・青,Regelia D Helm・Blue
0x47b934@mhfdat-jp.bin,アリストＤヘッド・白,Aristo D Head・Blue
0x47b938@mhfdat-jp.bin,アリストＤヘッド・紫,Aristo D Head・White
0x47b93c@mhfdat-jp.bin,アリストＤヘッド・赤,Aristo D Head・Purple
0x47b940@mhfdat-jp.bin,メレティＤヘッド・白,Aristo D Head・Red
0x47b944@mhfdat-jp.bin,メレティＤヘッド・赤,Melety D Head・White
0x47b948@mhfdat-jp.bin,メレティＤヘッド・青,Melety D Head・Red
0x47b94c@mhfdat-jp.bin,メレティＤヘッド・黒,Melety D Head・Blue
0x47b950@mhfdat-jp.bin,フェルムＤヘッド・黒,Melety D Head・Black
0x47b954@mhfdat-jp.bin,フェルムＤヘッド・赤,Ferme D Head・Black
0x47b958@mhfdat-jp.bin,フェルムＤヘッド・白,Ferme D Head・Red
0x47b95c@mhfdat-jp.bin,フェルムＤヘッド・青,Ferme D Head・White
0x47b960@mhfdat-jp.bin,レアルＤヘッド・白,Ferme D Head・Blue
0x47b964@mhfdat-jp.bin,レアルＤヘッド・金,Real D Head・White
0x47b968@mhfdat-jp.bin,レアルＤヘッド・青,Real D Head・Gold
0x47b96c@mhfdat-jp.bin,レアルＤヘッド・赤,Real D Head・Blue
0x47b970@mhfdat-jp.bin,アルマＤヘッド・黒,Real D Head・Red
0x47b974@mhfdat-jp.bin,アルマＤピアス・黒,Arma D Head・Black
0x47b978@mhfdat-jp.bin,アルマＤヘッド・白,Arma D Piercings・Black
0x47b97c@mhfdat-jp.bin,アルマＤピアス・白,Arma D Head・White
0x47b980@mhfdat-jp.bin,アルマＤヘッド・青,Arma D Piercings・White
0x47b984@mhfdat-jp.bin,アルマＤピアス・青,Arma D Head・Blue
0x47b988@mhfdat-jp.bin,アルマＤヘッド・茶,Arma D Piercings・Blue
0x47b98c@mhfdat-jp.bin,アルマＤピアス・茶,Arma D Head・Tea
0x47b990@mhfdat-jp.bin,オナブルＤヘルム・赤,Arma D Piercings・Tea
0x47b994@mhfdat-jp.bin,オナブルＤヘルム・青,Honour D Helm・Red
0x47b998@mhfdat-jp.bin,オナブルＤヘルム・緑,Honour D Helm・Blue
0x47b99c@mhfdat-jp.bin,オナブルＤヘルム・紺,Honour D Helm・Green
0x47b9a0@mhfdat-jp.bin,ピクスＤヘッド・緑,Honour D Helm・紺
0x47b9a4@mhfdat-jp.bin,ピクスＤヘッド・紫,Pics D Head・Green
0x47b9a8@mhfdat-jp.bin,ピクスＤヘッド・黒,Pics D Head・Purple
0x47b9ac@mhfdat-jp.bin,ピクスＤヘッド・水,Pics D Head・Black
0x47b9b0@mhfdat-jp.bin,マゴスＤヘッド・黄,Pics D Head・Water
0x47b9b4@mhfdat-jp.bin,マゴスＤヘッド・赤,Magos D Head・Yellow
0x47b9b8@mhfdat-jp.bin,マゴスＤヘッド・水,Magos D Head・Red
0x47b9bc@mhfdat-jp.bin,マゴスＤヘッド・青,Magos D Head・Water
0x47b9c0@mhfdat-jp.bin,アージェＤヘッド,Magos D Head・Blue
0x47b9c4@mhfdat-jp.bin,カマレラＤヘッド,Arge D Head
0x47b9c8@mhfdat-jp.bin,メテネラＤヘッド,Camarera D Head
0x47b9cc@mhfdat-jp.bin,アビットＤヘッド,Metenera D Head
0x47b9d0@mhfdat-jp.bin,リブリーＤヘッド,Abitto D Head
0x47b9d4@mhfdat-jp.bin,ゾデックＤヘルム・青,Riburi D Head
0x47b9d8@mhfdat-jp.bin,ゾデックＤヘルム・茶,Zodic D Helm・Blue
0x47b9dc@mhfdat-jp.bin,ゾデックＤヘルム・緑,Zodic D Helm・Tea
0x47b9e0@mhfdat-jp.bin,ゾデックＤヘルム・桜,Zodic D Helm・Green
0x47b9e4@mhfdat-jp.bin,カエシスＤヘルム水,Zodic D Helm・Pink
0x47b9e8@mhfdat-jp.bin,カエシスＤヘルム赤,Cayssis D Helm Water
0x47b9ec@mhfdat-jp.bin,カエシスＤヘルム青,Cayssis D Helm Red
0x47b9f0@mhfdat-jp.bin,カエシスＤヘルム橙,Cayssis D Helm Blue
0x47b9f4@mhfdat-jp.bin,オメットＤヘルム・黒,Cayssis D Helm Orange
0x47b9f8@mhfdat-jp.bin,オメットＤヘルム・赤,Omet D Helm・Black
0x47b9fc@mhfdat-jp.bin,オメットＤヘルム・白,Omet D Helm・Red
0x47ba00@mhfdat-jp.bin,オメットＤヘルム・青,Omet D Helm・White
0x47ba04@mhfdat-jp.bin,エディオＤヘルム・青,Omet D Helm・Blue
0x47ba08@mhfdat-jp.bin,エディオＤヘルム・赤,Edio D Helm・Blue
0x47ba0c@mhfdat-jp.bin,エディオＤヘルム・黄,Edio D Helm・Red
0x47ba10@mhfdat-jp.bin,エディオＤヘルム・黒,Edio D Helm・Yellow
0x47ba14@mhfdat-jp.bin,ステノＤヘルム・橙,Edio D Helm・Black
0x47ba18@mhfdat-jp.bin,ステノＤヘルム・桃,Steno D Helm・Orange
0x47ba1c@mhfdat-jp.bin,ステノＤヘルム・青,Steno D Helm・Peach
0x47ba20@mhfdat-jp.bin,ステノＤヘルム・赤,Steno D Helm・Blue
0x47ba24@mhfdat-jp.bin,スリートＤヘッド・黄,Steno D Helm・Red
0x47ba28@mhfdat-jp.bin,スリートＤヘッド・銀,Suriito D Head・Yellow
0x47ba2c@mhfdat-jp.bin,スリートＤヘッド・赤,Suriito D Head・Silver
0x47ba30@mhfdat-jp.bin,スリートＤヘッド・青,Suriito D Head・Red
0x47ba34@mhfdat-jp.bin,ガリトスＤヘッド・茶,Suriito D Head・Blue
0x47ba38@mhfdat-jp.bin,ガリトスＤヘッド・赤,Galitos D Head・Tea
0x47ba3c@mhfdat-jp.bin,ガリトスＤヘッド・黒,Galitos D Head・Red
0x47ba40@mhfdat-jp.bin,ガリトスＤヘッド・水,Galitos D Head・Black
0x47ba44@mhfdat-jp.bin,テクストＤヘッド・紫,Galitos D Head・Water
0x47ba48@mhfdat-jp.bin,テクストＤヘッド・緑,Text D Head・Purple
0x47ba4c@mhfdat-jp.bin,テクストＤヘッド・青,Text D Head・Green
0x47ba50@mhfdat-jp.bin,テクストＤヘッド・黒,Text D Head・Blue
0x47ba54@mhfdat-jp.bin,ファランＤヘルム・白,Text D Head・Black
0x47ba58@mhfdat-jp.bin,ファランＤヘルム・黒,Pharan D Helm・White
0x47ba5c@mhfdat-jp.bin,ファランＤヘルム・赤,Pharan D Helm・Black
0x47ba60@mhfdat-jp.bin,ファランＤヘルム・青,Pharan D Helm・Red
0x47ba64@mhfdat-jp.bin,ゴルトＤヘルム・赤,Pharan D Helm・Blue
0x47ba68@mhfdat-jp.bin,ゴルトＤヘルム・青,Gold D Helm・Red
0x47ba6c@mhfdat-jp.bin,ゴルトＤヘルム・黄,Gold D Helm・Blue
0x47ba70@mhfdat-jp.bin,ゴルトＤヘルム・紫,Gold D Helm・Yellow
0x47ba74@mhfdat-jp.bin,クレールＤヘッド・紫,Gold D Helm・Purple
0x47ba78@mhfdat-jp.bin,クレールＤヘッド・水,Claire D Head・Purple
0x47ba7c@mhfdat-jp.bin,クレールＤヘッド・赤,Claire D Head・Water
0x47ba80@mhfdat-jp.bin,クレールＤヘッド・黒,Claire D Head・Red
0x47ba84@mhfdat-jp.bin,きんねこ服Ｄマスク,Claire D Head・Black
0x47ba88@mhfdat-jp.bin,ぎんねこ服Ｄマスク,Gold Cat D Mask
0x47ba8c@mhfdat-jp.bin,イクスＤピアス・白,Silver Cat D Mask
0x47ba90@mhfdat-jp.bin,イクスＤピアス・赤,Ex D Piercings・White
0x47ba94@mhfdat-jp.bin,イクスＤピアス・青,Ex D Piercings・Red
0x47ba98@mhfdat-jp.bin,イクスＤピアス・黒,Ex D Piercings・Blue
0x47ba9c@mhfdat-jp.bin,星祭Ｄ面【赤】,Ex D Piercings・Black
0x47baa0@mhfdat-jp.bin,星祭Ｄ面【青】,Star Festival D Mask [Red 】
0x47baa4@mhfdat-jp.bin,星祭Ｄ面【黒】,Star Festival D Mask [Blue 】
0x47baa8@mhfdat-jp.bin,星祭Ｄ面【白】,Star Festival D Mask [Black 】
0x47baac@mhfdat-jp.bin,プロミスＤヘッド・白,Star Festival D Mask [White 】
0x47bab0@mhfdat-jp.bin,プロミスＤヘッド・青,Promise D Head・White
0x47bab4@mhfdat-jp.bin,プロミスＤヘッド・紫,Promise D Head・Blue
0x47bab8@mhfdat-jp.bin,プロミスＤヘッド・黄,Promise D Head・Purple
0x47babc@mhfdat-jp.bin,ホワイトＭピアスＤ,Promise D Head・Yellow
0x47bac0@mhfdat-jp.bin,飛天ノ鉢金Ｄ・白,White M Piercings D
0x47bac4@mhfdat-jp.bin,飛天ノ鉢金Ｄ・赤,Flight Headguard D・White
0x47bac8@mhfdat-jp.bin,飛天ノ鉢金Ｄ・茶,Flight Headguard D・Red
0x47bacc@mhfdat-jp.bin,飛天ノ鉢金Ｄ・青,Flight Headguard D・Tea
0x47bad0@mhfdat-jp.bin,バンデＤヘッド・青,Flight Headguard D・Blue
0x47bad4@mhfdat-jp.bin,バンデＤヘッド・赤,Bande D Head・Blue
0x47bad8@mhfdat-jp.bin,バンデＤヘッド・緑,Bande D Head・Red
0x47badc@mhfdat-jp.bin,バンデＤヘッド・黒,Bande D Head・Green
0x47bae0@mhfdat-jp.bin,レグヌムＤヘッド・白,Bande D Head・Black
0x47bae4@mhfdat-jp.bin,レグヌムＤヘッド・青,Regnum D Head・White
0x47bae8@mhfdat-jp.bin,レグヌムＤヘッド・赤,Regnum D Head・Blue
0x47baec@mhfdat-jp.bin,レグヌムＤヘッド・茶,Regnum D Head・Red
0x47baf0@mhfdat-jp.bin,ガニアＤヘッド・赤,Regnum D Head・Tea
0x47baf4@mhfdat-jp.bin,ガニアＤヘッド・青,Gania D Head・Red
0x47baf8@mhfdat-jp.bin,ガニアＤヘッド・茶,Gania D Head・Blue
0x47bafc@mhfdat-jp.bin,ガニアＤヘッド・紫,Gania D Head・Tea
0x47bb00@mhfdat-jp.bin,アミスタＤヘルム・黒,Gania D Head・Purple
0x47bb04@mhfdat-jp.bin,アミスタＤヘルム・白,Amistad D Helm・Black
0x47bb08@mhfdat-jp.bin,アミスタＤヘルム・青,Amistad D Helm・White
0x47bb0c@mhfdat-jp.bin,アミスタＤヘルム・紅,Amistad D Helm・Blue
0x47bb10@mhfdat-jp.bin,ペリフＤヘルム・青,Amistad D Helm・Crimson
0x47bb14@mhfdat-jp.bin,ペリフＤヘルム・茶,Perifu D Helm・Blue
0x47bb18@mhfdat-jp.bin,ペリフＤヘルム・緑,Perifu D Helm・Tea
0x47bb1c@mhfdat-jp.bin,ペリフＤヘルム・紫,Perifu D Helm・Green
0x47bb20@mhfdat-jp.bin,フルフル亜Ｄフェスタ,Perifu D Helm・Purple
0x47bb24@mhfdat-jp.bin,ヒプ繁Ｄフェスタ,Khezu 亜D Festa
0x47bb28@mhfdat-jp.bin,ヒプ希Ｄフェスタ,ヒプ繁D Festa
0x47bb2c@mhfdat-jp.bin,ヴァクスＤヘッド,ヒプ希D Festa
0x47bb30@mhfdat-jp.bin,リズヴェＤヘルム,Vakusu D Head
0x47bb34@mhfdat-jp.bin,コンセルＤヘルム,Rizuvue D Helm
0x47bb38@mhfdat-jp.bin,歌詠ノ髪飾Ｄ,Konseru D Helm
0x47bb3c@mhfdat-jp.bin,歌紡ノ髪飾Ｄ,Utaei Hairpiece D
0x47bb40@mhfdat-jp.bin,シカリの髪当てＤ,Utatsumugu Hairpiece D
0x47bb44@mhfdat-jp.bin,ストレガＤヘルム,Shikari の髪当てD
0x47bb48@mhfdat-jp.bin,エクエスＤヘルム,Strega D Helm
0x47bb4c@mhfdat-jp.bin,ウィダＤヘッド,Eques D Helm
0x47bb50@mhfdat-jp.bin,クラージＤヘルム,Uida D Head
0x47bb54@mhfdat-jp.bin,アネシスＤヘルム,Kuraaji D Helm
0x47bb58@mhfdat-jp.bin,ザーカーＤヘッド,Aneshisu D Helm
0x47bb5c@mhfdat-jp.bin,ヴィネンＤヘッド,Zaakaa D Head
0x47bb60@mhfdat-jp.bin,ルデオスＤヘルム,Vinen D Head
0x47bb64@mhfdat-jp.bin,ブレオＤヘッド,Rudeos D Helm
0x47bb68@mhfdat-jp.bin,ルージュＤピアス,Breo D Head
0x47bb6c@mhfdat-jp.bin,オネロＤヘルム,Rouge D Piercings
0x47bb70@mhfdat-jp.bin,ディーナＤヘッド,Onero D Helm
0x47bb74@mhfdat-jp.bin,オーロワＤヘルム,Diina D Head
0x47bb78@mhfdat-jp.bin,ヒガクレＤヘルム,Oorowa D Helm
0x47bb7c@mhfdat-jp.bin,ペルセＤヘルム,Higakure D Helm
0x47bb80@mhfdat-jp.bin,オリクトＤヘルム,Perce D Helm
0x47bb84@mhfdat-jp.bin,オリクトＤキャップ,Orykto D Helm
0x47bb88@mhfdat-jp.bin,ヨルティＤヘルム,Orykto D Cap
0x47bb8c@mhfdat-jp.bin,ニスルＤヘルム,Yoruti D Helm
0x47bb90@mhfdat-jp.bin,マアデンＤヘルム,Nisuru D Helm
0x47bb94@mhfdat-jp.bin,マアデンＤキャップ,Maaden D Helm
0x47bb98@mhfdat-jp.bin,チェニーＤヘルム,Maaden D Cap
0x47bb9c@mhfdat-jp.bin,エギエネＤヘッド,Cheni D Helm
0x47bba0@mhfdat-jp.bin,トルボダＤヘッド,Eguiene D Head
0x47bba4@mhfdat-jp.bin,カバリバＤヘルム,Toruboda D Head
0x47bba8@mhfdat-jp.bin,ノルックＤヘッド,Kabariba D Helm
0x47bbac@mhfdat-jp.bin,ヴァリエＤヘッド,Norukku D Head
0x47bbb0@mhfdat-jp.bin,アルミュＤヘッド,Valier D Head
0x47bbb4@mhfdat-jp.bin,チャトレＤヘルム,Arumyu D Head
0x47bbb8@mhfdat-jp.bin,パシオＤヘルム,Chatore D Helm
0x47bbbc@mhfdat-jp.bin,カリヴァＤヘルム,Pashio D Helm
0x47bbc0@mhfdat-jp.bin,デストラGSヘルム,Cariva D Helm
0x47bbc4@mhfdat-jp.bin,デストラGPヘルム,Desutora GS Helm
0x47bbc8@mhfdat-jp.bin,デストラZPヘルム,Desutora GP Helm
0x47bbcc@mhfdat-jp.bin,デストラGSフェイス,Desutora ZP Helm
0x47bbd0@mhfdat-jp.bin,デストラGPフェイス,Desutora GS Face
0x47bbd4@mhfdat-jp.bin,デストラZPフェイス,Desutora GP Face
0x47bbd8@mhfdat-jp.bin,デストラＤヘルム,Desutora ZP Face
0x47bbdc@mhfdat-jp.bin,ボガバドZDヘルム,Desutora D Helm
0x47bbe0@mhfdat-jp.bin,ボガバドZDキャップ,Bogabado ZD Helm
0x47bbe4@mhfdat-jp.bin,煉燭ノ鉢金Ｚ,Bogabado ZD Cap
0x47bbe8@mhfdat-jp.bin,煉燭ノ鉢金ZF,Nerishoku Headguard Z
0x47bbec@mhfdat-jp.bin,煉燭ノ鉢金ZY,Nerishoku Headguard ZF
0x47bbf0@mhfdat-jp.bin,煉燭ノ鉢金ZX,Nerishoku Headguard ZY
0x47bbf4@mhfdat-jp.bin,煉燭ノ面Ｚ,Nerishoku Headguard ZX
0x47bbf8@mhfdat-jp.bin,煉燭ノ面ZF,Nerishoku Mask Z
0x47bbfc@mhfdat-jp.bin,煉燭ノ面ZY,Nerishoku Mask ZF
0x47bc00@mhfdat-jp.bin,煉燭ノ面ZX,Nerishoku Mask ZY
0x47bc04@mhfdat-jp.bin,バルラＺヘルム,Nerishoku Mask ZX
0x47bc08@mhfdat-jp.bin,バルラZFヘルム,Baruragaru Z Helm
0x47bc0c@mhfdat-jp.bin,バルラZYヘルム,Baruragaru ZF Helm
0x47bc10@mhfdat-jp.bin,バルラZXヘルム,Baruragaru ZY Helm
0x47bc14@mhfdat-jp.bin,バルラＺキャップ,Baruragaru ZX Helm
0x47bc18@mhfdat-jp.bin,バルラZFキャップ,Baruragaru Z Cap
0x47bc1c@mhfdat-jp.bin,バルラZYキャップ,Baruragaru ZF Cap
0x47bc20@mhfdat-jp.bin,バルラZXキャップ,Baruragaru ZY Cap
0x47bc24@mhfdat-jp.bin,グラビＺヘルム,Baruragaru ZX Cap
0x47bc28@mhfdat-jp.bin,グラビZFヘルム,Gravios Z Helm
0x47bc2c@mhfdat-jp.bin,グラビZYヘルム,Gravios ZF Helm
0x47bc30@mhfdat-jp.bin,グラビZXヘルム,Gravios ZY Helm
0x47bc34@mhfdat-jp.bin,グラビＺキャップ,Gravios ZX Helm
0x47bc38@mhfdat-jp.bin,グラビZFキャップ,Gravios Z Cap
0x47bc3c@mhfdat-jp.bin,グラビZYキャップ,Gravios ZF Cap
0x47bc40@mhfdat-jp.bin,グラビZXキャップ,Gravios ZY Cap
0x47bc44@mhfdat-jp.bin,ラビウスヘッド,Gravios ZX Cap
0x47bc48@mhfdat-jp.bin,ラビウスＦヘッド,Rabius Head
0x47bc4c@mhfdat-jp.bin,ラビウスFZヘッド,Rabius F Head
0x47bc50@mhfdat-jp.bin,ラビウスHSヘッド,Rabius FZ Head
0x47bc54@mhfdat-jp.bin,ラビウスGSヘッド,Rabius HS Head
0x47bc58@mhfdat-jp.bin,ラビウスGPヘッド,Rabius GS Head
0x47bc5c@mhfdat-jp.bin,ラビウスZPヘッド,Rabius GP Head
0x47bc60@mhfdat-jp.bin,ラビウスキャップ,Rabius ZP Head
0x47bc64@mhfdat-jp.bin,ラビウスＦキャップ,Rabius Cap
0x47bc68@mhfdat-jp.bin,ラビウスFZキャップ,Rabius F Cap
0x47bc6c@mhfdat-jp.bin,ラビウスHSキャップ,Rabius FZ Cap
0x47bc70@mhfdat-jp.bin,ラビウスGSキャップ,Rabius HS Cap
0x47bc74@mhfdat-jp.bin,ラビウスGPキャップ,Rabius GS Cap
0x47bc78@mhfdat-jp.bin,ラビウスZPキャップ,Rabius GP Cap
0x47bc7c@mhfdat-jp.bin,ロクラスヘッド,Rabius ZP Cap
0x47bc80@mhfdat-jp.bin,ロクラスＦヘッド,Rocras Head
0x47bc84@mhfdat-jp.bin,ロクラスFZヘッド,Rocras F Head
0x47bc88@mhfdat-jp.bin,ロクラスHSヘッド,Rocras FZ Head
0x47bc8c@mhfdat-jp.bin,ロクラスGSヘッド,Rocras HS Head
0x47bc90@mhfdat-jp.bin,ロクラスGPヘッド,Rocras GS Head
0x47bc94@mhfdat-jp.bin,ロクラスZPヘッド,Rocras GP Head
0x47bc98@mhfdat-jp.bin,ロクラスキャップ,Rocras ZP Head
0x47bc9c@mhfdat-jp.bin,ロクラスＦキャップ,Rocras Cap
0x47bca0@mhfdat-jp.bin,ロクラスFZキャップ,Rocras F Cap
0x47bca4@mhfdat-jp.bin,ロクラスHSキャップ,Rocras FZ Cap
0x47bca8@mhfdat-jp.bin,ロクラスGSキャップ,Rocras HS Cap
0x47bcac@mhfdat-jp.bin,ロクラスGPキャップ,Rocras GS Cap
0x47bcb0@mhfdat-jp.bin,ロクラスZPキャップ,Rocras GP Cap
0x47bcb4@mhfdat-jp.bin,アリシスヘッド,Rocras ZP Cap
0x47bcb8@mhfdat-jp.bin,アリシスＦヘッド,Alisys Head
0x47bcbc@mhfdat-jp.bin,アリシスFZヘッド,Alisys F Head
0x47bcc0@mhfdat-jp.bin,アリシスHSヘッド,Alisys FZ Head
0x47bcc4@mhfdat-jp.bin,アリシスGSヘッド,Alisys HS Head
0x47bcc8@mhfdat-jp.bin,アリシスGPヘッド,Alisys GS Head
0x47bccc@mhfdat-jp.bin,アリシスZPヘッド,Alisys GP Head
0x47bcd0@mhfdat-jp.bin,アリシスキャップ,Alisys ZP Head
0x47bcd4@mhfdat-jp.bin,アリシスＦキャップ,Alisys Cap
0x47bcd8@mhfdat-jp.bin,アリシスFZキャップ,Alisys F Cap
0x47bcdc@mhfdat-jp.bin,アリシスHSキャップ,Alisys FZ Cap
0x47bce0@mhfdat-jp.bin,アリシスGSキャップ,Alisys HS Cap
0x47bce4@mhfdat-jp.bin,アリシスGPキャップ,Alisys GS Cap
0x47bce8@mhfdat-jp.bin,アリシスZPキャップ,Alisys GP Cap
0x47bcec@mhfdat-jp.bin,ロゥリィヘッド,Alisys ZP Cap
0x47bcf0@mhfdat-jp.bin,ロゥリィＦヘッド,Loli Head
0x47bcf4@mhfdat-jp.bin,ロゥリィFZヘッド,Loli F Head
0x47bcf8@mhfdat-jp.bin,ロゥリィHSヘッド,Loli FZ Head
0x47bcfc@mhfdat-jp.bin,ロゥリィGSヘッド,Loli HS Head
0x47bd00@mhfdat-jp.bin,ロゥリィGPヘッド,Loli GS Head
0x47bd04@mhfdat-jp.bin,ロゥリィZPヘッド,Loli GP Head
0x47bd08@mhfdat-jp.bin,ロゥリィキャップ,Loli ZP Head
0x47bd0c@mhfdat-jp.bin,ロゥリィＦキャップ,Loli Cap
0x47bd10@mhfdat-jp.bin,ロゥリィFZキャップ,Loli F Cap
0x47bd14@mhfdat-jp.bin,ロゥリィHSキャップ,Loli FZ Cap
0x47bd18@mhfdat-jp.bin,ロゥリィGSキャップ,Loli HS Cap
0x47bd1c@mhfdat-jp.bin,ロゥリィGPキャップ,Loli GS Cap
0x47bd20@mhfdat-jp.bin,ロゥリィZPキャップ,Loli GP Cap
0x47bd24@mhfdat-jp.bin,レコリスヘッド,Loli ZP Cap
0x47bd28@mhfdat-jp.bin,レコリスＦヘッド,Recolis Head
0x47bd2c@mhfdat-jp.bin,レコリスFZヘッド,Recolis F Head
0x47bd30@mhfdat-jp.bin,レコリスHSヘッド,Recolis FZ Head
0x47bd34@mhfdat-jp.bin,レコリスGSヘッド,Recolis HS Head
0x47bd38@mhfdat-jp.bin,レコリスGPヘッド,Recolis GS Head
0x47bd3c@mhfdat-jp.bin,レコリスZPヘッド,Recolis GP Head
0x47bd40@mhfdat-jp.bin,レコリスキャップ,Recolis ZP Head
0x47bd44@mhfdat-jp.bin,レコリスＦキャップ,Recolis Cap
0x47bd48@mhfdat-jp.bin,レコリスFZキャップ,Recolis F Cap
0x47bd4c@mhfdat-jp.bin,レコリスHSキャップ,Recolis FZ Cap
0x47bd50@mhfdat-jp.bin,レコリスGSキャップ,Recolis HS Cap
0x47bd54@mhfdat-jp.bin,レコリスGPキャップ,Recolis GS Cap
0x47bd58@mhfdat-jp.bin,レコリスZPキャップ,Recolis GP Cap
0x47bd5c@mhfdat-jp.bin,ビーターＧヘルム,Recolis ZP Cap
0x47bd60@mhfdat-jp.bin,ビーターGFヘルム,Bita G Helm
0x47bd64@mhfdat-jp.bin,ビーターGXヘルム,Bita GF Helm
0x47bd68@mhfdat-jp.bin,ビーターＧキャップ,Bita GX Helm
0x47bd6c@mhfdat-jp.bin,ビーターGFキャップ,Bita G Cap
0x47bd70@mhfdat-jp.bin,ビーターGXキャップ,Bita GF Cap
0x47bd74@mhfdat-jp.bin,コレプトＧヘルム,Bita GX Cap
0x47bd78@mhfdat-jp.bin,コレプトGFヘルム,Koreputo G Helm
0x47bd7c@mhfdat-jp.bin,コレプトGXヘルム,Koreputo GF Helm
0x47bd80@mhfdat-jp.bin,コレプトＧキャップ,Koreputo GX Helm
0x47bd84@mhfdat-jp.bin,コレプトGFキャップ,Koreputo G Cap
0x47bd88@mhfdat-jp.bin,コレプトGXキャップ,Koreputo GF Cap
0x47bd8c@mhfdat-jp.bin,ラファンＧヘルム,Koreputo GX Cap
0x47bd90@mhfdat-jp.bin,ラファンGFヘルム,Rapin G Helm
0x47bd94@mhfdat-jp.bin,ラファンGXヘルム,Rapin GF Helm
0x47bd98@mhfdat-jp.bin,ラファンＧキャップ,Rapin GX Helm
0x47bd9c@mhfdat-jp.bin,ラファンGFキャップ,Rapin G Cap
0x47bda0@mhfdat-jp.bin,ラファンGXキャップ,Rapin GF Cap
0x47bda4@mhfdat-jp.bin,キリークヘッド,Rapin GX Cap
0x47bda8@mhfdat-jp.bin,キリークＦヘッド,Kireek Head
0x47bdac@mhfdat-jp.bin,キリークFZヘッド,Kireek F Head
0x47bdb0@mhfdat-jp.bin,キリークHSヘッド,Kireek FZ Head
0x47bdb4@mhfdat-jp.bin,キリークGSヘッド,Kireek HS Head
0x47bdb8@mhfdat-jp.bin,キリークGPヘッド,Kireek GS Head
0x47bdbc@mhfdat-jp.bin,キリークZPヘッド,Kireek GP Head
0x47bdc0@mhfdat-jp.bin,キリークマスク,Kireek ZP Head
0x47bdc4@mhfdat-jp.bin,キリークＦマスク,Kireek Mask
0x47bdc8@mhfdat-jp.bin,キリークFZマスク,Kireek F Mask
0x47bdcc@mhfdat-jp.bin,キリークHSマスク,Kireek FZ Mask
0x47bdd0@mhfdat-jp.bin,キリークGSマスク,Kireek HS Mask
0x47bdd4@mhfdat-jp.bin,キリークGPマスク,Kireek GS Mask
0x47bdd8@mhfdat-jp.bin,キリークZPマスク,Kireek GP Mask
0x47bddc@mhfdat-jp.bin,クーナヘッド,Kireek ZP Mask
0x47bde0@mhfdat-jp.bin,クーナＦヘッド,Quna Head
0x47bde4@mhfdat-jp.bin,クーナFZヘッド,Quna F Head
0x47bde8@mhfdat-jp.bin,クーナHSヘッド,Quna FZ Head
0x47bdec@mhfdat-jp.bin,クーナGSヘッド,Quna HS Head
0x47bdf0@mhfdat-jp.bin,クーナGPヘッド,Quna GS Head
0x47bdf4@mhfdat-jp.bin,クーナZPヘッド,Quna GP Head
0x47bdf8@mhfdat-jp.bin,クーナマスク,Quna ZP Head
0x47bdfc@mhfdat-jp.bin,クーナＦマスク,Quna Mask
0x47be00@mhfdat-jp.bin,クーナFZマスク,Quna F Mask
0x47be04@mhfdat-jp.bin,クーナHSマスク,Quna FZ Mask
0x47be08@mhfdat-jp.bin,クーナGSマスク,Quna HS Mask
0x47be0c@mhfdat-jp.bin,クーナGPマスク,Quna GS Mask
0x47be10@mhfdat-jp.bin,クーナZPマスク,Quna GP Mask
0x47be14@mhfdat-jp.bin,ディスタヘッド,Quna ZP Mask
0x47be18@mhfdat-jp.bin,ディスタＦヘッド,Dista Head
0x47be1c@mhfdat-jp.bin,ディスタFZヘッド,Dista F Head
0x47be20@mhfdat-jp.bin,ディスタHSヘッド,Dista FZ Head
0x47be24@mhfdat-jp.bin,ディスタGSヘッド,Dista HS Head
0x47be28@mhfdat-jp.bin,ディスタGPヘッド,Dista GS Head
0x47be2c@mhfdat-jp.bin,ディスタZPヘッド,Dista GP Head
0x47be30@mhfdat-jp.bin,ディスタマスク,Dista ZP Head
0x47be34@mhfdat-jp.bin,ディスタＦマスク,Dista Mask
0x47be38@mhfdat-jp.bin,ディスタFZマスク,Dista F Mask
0x47be3c@mhfdat-jp.bin,ディスタHSマスク,Dista FZ Mask
0x47be40@mhfdat-jp.bin,ディスタGSマスク,Dista HS Mask
0x47be44@mhfdat-jp.bin,ディスタGPマスク,Dista GS Mask
0x47be48@mhfdat-jp.bin,ディスタZPマスク,Dista GP Mask
0x47be4c@mhfdat-jp.bin,イオニアヘッド,Dista ZP Mask
0x47be50@mhfdat-jp.bin,イオニアＦヘッド,Ionia Head
0x47be54@mhfdat-jp.bin,イオニアFZヘッド,Ionia F Head
0x47be58@mhfdat-jp.bin,イオニアHSヘッド,Ionia FZ Head
0x47be5c@mhfdat-jp.bin,イオニアGSヘッド,Ionia HS Head
0x47be60@mhfdat-jp.bin,イオニアGPヘッド,Ionia GS Head
0x47be64@mhfdat-jp.bin,イオニアZPヘッド,Ionia GP Head
0x47be68@mhfdat-jp.bin,イオニアキャップ,Ionia ZP Head
0x47be6c@mhfdat-jp.bin,イオニアＦキャップ,Ionia Cap
0x47be70@mhfdat-jp.bin,イオニアFZキャップ,Ionia F Cap
0x47be74@mhfdat-jp.bin,イオニアHSキャップ,Ionia FZ Cap
0x47be78@mhfdat-jp.bin,イオニアGSキャップ,Ionia HS Cap
0x47be7c@mhfdat-jp.bin,イオニアGPキャップ,Ionia GS Cap
0x47be80@mhfdat-jp.bin,イオニアZPキャップ,Ionia GP Cap
0x47be84@mhfdat-jp.bin,グリディＺヘルム,Ionia ZP Cap
0x47be88@mhfdat-jp.bin,グリディZFヘルム,Guridi Z Helm
0x47be8c@mhfdat-jp.bin,グリディZYヘルム,Guridi ZF Helm
0x47be90@mhfdat-jp.bin,グリディZXヘルム,Guridi ZY Helm
0x47be94@mhfdat-jp.bin,グリディＺキャップ,Guridi ZX Helm
0x47be98@mhfdat-jp.bin,グリディZFキャップ,Guridi Z Cap
0x47be9c@mhfdat-jp.bin,グリディZYキャップ,Guridi ZF Cap
0x47bea0@mhfdat-jp.bin,グリディZXキャップ,Guridi ZY Cap
0x47bea4@mhfdat-jp.bin,シフニィＺバンド,Guridi ZX Cap
0x47bea8@mhfdat-jp.bin,シフニィZFバンド,Shifunyi Z Band
0x47beac@mhfdat-jp.bin,シフニィZYバンド,Shifunyi ZF Band
0x47beb0@mhfdat-jp.bin,シフニィZXバンド,Shifunyi ZY Band
0x47beb4@mhfdat-jp.bin,シフニィＺヘッド,Shifunyi ZX Band
0x47beb8@mhfdat-jp.bin,シフニィZFヘッド,Shifunyi Z Head
0x47bebc@mhfdat-jp.bin,シフニィZYヘッド,Shifunyi ZF Head
0x47bec0@mhfdat-jp.bin,シフニィZXヘッド,Shifunyi ZY Head
0x47bec4@mhfdat-jp.bin,ロックマンキャップ,Shifunyi ZX Head
0x47bec8@mhfdat-jp.bin,煉燭ノ鉢金Ｄ,Rockman Cap
0x47becc@mhfdat-jp.bin,グラビZDヘルム,Nerishoku Headguard D
0x47bed0@mhfdat-jp.bin,グラビZDキャップ,Gravios ZD Helm
0x47bed4@mhfdat-jp.bin,バルラZDヘルム,Gravios ZD Cap
0x47bed8@mhfdat-jp.bin,バルラZDキャップ,Baruragaru ZD Helm
0x47bedc@mhfdat-jp.bin,ラビウスＤヘッド,Baruragaru ZD Cap
0x47bee0@mhfdat-jp.bin,ロクラスＤヘッド,Rabius D Head
0x47bee4@mhfdat-jp.bin,アリシスＤヘッド,Rocras D Head
0x47bee8@mhfdat-jp.bin,ロゥリィＤヘッド,Alisys D Head
0x47beec@mhfdat-jp.bin,レコリスＤヘッド,Loli D Head
0x47bef0@mhfdat-jp.bin,ラファンＤヘルム,Recolis D Head
0x47bef4@mhfdat-jp.bin,ラファンＣヘルム,Rapin D Helm
0x47bef8@mhfdat-jp.bin,キリークＤヘッド,Rapin C Helm
0x47befc@mhfdat-jp.bin,クーナＤヘッド,Kireek D Head
0x47bf00@mhfdat-jp.bin,ディスタＤヘッド,Quna D Head
0x47bf04@mhfdat-jp.bin,イオニアＤヘッド,Dista D Head
0x47bf08@mhfdat-jp.bin,グリディＤヘルム,Ionia D Head
0x47bf0c@mhfdat-jp.bin,シフニィＤバンド,Guridi D Helm
0x47bf10@mhfdat-jp.bin,ラッピーＤヘッド,Shifunyi D Band
0x47bf14@mhfdat-jp.bin,ビーターＤヘルム,Rappy D Head
0x47bf18@mhfdat-jp.bin,コレプトＤヘルム,Bita D Helm
0x47bf1c@mhfdat-jp.bin,セクティＤヘルム・黒,Koreputo D Helm
0x47bf20@mhfdat-jp.bin,セクティＤヘルム・青,Secuti D Helm・Black
0x47bf24@mhfdat-jp.bin,セクティＤヘルム・赤,Secuti D Helm・Blue
0x47bf28@mhfdat-jp.bin,セクティＤヘルム・白,Secuti D Helm・Red
0x47bf2c@mhfdat-jp.bin,ロックマンＤキャップ,Secuti D Helm・White
0x47bf30@mhfdat-jp.bin,一閃Ｄ【鉢金】・赤,Rockman D Cap
0x47bf34@mhfdat-jp.bin,蜂針Ｄ【鉢金】・橙,Issen D Hachigane・Red
0x47bf38@mhfdat-jp.bin,シャンルＺヘルム,蜂針D Hachigane・Orange
0x47bf3c@mhfdat-jp.bin,シャンルZFヘルム,Shanru Z Helm
0x47bf40@mhfdat-jp.bin,シャンルZYヘルム,Shanru ZF Helm
0x47bf44@mhfdat-jp.bin,シャンルZXヘルム,Shanru ZY Helm
0x47bf48@mhfdat-jp.bin,シャンルＺキャップ,Shanru ZX Helm
0x47bf4c@mhfdat-jp.bin,シャンルZFキャップ,Shanru Z Cap
0x47bf50@mhfdat-jp.bin,シャンルZYキャップ,Shanru ZF Cap
0x47bf54@mhfdat-jp.bin,シャンルZXキャップ,Shanru ZY Cap
0x47bf58@mhfdat-jp.bin,ファンルＺヘルム,Shanru ZX Cap
0x47bf5c@mhfdat-jp.bin,ファンルZFヘルム,Fanru Z Helm
0x47bf60@mhfdat-jp.bin,ファンルZYヘルム,Fanru ZF Helm
0x47bf64@mhfdat-jp.bin,ファンルZXヘルム,Fanru ZY Helm
0x47bf68@mhfdat-jp.bin,ファンルＺキャップ,Fanru ZX Helm
0x47bf6c@mhfdat-jp.bin,ファンルZFキャップ,Fanru Z Cap
0x47bf70@mhfdat-jp.bin,ファンルZYキャップ,Fanru ZF Cap
0x47bf74@mhfdat-jp.bin,ファンルZXキャップ,Fanru ZY Cap
0x47bf78@mhfdat-jp.bin,煉獄ノ鉢金Ｚ,Fanru ZX Cap
0x47bf7c@mhfdat-jp.bin,煉獄ノ鉢金ZF,Rengoku Headguard Z
0x47bf80@mhfdat-jp.bin,煉獄ノ鉢金ZY,Rengoku Headguard ZF
0x47bf84@mhfdat-jp.bin,煉獄ノ鉢金ZX,Rengoku Headguard ZY
0x47bf88@mhfdat-jp.bin,煉獄ノ面Ｚ,Rengoku Headguard ZX
0x47bf8c@mhfdat-jp.bin,煉獄ノ面ZF,Rengoku Mask Z
0x47bf90@mhfdat-jp.bin,煉獄ノ面ZY,Rengoku Mask ZF
0x47bf94@mhfdat-jp.bin,煉獄ノ面ZX,Rengoku Mask ZY
0x47bf98@mhfdat-jp.bin,煉戟ノ鉢金Ｚ,Rengoku Mask ZX
0x47bf9c@mhfdat-jp.bin,煉戟ノ鉢金ZF,Nerigeki Headguard Z
0x47bfa0@mhfdat-jp.bin,煉戟ノ鉢金ZY,Nerigeki Headguard ZF
0x47bfa4@mhfdat-jp.bin,煉戟ノ鉢金ZX,Nerigeki Headguard ZY
0x47bfa8@mhfdat-jp.bin,煉戟ノ面Ｚ,Nerigeki Headguard ZX
0x47bfac@mhfdat-jp.bin,煉戟ノ面ZF,Nerigeki Mask Z
0x47bfb0@mhfdat-jp.bin,煉戟ノ面ZY,Nerigeki Mask ZF
0x47bfb4@mhfdat-jp.bin,煉戟ノ面ZX,Nerigeki Mask ZY
0x47bfb8@mhfdat-jp.bin,ザムザＺヘルム,Nerigeki Mask ZX
0x47bfbc@mhfdat-jp.bin,ザムザZFヘルム,Zamuza Z Helm
0x47bfc0@mhfdat-jp.bin,ザムザZYヘルム,Zamuza ZF Helm
0x47bfc4@mhfdat-jp.bin,ザムザZXヘルム,Zamuza ZY Helm
0x47bfc8@mhfdat-jp.bin,ザムザＺキャップ,Zamuza ZX Helm
0x47bfcc@mhfdat-jp.bin,ザムザZFキャップ,Zamuza Z Cap
0x47bfd0@mhfdat-jp.bin,ザムザZYキャップ,Zamuza ZF Cap
0x47bfd4@mhfdat-jp.bin,ザムザZXキャップ,Zamuza ZY Cap
0x47bfd8@mhfdat-jp.bin,ハルドＺヘルム,Zamuza ZX Cap
0x47bfdc@mhfdat-jp.bin,ハルドZFヘルム,Harudo Z Helm
0x47bfe0@mhfdat-jp.bin,ハルドZYヘルム,Harudo ZF Helm
0x47bfe4@mhfdat-jp.bin,ハルドZXヘルム,Harudo ZY Helm
0x47bfe8@mhfdat-jp.bin,ハルドＺキャップ,Harudo ZX Helm
0x47bfec@mhfdat-jp.bin,ハルドZFキャップ,Harudo Z Cap
0x47bff0@mhfdat-jp.bin,ハルドZYキャップ,Harudo ZF Cap
0x47bff4@mhfdat-jp.bin,ハルドZXキャップ,Harudo ZY Cap
0x47bff8@mhfdat-jp.bin,エリュシＧヘルム,Harudo ZX Cap
0x47bffc@mhfdat-jp.bin,エリュシGFヘルム,Elysi G Helm
0x47c000@mhfdat-jp.bin,エリュシGXヘルム,Elysi GF Helm
0x47c004@mhfdat-jp.bin,エリュシＧキャップ,Elysi GX Helm
0x47c008@mhfdat-jp.bin,エリュシGFキャップ,Elysi G Cap
0x47c00c@mhfdat-jp.bin,エリュシGXキャップ,Elysi GF Cap
0x47c010@mhfdat-jp.bin,ミュンルＺヘルム,Elysi GX Cap
0x47c014@mhfdat-jp.bin,ミュンルZFヘルム,Myunru Z Helm
0x47c018@mhfdat-jp.bin,ミュンルZYヘルム,Myunru ZF Helm
0x47c01c@mhfdat-jp.bin,ミュンルZXヘルム,Myunru ZY Helm
0x47c020@mhfdat-jp.bin,ミュンルＺキャップ,Myunru ZX Helm
0x47c024@mhfdat-jp.bin,ミュンルZFキャップ,Myunru Z Cap
0x47c028@mhfdat-jp.bin,ミュンルZYキャップ,Myunru ZF Cap
0x47c02c@mhfdat-jp.bin,ミュンルZXキャップ,Myunru ZY Cap
0x47c030@mhfdat-jp.bin,キンコウヘッド,Myunru ZX Cap
0x47c034@mhfdat-jp.bin,キンコウＦヘッド,Kinkou Head
0x47c038@mhfdat-jp.bin,キンコウFZヘッド,Kinkou F Head
0x47c03c@mhfdat-jp.bin,キンコウHSヘッド,Kinkou FZ Head
0x47c040@mhfdat-jp.bin,キンコウGSヘッド,Kinkou HS Head
0x47c044@mhfdat-jp.bin,キンコウGPヘッド,Kinkou GS Head
0x47c048@mhfdat-jp.bin,キンコウZPヘッド,Kinkou GP Head
0x47c04c@mhfdat-jp.bin,キンコウキャップ,Kinkou ZP Head
0x47c050@mhfdat-jp.bin,キンコウＦキャップ,Kinkou Cap
0x47c054@mhfdat-jp.bin,キンコウFZキャップ,Kinkou F Cap
0x47c058@mhfdat-jp.bin,キンコウHSキャップ,Kinkou FZ Cap
0x47c05c@mhfdat-jp.bin,キンコウGSキャップ,Kinkou HS Cap
0x47c060@mhfdat-jp.bin,キンコウGPキャップ,Kinkou GS Cap
0x47c064@mhfdat-jp.bin,キンコウZPキャップ,Kinkou GP Cap
0x47c068@mhfdat-jp.bin,アンブヘッド,Kinkou ZP Cap
0x47c06c@mhfdat-jp.bin,アンブＦヘッド,Anbu Head
0x47c070@mhfdat-jp.bin,アンブFZヘッド,Anbu F Head
0x47c074@mhfdat-jp.bin,アンブHSヘッド,Anbu FZ Head
0x47c078@mhfdat-jp.bin,アンブGSヘッド,Anbu HS Head
0x47c07c@mhfdat-jp.bin,アンブGPヘッド,Anbu GS Head
0x47c080@mhfdat-jp.bin,アンブZPヘッド,Anbu GP Head
0x47c084@mhfdat-jp.bin,アンブキャップ,Anbu ZP Head
0x47c088@mhfdat-jp.bin,アンブＦキャップ,Anbu Cap
0x47c08c@mhfdat-jp.bin,アンブFZキャップ,Anbu F Cap
0x47c090@mhfdat-jp.bin,アンブHSキャップ,Anbu FZ Cap
0x47c094@mhfdat-jp.bin,アンブGSキャップ,Anbu HS Cap
0x47c098@mhfdat-jp.bin,アンブGPキャップ,Anbu GS Cap
0x47c09c@mhfdat-jp.bin,アンブZPキャップ,Anbu GP Cap
0x47c0a0@mhfdat-jp.bin,アービターGSヘルム,Anbu ZP Cap
0x47c0a4@mhfdat-jp.bin,アービターGPヘルム,Arbiter GS Helm
0x47c0a8@mhfdat-jp.bin,アービターZPヘルム,Arbiter GP Helm
0x47c0ac@mhfdat-jp.bin,アービターGSフェイス,Arbiter ZP Helm
0x47c0b0@mhfdat-jp.bin,アービターGPフェイス,Arbiter GS Face
0x47c0b4@mhfdat-jp.bin,アービターZPフェイス,Arbiter GP Face
0x47c0b8@mhfdat-jp.bin,フィーネヘッド,Arbiter ZP Face
0x47c0bc@mhfdat-jp.bin,フィーネＦヘッド,Fine Head
0x47c0c0@mhfdat-jp.bin,フィーネFZヘッド,Fine F Head
0x47c0c4@mhfdat-jp.bin,フィーネHSヘッド,Fine FZ Head
0x47c0c8@mhfdat-jp.bin,フィーネGSヘッド,Fine HS Head
0x47c0cc@mhfdat-jp.bin,フィーネGPヘッド,Fine GS Head
0x47c0d0@mhfdat-jp.bin,フィーネZPヘッド,Fine GP Head
0x47c0d4@mhfdat-jp.bin,フィーネキャップ,Fine ZP Head
0x47c0d8@mhfdat-jp.bin,フィーネＦキャップ,Fine Cap
0x47c0dc@mhfdat-jp.bin,フィーネFZキャップ,Fine F Cap
0x47c0e0@mhfdat-jp.bin,フィーネHSキャップ,Fine FZ Cap
0x47c0e4@mhfdat-jp.bin,フィーネGSキャップ,Fine HS Cap
0x47c0e8@mhfdat-jp.bin,フィーネGPキャップ,Fine GS Cap
0x47c0ec@mhfdat-jp.bin,フィーネZPキャップ,Fine GP Cap
0x47c0f0@mhfdat-jp.bin,コトナヘッド,Fine ZP Cap
0x47c0f4@mhfdat-jp.bin,コトナＦヘッド,Kotona Head
0x47c0f8@mhfdat-jp.bin,コトナFZヘッド,Kotona F Head
0x47c0fc@mhfdat-jp.bin,コトナHSヘッド,Kotona FZ Head
0x47c100@mhfdat-jp.bin,コトナGSヘッド,Kotona HS Head
0x47c104@mhfdat-jp.bin,コトナGPヘッド,Kotona GS Head
0x47c108@mhfdat-jp.bin,コトナZPヘッド,Kotona GP Head
0x47c10c@mhfdat-jp.bin,コトナキャップ,Kotona ZP Head
0x47c110@mhfdat-jp.bin,コトナＦキャップ,Kotona Cap
0x47c114@mhfdat-jp.bin,コトナFZキャップ,Kotona F Cap
0x47c118@mhfdat-jp.bin,コトナHSキャップ,Kotona FZ Cap
0x47c11c@mhfdat-jp.bin,コトナGSキャップ,Kotona HS Cap
0x47c120@mhfdat-jp.bin,コトナGPキャップ,Kotona GS Cap
0x47c124@mhfdat-jp.bin,コトナZPキャップ,Kotona GP Cap
0x47c128@mhfdat-jp.bin,フィニスヘッド,Kotona ZP Cap
0x47c12c@mhfdat-jp.bin,フィニスＦヘッド,Finis Head
0x47c130@mhfdat-jp.bin,フィニスFZヘッド,Finis F Head
0x47c134@mhfdat-jp.bin,フィニスHSヘッド,Finis FZ Head
0x47c138@mhfdat-jp.bin,フィニスGSヘッド,Finis HS Head
0x47c13c@mhfdat-jp.bin,フィニスGPヘッド,Finis GS Head
0x47c140@mhfdat-jp.bin,フィニスZPヘッド,Finis GP Head
0x47c144@mhfdat-jp.bin,フィニスキャップ,Finis ZP Head
0x47c148@mhfdat-jp.bin,フィニスＦキャップ,Finis Cap
0x47c14c@mhfdat-jp.bin,フィニスFZキャップ,Finis F Cap
0x47c150@mhfdat-jp.bin,フィニスHSキャップ,Finis FZ Cap
0x47c154@mhfdat-jp.bin,フィニスGSキャップ,Finis HS Cap
0x47c158@mhfdat-jp.bin,フィニスGPキャップ,Finis GS Cap
0x47c15c@mhfdat-jp.bin,フィニスZPキャップ,Finis GP Cap
0x47c160@mhfdat-jp.bin,フィールヘッド,Finis ZP Cap
0x47c164@mhfdat-jp.bin,フィールＦヘッド,Firl Head
0x47c168@mhfdat-jp.bin,フィールFZヘッド,Firl F Head
0x47c16c@mhfdat-jp.bin,フィールHSヘッド,Firl FZ Head
0x47c170@mhfdat-jp.bin,フィールGSヘッド,Firl HS Head
0x47c174@mhfdat-jp.bin,フィールGPヘッド,Firl GS Head
0x47c178@mhfdat-jp.bin,フィールZPヘッド,Firl GP Head
0x47c17c@mhfdat-jp.bin,フィールキャップ,Firl ZP Head
0x47c180@mhfdat-jp.bin,フィールＦキャップ,Firl Cap
0x47c184@mhfdat-jp.bin,フィールFZキャップ,Firl F Cap
0x47c188@mhfdat-jp.bin,フィールHSキャップ,Firl FZ Cap
0x47c18c@mhfdat-jp.bin,フィールGSキャップ,Firl HS Cap
0x47c190@mhfdat-jp.bin,フィールGPキャップ,Firl GS Cap
0x47c194@mhfdat-jp.bin,フィールZPキャップ,Firl GP Cap
0x47c198@mhfdat-jp.bin,了奏ノ帽,Firl ZP Cap
0x47c19c@mhfdat-jp.bin,了奏ノ帽Ｆ,Ryoso Cap
0x47c1a0@mhfdat-jp.bin,了奏ノ帽FZ,Ryoso Cap F
0x47c1a4@mhfdat-jp.bin,了奏ノ帽HS,Ryoso Cap FZ
0x47c1a8@mhfdat-jp.bin,了奏ノ帽GS,Ryoso Cap HS
0x47c1ac@mhfdat-jp.bin,了奏ノ帽GP,Ryoso Cap GS
0x47c1b0@mhfdat-jp.bin,了奏ノ帽ZP,Ryoso Cap GP
0x47c1b4@mhfdat-jp.bin,了奏ノ冠,Ryoso Cap ZP
0x47c1b8@mhfdat-jp.bin,了奏ノ冠Ｆ,Ryoso Crown
0x47c1bc@mhfdat-jp.bin,了奏ノ冠FZ,Ryoso Crown F
0x47c1c0@mhfdat-jp.bin,了奏ノ冠HS,Ryoso Crown FZ
0x47c1c4@mhfdat-jp.bin,了奏ノ冠GS,Ryoso Crown HS
0x47c1c8@mhfdat-jp.bin,了奏ノ冠GP,Ryoso Crown GS
0x47c1cc@mhfdat-jp.bin,了奏ノ冠ZP,Ryoso Crown GP
0x47c1d0@mhfdat-jp.bin,ジェムズヘッド,Ryoso Crown ZP
0x47c1d4@mhfdat-jp.bin,ジェムズＦヘッド,Gems Head
0x47c1d8@mhfdat-jp.bin,ジェムズFZヘッド,Gems F Head
0x47c1dc@mhfdat-jp.bin,ジェムズHSヘッド,Gems FZ Head
0x47c1e0@mhfdat-jp.bin,ジェムズGSヘッド,Gems HS Head
0x47c1e4@mhfdat-jp.bin,ジェムズGPヘッド,Gems GS Head
0x47c1e8@mhfdat-jp.bin,ジェムズZPヘッド,Gems GP Head
0x47c1ec@mhfdat-jp.bin,ジェムズマスク,Gems ZP Head
0x47c1f0@mhfdat-jp.bin,ジェムズＦマスク,Gems Mask
0x47c1f4@mhfdat-jp.bin,ジェムズFZマスク,Gems F Mask
0x47c1f8@mhfdat-jp.bin,ジェムズHSマスク,Gems FZ Mask
0x47c1fc@mhfdat-jp.bin,ジェムズGSマスク,Gems HS Mask
0x47c200@mhfdat-jp.bin,ジェムズGPマスク,Gems GS Mask
0x47c204@mhfdat-jp.bin,ジェムズZPマスク,Gems GP Mask
0x47c208@mhfdat-jp.bin,アリシャヘッド,Gems ZP Mask
0x47c20c@mhfdat-jp.bin,アリシャＦヘッド,Alisha Head
0x47c210@mhfdat-jp.bin,アリシャFZヘッド,Alisha F Head
0x47c214@mhfdat-jp.bin,アリシャHSヘッド,Alisha FZ Head
0x47c218@mhfdat-jp.bin,アリシャGSヘッド,Alisha HS Head
0x47c21c@mhfdat-jp.bin,アリシャGPヘッド,Alisha GS Head
0x47c220@mhfdat-jp.bin,アリシャZPヘッド,Alisha GP Head
0x47c224@mhfdat-jp.bin,アリシャキャップ,Alisha ZP Head
0x47c228@mhfdat-jp.bin,アリシャＦキャップ,Alisha Cap
0x47c22c@mhfdat-jp.bin,アリシャFZキャップ,Alisha F Cap
0x47c230@mhfdat-jp.bin,アリシャHSキャップ,Alisha FZ Cap
0x47c234@mhfdat-jp.bin,アリシャGSキャップ,Alisha HS Cap
0x47c238@mhfdat-jp.bin,アリシャGPキャップ,Alisha GS Cap
0x47c23c@mhfdat-jp.bin,アリシャZPキャップ,Alisha GP Cap
0x47c240@mhfdat-jp.bin,リッカヘルム,Alisha ZP Cap
0x47c244@mhfdat-jp.bin,リッカＦヘルム,Ricca Helm
0x47c248@mhfdat-jp.bin,リッカFZヘルム,Ricca F Helm
0x47c24c@mhfdat-jp.bin,リッカHSヘルム,Ricca FZ Helm
0x47c250@mhfdat-jp.bin,リッカGSヘルム,Ricca HS Helm
0x47c254@mhfdat-jp.bin,リッカGPヘルム,Ricca GS Helm
0x47c258@mhfdat-jp.bin,リッカZPヘルム,Ricca GP Helm
0x47c25c@mhfdat-jp.bin,リッカキャップ,Ricca ZP Helm
0x47c260@mhfdat-jp.bin,リッカＦキャップ,Ricca Cap
0x47c264@mhfdat-jp.bin,リッカFZキャップ,Ricca F Cap
0x47c268@mhfdat-jp.bin,リッカHSキャップ,Ricca FZ Cap
0x47c26c@mhfdat-jp.bin,リッカGSキャップ,Ricca HS Cap
0x47c270@mhfdat-jp.bin,リッカGPキャップ,Ricca GS Cap
0x47c274@mhfdat-jp.bin,リッカZPキャップ,Ricca GP Cap
0x47c278@mhfdat-jp.bin,ケリスヘルム,Ricca ZP Cap
0x47c27c@mhfdat-jp.bin,ケリスＦヘルム,Kelis Helm
0x47c280@mhfdat-jp.bin,ケリスFZヘルム,Kelis F Helm
0x47c284@mhfdat-jp.bin,ケリスHSヘルム,Kelis FZ Helm
0x47c288@mhfdat-jp.bin,ケリスGSヘルム,Kelis HS Helm
0x47c28c@mhfdat-jp.bin,ケリスGPヘルム,Kelis GS Helm
0x47c290@mhfdat-jp.bin,ケリスZPヘルム,Kelis GP Helm
0x47c294@mhfdat-jp.bin,ケリスキャップ,Kelis ZP Helm
0x47c298@mhfdat-jp.bin,ケリスＦキャップ,Kelis Cap
0x47c29c@mhfdat-jp.bin,ケリスFZキャップ,Kelis F Cap
0x47c2a0@mhfdat-jp.bin,ケリスHSキャップ,Kelis FZ Cap
0x47c2a4@mhfdat-jp.bin,ケリスGSキャップ,Kelis HS Cap
0x47c2a8@mhfdat-jp.bin,ケリスGPキャップ,Kelis GS Cap
0x47c2ac@mhfdat-jp.bin,ケリスZPキャップ,Kelis GP Cap
0x47c2b0@mhfdat-jp.bin,キンコウＤヘッド,Kelis ZP Cap
0x47c2b4@mhfdat-jp.bin,アンブＤヘッド,Kinkou D Head
0x47c2b8@mhfdat-jp.bin,煉獄ノ鉢金Ｄ,Anbu D Head
0x47c2bc@mhfdat-jp.bin,煉戟ノ鉢金Ｄ,Rengoku Headguard D
0x47c2c0@mhfdat-jp.bin,シャンルＤヘルム,Nerigeki Headguard D
0x47c2c4@mhfdat-jp.bin,ファンルＤヘルム,Shanru D Helm
0x47c2c8@mhfdat-jp.bin,ザムザZDヘルム,Fanru D Helm
0x47c2cc@mhfdat-jp.bin,ザムザZDキャップ,Zamuza ZD Helm
0x47c2d0@mhfdat-jp.bin,ハルドZDヘルム,Zamuza ZD Cap
0x47c2d4@mhfdat-jp.bin,ハルドZDキャップ,Harudo ZD Helm
0x47c2d8@mhfdat-jp.bin,アービターＤヘルム,Harudo ZD Cap
0x47c2dc@mhfdat-jp.bin,エリュシＤヘルム,Arbiter D Helm
0x47c2e0@mhfdat-jp.bin,フィーネＤヘッド,Elysi D Helm
0x47c2e4@mhfdat-jp.bin,コトナＤヘッド,Fine D Head
0x47c2e8@mhfdat-jp.bin,フィニスＤヘッド,Kotona D Head
0x47c2ec@mhfdat-jp.bin,フィールＤヘッド,Finis D Head
0x47c2f0@mhfdat-jp.bin,了奏ノ帽Ｄ,Firl D Head
0x47c2f4@mhfdat-jp.bin,ジェムズＤヘッド,Ryoso Cap D
0x47c2f8@mhfdat-jp.bin,アリシャＤヘッド,Gems D Head
0x47c2fc@mhfdat-jp.bin,リッカＤヘルム,Alisha D Head
0x47c300@mhfdat-jp.bin,ケリスＤヘルム,Ricca D Helm
0x47c304@mhfdat-jp.bin,ミュンルＤヘルム,Kelis D Helm
0x47c308@mhfdat-jp.bin,青龍・剣聖Ｄヘルム,Myunru D Helm
0x47c30c@mhfdat-jp.bin,青龍・双龍Ｄヘルム,Seiryu・Kensei D Helm
0x47c310@mhfdat-jp.bin,青龍・剣王Ｄヘルム,Seiryu・双龍D Helm
0x47c314@mhfdat-jp.bin,青龍・刀神Ｄヘルム,Seiryu・Blade 王D Helm
0x47c318@mhfdat-jp.bin,青龍・天槍Ｄヘルム,Seiryu・刀神D Helm
0x47c31c@mhfdat-jp.bin,青龍・砲皇Ｄヘルム,Seiryu・Heaven 槍D Helm
0x47c320@mhfdat-jp.bin,青龍・鈍器獣Ｄヘルム,Seiryu・砲皇D Helm
0x47c324@mhfdat-jp.bin,青龍・奏帝Ｄヘルム,Seiryu・鈍器獣D Helm
0x47c328@mhfdat-jp.bin,青龍・穿凰Ｄヘルム,Seiryu・奏帝D Helm
0x47c32c@mhfdat-jp.bin,青龍・斬将Ｄヘルム,Seiryu・穿凰D Helm
0x47c330@mhfdat-jp.bin,青龍・銃傑Ｄマスク,Seiryu・斬将D Helm
0x47c334@mhfdat-jp.bin,青龍・銃仙Ｄマスク,Seiryu・銃傑D Mask
0x47c338@mhfdat-jp.bin,青龍・弓鬼Ｄマスク,Seiryu・銃仙D Mask
0x47c33c@mhfdat-jp.bin,青龍・磁星Ｄヘルム,Seiryu・Bow 鬼D Mask
0x47c340@mhfdat-jp.bin,ＫロブスタヘルムPD黒,Seiryu・磁星D Helm
0x47c344@mhfdat-jp.bin,ＫロブスタヘルムPD緑,K. Lobster Helm PD Black
0x47c348@mhfdat-jp.bin,ＫロブスタヘルムPD青,K. Lobster Helm PD Green
0x47c34c@mhfdat-jp.bin,ＫロブスタハットPD黒,K. Lobster Helm PD Blue
0x47c350@mhfdat-jp.bin,ＫロブスタハットPD緑,K. Lobster Hat PD Black
0x47c354@mhfdat-jp.bin,ＫロブスタハットPD青,K. Lobster Hat PD Green
0x47c358@mhfdat-jp.bin,ヒプノヘルムPD緑,K. Lobster Hat PD Blue
0x47c35c@mhfdat-jp.bin,ヒプノヘルムPD赤,Hypnoc Helm PD Green
0x47c360@mhfdat-jp.bin,ヒプノヘルムPD黄,Hypnoc Helm PD Red
0x47c364@mhfdat-jp.bin,ベルヘルムPD黒,Hypnoc Helm PD Yellow
0x47c368@mhfdat-jp.bin,ベルヘルムPD赤,Beru Helm PD Black
0x47c36c@mhfdat-jp.bin,ベルヘルムPD紫,Beru Helm PD Red
0x47c370@mhfdat-jp.bin,ベルキャップPD黒,Beru Helm PD Purple
0x47c374@mhfdat-jp.bin,ベルキャップPD赤,Beru Cap PD Black
0x47c378@mhfdat-jp.bin,ベルキャップPD紫,Beru Cap PD Red
0x47c37c@mhfdat-jp.bin,クロオビヘルムPD白,Beru Cap PD Purple
0x47c380@mhfdat-jp.bin,クロオビヘルムPD黒,Black Belt Helm PD White
0x47c384@mhfdat-jp.bin,クロオビヘルムPD青,Black Belt Helm PD Black
0x47c388@mhfdat-jp.bin,アプカルヘルムPD白,Black Belt Helm PD Blue
0x47c38c@mhfdat-jp.bin,アプカルヘルムPD緑,Apkallu Helm PD White
0x47c390@mhfdat-jp.bin,アプカルヘルムPD黄,Apkallu Helm PD Green
0x47c394@mhfdat-jp.bin,ルコヘッドPD白,Apkallu Helm PD Yellow
0x47c398@mhfdat-jp.bin,ルコヘッドPD青,Rukodiora Head PD White
0x47c39c@mhfdat-jp.bin,ルコヘッドPD赤,Rukodiora Head PD Blue
0x47c3a0@mhfdat-jp.bin,ルコフェイスPD白,Rukodiora Head PD Red
0x47c3a4@mhfdat-jp.bin,ルコフェイスPD青,Rukodiora Face PD White
0x47c3a8@mhfdat-jp.bin,ルコフェイスPD赤,Rukodiora Face PD Blue
0x47c3ac@mhfdat-jp.bin,コムラダヘルムPD白赤,Rukodiora Face PD Red
0x47c3b0@mhfdat-jp.bin,コムラダヘルムPD白青,Comrade Helm PD White Red
0x47c3b4@mhfdat-jp.bin,コムラダヘルムPD白黄,Comrade Helm PD White Blue
0x47c3b8@mhfdat-jp.bin,オトノＤヘッド,Comrade Helm PD White Yellow
0x47c3bc@mhfdat-jp.bin,忍の面・空Ｄ,Otono D Head
0x47c3c0@mhfdat-jp.bin,忍の面・海Ｄ,Shinobi Mask・Sky D
0x47c3c4@mhfdat-jp.bin,黒影ノ面・Ｄ,Shinobi Mask・Sea D
0x47c3c8@mhfdat-jp.bin,黒陰ノ面・Ｄ,Shadow Mask・D
0x47c3cc@mhfdat-jp.bin,ホープＤヘルム,Shade Mask・D
0x47c3d0@mhfdat-jp.bin,ボガバドＤフェスタ,Hope D Helm
0x47c3d4@mhfdat-jp.bin,ヤマツカミＤフェスタ,Bogabado D Festa
0x47c3d8@mhfdat-jp.bin,クックＤフェスタ,Yama Tsukami D Festa
0x47c3dc@mhfdat-jp.bin,テオＤフェスタ,Kut-Ku D Festa
0x47c3e0@mhfdat-jp.bin,ザザミＤフェスタ,Teo D Festa
0x47c3e4@mhfdat-jp.bin,バルラガルＤフェスタ,Hermitaur D Festa
0x47c3e8@mhfdat-jp.bin,ラージャンＤフェスタ,Baruragaru D Festa
0x47c3ec@mhfdat-jp.bin,おばちゃんＤフェスタ,Rajang D Festa
0x47c3f0@mhfdat-jp.bin,唄収集家Ｄフェスタ,Auntie D Festa
0x47c3f4@mhfdat-jp.bin,ダンディＤフェスタ,唄収集家D Festa
0x47c3f8@mhfdat-jp.bin,ＧアイルーＤフェスタ,Dandy D Festa
0x47c3fc@mhfdat-jp.bin,ＧプーギーＤフェスタ,G Felyne D Festa
0x47c400@mhfdat-jp.bin,ＧグークＤフェスタ,G Poogie D Festa
0x47c404@mhfdat-jp.bin,ＧフルフルＤフェスタ,G Gook D Festa
