location,source,target
0x4391e0@mhfdat-jp.bin,装備無し,装備無し
0x4391e4@mhfdat-jp.bin,グリーンジャージー,Green Jersey
0x4391e8@mhfdat-jp.bin,ブルージャージー,Blue Jersey
0x4391ec@mhfdat-jp.bin,ハンターグリーヴ,Hunter's Greaves
0x4391f0@mhfdat-jp.bin,ハンターレギンス,Hunter's Leggings
0x4391f4@mhfdat-jp.bin,ボーングリーヴ,Bone Greaves
0x4391f8@mhfdat-jp.bin,ボーンレギンス,Bone Leggings
0x4391fc@mhfdat-jp.bin,ランポスグリーヴ,Veloci Greaves
0x439200@mhfdat-jp.bin,ランポスレギンス,Veloci Leggings
0x439204@mhfdat-jp.bin,バトルグリーヴ,Battle Greaves
0x439208@mhfdat-jp.bin,バトルレギンス,Battle Leggings
0x43920c@mhfdat-jp.bin,シルバーメタルブーツ,Silver Metal Boots
0x439210@mhfdat-jp.bin,ランゴグリーヴ,Vespoid Greaves
0x439214@mhfdat-jp.bin,ランゴレギンス,Vespoid Leggings
0x439218@mhfdat-jp.bin,タロスグリーヴ,Hornetaur Greaves
0x43921c@mhfdat-jp.bin,タロスレギンス,Hornetaur Leggings
0x439220@mhfdat-jp.bin,ハイメタグリーヴ,High Metal Greaves
0x439224@mhfdat-jp.bin,ハイメタレギンス,High Metal Leggings
0x439228@mhfdat-jp.bin,ダークメタルブーツ,Dark Metal Boots
0x43922c@mhfdat-jp.bin,ゲネポスグリーヴ,Gen Greaves
0x439230@mhfdat-jp.bin,ゲネポスレギンス,Gen Leggings
0x439234@mhfdat-jp.bin,ピンクメタルブーツ,Pink Metal Boots
0x439238@mhfdat-jp.bin,クロムメタルブーツ,Chrome Metal Boots
0x43923c@mhfdat-jp.bin,イーオスグリーヴ,Io Greaves
0x439240@mhfdat-jp.bin,イーオスレギンス,Io Leggings
0x439244@mhfdat-jp.bin,ゲリョスグリーヴ,Gypceros Greaves
0x439248@mhfdat-jp.bin,ゲリョスレギンス,Gypceros Leggings
0x43924c@mhfdat-jp.bin,ガレオスグリーヴ,Cepha Greaves
0x439250@mhfdat-jp.bin,ガレオスレギンス,Cepha Leggings
0x439254@mhfdat-jp.bin,レイアグリーヴ,Rathian Greaves
0x439258@mhfdat-jp.bin,レイアレギンス,Rathian Leggings
0x43925c@mhfdat-jp.bin,フルフルグリーヴ,Khezu Greaves
0x439260@mhfdat-jp.bin,フルフルレギンス,Khezu Leggings
0x439264@mhfdat-jp.bin,レウスグリーヴ,Rathalos Greaves
0x439268@mhfdat-jp.bin,レウスレギンス,Rathalos Leggings
0x43926c@mhfdat-jp.bin,ガノスグリーヴ,Plesioth Greaves
0x439270@mhfdat-jp.bin,ガノスレギンス,Plesioth Leggings
0x439274@mhfdat-jp.bin,バサルグリーヴ,Basarios Greaves
0x439278@mhfdat-jp.bin,バサルレギンス,Basarios Leggings
0x43927c@mhfdat-jp.bin,ディアブログリーヴ,Diablos Greaves
0x439280@mhfdat-jp.bin,ディアブロレギンス,Diablos Leggings
0x439284@mhfdat-jp.bin,モノブロスグリーヴ,Monoblos Greaves
0x439288@mhfdat-jp.bin,モノブロスレギンス,Monoblos Leggings
0x43928c@mhfdat-jp.bin,グラビドグリーヴ,Gravios Greaves
0x439290@mhfdat-jp.bin,グラビドレギンス,Gravios Leggings
0x439294@mhfdat-jp.bin,クロオビグリーヴ,Black Belt Greaves
0x439298@mhfdat-jp.bin,モスフット,Mosswine Feet
0x43929c@mhfdat-jp.bin,ランポスーツフット,Veloci ーツ Feet
0x4392a0@mhfdat-jp.bin,ゲネポスーツフット,Gen ーツ Feet
0x4392a4@mhfdat-jp.bin,イーオスーツフット,Io ーツ Feet
0x4392a8@mhfdat-jp.bin,忍の足袋・陽,忍の Tabi・陽
0x4392ac@mhfdat-jp.bin,忍の足袋・陰,忍の Tabi・陰
0x4392b0@mhfdat-jp.bin,ガーディアンブーツ,Guardian Boots
0x4392b4@mhfdat-jp.bin,ガーディアンフット,Guardian Feet
0x4392b8@mhfdat-jp.bin,ヘルパーソックス,Helper Socks
0x4392bc@mhfdat-jp.bin,ヒーラーソックス,Healer Socks
0x4392c0@mhfdat-jp.bin,ガルルガグリーヴ,Garuga Greaves
0x4392c4@mhfdat-jp.bin,ガルルガレギンス,Garuga Leggings
0x4392c8@mhfdat-jp.bin,暁丸【具足】,暁丸 [Greaves 】
0x4392cc@mhfdat-jp.bin,曙丸【具足】,曙丸 [Greaves 】
0x4392d0@mhfdat-jp.bin,凛【袴】,凛 [Hakama 】
0x4392d4@mhfdat-jp.bin,艶【袴】,艶 [Hakama 】
0x4392d8@mhfdat-jp.bin,紅凛【袴】, Crimson 凛 [Hakama 】
0x4392dc@mhfdat-jp.bin,紅艶【袴】, Crimson 艶 [Hakama 】
0x4392e0@mhfdat-jp.bin,ドラゴンフット,Dragon Feet
0x4392e4@mhfdat-jp.bin,ドラゴンレグス,Dragon Legs
0x4392e8@mhfdat-jp.bin,クリームジャージー,クリーム Jersey
0x4392ec@mhfdat-jp.bin,コーヒージャージー,コーヒー Jersey
0x4392f0@mhfdat-jp.bin,ハンターＵグリーヴ,Hunter's U Greaves
0x4392f4@mhfdat-jp.bin,ハンターＵレギンス,Hunter's U Leggings
0x4392f8@mhfdat-jp.bin,ボーンＵグリーヴ,Bone U Greaves
0x4392fc@mhfdat-jp.bin,ボーンＵレギンス,Bone U Leggings
0x439300@mhfdat-jp.bin,ギアノスグリーヴ,Gia Greaves
0x439304@mhfdat-jp.bin,ギアノスレギンス,Gia Leggings
0x439308@mhfdat-jp.bin,バトルＵグリーヴ,Battle U Greaves
0x43930c@mhfdat-jp.bin,バトルＵレギンス,Battle U Leggings
0x439310@mhfdat-jp.bin,ランゴＵグリーヴ,Vespoid U Greaves
0x439314@mhfdat-jp.bin,ランゴＵレギンス,Vespoid U Leggings
0x439318@mhfdat-jp.bin,タロスＵグリーヴ,Hornetaur U Greaves
0x43931c@mhfdat-jp.bin,タロスＵレギンス,Hornetaur U Leggings
0x439320@mhfdat-jp.bin,ハイメタＵグリーヴ,High Metal U Greaves
0x439324@mhfdat-jp.bin,ハイメタＵレギンス,High Metal U Leggings
0x439328@mhfdat-jp.bin,ゲネポスＵグリーヴ,Gen U Greaves
0x43932c@mhfdat-jp.bin,ゲネポスＵレギンス,Gen U Leggings
0x439330@mhfdat-jp.bin,イーオスＵグリーヴ,Io U Greaves
0x439334@mhfdat-jp.bin,イーオスＵレギンス,Io U Leggings
0x439338@mhfdat-jp.bin,ゲリョスＵグリーヴ,Gypceros U Greaves
0x43933c@mhfdat-jp.bin,ゲリョスＵレギンス,Gypceros U Leggings
0x439340@mhfdat-jp.bin,ガレオスＵグリーヴ,Cepha U Greaves
0x439344@mhfdat-jp.bin,ガレオスＵレギンス,Cepha U Leggings
0x439348@mhfdat-jp.bin,リオハートグリーヴ,Rath Heart Greaves
0x43934c@mhfdat-jp.bin,リオハートレギンス,Rath Heart Leggings
0x439350@mhfdat-jp.bin,フルフルＵグリーヴ,Khezu U Greaves
0x439354@mhfdat-jp.bin,フルフルＵレギンス,Khezu U Leggings
0x439358@mhfdat-jp.bin,リオソウルグリーヴ,Rath Soul Greaves
0x43935c@mhfdat-jp.bin,リオソウルレギンス,Rath Soul Leggings
0x439360@mhfdat-jp.bin,ガノスＵグリーヴ,Plesioth U Greaves
0x439364@mhfdat-jp.bin,ガノスＵレギンス,Plesioth U Leggings
0x439368@mhfdat-jp.bin,バサルＵグリーヴ,Basarios U Greaves
0x43936c@mhfdat-jp.bin,バサルＵレギンス,Basarios U Leggings
0x439370@mhfdat-jp.bin,ディアブロＵグリーヴ,Diablos U Greaves
0x439374@mhfdat-jp.bin,ディアブロＵレギンス,Diablos U Leggings
0x439378@mhfdat-jp.bin,モノデビルグリーヴ,Monodevil Greaves
0x43937c@mhfdat-jp.bin,モノデビルレギンス,Monodevil Leggings
0x439380@mhfdat-jp.bin,グラビドＵグリーヴ,Gravios U Greaves
0x439384@mhfdat-jp.bin,グラビドＵレギンス,Gravios U Leggings
0x439388@mhfdat-jp.bin,忍の足袋・空,忍の Tabi・空
0x43938c@mhfdat-jp.bin,忍の足袋・海,忍の Tabi・海
0x439390@mhfdat-jp.bin,ガーディアンＵブーツ,Guardian U Boots
0x439394@mhfdat-jp.bin,ガーディアンＵフット,Guardian U Feet
0x439398@mhfdat-jp.bin,ヘルパーＵソックス,Helper U Socks
0x43939c@mhfdat-jp.bin,ヒーラーＵソックス,Healer U Socks
0x4393a0@mhfdat-jp.bin,暁丸・皇【具足】,暁丸・皇 [Greaves 】
0x4393a4@mhfdat-jp.bin,曙丸・皇【具足】,曙丸・皇 [Greaves 】
0x4393a8@mhfdat-jp.bin,凛・皇【袴】,凛・皇 [Hakama 】
0x4393ac@mhfdat-jp.bin,艶・皇【袴】,艶・皇 [Hakama 】
0x4393b0@mhfdat-jp.bin,ミラバルカンフット,ミラ Vulcan Feet
0x4393b4@mhfdat-jp.bin,ミラバルカンレグス,ミラ Vulcan Legs
0x4393b8@mhfdat-jp.bin,ゴールドルナグリーヴ,ゴールド Lune Greaves
0x4393bc@mhfdat-jp.bin,ゴールドルナレギンス,ゴールド Lune Leggings
0x4393c0@mhfdat-jp.bin,シルバーソルグリーヴ,Silver Sol Greaves
0x4393c4@mhfdat-jp.bin,シルバーソルレギンス,Silver Sol Leggings
0x4393c8@mhfdat-jp.bin,グリーンＳジャージー,Green S Jersey
0x4393cc@mhfdat-jp.bin,ブルーＳジャージー,Blue S Jersey
0x4393d0@mhfdat-jp.bin,ハンターＳグリーヴ,Hunter's S Greaves
0x4393d4@mhfdat-jp.bin,ハンターＳレギンス,Hunter's S Leggings
0x4393d8@mhfdat-jp.bin,ボーンＳグリーヴ,Bone S Greaves
0x4393dc@mhfdat-jp.bin,ボーンＳレギンス,Bone S Leggings
0x4393e0@mhfdat-jp.bin,ランポスＳグリーヴ,Veloci S Greaves
0x4393e4@mhfdat-jp.bin,ランポスＳレギンス,Veloci S Leggings
0x4393e8@mhfdat-jp.bin,バトルＳグリーヴ,Battle S Greaves
0x4393ec@mhfdat-jp.bin,バトルＳレギンス,Battle S Leggings
0x4393f0@mhfdat-jp.bin,ランゴＳグリーヴ,Vespoid S Greaves
0x4393f4@mhfdat-jp.bin,ランゴＳレギンス,Vespoid S Leggings
0x4393f8@mhfdat-jp.bin,タロスＳグリーヴ,Hornetaur S Greaves
0x4393fc@mhfdat-jp.bin,タロスＳレギンス,Hornetaur S Leggings
0x439400@mhfdat-jp.bin,ハイメタＳグリーヴ,High Metal S Greaves
0x439404@mhfdat-jp.bin,ハイメタＳレギンス,High Metal S Leggings
0x439408@mhfdat-jp.bin,ゲネポスＳグリーヴ,Gen S Greaves
0x43940c@mhfdat-jp.bin,ゲネポスＳレギンス,Gen S Leggings
0x439410@mhfdat-jp.bin,クックＳグリーヴ,Kut-Ku S Greaves
0x439414@mhfdat-jp.bin,クックＳレギンス,Kut-Ku S Leggings
0x439418@mhfdat-jp.bin,イーオスＳグリーヴ,Io S Greaves
0x43941c@mhfdat-jp.bin,イーオスＳレギンス,Io S Leggings
0x439420@mhfdat-jp.bin,ゲリョスＳグリーヴ,Gypceros S Greaves
0x439424@mhfdat-jp.bin,ゲリョスＳレギンス,Gypceros S Leggings
0x439428@mhfdat-jp.bin,ガレオスＳグリーヴ,Cepha S Greaves
0x43942c@mhfdat-jp.bin,ガレオスＳレギンス,Cepha S Leggings
0x439430@mhfdat-jp.bin,レイアＳグリーヴ,Rathian S Greaves
0x439434@mhfdat-jp.bin,レイアＳレギンス,Rathian S Leggings
0x439438@mhfdat-jp.bin,フルフルＳグリーヴ,Khezu S Greaves
0x43943c@mhfdat-jp.bin,フルフルＳレギンス,Khezu S Leggings
0x439440@mhfdat-jp.bin,レウスＳグリーヴ,Rathalos S Greaves
0x439444@mhfdat-jp.bin,レウスＳレギンス,Rathalos S Leggings
0x439448@mhfdat-jp.bin,ガノスＳグリーヴ,Plesioth S Greaves
0x43944c@mhfdat-jp.bin,ガノスＳレギンス,Plesioth S Leggings
0x439450@mhfdat-jp.bin,バサルＳグリーヴ,Basarios S Greaves
0x439454@mhfdat-jp.bin,バサルＳレギンス,Basarios S Leggings
0x439458@mhfdat-jp.bin,ディアブロＳグリーヴ,Diablos S Greaves
0x43945c@mhfdat-jp.bin,ディアブロＳレギンス,Diablos S Leggings
0x439460@mhfdat-jp.bin,モノブロスＳグリーヴ,Monoblos S Greaves
0x439464@mhfdat-jp.bin,モノブロスＳレギンス,Monoblos S Leggings
0x439468@mhfdat-jp.bin,グラビドＳグリーヴ,Gravios S Greaves
0x43946c@mhfdat-jp.bin,グラビドＳレギンス,Gravios S Leggings
0x439470@mhfdat-jp.bin,忍の足袋・天,忍の Tabi・Heaven
0x439474@mhfdat-jp.bin,忍の足袋・地,忍の Tabi・Earth
0x439478@mhfdat-jp.bin,ギルドガードブーツ紅,Guild Guard Boots Crimson
0x43947c@mhfdat-jp.bin,ギルドガードタイツ紅,Guild Guard タイツ Crimson
0x439480@mhfdat-jp.bin,ギルドガードブーツ紅,Guild Guard Boots Crimson
0x439484@mhfdat-jp.bin,ギルドガードタイツ紅,Guild Guard タイツ Crimson
0x439488@mhfdat-jp.bin,暁丸・覇【具足】,暁丸・覇 [Greaves 】
0x43948c@mhfdat-jp.bin,曙丸・覇【具足】,曙丸・覇 [Greaves 】
0x439490@mhfdat-jp.bin,凛・覇【袴】,凛・覇 [Hakama 】
0x439494@mhfdat-jp.bin,艶・覇【袴】,艶・覇 [Hakama 】
0x439498@mhfdat-jp.bin,ドラゴンＳフット,Dragon S Feet
0x43949c@mhfdat-jp.bin,ドラゴンＳレグス,Dragon S Legs
0x4394a0@mhfdat-jp.bin,ザザミグリーヴ,Hermitaur Greaves
0x4394a4@mhfdat-jp.bin,ザザミレギンス,Hermitaur Leggings
0x4394a8@mhfdat-jp.bin,ザザミＵグリーヴ,Hermitaur U Greaves
0x4394ac@mhfdat-jp.bin,ザザミＵレギンス,Hermitaur U Leggings
0x4394b0@mhfdat-jp.bin,ザザミＳグリーヴ,Hermitaur S Greaves
0x4394b4@mhfdat-jp.bin,ザザミＳレギンス,Hermitaur S Leggings
0x4394b8@mhfdat-jp.bin,コンガグリーヴ,Congalala Greaves
0x4394bc@mhfdat-jp.bin,コンガレギンス,Congalala Leggings
0x4394c0@mhfdat-jp.bin,コンガＵグリーヴ,Congalala U Greaves
0x4394c4@mhfdat-jp.bin,コンガＵレギンス,Congalala U Leggings
0x4394c8@mhfdat-jp.bin,コンガＳグリーヴ,Congalala S Greaves
0x4394cc@mhfdat-jp.bin,コンガＳレギンス,Congalala S Leggings
0x4394d0@mhfdat-jp.bin,ブランゴグリーヴ,Blango Greaves
0x4394d4@mhfdat-jp.bin,ブランゴレギンス,Blango Leggings
0x4394d8@mhfdat-jp.bin,ブランゴＵグリーヴ,Blango U Greaves
0x4394dc@mhfdat-jp.bin,ブランゴＵレギンス,Blango U Leggings
0x4394e0@mhfdat-jp.bin,ブランゴＳグリーヴ,Blango S Greaves
0x4394e4@mhfdat-jp.bin,ブランゴＳレギンス,Blango S Leggings
0x4394e8@mhfdat-jp.bin,ギザミグリーヴ,Ceanataur Greaves
0x4394ec@mhfdat-jp.bin,ギザミレギンス,Ceanataur Leggings
0x4394f0@mhfdat-jp.bin,ギザミＵグリーヴ,Ceanataur U Greaves
0x4394f4@mhfdat-jp.bin,ギザミＵレギンス,Ceanataur U Leggings
0x4394f8@mhfdat-jp.bin,ギザミＳグリーヴ,Ceanataur S Greaves
0x4394fc@mhfdat-jp.bin,ギザミＳレギンス,Ceanataur S Leggings
0x439500@mhfdat-jp.bin,キリンレガース,Kirin レガース
0x439504@mhfdat-jp.bin,キリンブーツ,Kirin Boots
0x439508@mhfdat-jp.bin,キリンＳレガース,Kirin Sレガース
0x43950c@mhfdat-jp.bin,キリンＳブーツ,Kirin S Boots
0x439510@mhfdat-jp.bin,クシャナペイル,Kushala ペイル
0x439514@mhfdat-jp.bin,クシャナハディ,Kushala ハディ
0x439518@mhfdat-jp.bin,ミヅハ【具足】,Mizuha [Greaves 】
0x43951c@mhfdat-jp.bin,トヨタマ【具足】,Toyotama [Greaves 】
0x439520@mhfdat-jp.bin,エンプレスグリーヴ,Empress Greaves
0x439524@mhfdat-jp.bin,エンプレスレギンス,Empress Leggings
0x439528@mhfdat-jp.bin,金剛【具足】,Gold 剛 [Greaves 】
0x43952c@mhfdat-jp.bin,不動【具足】,不動 [Greaves 】
0x439530@mhfdat-jp.bin,カイザーグリーヴ,Kaiser Greaves
0x439534@mhfdat-jp.bin,カイザーレギンス,Kaiser Leggings
0x439538@mhfdat-jp.bin,夜叉【御足】,夜叉【御足】
0x43953c@mhfdat-jp.bin,修羅【御足】,修羅【御足】
0x439540@mhfdat-jp.bin,金色ノ袴,Golden Hakama
0x439544@mhfdat-jp.bin,黒子ノ足袋,Black Cub Tabi
0x439548@mhfdat-jp.bin,ミラルーツフット,White Fatalis Feet
0x43954c@mhfdat-jp.bin,ミラルーツレギンス,White Fatalis Leggings
0x439550@mhfdat-jp.bin,クロオビＳグリーヴ,Black Belt S Greaves
0x439554@mhfdat-jp.bin,ギアノスーツフット,Gia ーツ Feet
0x439558@mhfdat-jp.bin,ガブラスーツフット,Remobra ーツ Feet
0x43955c@mhfdat-jp.bin,ギルドナイトブーツ,Guild Knight Boots
0x439560@mhfdat-jp.bin,ギルドナイトタイツ,Guild Knight タイツ
0x439564@mhfdat-jp.bin,メイドストッキング,Maid ストッキング
0x439568@mhfdat-jp.bin,プライベートタイツ,Private タイツ
0x43956c@mhfdat-jp.bin,ギルドガードブーツ蒼,Guild Guard Boots Green
0x439570@mhfdat-jp.bin,ギルドガードタイツ蒼,Guild Guard タイツ Green
0x439574@mhfdat-jp.bin,ギルドガードブーツ蒼,Guild Guard Boots Green
0x439578@mhfdat-jp.bin,ギルドガードタイツ蒼,Guild Guard タイツ Green
0x43957c@mhfdat-jp.bin,Ｋ・ロブスタグリーヴ,K・ロブスタ Greaves
0x439580@mhfdat-jp.bin,Ｋ・ロブスタレギンス,K・ロブスタ Leggings
0x439584@mhfdat-jp.bin,Ｆブーツ00,F Boots 00
0x439588@mhfdat-jp.bin,Ｆブーツ01,F Boots 01
0x43958c@mhfdat-jp.bin,ブレイドメタルブーツ,ブレイド Metal Boots
0x439590@mhfdat-jp.bin,クックグリーヴ,Kut-Ku Greaves
0x439594@mhfdat-jp.bin,クックレギンス,Kut-Ku Leggings
0x439598@mhfdat-jp.bin,クックＵグリーヴ,Kut-Ku U Greaves
0x43959c@mhfdat-jp.bin,クックＵレギンス,Kut-Ku U Leggings
0x4395a0@mhfdat-jp.bin,ヒプノグリーヴ,Hypnoc Greaves
0x4395a4@mhfdat-jp.bin,ヒプノレギンス,Hypnoc Leggings
0x4395a8@mhfdat-jp.bin,ヒプノＵグリーヴ,Hypnoc U Greaves
0x4395ac@mhfdat-jp.bin,ヒプノＵレギンス,Hypnoc U Leggings
0x4395b0@mhfdat-jp.bin,ラヴァグリーヴ,Lavasioth Greaves
0x4395b4@mhfdat-jp.bin,ラヴァレギンス,Lavasioth Leggings
0x4395b8@mhfdat-jp.bin,ラヴァＳグリーヴ,Lavasioth S Greaves
0x4395bc@mhfdat-jp.bin,ラヴァＳレギンス,Lavasioth S Leggings
0x4395c0@mhfdat-jp.bin,ギアノスＵグリーヴ,Gia U Greaves
0x4395c4@mhfdat-jp.bin,ギアノスＵレギンス,Gia U Leggings
0x4395c8@mhfdat-jp.bin,しろねこ服ブーツ,White Cat Boots
0x4395cc@mhfdat-jp.bin,くろねこ服ブーツ,Black Cat Boots
0x4395d0@mhfdat-jp.bin,きんねこ服ブーツ,Gold Cat Boots
0x4395d4@mhfdat-jp.bin,ゴシックグリーヴ,Gothic Greaves
0x4395d8@mhfdat-jp.bin,ゴシックＦグリーヴ,Gothic F Greaves
0x4395dc@mhfdat-jp.bin,ベイルディバイダー,Beil Divider
0x4395e0@mhfdat-jp.bin,コムラドブーツ【猩】,Comrade Boots 【猩】
0x4395e4@mhfdat-jp.bin,ジストレルレッグ,Jisutoreru Leg
0x4395e8@mhfdat-jp.bin,デュオグリーヴ,Duo Greaves
0x4395ec@mhfdat-jp.bin,スマートレッグ,Smart Leg
0x4395f0@mhfdat-jp.bin,ストレングスレッグ,Strength Leg
0x4395f4@mhfdat-jp.bin,ブートアップレッグ,Boot Up Leg
0x4395f8@mhfdat-jp.bin,ユウェネスレッグ,Yuenesu Leg
0x4395fc@mhfdat-jp.bin,欠番,Missing No.
0x439600@mhfdat-jp.bin,欠番,Missing No.
0x439604@mhfdat-jp.bin,エアリアルレッグ,Aerial Leg
0x439608@mhfdat-jp.bin,ジストレッグ,ジスト Leg
0x43960c@mhfdat-jp.bin,欠番,Missing No.
0x439610@mhfdat-jp.bin,エクストラレッグ,Extra Leg
0x439614@mhfdat-jp.bin,ウナペルトレッグ,ウナペルト Leg
0x439618@mhfdat-jp.bin,キューラーレッグ,Kyuura Leg
0x43961c@mhfdat-jp.bin,欠番,Missing No.
0x439620@mhfdat-jp.bin,欠番,Missing No.
0x439624@mhfdat-jp.bin,レックスグリーヴ,Tigrex Greaves
0x439628@mhfdat-jp.bin,レックスレギンス,Tigrex Leggings
0x43962c@mhfdat-jp.bin,レックスＳグリーヴ,Tigrex S Greaves
0x439630@mhfdat-jp.bin,レックスＳレギンス,Tigrex S Leggings
0x439634@mhfdat-jp.bin,パピメルガンバ,Butterfly Crura
0x439638@mhfdat-jp.bin,パピメルフェムル,Butterfly フェムル
0x43963c@mhfdat-jp.bin,パピメルＳガンバ,Butterfly S Crura
0x439640@mhfdat-jp.bin,パピメルＳフェムル,Butterfly Sフェムル
0x439644@mhfdat-jp.bin,アカムトケマル,Akantor ケマル
0x439648@mhfdat-jp.bin,アカムトチケル,Akantor チケル
0x43964c@mhfdat-jp.bin,ウナペルトＦレッグ,ウナペルトF Leg
0x439650@mhfdat-jp.bin,あかねこ服Ｆブーツ,Red Cat F Boots
0x439654@mhfdat-jp.bin,メルホアライース,Melahoa Roots
0x439658@mhfdat-jp.bin,メルホアＵライース,Melahoa U Roots
0x43965c@mhfdat-jp.bin,マカルパパンツ,Makluva Pants
0x439660@mhfdat-jp.bin,マカルパＵパンツ,Makluva U Pants
0x439664@mhfdat-jp.bin,オウビートガンバ,King Beetle Crura
0x439668@mhfdat-jp.bin,オウビートフェムル,King Beetle フェムル
0x43966c@mhfdat-jp.bin,オウビートＳガンバ,King Beetle S Crura
0x439670@mhfdat-jp.bin,オウビートＳフェムル,King Beetle Sフェムル
0x439674@mhfdat-jp.bin,デスギアフェルゼ,Death Stench Heel
0x439678@mhfdat-jp.bin,デスギアアヴィレ,Death Stench March
0x43967c@mhfdat-jp.bin,デスギアＳフェルゼ,Death Stench S Heel
0x439680@mhfdat-jp.bin,デスギアＳアヴィレ,Death Stench S March
0x439684@mhfdat-jp.bin,マフモフブーツ,Mafumofu Boots
0x439688@mhfdat-jp.bin,マフモフＳブーツ,Mafumofu S Boots
0x43968c@mhfdat-jp.bin,クシャナＦペイル,Kushala Fペイル
0x439690@mhfdat-jp.bin,クシャナＦハディ,Kushala Fハディ
0x439694@mhfdat-jp.bin,カイザーＦグリーヴ,Kaiser F Greaves
0x439698@mhfdat-jp.bin,カイザーＦレギンス,Kaiser F Leggings
0x43969c@mhfdat-jp.bin,ミヅハ魁【具足】,Mizuha 魁 [Greaves 】
0x4396a0@mhfdat-jp.bin,トヨタマ魁【具足】,Toyotama 魁 [Greaves 】
0x4396a4@mhfdat-jp.bin,金剛・魁【具足】, Gold 剛・魁 [Greaves 】
0x4396a8@mhfdat-jp.bin,不動・魁【具足】,不動・魁 [Greaves 】
0x4396ac@mhfdat-jp.bin,夜叉・魁【御足】,夜叉・魁【御足】
0x4396b0@mhfdat-jp.bin,修羅・魁【御足】,修羅・魁【御足】
0x4396b4@mhfdat-jp.bin,エンプレスＦグリーヴ,Empress F Greaves
0x4396b8@mhfdat-jp.bin,エンプレスＦレギンス,Empress F Leggings
0x4396bc@mhfdat-jp.bin,金色ノ袴・魁,Golden Hakama・魁
0x4396c0@mhfdat-jp.bin,黒子ノ足袋・魁,Black Cub Tabi・魁
0x4396c4@mhfdat-jp.bin,ガルルガＦグリーヴ,Garuga F Greaves
0x4396c8@mhfdat-jp.bin,ガルルガＦレギンス,Garuga F Leggings
0x4396cc@mhfdat-jp.bin,クシャナＦペイル,Kushala Fペイル
0x4396d0@mhfdat-jp.bin,クシャナＦハディ,Kushala Fハディ
0x4396d4@mhfdat-jp.bin,カイザーＦグリーヴ,Kaiser F Greaves
0x4396d8@mhfdat-jp.bin,カイザーＦレギンス,Kaiser F Leggings
0x4396dc@mhfdat-jp.bin,ミヅハ魁【具足】,Mizuha 魁 [Greaves 】
0x4396e0@mhfdat-jp.bin,トヨタマ魁【具足】,Toyotama 魁 [Greaves 】
0x4396e4@mhfdat-jp.bin,金剛・魁【具足】, Gold 剛・魁 [Greaves 】
0x4396e8@mhfdat-jp.bin,不動・魁【具足】,不動・魁 [Greaves 】
0x4396ec@mhfdat-jp.bin,夜叉・魁【御足】,夜叉・魁【御足】
0x4396f0@mhfdat-jp.bin,修羅・魁【御足】,修羅・魁【御足】
0x4396f4@mhfdat-jp.bin,エンプレスＦグリーヴ,Empress F Greaves
0x4396f8@mhfdat-jp.bin,エンプレスＦレギンス,Empress F Leggings
0x4396fc@mhfdat-jp.bin,金色ノ袴・魁,Golden Hakama・魁
0x439700@mhfdat-jp.bin,黒子ノ足袋・魁,Black Cub Tabi・魁
0x439704@mhfdat-jp.bin,ガルルガＦグリーヴ,Garuga F Greaves
0x439708@mhfdat-jp.bin,ガルルガＦレギンス,Garuga F Leggings
0x43970c@mhfdat-jp.bin,ラヴァＵグリーヴ,Lavasioth U Greaves
0x439710@mhfdat-jp.bin,ラヴァＵレギンス,Lavasioth U Leggings
0x439714@mhfdat-jp.bin,ホワイトメタルブーツ,White Metal Boots
0x439718@mhfdat-jp.bin,セレストグリーヴ,Celeste Greaves
0x43971c@mhfdat-jp.bin,シエルディバイダー,Ciel Divider
0x439720@mhfdat-jp.bin,コムラダブーツ【赤】,Comrade Boots [Red 】
0x439724@mhfdat-jp.bin,コムラダブーツ【青】,Comrade Boots [Blue 】
0x439728@mhfdat-jp.bin,コムラダブーツ【緑】,Comrade Boots [Green 】
0x43972c@mhfdat-jp.bin,コムラダブーツ【橙】,Comrade Boots [Orange 】
0x439730@mhfdat-jp.bin,ダミー,ダミー
0x439734@mhfdat-jp.bin,ダミー,ダミー
0x439738@mhfdat-jp.bin,エスピナフェルゼ,Espinas Heel
0x43973c@mhfdat-jp.bin,エスピナアヴィレ,Espinas March
0x439740@mhfdat-jp.bin,エスピナＦフェルゼ,Espinas F Heel
0x439744@mhfdat-jp.bin,エスピナＦアヴィレ,Espinas F March
0x439748@mhfdat-jp.bin,アスールグリーヴ,Azul Greaves
0x43974c@mhfdat-jp.bin,アスールレギンス,Azul Leggings
0x439750@mhfdat-jp.bin,アメザリグリーヴ,Amezari Greaves
0x439754@mhfdat-jp.bin,アメザリレギンス,Amezari Leggings
0x439758@mhfdat-jp.bin,プロミスブーツ【白】,Promise Boots [White 】
0x43975c@mhfdat-jp.bin,プロミスブーツ【青】,Promise Boots [Blue 】
0x439760@mhfdat-jp.bin,プロミスブーツ【紫】,Promise Boots [Purple 】
0x439764@mhfdat-jp.bin,プロミスブーツ【黄】,Promise Boots [Yellow 】
0x439768@mhfdat-jp.bin,ブリスブーツ【白】,Bliss Boots [White 】
0x43976c@mhfdat-jp.bin,ブリスブーツ【青】,Bliss Boots [Blue 】
0x439770@mhfdat-jp.bin,ブリスブーツ【紫】,Bliss Boots [Purple 】
0x439774@mhfdat-jp.bin,ブリスブーツ【黄】,Bliss Boots [Yellow 】
0x439778@mhfdat-jp.bin,ブリスＦブーツ【白】,Bliss F Boots [White 】
0x43977c@mhfdat-jp.bin,ブリスＦブーツ【青】,Bliss F Boots [Blue 】
0x439780@mhfdat-jp.bin,ブリスＦブーツ【紫】,Bliss F Boots [Purple 】
0x439784@mhfdat-jp.bin,ブリスＦブーツ【黄】,Bliss F Boots [Yellow 】
0x439788@mhfdat-jp.bin,ロジウェアレッグ,Lodge Wear Leg
0x43978c@mhfdat-jp.bin,バトルレギンスSP青,Battle Leggings SP Blue
0x439790@mhfdat-jp.bin,バトルレギンスSP黄,Battle Leggings SP Yellow
0x439794@mhfdat-jp.bin,バトルレギンスSP紫,Battle Leggings SP Purple
0x439798@mhfdat-jp.bin,レイアグリーヴSP青,Rathian Greaves SP Blue
0x43979c@mhfdat-jp.bin,レイアグリーヴSP赤,Rathian Greaves SP Red
0x4397a0@mhfdat-jp.bin,レイアグリーヴSP黒,Rathian Greaves SP Black
0x4397a4@mhfdat-jp.bin,フルフルフットSP青,Khezu Feet SP Blue
0x4397a8@mhfdat-jp.bin,フルフルフットSP緑,Khezu Feet SP Green
0x4397ac@mhfdat-jp.bin,フルフルフットSP黒,Khezu Feet SP Black
0x4397b0@mhfdat-jp.bin,エスピナグリーヴSP赤,Espinas Greaves SP Red
0x4397b4@mhfdat-jp.bin,エスピナグリーヴSP青,Espinas Greaves SP Blue
0x4397b8@mhfdat-jp.bin,エスピナグリーヴSP黄,Espinas Greaves SP Yellow
0x4397bc@mhfdat-jp.bin,エスピナレギンスSP赤,Espinas Leggings SP Red
0x4397c0@mhfdat-jp.bin,エスピナレギンスSP青,Espinas Leggings SP Blue
0x4397c4@mhfdat-jp.bin,エスピナレギンスSP黄,Espinas Leggings SP Yellow
0x4397c8@mhfdat-jp.bin,ノワールグリーヴ,Noir Greaves
0x4397cc@mhfdat-jp.bin,ガーディブーツSP白,Guardi Boots SP White
0x4397d0@mhfdat-jp.bin,ガーディブーツSP黒,Guardi Boots SP Black
0x4397d4@mhfdat-jp.bin,ガーディブーツSP紫,Guardi Boots SP Purple
0x4397d8@mhfdat-jp.bin,ヒーラーソックスSP青,Healer Socks SP Blue
0x4397dc@mhfdat-jp.bin,ヒーラーソックスSP白,Healer Socks SP White
0x4397e0@mhfdat-jp.bin,ヒーラーソックスSP黄,Healer Socks SP Yellow
0x4397e4@mhfdat-jp.bin,マフモフブーツSP赤,Mafumofu Boots SP Red
0x4397e8@mhfdat-jp.bin,マフモフブーツSP黄,Mafumofu Boots SP Yellow
0x4397ec@mhfdat-jp.bin,マフモフブーツSP紫,Mafumofu Boots SP Purple
0x4397f0@mhfdat-jp.bin,バサルレギンスSP赤,Basarios Leggings SP Red
0x4397f4@mhfdat-jp.bin,バサルレギンスSP黒,Basarios Leggings SP Black
0x4397f8@mhfdat-jp.bin,バサルレギンスSP黄,Basarios Leggings SP Yellow
0x4397fc@mhfdat-jp.bin,アプカルグリーヴ,Apkallu Greaves
0x439800@mhfdat-jp.bin,アプカルレギンス,Apkallu Leggings
0x439804@mhfdat-jp.bin,ゴスペルグリーヴ,Gospel Greaves
0x439808@mhfdat-jp.bin,ゴスペルレギンス,Gospel Leggings
0x43980c@mhfdat-jp.bin,エスピナＵフェルゼ,Espinas U Heel
0x439810@mhfdat-jp.bin,エスピナＵアヴィレ,Espinas U March
0x439814@mhfdat-jp.bin,ブランゴグリーヴSP黄,Blango Greaves SP Yellow
0x439818@mhfdat-jp.bin,ブランゴグリーヴSP青,Blango Greaves SP Blue
0x43981c@mhfdat-jp.bin,ブランゴグリーヴSP黒,Blango Greaves SP Black
0x439820@mhfdat-jp.bin,金色ノ袴SP白,Golden Hakama SP White
0x439824@mhfdat-jp.bin,金色ノ袴SP紫,Golden Hakama SP Purple
0x439828@mhfdat-jp.bin,金色ノ袴SP緑,Golden Hakama SP Green
0x43982c@mhfdat-jp.bin,グラビドレギンスSP緑,Gravios Leggings SP Green
0x439830@mhfdat-jp.bin,グラビドレギンスSP紫,Gravios Leggings SP Purple
0x439834@mhfdat-jp.bin,グラビドレギンスSP赤,Gravios Leggings SP Red
0x439838@mhfdat-jp.bin,アクラグリーヴ,Akura Greaves
0x43983c@mhfdat-jp.bin,アクラグリーヴ黄,Akura Greaves Yellow
0x439840@mhfdat-jp.bin,アクラグリーヴ蒼,Akura Greaves Green
0x439844@mhfdat-jp.bin,アクラグリーヴ紅,Akura Greaves Crimson
0x439848@mhfdat-jp.bin,アクラレギンス,Akura Leggings
0x43984c@mhfdat-jp.bin,アクラレギンス黄,Akura Leggings Yellow
0x439850@mhfdat-jp.bin,アクラレギンス蒼,Akura Leggings Green
0x439854@mhfdat-jp.bin,アクラレギンス紅,Akura Leggings Crimson
0x439858@mhfdat-jp.bin,アクラＦグリーヴ,Akura F Greaves
0x43985c@mhfdat-jp.bin,アクラＦグリーヴ黄,Akura F Greaves Yellow
0x439860@mhfdat-jp.bin,アクラＦグリーヴ蒼,Akura F Greaves Green
0x439864@mhfdat-jp.bin,アクラＦグリーヴ紅,Akura F Greaves Crimson
0x439868@mhfdat-jp.bin,アクラＦレギンス,Akura F Leggings
0x43986c@mhfdat-jp.bin,アクラＦレギンス黄,Akura F Leggings Yellow
0x439870@mhfdat-jp.bin,アクラＦレギンス蒼,Akura F Leggings Green
0x439874@mhfdat-jp.bin,アクラＦレギンス紅,Akura F Leggings Crimson
0x439878@mhfdat-jp.bin,エクエスグリーヴ,Eques Greaves
0x43987c@mhfdat-jp.bin,エクエスレギンス,Eques Leggings
0x439880@mhfdat-jp.bin,エクエスグリーヴ改,Eques Greaves 改
0x439884@mhfdat-jp.bin,エクエスレギンス改,Eques Leggings 改
0x439888@mhfdat-jp.bin,エクエスＦグリーヴ,Eques F Greaves
0x43988c@mhfdat-jp.bin,エクエスＦレギンス,Eques F Leggings
0x439890@mhfdat-jp.bin,星祭の足袋・夏【赤】,Star Festival の Tabi・Summer [Red 】
0x439894@mhfdat-jp.bin,星祭の足袋・夏【青】,Star Festival の Tabi・Summer [Blue 】
0x439898@mhfdat-jp.bin,星祭の足袋・夏【黒】,Star Festival の Tabi・Summer [Black 】
0x43989c@mhfdat-jp.bin,星祭の足袋・夏【白】,Star Festival の Tabi・Summer [White 】
0x4398a0@mhfdat-jp.bin,七夕の足袋・夏【赤】,Tanabata の Tabi・Summer [Red 】
0x4398a4@mhfdat-jp.bin,七夕の足袋・夏【青】,Tanabata の Tabi・Summer [Blue 】
0x4398a8@mhfdat-jp.bin,七夕の足袋・夏【黒】,Tanabata の Tabi・Summer [Black 】
0x4398ac@mhfdat-jp.bin,七夕の足袋・夏【白】,Tanabata の Tabi・Summer [White 】
0x4398b0@mhfdat-jp.bin,星祭の足袋・織【赤】,Star Festival の Tabi・織 [Red 】
0x4398b4@mhfdat-jp.bin,星祭の足袋・織【青】,Star Festival の Tabi・織 [Blue 】
0x4398b8@mhfdat-jp.bin,星祭の足袋・織【黒】,Star Festival の Tabi・織 [Black 】
0x4398bc@mhfdat-jp.bin,星祭の足袋・織【白】,Star Festival の Tabi・織 [White 】
0x4398c0@mhfdat-jp.bin,七夕の足袋・織【赤】,Tanabata の Tabi・織 [Red 】
0x4398c4@mhfdat-jp.bin,七夕の足袋・織【青】,Tanabata の Tabi・織 [Blue 】
0x4398c8@mhfdat-jp.bin,七夕の足袋・織【黒】,Tanabata の Tabi・織 [Black 】
0x4398cc@mhfdat-jp.bin,七夕の足袋・織【白】,Tanabata の Tabi・織 [White 】
0x4398d0@mhfdat-jp.bin,星祭の足袋・天【赤】,Star Festival の Tabi・Heaven [Red 】
0x4398d4@mhfdat-jp.bin,星祭の足袋・天【青】,Star Festival の Tabi・Heaven [Blue 】
0x4398d8@mhfdat-jp.bin,星祭の足袋・天【黒】,Star Festival の Tabi・Heaven [Black 】
0x4398dc@mhfdat-jp.bin,星祭の足袋・天【白】,Star Festival の Tabi・Heaven [White 】
0x4398e0@mhfdat-jp.bin,七夕の足袋・天【赤】,Tanabata の Tabi・Heaven [Red 】
0x4398e4@mhfdat-jp.bin,七夕の足袋・天【青】,Tanabata の Tabi・Heaven [Blue 】
0x4398e8@mhfdat-jp.bin,七夕の足袋・天【黒】,Tanabata の Tabi・Heaven [Black 】
0x4398ec@mhfdat-jp.bin,七夕の足袋・天【白】,Tanabata の Tabi・Heaven [White 】
0x4398f0@mhfdat-jp.bin,ハイメタグリーヴSP黒,High Metal Greaves SP Black
0x4398f4@mhfdat-jp.bin,ハイメタグリーヴSP青,High Metal Greaves SP Blue
0x4398f8@mhfdat-jp.bin,ハイメタグリーヴSP黄,High Metal Greaves SP Yellow
0x4398fc@mhfdat-jp.bin,Ｓ・ソルグリーヴSP赤,S・Sol Greaves SP Red
0x439900@mhfdat-jp.bin,Ｓ・ソルグリーヴSP紫,S・Sol Greaves SP Purple
0x439904@mhfdat-jp.bin,Ｓ・ソルグリーヴSP黒,S・Sol Greaves SP Black
0x439908@mhfdat-jp.bin,ガルルガレギンスSP白,Garuga Leggings SP White
0x43990c@mhfdat-jp.bin,ガルルガレギンスSP緑,Garuga Leggings SP Green
0x439910@mhfdat-jp.bin,ガルルガレギンスSP赤,Garuga Leggings SP Red
0x439914@mhfdat-jp.bin,ルーキーブーツ【白】,Rookie Boots [White 】
0x439918@mhfdat-jp.bin,ルーキーブーツ【赤】,Rookie Boots [Red 】
0x43991c@mhfdat-jp.bin,ルーキーブーツ【緑】,Rookie Boots [Green 】
0x439920@mhfdat-jp.bin,ヒプノＳグリーヴ,Hypnoc S Greaves
0x439924@mhfdat-jp.bin,ヒプノＳレギンス,Hypnoc S Leggings
0x439928@mhfdat-jp.bin,プロギアブーツ,Purogia Boots
0x43992c@mhfdat-jp.bin,オラシオンブーツ,Oracion Boots
0x439930@mhfdat-jp.bin,レクイエムブーツ,Requiem Boots
0x439934@mhfdat-jp.bin,アクラＵグリーヴ,Akura U Greaves
0x439938@mhfdat-jp.bin,アクラＵグリーヴ黄,Akura U Greaves Yellow
0x43993c@mhfdat-jp.bin,アクラＵグリーヴ蒼,Akura U Greaves Green
0x439940@mhfdat-jp.bin,アクラＵグリーヴ紅,Akura U Greaves Crimson
0x439944@mhfdat-jp.bin,アクラＵレギンス,Akura U Leggings
0x439948@mhfdat-jp.bin,アクラＵレギンス黄,Akura U Leggings Yellow
0x43994c@mhfdat-jp.bin,アクラＵレギンス蒼,Akura U Leggings Green
0x439950@mhfdat-jp.bin,アクラＵレギンス紅,Akura U Leggings Crimson
0x439954@mhfdat-jp.bin,メラングリーヴ,Melan Greaves
0x439958@mhfdat-jp.bin,メランレギンス,Melan Leggings
0x43995c@mhfdat-jp.bin,ルージュグリーヴ,Rouge Greaves
0x439960@mhfdat-jp.bin,マギサフット・赤,Magisa Feet・Red
0x439964@mhfdat-jp.bin,マギサフット・黒,Magisa Feet・Black
0x439968@mhfdat-jp.bin,マギサフット・緑,Magisa Feet・Green
0x43996c@mhfdat-jp.bin,マギサフット・白,Magisa Feet・White
0x439970@mhfdat-jp.bin,マギサフット・青,Magisa Feet・Blue
0x439974@mhfdat-jp.bin,ウィザーブーツ・赤,Wizard Boots・Red
0x439978@mhfdat-jp.bin,ウィザーブーツ・黒,Wizard Boots・Black
0x43997c@mhfdat-jp.bin,ウィザーブーツ・緑,Wizard Boots・Green
0x439980@mhfdat-jp.bin,ウィザーブーツ・白,Wizard Boots・White
0x439984@mhfdat-jp.bin,ウィザーブーツ・青,Wizard Boots・Blue
0x439988@mhfdat-jp.bin,マギサＦフット・赤,Magisa F Feet・Red
0x43998c@mhfdat-jp.bin,マギサＦフット・黒,Magisa F Feet・Black
0x439990@mhfdat-jp.bin,マギサＦフット・緑,Magisa F Feet・Green
0x439994@mhfdat-jp.bin,マギサＦフット・白,Magisa F Feet・White
0x439998@mhfdat-jp.bin,マギサＦフット・青,Magisa F Feet・Blue
0x43999c@mhfdat-jp.bin,ウィザーＦブーツ・赤,Wizard F Boots・Red
0x4399a0@mhfdat-jp.bin,ウィザーＦブーツ・黒,Wizard F Boots・Black
0x4399a4@mhfdat-jp.bin,ウィザーＦブーツ・緑,Wizard F Boots・Green
0x4399a8@mhfdat-jp.bin,ウィザーＦブーツ・白,Wizard F Boots・White
0x4399ac@mhfdat-jp.bin,ウィザーＦブーツ・青,Wizard F Boots・Blue
0x4399b0@mhfdat-jp.bin,クロウリーフット・赤,Crowley Feet・Red
0x4399b4@mhfdat-jp.bin,クロウリーフット・黒,Crowley Feet・Black
0x4399b8@mhfdat-jp.bin,クロウリーフット・緑,Crowley Feet・Green
0x4399bc@mhfdat-jp.bin,クロウリーフット・白,Crowley Feet・White
0x4399c0@mhfdat-jp.bin,クロウリーフット・青,Crowley Feet・Blue
0x4399c4@mhfdat-jp.bin,ファウストブーツ・赤,Faust Boots・Red
0x4399c8@mhfdat-jp.bin,ファウストブーツ・黒,Faust Boots・Black
0x4399cc@mhfdat-jp.bin,ファウストブーツ・緑,Faust Boots・Green
0x4399d0@mhfdat-jp.bin,ファウストブーツ・白,Faust Boots・White
0x4399d4@mhfdat-jp.bin,ファウストブーツ・青,Faust Boots・Blue
0x4399d8@mhfdat-jp.bin,クシャナペイルSP赤,Kushala ペイル SP Red
0x4399dc@mhfdat-jp.bin,クシャナペイルSP黄,Kushala ペイル SP Yellow
0x4399e0@mhfdat-jp.bin,クシャナペイルSP緑,Kushala ペイル SP Green
0x4399e4@mhfdat-jp.bin,クシャナハディSP赤,Kushala ハディ SP Red
0x4399e8@mhfdat-jp.bin,クシャナハディSP黄,Kushala ハディ SP Yellow
0x4399ec@mhfdat-jp.bin,クシャナハディSP緑,Kushala ハディ SP Green
0x4399f0@mhfdat-jp.bin,キリンレガースSP赤,Kirin レガース SP Red
0x4399f4@mhfdat-jp.bin,キリンレガースSP紫,Kirin レガース SP Purple
0x4399f8@mhfdat-jp.bin,キリンレガースSP黒,Kirin レガース SP Black
0x4399fc@mhfdat-jp.bin,キリンブーツSP赤,Kirin Boots SP Red
0x439a00@mhfdat-jp.bin,キリンブーツSP紫,Kirin Boots SP Purple
0x439a04@mhfdat-jp.bin,キリンブーツSP黒,Kirin Boots SP Black
0x439a08@mhfdat-jp.bin,ストレガグリーヴ,Strega Greaves
0x439a0c@mhfdat-jp.bin,ストレガレギンス,Strega Leggings
0x439a10@mhfdat-jp.bin,ストレガグリーヴ改,Strega Greaves 改
0x439a14@mhfdat-jp.bin,ストレガレギンス改,Strega Leggings 改
0x439a18@mhfdat-jp.bin,ストレガＦグリーヴ,Strega F Greaves
0x439a1c@mhfdat-jp.bin,ストレガＦレギンス,Strega F Leggings
0x439a20@mhfdat-jp.bin,フルフルＬグリーヴ,Khezu L Greaves
0x439a24@mhfdat-jp.bin,ガレオスＬグリーヴ,Cepha L Greaves
0x439a28@mhfdat-jp.bin,ギザミＬグリーヴ,Ceanataur L Greaves
0x439a2c@mhfdat-jp.bin,レウスＬグリーヴ,Rathalos L Greaves
0x439a30@mhfdat-jp.bin,マフモフＬブーツ,Mafumofu L Boots
0x439a34@mhfdat-jp.bin,あかねこ服ブーツ,Red Cat Boots
0x439a38@mhfdat-jp.bin,アミティエフット,Amitie Feet
0x439a3c@mhfdat-jp.bin,アミティエブーツ,Amitie Boots
0x439a40@mhfdat-jp.bin,バサルＬレギンス,Basarios L Leggings
0x439a44@mhfdat-jp.bin,ゲリョスＬレギンス,Gypceros L Leggings
0x439a48@mhfdat-jp.bin,ガーディアンＲブーツ,Guardian R Boots
0x439a4c@mhfdat-jp.bin,ヒーラーＲソックス,Healer R Socks
0x439a50@mhfdat-jp.bin,ハンターＲグリーヴ,Hunter's R Greaves
0x439a54@mhfdat-jp.bin,リオハートＲグリーヴ,Rath Heart R Greaves
0x439a58@mhfdat-jp.bin,ザザミＲグリーヴ,Hermitaur R Greaves
0x439a5c@mhfdat-jp.bin,アミティエＦフット,Amitie F Feet
0x439a60@mhfdat-jp.bin,アミティエＦブーツ,Amitie F Boots
0x439a64@mhfdat-jp.bin,キューラーＦレッグ,Kyuura F Leg
0x439a68@mhfdat-jp.bin,ガーディアンＲガンバ,Guardian R Crura
0x439a6c@mhfdat-jp.bin,ヒーラーＲブーツ,Healer R Boots
0x439a70@mhfdat-jp.bin,クアッドグリーヴＣ,Quad Greaves C
0x439a74@mhfdat-jp.bin,クアッドグリーヴ,Quad Greaves
0x439a78@mhfdat-jp.bin,ベルグリーヴ,Beru Greaves
0x439a7c@mhfdat-jp.bin,ベルレギンス,Beru Leggings
0x439a80@mhfdat-jp.bin,ベルＦグリーヴ,Beru F Greaves
0x439a84@mhfdat-jp.bin,ベルＦレギンス,Beru F Leggings
0x439a88@mhfdat-jp.bin,リアンフット・青,Lien Feet・Blue
0x439a8c@mhfdat-jp.bin,リアンブーツ・青,リ Anbu ーツ・Blue
0x439a90@mhfdat-jp.bin,リアンフット・赤,Lien Feet・Red
0x439a94@mhfdat-jp.bin,リアンブーツ・赤,リ Anbu ーツ・Red
0x439a98@mhfdat-jp.bin,リアンフット・黒,Lien Feet・Black
0x439a9c@mhfdat-jp.bin,リアンブーツ・黒,リ Anbu ーツ・Black
0x439aa0@mhfdat-jp.bin,リアンフット・白,Lien Feet・White
0x439aa4@mhfdat-jp.bin,リアンブーツ・白,リ Anbu ーツ・White
0x439aa8@mhfdat-jp.bin,リアンＦフット・青,Lien F Feet・Blue
0x439aac@mhfdat-jp.bin,リアンＦブーツ・青,Lien F Boots・Blue
0x439ab0@mhfdat-jp.bin,リアンＦフット・赤,Lien F Feet・Red
0x439ab4@mhfdat-jp.bin,リアンＦブーツ・赤,Lien F Boots・Red
0x439ab8@mhfdat-jp.bin,リアンＦフット・黒,Lien F Feet・Black
0x439abc@mhfdat-jp.bin,リアンＦブーツ・黒,Lien F Boots・Black
0x439ac0@mhfdat-jp.bin,リアンＦフット・白,Lien F Feet・White
0x439ac4@mhfdat-jp.bin,リアンＦブーツ・白,Lien F Boots・White
0x439ac8@mhfdat-jp.bin,カイザーグリーヴSP白,Kaiser Greaves SP White
0x439acc@mhfdat-jp.bin,カイザーグリーヴSP黒,Kaiser Greaves SP Black
0x439ad0@mhfdat-jp.bin,カイザーグリーヴSP緑,Kaiser Greaves SP Green
0x439ad4@mhfdat-jp.bin,カイザーレギンスSP白,Kaiser Leggings SP White
0x439ad8@mhfdat-jp.bin,カイザーレギンスSP黒,Kaiser Leggings SP Black
0x439adc@mhfdat-jp.bin,カイザーレギンスSP緑,Kaiser Leggings SP Green
0x439ae0@mhfdat-jp.bin,ザザミグリーヴSP青,Hermitaur Greaves SP Blue
0x439ae4@mhfdat-jp.bin,ザザミグリーヴSP白,Hermitaur Greaves SP White
0x439ae8@mhfdat-jp.bin,ザザミグリーヴSP紫,Hermitaur Greaves SP Purple
0x439aec@mhfdat-jp.bin,クックＬグリーヴ,Kut-Ku L Greaves
0x439af0@mhfdat-jp.bin,ゲリョスＬグリーヴ,Gypceros L Greaves
0x439af4@mhfdat-jp.bin,イーオスＬグリーヴ,Io L Greaves
0x439af8@mhfdat-jp.bin,レイアＬグリーヴ,Rathian L Greaves
0x439afc@mhfdat-jp.bin,バサルＬグリーヴ,Basarios L Greaves
0x439b00@mhfdat-jp.bin,レウスＬレギンス,Rathalos L Leggings
0x439b04@mhfdat-jp.bin,モノブロスＬレギンス,Monoblos L Leggings
0x439b08@mhfdat-jp.bin,メルホアＲライース,Melahoa R Roots
0x439b0c@mhfdat-jp.bin,ハイメタＲグリーヴ,High Metal R Greaves
0x439b10@mhfdat-jp.bin,ディアブロＲグリーヴ,Diablos R Greaves
0x439b14@mhfdat-jp.bin,ブランゴＲグリーヴ,Blango R Greaves
0x439b18@mhfdat-jp.bin,ラヴァＲグリーヴ,Lavasioth R Greaves
0x439b1c@mhfdat-jp.bin,ギアノスＲレギンス,Gia R Leggings
0x439b20@mhfdat-jp.bin,バトルＲレギンス,Battle R Leggings
0x439b24@mhfdat-jp.bin,ヒプノルータレッグ,Hypnoc ルータ Leg
0x439b28@mhfdat-jp.bin,ヒプノルータブーツ,Hypnoc ルータ Boots
0x439b2c@mhfdat-jp.bin,ガルーダレッグ,Garuda Leg
0x439b30@mhfdat-jp.bin,ガルーダブーツ,Garuda Boots
0x439b34@mhfdat-jp.bin,エクストラＦレッグ,Extra F Leg
0x439b38@mhfdat-jp.bin,パピメルＬガンバ,Butterfly L Crura
0x439b3c@mhfdat-jp.bin,ヒプノＲグリーヴ,Hypnoc R Greaves
0x439b40@mhfdat-jp.bin,ディジギアブーツ,ディジ Gear Boots
0x439b44@mhfdat-jp.bin,プリエールブーツ,Priere Boots
0x439b48@mhfdat-jp.bin,サルバシオンブーツ,Salvacion Boots
0x439b4c@mhfdat-jp.bin,シカリの具足,Shikari の Greaves
0x439b50@mhfdat-jp.bin,シカリの具足・魁,Shikari の Greaves・魁
0x439b54@mhfdat-jp.bin,Ｇ・ガードＲブーツ蒼,G・Guard R Boots Green
0x439b58@mhfdat-jp.bin,アルマフット・黒,Arma Feet・Black
0x439b5c@mhfdat-jp.bin,アルマブーツ・黒,Arma Boots・Black
0x439b60@mhfdat-jp.bin,アルマフット・白,Arma Feet・White
0x439b64@mhfdat-jp.bin,アルマブーツ・白,Arma Boots・White
0x439b68@mhfdat-jp.bin,アルマフット・青,Arma Feet・Blue
0x439b6c@mhfdat-jp.bin,アルマブーツ・青,Arma Boots・Blue
0x439b70@mhfdat-jp.bin,アルマフット・茶,Arma Feet・Tea
0x439b74@mhfdat-jp.bin,アルマブーツ・茶,Arma Boots・Tea
0x439b78@mhfdat-jp.bin,オルデンフット,Orden Feet
0x439b7c@mhfdat-jp.bin,オルデンブーツ,Orden Boots
0x439b80@mhfdat-jp.bin,アルマＦフット・黒,Arma F Feet・Black
0x439b84@mhfdat-jp.bin,アルマＦブーツ・黒,Arma F Boots・Black
0x439b88@mhfdat-jp.bin,アルマＦフット・白,Arma F Feet・White
0x439b8c@mhfdat-jp.bin,アルマＦブーツ・白,Arma F Boots・White
0x439b90@mhfdat-jp.bin,アルマＦフット・青,Arma F Feet・Blue
0x439b94@mhfdat-jp.bin,アルマＦブーツ・青,Arma F Boots・Blue
0x439b98@mhfdat-jp.bin,アルマＦフット・茶,Arma F Feet・Tea
0x439b9c@mhfdat-jp.bin,アルマＦブーツ・茶,Arma F Boots・Tea
0x439ba0@mhfdat-jp.bin,オルデンＦフット,Orden F Feet
0x439ba4@mhfdat-jp.bin,オルデンＦブーツ,Orden F Boots
0x439ba8@mhfdat-jp.bin,エス・クェラレッグ,Es Quera Leg
0x439bac@mhfdat-jp.bin,エス・クェラブーツ,Es Quera Boots
0x439bb0@mhfdat-jp.bin,パンデウムレッグ,Pandeum Leg
0x439bb4@mhfdat-jp.bin,パンデウムブーツ,Pandeum Boots
0x439bb8@mhfdat-jp.bin,コムラダブーツSP白,Comrade Boots SP White
0x439bbc@mhfdat-jp.bin,コムラダブーツSP青,Comrade Boots SP Blue
0x439bc0@mhfdat-jp.bin,コムラダブーツSP黒,Comrade Boots SP Black
0x439bc4@mhfdat-jp.bin,しろねこ服Ｆブーツ,White Cat F Boots
0x439bc8@mhfdat-jp.bin,デスギアＬフェルゼ,Death Stench L Heel
0x439bcc@mhfdat-jp.bin,クロオビＬグリーヴ,Black Belt L Greaves
0x439bd0@mhfdat-jp.bin,バトルＬグリーヴ,Battle L Greaves
0x439bd4@mhfdat-jp.bin,レックスＬグリーヴ,Tigrex L Greaves
0x439bd8@mhfdat-jp.bin,フルフルＲグリーヴ,Khezu R Greaves
0x439bdc@mhfdat-jp.bin,リオソウルＲグリーヴ,Rath Soul R Greaves
0x439be0@mhfdat-jp.bin,ギアノスＲグリーヴ,Gia R Greaves
0x439be4@mhfdat-jp.bin,Ｇ・ガードＲブーツ蒼,G・Guard R Boots Green
0x439be8@mhfdat-jp.bin,フルフルＬレギンス,Khezu L Leggings
0x439bec@mhfdat-jp.bin,イーオスＲレギンス,Io R Leggings
0x439bf0@mhfdat-jp.bin,コムラダブーツSP黄,Comrade Boots SP Yellow
0x439bf4@mhfdat-jp.bin,プロクスグリーヴ,Purokusu Greaves
0x439bf8@mhfdat-jp.bin,プロクスＦグリーヴ,Purokusu F Greaves
0x439bfc@mhfdat-jp.bin,クレネスグリーヴ,Kurenesu Greaves
0x439c00@mhfdat-jp.bin,クレネスＦグリーヴ,Kurenesu F Greaves
0x439c04@mhfdat-jp.bin,スィーニグリーヴ,Suini Greaves
0x439c08@mhfdat-jp.bin,スィーニＦグリーヴ,Suini F Greaves
0x439c0c@mhfdat-jp.bin,グラースブーツ,Guraasu Boots
0x439c10@mhfdat-jp.bin,グラースＦブーツ,Guraasu F Boots
0x439c14@mhfdat-jp.bin,フォルトゥグリーヴ,Forutu Greaves
0x439c18@mhfdat-jp.bin,フォルトゥＦグリーヴ,Forutu F Greaves
0x439c1c@mhfdat-jp.bin,ファキルグリーヴ,Fakiru Greaves
0x439c20@mhfdat-jp.bin,ファキルＦグリーヴ,Fakiru F Greaves
0x439c24@mhfdat-jp.bin,バラバングリーヴ,Baraban Greaves
0x439c28@mhfdat-jp.bin,バラバンＦグリーヴ,Baraban F Greaves
0x439c2c@mhfdat-jp.bin,スフェラブーツ,Sufera Boots
0x439c30@mhfdat-jp.bin,スフェラＦブーツ,Sufera F Boots
0x439c34@mhfdat-jp.bin,パリアグリーヴ,Pariapuria Greaves
0x439c38@mhfdat-jp.bin,パリアＦグリーヴ,Pariapuria F Greaves
0x439c3c@mhfdat-jp.bin,パリアレギンス,Pariapuria Leggings
0x439c40@mhfdat-jp.bin,パリアＦレギンス,Pariapuria F Leggings
0x439c44@mhfdat-jp.bin,ヒプノリアレッグ,Hypnolia Leg
0x439c48@mhfdat-jp.bin,ヒプノリアブーツ,Hypnolia Boots
0x439c4c@mhfdat-jp.bin,フィアラルレッグ,Feral Leg
0x439c50@mhfdat-jp.bin,フィアラルブーツ,Feral Boots
0x439c54@mhfdat-jp.bin,鬼神ノ足枷,Demon Lord ノ足枷
0x439c58@mhfdat-jp.bin,ラスタ教官脚,Rasta 教官 Foot
0x439c5c@mhfdat-jp.bin,童子ノ足枷,童子ノ足枷
0x439c60@mhfdat-jp.bin,ダミー,ダミー
0x439c64@mhfdat-jp.bin,イクスフット・白,Ex Feet・White
0x439c68@mhfdat-jp.bin,イクスＦフット・白,Ex F Feet・White
0x439c6c@mhfdat-jp.bin,イクスブーツ・白,Ex Boots・White
0x439c70@mhfdat-jp.bin,イクスＦブーツ・白,Ex F Boots・White
0x439c74@mhfdat-jp.bin,イクスフット・赤,Ex Feet・Red
0x439c78@mhfdat-jp.bin,イクスＦフット・赤,Ex F Feet・Red
0x439c7c@mhfdat-jp.bin,イクスブーツ・赤,Ex Boots・Red
0x439c80@mhfdat-jp.bin,イクスＦブーツ・赤,Ex F Boots・Red
0x439c84@mhfdat-jp.bin,イクスフット・青,Ex Feet・Blue
0x439c88@mhfdat-jp.bin,イクスＦフット・青,Ex F Feet・Blue
0x439c8c@mhfdat-jp.bin,イクスブーツ・青,Ex Boots・Blue
0x439c90@mhfdat-jp.bin,イクスＦブーツ・青,Ex F Boots・Blue
0x439c94@mhfdat-jp.bin,イクスフット・黒,Ex Feet・Black
0x439c98@mhfdat-jp.bin,イクスＦフット・黒,Ex F Feet・Black
0x439c9c@mhfdat-jp.bin,イクスブーツ・黒,Ex Boots・Black
0x439ca0@mhfdat-jp.bin,イクスＦブーツ・黒,Ex F Boots・Black
0x439ca4@mhfdat-jp.bin,トランスフット,Trance Feet
0x439ca8@mhfdat-jp.bin,トランスＦフット,Trance F Feet
0x439cac@mhfdat-jp.bin,トランスブーツ,Trance Boots
0x439cb0@mhfdat-jp.bin,トランスＦブーツ,Trance F Boots
0x439cb4@mhfdat-jp.bin,ミヅハ【具足】SP青,Mizuha [Greaves] SP Blue
0x439cb8@mhfdat-jp.bin,ミヅハ【具足】SP赤,Mizuha [Greaves] SP Red
0x439cbc@mhfdat-jp.bin,ミヅハ【具足】SP黄,Mizuha [Greaves] SP Yellow
0x439cc0@mhfdat-jp.bin,トヨタマ【具足】SP青,Toyotama [Greaves] SP Blue
0x439cc4@mhfdat-jp.bin,トヨタマ【具足】SP赤,Toyotama [Greaves] SP Red
0x439cc8@mhfdat-jp.bin,トヨタマ【具足】SP黄,Toyotama [Greaves] SP Yellow
0x439ccc@mhfdat-jp.bin,暁丸【具足】SP赤,暁丸 [Greaves] SP Red
0x439cd0@mhfdat-jp.bin,暁丸【具足】SP紫,暁丸 [Greaves] SP Purple
0x439cd4@mhfdat-jp.bin,暁丸【具足】SP白,暁丸 [Greaves] SP White
0x439cd8@mhfdat-jp.bin,凛【袴】SP黒,凛 [Hakama] SP Black
0x439cdc@mhfdat-jp.bin,凛【袴】SP紫,凛 [Hakama] SP Purple
0x439ce0@mhfdat-jp.bin,凛【袴】SP白,凛 [Hakama] SP White
0x439ce4@mhfdat-jp.bin,ハンターＬグリーヴ,Hunter's L Greaves
0x439ce8@mhfdat-jp.bin,キリンＬレガース,Kirin Lレガース
0x439cec@mhfdat-jp.bin,モノブロスＬグリーヴ,Monoblos L Greaves
0x439cf0@mhfdat-jp.bin,ディアブロＬグリーヴ,Diablos L Greaves
0x439cf4@mhfdat-jp.bin,グラビドＬグリーヴ,Gravios L Greaves
0x439cf8@mhfdat-jp.bin,ランゴＬグリーヴ,Vespoid L Greaves
0x439cfc@mhfdat-jp.bin,バサルＲグリーヴ,Basarios R Greaves
0x439d00@mhfdat-jp.bin,Ｇ・ガードＲタイツ蒼,G・Guard Rタイツ Green
0x439d04@mhfdat-jp.bin,Ｇ・ガードＲタイツ蒼,G・Guard Rタイツ Green
0x439d08@mhfdat-jp.bin,モノデビルＲグリーヴ,Monodevil R Greaves
0x439d0c@mhfdat-jp.bin,タロスＲグリーヴ,Hornetaur R Greaves
0x439d10@mhfdat-jp.bin,ギザミＲグリーヴ,Ceanataur R Greaves
0x439d14@mhfdat-jp.bin,ブランゴＬレギンス,Blango L Leggings
0x439d18@mhfdat-jp.bin,ガノスＬレギンス,Plesioth L Leggings
0x439d1c@mhfdat-jp.bin,フルフルＲレギンス,Khezu R Leggings
0x439d20@mhfdat-jp.bin,グラビドＲレギンス,Gravios R Leggings
0x439d24@mhfdat-jp.bin,ヴァイスフェルゼ,Weiss Heel
0x439d28@mhfdat-jp.bin,ヴァイスアヴィレ,Weiss March
0x439d2c@mhfdat-jp.bin,エスピナＲフェルゼ,Espinas R Heel
0x439d30@mhfdat-jp.bin,レックスＬレギンス,Tigrex L Leggings
0x439d34@mhfdat-jp.bin,ガンズレッグ,Guns Leg
0x439d38@mhfdat-jp.bin,ワイルドレッグ,Wild Leg
0x439d3c@mhfdat-jp.bin,ガンズブーツ,Guns Boots
0x439d40@mhfdat-jp.bin,ワイルドブーツ,Wild Boots
0x439d44@mhfdat-jp.bin,エコールレッグ,Ecole Leg
0x439d48@mhfdat-jp.bin,ディアンレッグ,Dian Leg
0x439d4c@mhfdat-jp.bin,エコールブーツ,Ecole Boots
0x439d50@mhfdat-jp.bin,ディアンブーツ,Dian Boots
0x439d54@mhfdat-jp.bin,ＣｏｒｅグリーヴＣ,Core Greaves C
0x439d58@mhfdat-jp.bin,ＣｏｒｅレギンスＣ,Core Leggings C
0x439d5c@mhfdat-jp.bin,Ｃｏｒｅグリーヴ,Core Greaves
0x439d60@mhfdat-jp.bin,Ｃｏｒｅレギンス,Core Leggings
0x439d64@mhfdat-jp.bin,アネシスグリーヴ,Aneshisu Greaves
0x439d68@mhfdat-jp.bin,アネシスレギンス,Aneshisu Leggings
0x439d6c@mhfdat-jp.bin,クラージグリーヴ,Kuraaji Greaves
0x439d70@mhfdat-jp.bin,クラージグリーヴ改,Kuraaji Greaves 改
0x439d74@mhfdat-jp.bin,クラージＦグリーヴ,Kuraaji F Greaves
0x439d78@mhfdat-jp.bin,クラージレギンス,Kuraaji Leggings
0x439d7c@mhfdat-jp.bin,クラージレギンス改,Kuraaji Leggings 改
0x439d80@mhfdat-jp.bin,クラージＦレギンス,Kuraaji F Leggings
0x439d84@mhfdat-jp.bin,キノスグリーヴ,Kinosu Greaves
0x439d88@mhfdat-jp.bin,ヒメロスグリーヴ,Himeros Greaves
0x439d8c@mhfdat-jp.bin,ブレシスグリーヴ,Bureshisu Greaves
0x439d90@mhfdat-jp.bin,カリエンレギンス,Charien Leggings
0x439d94@mhfdat-jp.bin,アリエッタレッグ,Arietta Leg
0x439d98@mhfdat-jp.bin,テンペストレッグ,Tempest Leg
0x439d9c@mhfdat-jp.bin,ヴェントブーツ,Vento Boots
0x439da0@mhfdat-jp.bin,ミストラルブーツ,Mistral Boots
0x439da4@mhfdat-jp.bin,アークグリーヴ,Arc Greaves
0x439da8@mhfdat-jp.bin,アークレギンス,Arc Leggings
0x439dac@mhfdat-jp.bin,リオデュオグリーヴ,Rath Duo Greaves
0x439db0@mhfdat-jp.bin,リオデュオレギンス,Rath Duo Leggings
0x439db4@mhfdat-jp.bin,シャランフット・青,Shaln Feet・Blue
0x439db8@mhfdat-jp.bin,シャランＦフット・青,Shaln F Feet・Blue
0x439dbc@mhfdat-jp.bin,シャランブーツ・青,Shaln Boots・Blue
0x439dc0@mhfdat-jp.bin,シャランＦブーツ・青,Shaln F Boots・Blue
0x439dc4@mhfdat-jp.bin,シャランフット・緑,Shaln Feet・Green
0x439dc8@mhfdat-jp.bin,シャランＦフット・緑,Shaln F Feet・Green
0x439dcc@mhfdat-jp.bin,シャランブーツ・緑,Shaln Boots・Green
0x439dd0@mhfdat-jp.bin,シャランＦブーツ・緑,Shaln F Boots・Green
0x439dd4@mhfdat-jp.bin,シャランフット・紫,Shaln Feet・Purple
0x439dd8@mhfdat-jp.bin,シャランＦフット・紫,Shaln F Feet・Purple
0x439ddc@mhfdat-jp.bin,シャランブーツ・紫,Shaln Boots・Purple
0x439de0@mhfdat-jp.bin,シャランＦブーツ・紫,Shaln F Boots・Purple
0x439de4@mhfdat-jp.bin,シャランフット・白,Shaln Feet・White
0x439de8@mhfdat-jp.bin,シャランＦフット・白,Shaln F Feet・White
0x439dec@mhfdat-jp.bin,シャランブーツ・白,Shaln Boots・White
0x439df0@mhfdat-jp.bin,シャランＦブーツ・白,Shaln F Boots・White
0x439df4@mhfdat-jp.bin,ルクスフット,ルクス Feet
0x439df8@mhfdat-jp.bin,ルクスＦフット,ルクスF Feet
0x439dfc@mhfdat-jp.bin,ルクスブーツ,ルクス Boots
0x439e00@mhfdat-jp.bin,ルクスＦブーツ,ルクスF Boots
0x439e04@mhfdat-jp.bin,レアルフット・白,Real Feet・White
0x439e08@mhfdat-jp.bin,レアルＦフット・白,Real F Feet・White
0x439e0c@mhfdat-jp.bin,レアルブーツ・白,Real Boots・White
0x439e10@mhfdat-jp.bin,レアルＦブーツ・白,Real F Boots・White
0x439e14@mhfdat-jp.bin,レアルフット・金,Real Feet・Gold
0x439e18@mhfdat-jp.bin,レアルＦフット・金,Real F Feet・Gold
0x439e1c@mhfdat-jp.bin,レアルブーツ・金,Real Boots・Gold
0x439e20@mhfdat-jp.bin,レアルＦブーツ・金,Real F Boots・Gold
0x439e24@mhfdat-jp.bin,レアルフット・青,Real Feet・Blue
0x439e28@mhfdat-jp.bin,レアルＦフット・青,Real F Feet・Blue
0x439e2c@mhfdat-jp.bin,レアルブーツ・青,Real Boots・Blue
0x439e30@mhfdat-jp.bin,レアルＦブーツ・青,Real F Boots・Blue
0x439e34@mhfdat-jp.bin,レアルフット・赤,Real Feet・Red
0x439e38@mhfdat-jp.bin,レアルＦフット・赤,Real F Feet・Red
0x439e3c@mhfdat-jp.bin,レアルブーツ・赤,Real Boots・Red
0x439e40@mhfdat-jp.bin,レアルＦブーツ・赤,Real F Boots・Red
0x439e44@mhfdat-jp.bin,レギスフット,Regis Feet
0x439e48@mhfdat-jp.bin,レギスＦフット,Regis F Feet
0x439e4c@mhfdat-jp.bin,レギスブーツ,Regis Boots
0x439e50@mhfdat-jp.bin,レギスＦブーツ,Regis F Boots
0x439e54@mhfdat-jp.bin,コムラドブーツ【葉】,Comrade Boots 【葉】
0x439e58@mhfdat-jp.bin,コムラドブーツ【柑】,Comrade Boots 【柑】
0x439e5c@mhfdat-jp.bin,コムラドブーツ【冷】,Comrade Boots 【冷】
0x439e60@mhfdat-jp.bin,ギザミレギンスSP赤,Ceanataur Leggings SP Red
0x439e64@mhfdat-jp.bin,ギザミレギンスSP黒,Ceanataur Leggings SP Black
0x439e68@mhfdat-jp.bin,ギザミレギンスSP黄,Ceanataur Leggings SP Yellow
0x439e6c@mhfdat-jp.bin,ガブラスフットSP白,Remobra Feet SP White
0x439e70@mhfdat-jp.bin,ガブラスフットSP黄,Remobra Feet SP Yellow
0x439e74@mhfdat-jp.bin,ガブラスフットSP黒,Remobra Feet SP Black
0x439e78@mhfdat-jp.bin,Ｇ・ナイトタイツSP赤,G・Knight タイツ SP Red
0x439e7c@mhfdat-jp.bin,Ｇ・ナイトタイツSP青,G・Knight タイツ SP Blue
0x439e80@mhfdat-jp.bin,Ｇ・ナイトタイツSP紫,G・Knight タイツ SP Purple
0x439e84@mhfdat-jp.bin,ＰＶタイツSP赤,PVタイツ SP Red
0x439e88@mhfdat-jp.bin,ＰＶタイツSP青,PVタイツ SP Blue
0x439e8c@mhfdat-jp.bin,ＰＶタイツSP紫,PVタイツ SP Purple
0x439e90@mhfdat-jp.bin,ザザミＬグリーヴ,Hermitaur L Greaves
0x439e94@mhfdat-jp.bin,ハイメタＬグリーヴ,High Metal L Greaves
0x439e98@mhfdat-jp.bin,ラヴァＬグリーヴ,Lavasioth L Greaves
0x439e9c@mhfdat-jp.bin,ボーンＬグリーヴ,Bone L Greaves
0x439ea0@mhfdat-jp.bin,タロスＬグリーヴ,Hornetaur L Greaves
0x439ea4@mhfdat-jp.bin,Ｇ・ガードＲブーツ紅,G・Guard R Boots Crimson
0x439ea8@mhfdat-jp.bin,Ｇ・ガードＲブーツ紅,G・Guard R Boots Crimson
0x439eac@mhfdat-jp.bin,ヘルパーＲソックス,Helper R Socks
0x439eb0@mhfdat-jp.bin,バトルＲグリーヴ,Battle R Greaves
0x439eb4@mhfdat-jp.bin,ガレオスＲグリーヴ,Cepha R Greaves
0x439eb8@mhfdat-jp.bin,ボーンＲグリーヴ,Bone R Greaves
0x439ebc@mhfdat-jp.bin,イーオスＬレギンス,Io L Leggings
0x439ec0@mhfdat-jp.bin,ギザミＬレギンス,Ceanataur L Leggings
0x439ec4@mhfdat-jp.bin,リオハートＲレギンス,Rath Heart R Leggings
0x439ec8@mhfdat-jp.bin,ボーンＲレギンス,Bone R Leggings
0x439ecc@mhfdat-jp.bin,ブラングリーヴ,Buran Greaves
0x439ed0@mhfdat-jp.bin,シロオビグリーヴ,White Belt Greaves
0x439ed4@mhfdat-jp.bin,神楽【袴】,Kagura [Hakama 】
0x439ed8@mhfdat-jp.bin,神楽・覇【袴】,Kagura・覇 [Hakama 】
0x439edc@mhfdat-jp.bin,神座【袴】,Kamiza [Hakama 】
0x439ee0@mhfdat-jp.bin,神座・覇【袴】,Kamiza・覇 [Hakama 】
0x439ee4@mhfdat-jp.bin,アスハルテフット,アスハルテ Feet
0x439ee8@mhfdat-jp.bin,アスハルテブーツ,アスハルテ Boots
0x439eec@mhfdat-jp.bin,ロークグリーヴ,ローク Greaves
0x439ef0@mhfdat-jp.bin,ロークレギンス,ローク Leggings
0x439ef4@mhfdat-jp.bin,ソルダートフット,Soldato Feet
0x439ef8@mhfdat-jp.bin,ゲイブルフット,Gable Feet
0x439efc@mhfdat-jp.bin,ソルダートブーツ,Soldato Boots
0x439f00@mhfdat-jp.bin,ゲイブルブーツ,Gable Boots
0x439f04@mhfdat-jp.bin,ウィダフット,Uida Feet
0x439f08@mhfdat-jp.bin,スティーダフット,スティーダ Feet
0x439f0c@mhfdat-jp.bin,ウィダブーツ,Uida Boots
0x439f10@mhfdat-jp.bin,スティーダブーツ,スティーダ Boots
0x439f14@mhfdat-jp.bin,アグリアレッグ,Agria Leg
0x439f18@mhfdat-jp.bin,フラウアレッグ,Flower Leg
0x439f1c@mhfdat-jp.bin,アグリアブーツ,Agria Boots
0x439f20@mhfdat-jp.bin,フラウアブーツ,Flower Boots
0x439f24@mhfdat-jp.bin,フォーヴレッグ,Fauve Leg
0x439f28@mhfdat-jp.bin,フィアスレッグ,Fias Leg
0x439f2c@mhfdat-jp.bin,フォーヴブーツ,Fauve Boots
0x439f30@mhfdat-jp.bin,フィアスブーツ,Fias Boots
0x439f34@mhfdat-jp.bin,フィデルグリーヴ,フィデル Greaves
0x439f38@mhfdat-jp.bin,フィデルＦグリーヴ,フィデルF Greaves
0x439f3c@mhfdat-jp.bin,ファクトグリーヴ,ファクト Greaves
0x439f40@mhfdat-jp.bin,ファクトＦグリーヴ,ファクトF Greaves
0x439f44@mhfdat-jp.bin,シュロスグリーヴ,シュロス Greaves
0x439f48@mhfdat-jp.bin,シュロスＦグリーヴ,シュロスF Greaves
0x439f4c@mhfdat-jp.bin,アエトスブーツ,アエトス Boots
0x439f50@mhfdat-jp.bin,アエトスＦブーツ,アエトスF Boots
0x439f54@mhfdat-jp.bin,ヴェルスグリーヴ,ヴェルス Greaves
0x439f58@mhfdat-jp.bin,ヴェルスＦグリーヴ,ヴェルスF Greaves
0x439f5c@mhfdat-jp.bin,フラントグリーヴ,Franc ト Greaves
0x439f60@mhfdat-jp.bin,フラントＦグリーヴ,Franc トF Greaves
0x439f64@mhfdat-jp.bin,セリューグリーヴ,Serieux Greaves
0x439f68@mhfdat-jp.bin,セリューＦグリーヴ,Serieux F Greaves
0x439f6c@mhfdat-jp.bin,ウェネスブーツ,ウェネス Boots
0x439f70@mhfdat-jp.bin,ウェネスＦブーツ,ウェネスF Boots
0x439f74@mhfdat-jp.bin,フェルムフット・黒,Ferme Feet・Black
0x439f78@mhfdat-jp.bin,フェルムＦフット・黒,Ferme F Feet・Black
0x439f7c@mhfdat-jp.bin,フェルムブーツ・黒,Ferme Boots・Black
0x439f80@mhfdat-jp.bin,フェルムＦブーツ・黒,Ferme F Boots・Black
0x439f84@mhfdat-jp.bin,フェルムフット・赤,Ferme Feet・Red
0x439f88@mhfdat-jp.bin,フェルムＦフット・赤,Ferme F Feet・Red
0x439f8c@mhfdat-jp.bin,フェルムブーツ・赤,Ferme Boots・Red
0x439f90@mhfdat-jp.bin,フェルムＦブーツ・赤,Ferme F Boots・Red
0x439f94@mhfdat-jp.bin,フェルムフット・白,Ferme Feet・White
0x439f98@mhfdat-jp.bin,フェルムＦフット・白,Ferme F Feet・White
0x439f9c@mhfdat-jp.bin,フェルムブーツ・白,Ferme Boots・White
0x439fa0@mhfdat-jp.bin,フェルムＦブーツ・白,Ferme F Boots・White
0x439fa4@mhfdat-jp.bin,フェルムフット・青,Ferme Feet・Blue
0x439fa8@mhfdat-jp.bin,フェルムＦフット・青,Ferme F Feet・Blue
0x439fac@mhfdat-jp.bin,フェルムブーツ・青,Ferme Boots・Blue
0x439fb0@mhfdat-jp.bin,フェルムＦブーツ・青,Ferme F Boots・Blue
0x439fb4@mhfdat-jp.bin,リエーザフット,リエーザ Feet
0x439fb8@mhfdat-jp.bin,リエーザＦフット,リエーザF Feet
0x439fbc@mhfdat-jp.bin,リエーザブーツ,リエーザ Boots
0x439fc0@mhfdat-jp.bin,リエーザＦブーツ,リエーザF Boots
0x439fc4@mhfdat-jp.bin,クレールフット・紫,Claire Feet・Purple
0x439fc8@mhfdat-jp.bin,クレールＦフット・紫,Claire F Feet・Purple
0x439fcc@mhfdat-jp.bin,クレールブーツ・紫,Claire Boots・Purple
0x439fd0@mhfdat-jp.bin,クレールＦブーツ・紫,Claire F Boots・Purple
0x439fd4@mhfdat-jp.bin,クレールフット・水,Claire Feet・Water
0x439fd8@mhfdat-jp.bin,クレールＦフット・水,Claire F Feet・Water
0x439fdc@mhfdat-jp.bin,クレールブーツ・水,Claire Boots・Water
0x439fe0@mhfdat-jp.bin,クレールＦブーツ・水,Claire F Boots・Water
0x439fe4@mhfdat-jp.bin,クレールフット・赤,Claire Feet・Red
0x439fe8@mhfdat-jp.bin,クレールＦフット・赤,Claire F Feet・Red
0x439fec@mhfdat-jp.bin,クレールブーツ・赤,Claire Boots・Red
0x439ff0@mhfdat-jp.bin,クレールＦブーツ・赤,Claire F Boots・Red
0x439ff4@mhfdat-jp.bin,クレールフット・黒,Claire Feet・Black
0x439ff8@mhfdat-jp.bin,クレールＦフット・黒,Claire F Feet・Black
0x439ffc@mhfdat-jp.bin,クレールブーツ・黒,Claire Boots・Black
0x43a000@mhfdat-jp.bin,クレールＦブーツ・黒,Claire F Boots・Black
0x43a004@mhfdat-jp.bin,デゼールフット,Desert Feet
0x43a008@mhfdat-jp.bin,デゼールＦフット,Desert F Feet
0x43a00c@mhfdat-jp.bin,デゼールブーツ,Desert Boots
0x43a010@mhfdat-jp.bin,デゼールＦブーツ,Desert F Boots
0x43a014@mhfdat-jp.bin,エンプレスフットSP赤,Empress Feet SP Red
0x43a018@mhfdat-jp.bin,エンプレスフットSP黄,Empress Feet SP Yellow
0x43a01c@mhfdat-jp.bin,エンプレスフットSP紫,Empress Feet SP Purple
0x43a020@mhfdat-jp.bin,エンプレスブーツSP赤,Empress Boots SP Red
0x43a024@mhfdat-jp.bin,エンプレスブーツSP黄,Empress Boots SP Yellow
0x43a028@mhfdat-jp.bin,エンプレスブーツSP紫,Empress Boots SP Purple
0x43a02c@mhfdat-jp.bin,ランゴグリーヴSP黄,Vespoid Greaves SP Yellow
0x43a030@mhfdat-jp.bin,ランゴグリーヴSP黒,Vespoid Greaves SP Black
0x43a034@mhfdat-jp.bin,ランゴグリーヴSP青,Vespoid Greaves SP Blue
0x43a038@mhfdat-jp.bin,コムラダＬブーツ・赤,Comrade L Boots・Red
0x43a03c@mhfdat-jp.bin,コムラダＬブーツ・青,Comrade L Boots・Blue
0x43a040@mhfdat-jp.bin,コムラダＬブーツ・緑,Comrade L Boots・Green
0x43a044@mhfdat-jp.bin,コムラダＬブーツ・橙,Comrade L Boots・Orange
0x43a048@mhfdat-jp.bin,コムラダＲブーツ・赤,Comrade R Boots・Red
0x43a04c@mhfdat-jp.bin,コムラダＲブーツ・青,Comrade R Boots・Blue
0x43a050@mhfdat-jp.bin,コムラダＲブーツ・緑,Comrade R Boots・Green
0x43a054@mhfdat-jp.bin,コムラダＲブーツ・橙,Comrade R Boots・Orange
0x43a058@mhfdat-jp.bin,バトルＬレギンス,Battle L Leggings
0x43a05c@mhfdat-jp.bin,グラビドＬレギンス,Gravios L Leggings
0x43a060@mhfdat-jp.bin,ハンターＲレギンス,Hunter's R Leggings
0x43a064@mhfdat-jp.bin,ランゴＲレギンス,Vespoid R Leggings
0x43a068@mhfdat-jp.bin,ヴィリヴラフット,ヴィリヴラ Feet
0x43a06c@mhfdat-jp.bin,アングリフフット,Angriff Feet
0x43a070@mhfdat-jp.bin,ヴィリヴラブーツ,ヴィリヴラ Boots
0x43a074@mhfdat-jp.bin,アングリフブーツ,Angriff Boots
0x43a078@mhfdat-jp.bin,シュッツフット,Schutz Feet
0x43a07c@mhfdat-jp.bin,ヒルフェフット,Hilfe Feet
0x43a080@mhfdat-jp.bin,シュッツブーツ,Schutz Boots
0x43a084@mhfdat-jp.bin,ヒルフェブーツ,Hilfe Boots
0x43a088@mhfdat-jp.bin,マカルパＲパンツ,Makluva R Pants
0x43a08c@mhfdat-jp.bin,ラヴィグリーヴ,Raviente Greaves
0x43a090@mhfdat-jp.bin,ラヴィＦグリーヴ,Raviente F Greaves
0x43a094@mhfdat-jp.bin,ラヴィFXグリーヴ,Raviente FX Greaves
0x43a098@mhfdat-jp.bin,ラヴィレギンス,Raviente Leggings
0x43a09c@mhfdat-jp.bin,ラヴィＦレギンス,Raviente F Leggings
0x43a0a0@mhfdat-jp.bin,ラヴィFXレギンス,Raviente FX Leggings
0x43a0a4@mhfdat-jp.bin,アナキグリーヴ,アナキ Greaves
0x43a0a8@mhfdat-jp.bin,アナキブーツ,アナキ Boots
0x43a0ac@mhfdat-jp.bin,ハーヴェストブーツ,Harvest Boots
0x43a0b0@mhfdat-jp.bin,ハーヴェストレギンス,Harvest Leggings
0x43a0b4@mhfdat-jp.bin,クラフトブーツ,Craft Boots
0x43a0b8@mhfdat-jp.bin,クラフトＦブーツ,Craft F Boots
0x43a0bc@mhfdat-jp.bin,クラフトレギンス,Craft Leggings
0x43a0c0@mhfdat-jp.bin,クラフトＦレギンス,Craft F Leggings
0x43a0c4@mhfdat-jp.bin,ルディアブーツ,Ledia Boots
0x43a0c8@mhfdat-jp.bin,ルディアＦブーツ,Ledia F Boots
0x43a0cc@mhfdat-jp.bin,ルディアレギンス,Ledia Leggings
0x43a0d0@mhfdat-jp.bin,ルディアＦレギンス,Ledia F Leggings
0x43a0d4@mhfdat-jp.bin,ティーアレッグ,ティーア Leg
0x43a0d8@mhfdat-jp.bin,ヴィルトレッグ,Viruto Leg
0x43a0dc@mhfdat-jp.bin,ティーアブーツ,ティーア Boots
0x43a0e0@mhfdat-jp.bin,ヴィルトブーツ,Viruto Boots
0x43a0e4@mhfdat-jp.bin,ミューズレッグ,Muse Leg
0x43a0e8@mhfdat-jp.bin,テューンレッグ,Tune Leg
0x43a0ec@mhfdat-jp.bin,ゼーレブーツ,ゼーレ Boots
0x43a0f0@mhfdat-jp.bin,シュナイトブーツ,Schnite Boots
0x43a0f4@mhfdat-jp.bin,アセルスフット,アセルス Feet
0x43a0f8@mhfdat-jp.bin,アセルスＦフット,アセルスF Feet
0x43a0fc@mhfdat-jp.bin,スクラフット,スクラ Feet
0x43a100@mhfdat-jp.bin,スクラＦフット,スクラF Feet
0x43a104@mhfdat-jp.bin,ファルムフット,ファルム Feet
0x43a108@mhfdat-jp.bin,ファルムＦフット,ファルムF Feet
0x43a10c@mhfdat-jp.bin,ディゼルブーツ,Diesel Boots
0x43a110@mhfdat-jp.bin,ディゼルＦブーツ,Diesel F Boots
0x43a114@mhfdat-jp.bin,スディブフット,スディブ Feet
0x43a118@mhfdat-jp.bin,スディブＦフット,スディブF Feet
0x43a11c@mhfdat-jp.bin,フィブラフット,フィブラ Feet
0x43a120@mhfdat-jp.bin,フィブラＦフット,フィブラF Feet
0x43a124@mhfdat-jp.bin,リガスフット,リガス Feet
0x43a128@mhfdat-jp.bin,リガスＦフット,リガスF Feet
0x43a12c@mhfdat-jp.bin,ミーツェブーツ,ミーツェ Boots
0x43a130@mhfdat-jp.bin,ミーツェＦブーツ,ミーツェF Boots
0x43a134@mhfdat-jp.bin,メレティフット・白,Melety Feet・White
0x43a138@mhfdat-jp.bin,メレティＦフット・白,Melety F Feet・White
0x43a13c@mhfdat-jp.bin,メレティブーツ・白,Melety Boots・White
0x43a140@mhfdat-jp.bin,メレティＦブーツ・白,Melety F Boots・White
0x43a144@mhfdat-jp.bin,メレティフット・赤,Melety Feet・Red
0x43a148@mhfdat-jp.bin,メレティＦフット・赤,Melety F Feet・Red
0x43a14c@mhfdat-jp.bin,メレティブーツ・赤,Melety Boots・Red
0x43a150@mhfdat-jp.bin,メレティＦブーツ・赤,Melety F Boots・Red
0x43a154@mhfdat-jp.bin,メレティフット・青,Melety Feet・Blue
0x43a158@mhfdat-jp.bin,メレティＦフット・青,Melety F Feet・Blue
0x43a15c@mhfdat-jp.bin,メレティブーツ・青,Melety Boots・Blue
0x43a160@mhfdat-jp.bin,メレティＦブーツ・青,Melety F Boots・Blue
0x43a164@mhfdat-jp.bin,メレティフット・黒,Melety Feet・Black
0x43a168@mhfdat-jp.bin,メレティＦフット・黒,Melety F Feet・Black
0x43a16c@mhfdat-jp.bin,メレティブーツ・黒,Melety Boots・Black
0x43a170@mhfdat-jp.bin,メレティＦブーツ・黒,Melety F Boots・Black
0x43a174@mhfdat-jp.bin,ゲレールフット,ゲレール Feet
0x43a178@mhfdat-jp.bin,ゲレールＦフット,ゲレールF Feet
0x43a17c@mhfdat-jp.bin,レーラーフット,レーラー Feet
0x43a180@mhfdat-jp.bin,レーラーＦフット,レーラーF Feet
0x43a184@mhfdat-jp.bin,フェサーフット,フェサー Feet
0x43a188@mhfdat-jp.bin,フェサーＦフット,フェサーF Feet
0x43a18c@mhfdat-jp.bin,シアンスブーツ,シアンス Boots
0x43a190@mhfdat-jp.bin,シアンスＦブーツ,シアンスF Boots
0x43a194@mhfdat-jp.bin,ゴルトフット・赤,Gold Feet・Red
0x43a198@mhfdat-jp.bin,ゴルトＦフット・赤,Gold F Feet・Red
0x43a19c@mhfdat-jp.bin,ゴルトブーツ・赤,Gold Boots・Red
0x43a1a0@mhfdat-jp.bin,ゴルトＦブーツ・赤,Gold F Boots・Red
0x43a1a4@mhfdat-jp.bin,ゴルトフット・青,Gold Feet・Blue
0x43a1a8@mhfdat-jp.bin,ゴルトＦフット・青,Gold F Feet・Blue
0x43a1ac@mhfdat-jp.bin,ゴルトブーツ・青,Gold Boots・Blue
0x43a1b0@mhfdat-jp.bin,ゴルトＦブーツ・青,Gold F Boots・Blue
0x43a1b4@mhfdat-jp.bin,ゴルトフット・黄,Gold Feet・Yellow
0x43a1b8@mhfdat-jp.bin,ゴルトＦフット・黄,Gold F Feet・Yellow
0x43a1bc@mhfdat-jp.bin,ゴルトブーツ・黄,Gold Boots・Yellow
0x43a1c0@mhfdat-jp.bin,ゴルトＦブーツ・黄,Gold F Boots・Yellow
0x43a1c4@mhfdat-jp.bin,ゴルトフット・紫,Gold Feet・Purple
0x43a1c8@mhfdat-jp.bin,ゴルトＦフット・紫,Gold F Feet・Purple
0x43a1cc@mhfdat-jp.bin,ゴルトブーツ・紫,Gold Boots・Purple
0x43a1d0@mhfdat-jp.bin,ゴルトＦブーツ・紫,Gold F Boots・Purple
0x43a1d4@mhfdat-jp.bin,シデロフット,シデロ Feet
0x43a1d8@mhfdat-jp.bin,シデロＦフット,シデロF Feet
0x43a1dc@mhfdat-jp.bin,オールフット,オール Feet
0x43a1e0@mhfdat-jp.bin,オールＦフット,オールF Feet
0x43a1e4@mhfdat-jp.bin,メタロフット,メタロ Feet
0x43a1e8@mhfdat-jp.bin,メタロＦフット,メタロF Feet
0x43a1ec@mhfdat-jp.bin,アルジャブーツ,アルジャ Boots
0x43a1f0@mhfdat-jp.bin,アルジャＦブーツ,アルジャF Boots
0x43a1f4@mhfdat-jp.bin,エスピナFXフェルゼ,Espinas FX Heel
0x43a1f8@mhfdat-jp.bin,エスピナFXアヴィレ,Espinas FX March
0x43a200@mhfdat-jp.bin,エクストグリーヴ,
0x43a204@mhfdat-jp.bin,エクストグリーヴＣ,エクスト Greaves
0x43a208@mhfdat-jp.bin,エクストレギンス,エクスト Greaves C
0x43a20c@mhfdat-jp.bin,エクストレギンスＣ,エクスト Leggings
0x43a210@mhfdat-jp.bin,デスギアフェルゼSP白,エクスト Leggings C
0x43a214@mhfdat-jp.bin,デスギアフェルゼSP赤,Death Stench Heel SP White
0x43a218@mhfdat-jp.bin,デスギアフェルゼSP青,Death Stench Heel SP Red
0x43a21c@mhfdat-jp.bin,ディアブロフットSP紫,Death Stench Heel SP Blue
0x43a220@mhfdat-jp.bin,ディアブロフットSP青,Diablos Feet SP Purple
0x43a224@mhfdat-jp.bin,ディアブロフットSP黄,Diablos Feet SP Blue
0x43a228@mhfdat-jp.bin,マカルパパンツSP緑,Diablos Feet SP Yellow
0x43a22c@mhfdat-jp.bin,マカルパパンツSP青,Makluva Pants SP Green
0x43a230@mhfdat-jp.bin,マカルパパンツSP黒,Makluva Pants SP Blue
0x43a234@mhfdat-jp.bin,ドラゴンＬレグス,Makluva Pants SP Black
0x43a238@mhfdat-jp.bin,キリンＬブーツ,Dragon L Legs
0x43a23c@mhfdat-jp.bin,ザザミＬレギンス,Kirin L Boots
0x43a240@mhfdat-jp.bin,ボーンＬレギンス,Hermitaur L Leggings
0x43a244@mhfdat-jp.bin,ランゴＬレギンス,Bone L Leggings
0x43a248@mhfdat-jp.bin,ディアブロＬレギンス,Vespoid L Leggings
0x43a24c@mhfdat-jp.bin,Ｇ・ガードＲタイツ紅,Diablos L Leggings
0x43a250@mhfdat-jp.bin,Ｇ・ガードＲタイツ紅,G・Guard Rタイツ Crimson
0x43a254@mhfdat-jp.bin,タロスＲレギンス,G・Guard Rタイツ Crimson
0x43a258@mhfdat-jp.bin,ハイメタＲレギンス,Hornetaur R Leggings
0x43a25c@mhfdat-jp.bin,リオソウルＲレギンス,High Metal R Leggings
0x43a260@mhfdat-jp.bin,ブランゴＬグリーヴ,Rath Soul R Leggings
0x43a264@mhfdat-jp.bin,ガノスＬグリーヴ,Blango L Greaves
0x43a268@mhfdat-jp.bin,グラビドＲグリーヴ,Plesioth L Greaves
0x43a26c@mhfdat-jp.bin,イーオスＲグリーヴ,Gravios R Greaves
0x43a270@mhfdat-jp.bin,稲荷【具足】,Io R Greaves
0x43a274@mhfdat-jp.bin,稲荷・覇【具足】,Inari [Greaves 】
0x43a278@mhfdat-jp.bin,玉藻【具足】,Inari 覇 [Greaves 】
0x43a27c@mhfdat-jp.bin,玉藻・覇【具足】,Tamamo [Greaves 】
0x43a280@mhfdat-jp.bin,コカログリーヴ,Tamamo 覇 [Greaves 】
0x43a284@mhfdat-jp.bin,コカロレギンス,コカロ Greaves
0x43a288@mhfdat-jp.bin,シエリーグリーヴ,コカロ Leggings
0x43a28c@mhfdat-jp.bin,シエリーＦグリーヴ,Shieri Greaves
0x43a290@mhfdat-jp.bin,シエリーレギンス,Shieri F Greaves
0x43a294@mhfdat-jp.bin,シエリーＦレギンス,Shieri Leggings
0x43a298@mhfdat-jp.bin,ハルバダーグリーヴ,Shieri F Leggings
0x43a29c@mhfdat-jp.bin,ハルバダーＦグリーヴ,Harubadaa Greaves
0x43a2a0@mhfdat-jp.bin,トラッカーレギンス,Harubadaa F Greaves
0x43a2a4@mhfdat-jp.bin,トラッカーＦレギンス,Tracker Leggings
0x43a2a8@mhfdat-jp.bin,ザーカーグリーヴ,Tracker F Leggings
0x43a2ac@mhfdat-jp.bin,ザーカーＦグリーヴ,Zaakaa Greaves
0x43a2b0@mhfdat-jp.bin,チェイサーレギンス,Zaakaa F Greaves
0x43a2b4@mhfdat-jp.bin,チェイサーＦレギンス,Chaser Leggings
0x43a2b8@mhfdat-jp.bin,ロイヤルグリーヴ,Chaser F Leggings
0x43a2bc@mhfdat-jp.bin,ロイヤルＦグリーヴ,Royal Greaves
0x43a2c0@mhfdat-jp.bin,ロードレギンス,Royal F Greaves
0x43a2c4@mhfdat-jp.bin,ロードＦレギンス,Lord Leggings
0x43a2c8@mhfdat-jp.bin,ディクトレッグ,Lord F Leggings
0x43a2cc@mhfdat-jp.bin,ディクトＦレッグ,Dicto Leg
0x43a2d0@mhfdat-jp.bin,ディレットブーツ,Dicto F Leg
0x43a2d4@mhfdat-jp.bin,ディレットＦブーツ,Diletto Boots
0x43a2d8@mhfdat-jp.bin,クリュスレッグ,Diletto F Boots
0x43a2dc@mhfdat-jp.bin,クリュスＦレッグ,Kruss Leg
0x43a2e0@mhfdat-jp.bin,クォートブーツ,Kruss F Leg
0x43a2e4@mhfdat-jp.bin,クォートＦブーツ,Quote Boots
0x43a2e8@mhfdat-jp.bin,ウルバヌフット,Quote F Boots
0x43a2ec@mhfdat-jp.bin,ウルバヌＦフット,ウルバヌ Feet
0x43a2f0@mhfdat-jp.bin,マグヌスフット,ウルバヌF Feet
0x43a2f4@mhfdat-jp.bin,マグヌスＦフット,マグヌス Feet
0x43a2f8@mhfdat-jp.bin,ソレルスフット,マグヌスF Feet
0x43a2fc@mhfdat-jp.bin,ソレルスＦフット,ソレルス Feet
0x43a300@mhfdat-jp.bin,パルフェブーツ,ソレルスF Feet
0x43a304@mhfdat-jp.bin,パルフェＦブーツ,パルフェ Boots
0x43a308@mhfdat-jp.bin,アスティフット,パルフェF Boots
0x43a30c@mhfdat-jp.bin,アスティＦフット,アスティ Feet
0x43a310@mhfdat-jp.bin,アガトンフット,アスティF Feet
0x43a314@mhfdat-jp.bin,アガトンＦフット,アガトン Feet
0x43a318@mhfdat-jp.bin,ランプロフット,アガトンF Feet
0x43a31c@mhfdat-jp.bin,ランプロＦフット,ランプロ Feet
0x43a320@mhfdat-jp.bin,ソフィスブーツ,ランプロF Feet
0x43a324@mhfdat-jp.bin,ソフィスＦブーツ,ソフィス Boots
0x43a328@mhfdat-jp.bin,アリストフット・青,ソフィスF Boots
0x43a32c@mhfdat-jp.bin,アリストＦフット・青,Aristo Feet・Blue
0x43a330@mhfdat-jp.bin,アリストブーツ・青,Aristo F Feet・Blue
0x43a334@mhfdat-jp.bin,アリストＦブーツ・青,Aristo Boots・Blue
0x43a338@mhfdat-jp.bin,アリストフット・白,Aristo F Boots・Blue
0x43a33c@mhfdat-jp.bin,アリストＦフット・白,Aristo Feet・White
0x43a340@mhfdat-jp.bin,アリストブーツ・白,Aristo F Feet・White
0x43a344@mhfdat-jp.bin,アリストＦブーツ・白,Aristo Boots・White
0x43a348@mhfdat-jp.bin,アリストフット・紫,Aristo F Boots・White
0x43a34c@mhfdat-jp.bin,アリストＦフット・紫,Aristo Feet・Purple
0x43a350@mhfdat-jp.bin,アリストブーツ・紫,Aristo F Feet・Purple
0x43a354@mhfdat-jp.bin,アリストＦブーツ・紫,Aristo Boots・Purple
0x43a358@mhfdat-jp.bin,アリストフット・赤,Aristo F Boots・Purple
0x43a35c@mhfdat-jp.bin,アリストＦフット・赤,Aristo Feet・Red
0x43a360@mhfdat-jp.bin,アリストブーツ・赤,Aristo F Feet・Red
0x43a364@mhfdat-jp.bin,アリストＦブーツ・赤,Aristo Boots・Red
0x43a368@mhfdat-jp.bin,ビリスフット,Aristo F Boots・Red
0x43a36c@mhfdat-jp.bin,ビリスＦフット,ビリス Feet
0x43a370@mhfdat-jp.bin,ギエールフット,ビリスF Feet
0x43a374@mhfdat-jp.bin,ギエールＦフット,ギエール Feet
0x43a378@mhfdat-jp.bin,カウントフット,ギエールF Feet
0x43a37c@mhfdat-jp.bin,カウントＦフット,カウント Feet
0x43a380@mhfdat-jp.bin,フュルスブーツ,カウントF Feet
0x43a384@mhfdat-jp.bin,フュルスＦブーツ,フュルス Boots
0x43a388@mhfdat-jp.bin,テクストフット・紫,フュルスF Boots
0x43a38c@mhfdat-jp.bin,テクストＦフット・紫,Text Feet・Purple
0x43a390@mhfdat-jp.bin,テクストブーツ・紫,Text F Feet・Purple
0x43a394@mhfdat-jp.bin,テクストＦブーツ・紫,Text Boots・Purple
0x43a398@mhfdat-jp.bin,テクストフット・緑,Text F Boots・Purple
0x43a39c@mhfdat-jp.bin,テクストＦフット・緑,Text Feet・Green
0x43a3a0@mhfdat-jp.bin,テクストブーツ・緑,Text F Feet・Green
0x43a3a4@mhfdat-jp.bin,テクストＦブーツ・緑,Text Boots・Green
0x43a3a8@mhfdat-jp.bin,テクストフット・青,Text F Boots・Green
0x43a3ac@mhfdat-jp.bin,テクストＦフット・青,Text Feet・Blue
0x43a3b0@mhfdat-jp.bin,テクストブーツ・青,Text F Feet・Blue
0x43a3b4@mhfdat-jp.bin,テクストＦブーツ・青,Text Boots・Blue
0x43a3b8@mhfdat-jp.bin,テクストフット・黒,Text F Boots・Blue
0x43a3bc@mhfdat-jp.bin,テクストＦフット・黒,Text Feet・Black
0x43a3c0@mhfdat-jp.bin,テクストブーツ・黒,Text F Feet・Black
0x43a3c4@mhfdat-jp.bin,テクストＦブーツ・黒,Text Boots・Black
0x43a3c8@mhfdat-jp.bin,パスマフット,Text F Boots・Black
0x43a3cc@mhfdat-jp.bin,パスマＦフット,Pasu マ Feet
0x43a3d0@mhfdat-jp.bin,フィーブルフット,Pasu マF Feet
0x43a3d4@mhfdat-jp.bin,フィーブルＦフット,フィーブル Feet
0x43a3d8@mhfdat-jp.bin,ヴァラクフット,フィーブルF Feet
0x43a3dc@mhfdat-jp.bin,ヴァラクＦフット,ヴァラク Feet
0x43a3e0@mhfdat-jp.bin,ネウロンブーツ,ヴァラクF Feet
0x43a3e4@mhfdat-jp.bin,ネウロンＦブーツ,ネウロン Boots
0x43a3e8@mhfdat-jp.bin,アージェフット,ネウロンF Boots
0x43a3ec@mhfdat-jp.bin,アージェＦフット,Arge Feet
0x43a3f0@mhfdat-jp.bin,アージェブーツ,Arge F Feet
0x43a3f4@mhfdat-jp.bin,アージェＦブーツ,Arge Boots
0x43a3f8@mhfdat-jp.bin,アカムトケマルSP黒,Arge F Boots
0x43a3fc@mhfdat-jp.bin,アカムトケマルSP赤,Akantor ケマル SP Black
0x43a400@mhfdat-jp.bin,アカムトケマルSP白,Akantor ケマル SP Red
0x43a404@mhfdat-jp.bin,アカムトチケルSP黒,Akantor ケマル SP White
0x43a408@mhfdat-jp.bin,アカムトチケルSP赤,Akantor チケル SP Black
0x43a40c@mhfdat-jp.bin,アカムトチケルSP白,Akantor チケル SP Red
0x43a410@mhfdat-jp.bin,グラビドグリーヴSP黒,Akantor チケル SP White
0x43a414@mhfdat-jp.bin,グラビドグリーヴSP青,Gravios Greaves SP Black
0x43a418@mhfdat-jp.bin,グラビドグリーヴSP赤,Gravios Greaves SP Blue
0x43a41c@mhfdat-jp.bin,コンガＬレギンス,Gravios Greaves SP Red
0x43a420@mhfdat-jp.bin,ハンターＬレギンス,Congalala L Leggings
0x43a424@mhfdat-jp.bin,ランポスＬレギンス,Hunter's L Leggings
0x43a428@mhfdat-jp.bin,タロスＬレギンス,Veloci L Leggings
0x43a42c@mhfdat-jp.bin,ハイメタＬレギンス,Hornetaur L Leggings
0x43a430@mhfdat-jp.bin,ゲネポスＬレギンス,High Metal L Leggings
0x43a434@mhfdat-jp.bin,ゲネポスＲレギンス,Gen L Leggings
0x43a438@mhfdat-jp.bin,クックＲレギンス,Gen R Leggings
0x43a43c@mhfdat-jp.bin,バサルＲレギンス,Kut-Ku R Leggings
0x43a440@mhfdat-jp.bin,ガレオスＲレギンス,Basarios R Leggings
0x43a444@mhfdat-jp.bin,ガノスＲレギンス,Cepha R Leggings
0x43a448@mhfdat-jp.bin,ゲリョスＲレギンス,Plesioth R Leggings
0x43a44c@mhfdat-jp.bin,ドラゴンＬフット,Gypceros R Leggings
0x43a450@mhfdat-jp.bin,ランポスＬグリーヴ,Dragon L Feet
0x43a454@mhfdat-jp.bin,ランゴＲグリーヴ,Veloci L Greaves
0x43a458@mhfdat-jp.bin,クックＲグリーヴ,Vespoid R Greaves
0x43a45c@mhfdat-jp.bin,アクラFXグリーヴ,Kut-Ku R Greaves
0x43a460@mhfdat-jp.bin,アクラFXレギンス,Akura FX Greaves
0x43a464@mhfdat-jp.bin,アクラFXグリーヴ黄,Akura FX Leggings
0x43a468@mhfdat-jp.bin,アクラFXレギンス黄,Akura FX Greaves Yellow
0x43a46c@mhfdat-jp.bin,アクラFXグリーヴ蒼,Akura FX Leggings Yellow
0x43a470@mhfdat-jp.bin,アクラFXレギンス蒼,Akura FX Greaves Green
0x43a474@mhfdat-jp.bin,アクラFXグリーヴ紅,Akura FX Leggings Green
0x43a478@mhfdat-jp.bin,アクラFXレギンス紅,Akura FX Greaves Crimson
0x43a47c@mhfdat-jp.bin,アスールＦグリーヴ,Akura FX Leggings Crimson
0x43a480@mhfdat-jp.bin,アスールＦレギンス,Azul F Greaves
0x43a484@mhfdat-jp.bin,ダミー,Azul F Leggings
0x43a488@mhfdat-jp.bin,ダミー,ダミー
0x43a48c@mhfdat-jp.bin,ダミー,ダミー
0x43a490@mhfdat-jp.bin,ダミー,ダミー
0x43a494@mhfdat-jp.bin,ダミー,ダミー
0x43a498@mhfdat-jp.bin,ダミー,ダミー
0x43a49c@mhfdat-jp.bin,ダミー,ダミー
0x43a4a0@mhfdat-jp.bin,ダミー,ダミー
0x43a4a4@mhfdat-jp.bin,ダミー,ダミー
0x43a4a8@mhfdat-jp.bin,ダミー,ダミー
0x43a4ac@mhfdat-jp.bin,ダミー,ダミー
0x43a4b0@mhfdat-jp.bin,ダミー,ダミー
0x43a4b4@mhfdat-jp.bin,ダミー,ダミー
0x43a4b8@mhfdat-jp.bin,ダミー,ダミー
0x43a4bc@mhfdat-jp.bin,ダミー,ダミー
0x43a4c0@mhfdat-jp.bin,ダミー,ダミー
0x43a4c4@mhfdat-jp.bin,ダミー,ダミー
0x43a4c8@mhfdat-jp.bin,ダミー,ダミー
0x43a4cc@mhfdat-jp.bin,ダミー,ダミー
0x43a4d0@mhfdat-jp.bin,ダミー,ダミー
0x43a4d4@mhfdat-jp.bin,ダミー,ダミー
0x43a4d8@mhfdat-jp.bin,ダミー,ダミー
0x43a4dc@mhfdat-jp.bin,ダミー,ダミー
0x43a4e0@mhfdat-jp.bin,ダミー,ダミー
0x43a4e4@mhfdat-jp.bin,ダミー,ダミー
0x43a4e8@mhfdat-jp.bin,ダミー,ダミー
0x43a4ec@mhfdat-jp.bin,ダミー,ダミー
0x43a4f0@mhfdat-jp.bin,ダミー,ダミー
0x43a4f4@mhfdat-jp.bin,ダミー,ダミー
0x43a4f8@mhfdat-jp.bin,ダミー,ダミー
0x43a4fc@mhfdat-jp.bin,ベルドラグリーヴ,ダミー
0x43a500@mhfdat-jp.bin,ベルドラレギンス,Beru ドラ Greaves
0x43a504@mhfdat-jp.bin,ディールグリーヴ,Beru ドラ Leggings
0x43a508@mhfdat-jp.bin,ディールＦグリーヴ,Diru Greaves
0x43a50c@mhfdat-jp.bin,ディールレギンス,Diru F Greaves
0x43a510@mhfdat-jp.bin,ディールＦレギンス,Diru Leggings
0x43a514@mhfdat-jp.bin,スフィアフット,Diru F Leggings
0x43a518@mhfdat-jp.bin,スフィアＦフット,Sufia Feet
0x43a51c@mhfdat-jp.bin,スフィアブーツ,Sufia F Feet
0x43a520@mhfdat-jp.bin,スフィアＦブーツ,Sufia Boots
0x43a524@mhfdat-jp.bin,スタリナレッグ,Sufia F Boots
0x43a528@mhfdat-jp.bin,スタリナＦレッグ,Starina Leg
0x43a52c@mhfdat-jp.bin,スタリナブーツ,Starina F Leg
0x43a530@mhfdat-jp.bin,スタリナＦブーツ,Starina Boots
0x43a534@mhfdat-jp.bin,ルースレッグ,Starina F Boots
0x43a538@mhfdat-jp.bin,ルースＦレッグ,Loose Leg
0x43a53c@mhfdat-jp.bin,ルースブーツ,Loose F Leg
0x43a540@mhfdat-jp.bin,ルースＦブーツ,Loose Boots
0x43a544@mhfdat-jp.bin,レイジフット,Loose F Boots
0x43a548@mhfdat-jp.bin,レイジＦフット,Rage Feet
0x43a54c@mhfdat-jp.bin,レイジブーツ,Rage F Feet
0x43a550@mhfdat-jp.bin,レイジＦブーツ,Rage Boots
0x43a554@mhfdat-jp.bin,ランページフット,Rage F Boots
0x43a558@mhfdat-jp.bin,ランページＦフット,Rampage Feet
0x43a55c@mhfdat-jp.bin,ランページブーツ,Rampage F Feet
0x43a560@mhfdat-jp.bin,ランページＦブーツ,Rampage Boots
0x43a564@mhfdat-jp.bin,ブレイズフット,Rampage F Boots
0x43a568@mhfdat-jp.bin,ブレイズＦフット,Blaze Feet
0x43a56c@mhfdat-jp.bin,ブレイズブーツ,Blaze F Feet
0x43a570@mhfdat-jp.bin,ブレイズＦブーツ,Blaze Boots
0x43a574@mhfdat-jp.bin,ファランフット・白,Blaze F Boots
0x43a578@mhfdat-jp.bin,ファランＦフット・白,Pharan Feet・White
0x43a57c@mhfdat-jp.bin,ファランブーツ・白,Pharan F Feet・White
0x43a580@mhfdat-jp.bin,ファランＦブーツ・白,Pharan Boots・White
0x43a584@mhfdat-jp.bin,ファランフット・黒,Pharan F Boots・White
0x43a588@mhfdat-jp.bin,ファランＦフット・黒,Pharan Feet・Black
0x43a58c@mhfdat-jp.bin,ファランブーツ・黒,Pharan F Feet・Black
0x43a590@mhfdat-jp.bin,ファランＦブーツ・黒,Pharan Boots・Black
0x43a594@mhfdat-jp.bin,ファランフット・赤,Pharan F Boots・Black
0x43a598@mhfdat-jp.bin,ファランＦフット・赤,Pharan Feet・Red
0x43a59c@mhfdat-jp.bin,ファランブーツ・赤,Pharan F Feet・Red
0x43a5a0@mhfdat-jp.bin,ファランＦブーツ・赤,Pharan Boots・Red
0x43a5a4@mhfdat-jp.bin,ファランフット・青,Pharan F Boots・Red
0x43a5a8@mhfdat-jp.bin,ファランＦフット・青,Pharan Feet・Blue
0x43a5ac@mhfdat-jp.bin,ファランブーツ・青,Pharan F Feet・Blue
0x43a5b0@mhfdat-jp.bin,ファランＦブーツ・青,Pharan Boots・Blue
0x43a5b4@mhfdat-jp.bin,きんねこ服Ｆフット,Pharan F Boots・Blue
0x43a5b8@mhfdat-jp.bin,きんねこ服Ｆブーツ,Gold Cat F Feet
0x43a5bc@mhfdat-jp.bin,ぎんねこ服ブーツ,Gold Cat F Boots
0x43a5c0@mhfdat-jp.bin,ぎんねこ服Ｆフット,Silver Cat Boots
0x43a5c4@mhfdat-jp.bin,ぎんねこ服Ｆブーツ,Silver Cat F Feet
0x43a5c8@mhfdat-jp.bin,ヴィンレッグ,Silver Cat F Boots
0x43a5cc@mhfdat-jp.bin,ヴィンＦレッグ,ヴィン Leg
0x43a5d0@mhfdat-jp.bin,ヴァンデレッグ,ヴィンF Leg
0x43a5d4@mhfdat-jp.bin,ヴァンデＦレッグ,ヴァンデ Leg
0x43a5d8@mhfdat-jp.bin,デスモレッグ,ヴァンデF Leg
0x43a5dc@mhfdat-jp.bin,デスモＦレッグ,デスモ Leg
0x43a5e0@mhfdat-jp.bin,ミスクブーツ,デスモF Leg
0x43a5e4@mhfdat-jp.bin,ミスクＦブーツ,ミスク Boots
0x43a5e8@mhfdat-jp.bin,ウーズィレッグ,ミスクF Boots
0x43a5ec@mhfdat-jp.bin,ウーズィＦレッグ,ウーズィ Leg
0x43a5f0@mhfdat-jp.bin,レガーメレッグ,ウーズィF Leg
0x43a5f4@mhfdat-jp.bin,レガーメＦレッグ,レガーメ Leg
0x43a5f8@mhfdat-jp.bin,ノットレッグ,レガーメF Leg
0x43a5fc@mhfdat-jp.bin,ノットＦレッグ,ノット Leg
0x43a600@mhfdat-jp.bin,ラソスブーツ,ノットF Leg
0x43a604@mhfdat-jp.bin,ラソスＦブーツ,ラソス Boots
0x43a608@mhfdat-jp.bin,レックスグリーヴSP黒,ラソスF Boots
0x43a60c@mhfdat-jp.bin,レックスグリーヴSP白,Tigrex Greaves SP Black
0x43a610@mhfdat-jp.bin,レックスグリーヴSP紫,Tigrex Greaves SP White
0x43a614@mhfdat-jp.bin,モノブロスブーツSP黄,Tigrex Greaves SP Purple
0x43a618@mhfdat-jp.bin,モノブロスブーツSP緑,Monoblos Boots SP Yellow
0x43a61c@mhfdat-jp.bin,モノブロスブーツSP白,Monoblos Boots SP Green
0x43a620@mhfdat-jp.bin,フルフルレギンスSP黒,Monoblos Boots SP White
0x43a624@mhfdat-jp.bin,フルフルレギンスSP緑,Khezu Leggings SP Black
0x43a628@mhfdat-jp.bin,フルフルレギンスSP青,Khezu Leggings SP Green
0x43a62c@mhfdat-jp.bin,ヒプノＬレギンス,Khezu Leggings SP Blue
0x43a630@mhfdat-jp.bin,ラヴァＬレギンス,Hypnoc L Leggings
0x43a634@mhfdat-jp.bin,パピメルＬフェムル,Lavasioth L Leggings
0x43a638@mhfdat-jp.bin,ガレオスＬレギンス,Butterfly Lフェムル
0x43a63c@mhfdat-jp.bin,レイアＬレギンス,Cepha L Leggings
0x43a640@mhfdat-jp.bin,クックＬレギンス,Rathian L Leggings
0x43a644@mhfdat-jp.bin,忍の足袋・Ｒ,Kut-Ku L Leggings
0x43a648@mhfdat-jp.bin,クリームＲジャージー,忍の Tabi・R
0x43a64c@mhfdat-jp.bin,エスピナＲアヴィレ,クリームR Jersey
0x43a650@mhfdat-jp.bin,アクラＲレギンス,Espinas R March
0x43a654@mhfdat-jp.bin,アクラＲレギンス黄,Akura R Leggings
0x43a658@mhfdat-jp.bin,アクラＲレギンス蒼,Akura R Leggings Yellow
0x43a65c@mhfdat-jp.bin,アクラＲレギンス紅,Akura R Leggings Green
0x43a660@mhfdat-jp.bin,ラヴァＲレギンス,Akura R Leggings Crimson
0x43a664@mhfdat-jp.bin,オウビートＬガンバ,Lavasioth R Leggings
0x43a668@mhfdat-jp.bin,ゲネポスＬグリーヴ,King Beetle L Crura
0x43a66c@mhfdat-jp.bin,アクラＲグリーヴ,Gen L Greaves
0x43a670@mhfdat-jp.bin,アクラＲグリーヴ黄,Akura R Greaves
0x43a674@mhfdat-jp.bin,アクラＲグリーヴ蒼,Akura R Greaves Yellow
0x43a678@mhfdat-jp.bin,アクラＲグリーヴ紅,Akura R Greaves Green
0x43a67c@mhfdat-jp.bin,稲荷・FX【具足】,Akura R Greaves Crimson
0x43a680@mhfdat-jp.bin,玉藻・FX【具足】,Inari FX [Greaves 】
0x43a684@mhfdat-jp.bin,エクエスFXグリーヴ,Tamamo FX [Greaves 】
0x43a688@mhfdat-jp.bin,エクエスFXレギンス,Eques FX Greaves
0x43a68c@mhfdat-jp.bin,ノワールＦグリーヴ,Eques FX Leggings
0x43a690@mhfdat-jp.bin,ヒメロスＦグリーヴ,Noir F Greaves
0x43a694@mhfdat-jp.bin,ブレシスＦグリーヴ,Himeros F Greaves
0x43a698@mhfdat-jp.bin,カリエンＦレギンス,Bureshisu F Greaves
0x43a69c@mhfdat-jp.bin,グレングリーヴ,Charien F Leggings
0x43a6a0@mhfdat-jp.bin,グレンＦグリーヴ,Guren Greaves
0x43a6a4@mhfdat-jp.bin,グレンレギンス,Guren F Greaves
0x43a6a8@mhfdat-jp.bin,グレンＦレギンス,Guren Leggings
0x43a6ac@mhfdat-jp.bin,ガーネットグリーヴ,Guren F Leggings
0x43a6b0@mhfdat-jp.bin,ガーネットＦグリーヴ,Garnet Greaves
0x43a6b4@mhfdat-jp.bin,ガーネットFXグリーヴ,Garnet F Greaves
0x43a6b8@mhfdat-jp.bin,アメジストグリーヴ,Garnet FX Greaves
0x43a6bc@mhfdat-jp.bin,アメジストＦグリーヴ,Amethyst Greaves
0x43a6c0@mhfdat-jp.bin,アメジストFXグリーヴ,Amethyst F Greaves
0x43a6c4@mhfdat-jp.bin,コーラルグリーヴ,Amethyst FX Greaves
0x43a6c8@mhfdat-jp.bin,コーラルＦグリーヴ,Coral Greaves
0x43a6cc@mhfdat-jp.bin,コーラルFXグリーヴ,Coral F Greaves
0x43a6d0@mhfdat-jp.bin,クォーツグリーヴ,Coral FX Greaves
0x43a6d4@mhfdat-jp.bin,クォーツＦグリーヴ,Quartz Greaves
0x43a6d8@mhfdat-jp.bin,クォーツFXグリーヴ,Quartz F Greaves
0x43a6dc@mhfdat-jp.bin,ルビーグリーヴ,Quartz FX Greaves
0x43a6e0@mhfdat-jp.bin,ルビーＦグリーヴ,Ruby Greaves
0x43a6e4@mhfdat-jp.bin,ルビーFXグリーヴ,Ruby F Greaves
0x43a6e8@mhfdat-jp.bin,サファイアグリーヴ,Ruby FX Greaves
0x43a6ec@mhfdat-jp.bin,サファイアＦグリーヴ,Sapphire Greaves
0x43a6f0@mhfdat-jp.bin,サファイアFXグリーヴ,Sapphire F Greaves
0x43a6f4@mhfdat-jp.bin,エメラルドグリーヴ,Sapphire FX Greaves
0x43a6f8@mhfdat-jp.bin,エメラルドＦグリーヴ,Emerald Greaves
0x43a6fc@mhfdat-jp.bin,エメラルドFXグリーヴ,Emerald F Greaves
0x43a700@mhfdat-jp.bin,パールグリーヴ,Emerald FX Greaves
0x43a704@mhfdat-jp.bin,パールＦグリーヴ,Pearl Greaves
0x43a708@mhfdat-jp.bin,パールFXグリーヴ,Pearl F Greaves
0x43a70c@mhfdat-jp.bin,トパーズレギンス,Pearl FX Greaves
0x43a710@mhfdat-jp.bin,トパーズＦレギンス,Topaz Leggings
0x43a714@mhfdat-jp.bin,トパーズFXレギンス,Topaz F Leggings
0x43a718@mhfdat-jp.bin,トルマリンレギンス,Topaz FX Leggings
0x43a71c@mhfdat-jp.bin,トルマリンＦレギンス,Tourmaline Leggings
0x43a720@mhfdat-jp.bin,トルマリンFXレギンス,Tourmaline F Leggings
0x43a724@mhfdat-jp.bin,ラピスレギンス,Tourmaline FX Leggings
0x43a728@mhfdat-jp.bin,ラピスＦレギンス,Lapis Leggings
0x43a72c@mhfdat-jp.bin,ラピスFXレギンス,Lapis F Leggings
0x43a730@mhfdat-jp.bin,ベルFXグリーヴ,Lapis FX Leggings
0x43a734@mhfdat-jp.bin,ベルFXレギンス,Beru FX Greaves
0x43a738@mhfdat-jp.bin,アプカルＦグリーヴ,Beru FX Leggings
0x43a73c@mhfdat-jp.bin,アプカルＦレギンス,Apkallu F Greaves
0x43a740@mhfdat-jp.bin,ミクセスグリーヴ,Apkallu F Leggings
0x43a744@mhfdat-jp.bin,ミクセスＦグリーヴ,Mixes Greaves
0x43a748@mhfdat-jp.bin,ミクセスレギンス,Mixes F Greaves
0x43a74c@mhfdat-jp.bin,ミクセスＦレギンス,Mixes Leggings
0x43a750@mhfdat-jp.bin,アトラグリーヴ,Mixes F Leggings
0x43a754@mhfdat-jp.bin,アトラＦグリーヴ,Atra Greaves
0x43a758@mhfdat-jp.bin,アトラレギンス,Atra F Greaves
0x43a75c@mhfdat-jp.bin,アトラＦレギンス,Atra Leggings
0x43a760@mhfdat-jp.bin,ミラドレッグ,Atra F Leggings
0x43a764@mhfdat-jp.bin,ミラドＦレッグ,Mirado Leg
0x43a768@mhfdat-jp.bin,ミラドブーツ,Mirado F Leg
0x43a76c@mhfdat-jp.bin,ミラドＦブーツ,Mirado Boots
0x43a770@mhfdat-jp.bin,デュールグリーヴ,Mirado F Boots
0x43a774@mhfdat-jp.bin,デュールＦグリーヴ,Deyuru Greaves
0x43a778@mhfdat-jp.bin,デュールレギンス,Deyuru F Greaves
0x43a77c@mhfdat-jp.bin,デュールＦレギンス,Deyuru Leggings
0x43a780@mhfdat-jp.bin,クルシッドフット,Deyuru F Leggings
0x43a784@mhfdat-jp.bin,クルシッドＦフット,クルシッド Feet
0x43a788@mhfdat-jp.bin,ヴェロシフット,クルシッドF Feet
0x43a78c@mhfdat-jp.bin,ヴェロシＦフット,ヴェロシ Feet
0x43a790@mhfdat-jp.bin,ケプトフット,ヴェロシF Feet
0x43a794@mhfdat-jp.bin,ケプトＦフット,ケプト Feet
0x43a798@mhfdat-jp.bin,ハウットブーツ,ケプトF Feet
0x43a79c@mhfdat-jp.bin,ハウットＦブーツ,ハウット Boots
0x43a7a0@mhfdat-jp.bin,ヴェンガフット,ハウットF Boots
0x43a7a4@mhfdat-jp.bin,ヴェンガＦフット,ヴェンガ Feet
0x43a7a8@mhfdat-jp.bin,スプリンフット,ヴェンガF Feet
0x43a7ac@mhfdat-jp.bin,スプリンＦフット,スプリン Feet
0x43a7b0@mhfdat-jp.bin,マシャルフット,スプリンF Feet
0x43a7b4@mhfdat-jp.bin,マシャルＦフット,マ Sharufu ット
0x43a7b8@mhfdat-jp.bin,ペンブルブーツ,マシャルF Feet
0x43a7bc@mhfdat-jp.bin,ペンブルＦブーツ,ペンブル Boots
0x43a7c0@mhfdat-jp.bin,リゲリアフット・白,ペンブルF Boots
0x43a7c4@mhfdat-jp.bin,リゲリアＦフット・白,Regelia Feet・White
0x43a7c8@mhfdat-jp.bin,リゲリアブーツ・白,Regelia F Feet・White
0x43a7cc@mhfdat-jp.bin,リゲリアＦブーツ・白,Regelia Boots・White
0x43a7d0@mhfdat-jp.bin,リゲリアフット・赤,Regelia F Boots・White
0x43a7d4@mhfdat-jp.bin,リゲリアＦフット・赤,Regelia Feet・Red
0x43a7d8@mhfdat-jp.bin,リゲリアブーツ・赤,Regelia F Feet・Red
0x43a7dc@mhfdat-jp.bin,リゲリアＦブーツ・赤,Regelia Boots・Red
0x43a7e0@mhfdat-jp.bin,リゲリアフット・緑,Regelia F Boots・Red
0x43a7e4@mhfdat-jp.bin,リゲリアＦフット・緑,Regelia Feet・Green
0x43a7e8@mhfdat-jp.bin,リゲリアブーツ・緑,Regelia F Feet・Green
0x43a7ec@mhfdat-jp.bin,リゲリアＦブーツ・緑,Regelia Boots・Green
0x43a7f0@mhfdat-jp.bin,リゲリアフット・青,Regelia F Boots・Green
0x43a7f4@mhfdat-jp.bin,リゲリアＦフット・青,Regelia Feet・Blue
0x43a7f8@mhfdat-jp.bin,リゲリアブーツ・青,Regelia F Feet・Blue
0x43a7fc@mhfdat-jp.bin,リゲリアＦブーツ・青,Regelia Boots・Blue
0x43a800@mhfdat-jp.bin,ゴラエスフット,Regelia F Boots・Blue
0x43a804@mhfdat-jp.bin,ゴラエスＦフット,ゴラエス Feet
0x43a808@mhfdat-jp.bin,バシリスフット,ゴラエスF Feet
0x43a80c@mhfdat-jp.bin,バシリスＦフット,バシリス Feet
0x43a810@mhfdat-jp.bin,インジンフット,バシリスF Feet
0x43a814@mhfdat-jp.bin,インジンＦフット,インジン Feet
0x43a818@mhfdat-jp.bin,デクスタブーツ,インジンF Feet
0x43a81c@mhfdat-jp.bin,デクスタＦブーツ,Dexter Boots
0x43a820@mhfdat-jp.bin,ジャッグフット,Dexter F Boots
0x43a824@mhfdat-jp.bin,ジャッグＦフット,ジャッグ Feet
0x43a828@mhfdat-jp.bin,コンシラフット,ジャッグF Feet
0x43a82c@mhfdat-jp.bin,コンシラＦフット,コンシラ Feet
0x43a830@mhfdat-jp.bin,プレデタフット,コンシラF Feet
0x43a834@mhfdat-jp.bin,プレデタＦフット,Predator Feet
0x43a838@mhfdat-jp.bin,プリジドブーツ,Predator F Feet
0x43a83c@mhfdat-jp.bin,プリジドＦブーツ,プリジド Boots
0x43a840@mhfdat-jp.bin,スリートフット・黄,プリジドF Boots
0x43a844@mhfdat-jp.bin,スリートＦフット・黄,Suriito Feet・Yellow
0x43a848@mhfdat-jp.bin,スリートブーツ・黄,Suriito F Feet・Yellow
0x43a84c@mhfdat-jp.bin,スリートＦブーツ・黄,Suriito Boots・Yellow
0x43a850@mhfdat-jp.bin,スリートフット・銀,Suriito F Boots・Yellow
0x43a854@mhfdat-jp.bin,スリートＦフット・銀,Suriito Feet・Silver
0x43a858@mhfdat-jp.bin,スリートブーツ・銀,Suriito F Feet・Silver
0x43a85c@mhfdat-jp.bin,スリートＦブーツ・銀,Suriito Boots・Silver
0x43a860@mhfdat-jp.bin,スリートフット・赤,Suriito F Boots・Silver
0x43a864@mhfdat-jp.bin,スリートＦフット・赤,Suriito Feet・Red
0x43a868@mhfdat-jp.bin,スリートブーツ・赤,Suriito F Feet・Red
0x43a86c@mhfdat-jp.bin,スリートＦブーツ・赤,Suriito Boots・Red
0x43a870@mhfdat-jp.bin,スリートフット・青,Suriito F Boots・Red
0x43a874@mhfdat-jp.bin,スリートＦフット・青,Suriito Feet・Blue
0x43a878@mhfdat-jp.bin,スリートブーツ・青,Suriito F Feet・Blue
0x43a87c@mhfdat-jp.bin,スリートＦブーツ・青,Suriito Boots・Blue
0x43a880@mhfdat-jp.bin,カマレラフット,Suriito F Boots・Blue
0x43a884@mhfdat-jp.bin,カマレラＦフット,Camarera Feet
0x43a888@mhfdat-jp.bin,カマレラブーツ,Camarera F Feet
0x43a88c@mhfdat-jp.bin,カマレラＦブーツ,Camarera Boots
0x43a890@mhfdat-jp.bin,ガノスグリーヴSP黒,Camarera F Boots
0x43a894@mhfdat-jp.bin,ガノスグリーヴSP黄,Plesioth Greaves SP Black
0x43a898@mhfdat-jp.bin,ガノスグリーヴSP紫,Plesioth Greaves SP Yellow
0x43a89c@mhfdat-jp.bin,ガノスレギンスSP黒,Plesioth Greaves SP Purple
0x43a8a0@mhfdat-jp.bin,ガノスレギンスSP黄,Plesioth Leggings SP Black
0x43a8a4@mhfdat-jp.bin,ガノスレギンスSP紫,Plesioth Leggings SP Yellow
0x43a8a8@mhfdat-jp.bin,ゲリョスレギンスSP赤,Plesioth Leggings SP Purple
0x43a8ac@mhfdat-jp.bin,ゲリョスレギンスSP黄,Gypceros Leggings SP Red
0x43a8b0@mhfdat-jp.bin,ゲリョスレギンスSP緑,Gypceros Leggings SP Yellow
0x43a8b4@mhfdat-jp.bin,ダミー,Gypceros Leggings SP Green
0x43a8b8@mhfdat-jp.bin,ダミー,ダミー
0x43a8bc@mhfdat-jp.bin,ミラルーツＲフット,ダミー
0x43a8c0@mhfdat-jp.bin,Ｇ・ルナＲレギンス,White Fatalis R Feet
0x43a8c4@mhfdat-jp.bin,Ｓ・ソルＲレギンス,G・Lune R Leggings
0x43a8c8@mhfdat-jp.bin,デスギアＬアヴィレ,S・Sol R Leggings
0x43a8cc@mhfdat-jp.bin,グリーンＬジャージー,Death Stench L March
0x43a8d0@mhfdat-jp.bin,ブルーＬジャージー,Green L Jersey
0x43a8d4@mhfdat-jp.bin,ギザミＲレギンス,Blue L Jersey
0x43a8d8@mhfdat-jp.bin,ディアブロＲレギンス,Ceanataur R Leggings
0x43a8dc@mhfdat-jp.bin,ブランゴＲレギンス,Diablos R Leggings
0x43a8e0@mhfdat-jp.bin,コンガＲグリーヴ,Blango R Leggings
0x43a8e4@mhfdat-jp.bin,コンガＲレギンス,Congalala R Greaves
0x43a8e8@mhfdat-jp.bin,ヒプノＲレギンス,Congalala R Leggings
0x43a8ec@mhfdat-jp.bin,モノデビルＲレギンス,Hypnoc R Leggings
0x43a8f0@mhfdat-jp.bin,ガノスＲグリーヴ,Monodevil R Leggings
0x43a8f4@mhfdat-jp.bin,サンタフット,Plesioth R Greaves
0x43a8f8@mhfdat-jp.bin,サンタＦフット,Santa Feet
0x43a8fc@mhfdat-jp.bin,サンタブーツ,Santa F Feet
0x43a900@mhfdat-jp.bin,サンタＦブーツ,Santa Boots
0x43a904@mhfdat-jp.bin,フェリグリーヴ,Santa F Boots
0x43a908@mhfdat-jp.bin,フェリＦグリーヴ,フェリ Greaves
0x43a90c@mhfdat-jp.bin,フェリレギンス,フェリF Greaves
0x43a910@mhfdat-jp.bin,フェリＦレギンス,フェリ Leggings
0x43a914@mhfdat-jp.bin,テネールグリーヴ,フェリF Leggings
0x43a918@mhfdat-jp.bin,テネールＦグリーヴ,テネール Greaves
0x43a91c@mhfdat-jp.bin,テネールブーツ,テネールF Greaves
0x43a920@mhfdat-jp.bin,テネールＦブーツ,テネール Boots
0x43a924@mhfdat-jp.bin,ライダーレッグＢ,テネールF Boots
0x43a928@mhfdat-jp.bin,ライジングレッグＢ,Rider Leg B
0x43a92c@mhfdat-jp.bin,ライダーブーツＢ,Rising Leg B
0x43a930@mhfdat-jp.bin,ライジングブーツＢ,Rider Boots B
0x43a934@mhfdat-jp.bin,ライダーレッグＲ,Rising Boots B
0x43a938@mhfdat-jp.bin,ライジングレッグＲ,Rider Leg R
0x43a93c@mhfdat-jp.bin,ライダーブーツＲ,Rising Leg R
0x43a940@mhfdat-jp.bin,ライジングブーツＲ,Rider Boots R
0x43a944@mhfdat-jp.bin,ライダーレッグＹ,Rising Boots R
0x43a948@mhfdat-jp.bin,ライジングレッグＹ,Rider Leg Y
0x43a94c@mhfdat-jp.bin,ライダーブーツＹ,Rising Leg Y
0x43a950@mhfdat-jp.bin,ライジングブーツＹ,Rider Boots Y
0x43a954@mhfdat-jp.bin,ライダーレッグＧ,Rising Boots Y
0x43a958@mhfdat-jp.bin,ライジングレッグＧ,Rider Leg G
0x43a95c@mhfdat-jp.bin,ライダーブーツＧ,Rising Leg G
0x43a960@mhfdat-jp.bin,ライジングブーツＧ,Rider Boots G
0x43a964@mhfdat-jp.bin,ロバストペイル,Rising Boots G
0x43a968@mhfdat-jp.bin,ロバストＦペイル,Robust ペイル
0x43a96c@mhfdat-jp.bin,ロバストレグス,Robust Fペイル
0x43a970@mhfdat-jp.bin,ロバストＦレグス,Robust Legs
0x43a974@mhfdat-jp.bin,ククボフット,Robust F Legs
0x43a978@mhfdat-jp.bin,ククボＦフット,Kukubo Feet
0x43a97c@mhfdat-jp.bin,ククボレギンス,Kukubo F Feet
0x43a980@mhfdat-jp.bin,ククボＦレギンス,Kukubo Leggings
0x43a984@mhfdat-jp.bin,ファルコグリーヴ,Kukubo F Leggings
0x43a988@mhfdat-jp.bin,ファルコＦグリーヴ,Falco Greaves
0x43a98c@mhfdat-jp.bin,ファルコレギンス,Falco F Greaves
0x43a990@mhfdat-jp.bin,ファルコＦレギンス,Falco Leggings
0x43a994@mhfdat-jp.bin,ヴェスナフット,Falco F Leggings
0x43a998@mhfdat-jp.bin,ヴェスナＦフット,ヴェスナ Feet
0x43a99c@mhfdat-jp.bin,ベラノフット,ヴェスナF Feet
0x43a9a0@mhfdat-jp.bin,ベラノＦフット,ベラノ Feet
0x43a9a4@mhfdat-jp.bin,カリフフット,ベラノF Feet
0x43a9a8@mhfdat-jp.bin,カリフＦフット,カリフ Feet
0x43a9ac@mhfdat-jp.bin,シターブーツ,カリフF Feet
0x43a9b0@mhfdat-jp.bin,シターＦブーツ,シター Boots
0x43a9b4@mhfdat-jp.bin,コンセトフット,シターF Boots
0x43a9b8@mhfdat-jp.bin,コンセトＦフット,コンセト Feet
0x43a9bc@mhfdat-jp.bin,バステルフット,コンセトF Feet
0x43a9c0@mhfdat-jp.bin,バステルＦフット,バステル Feet
0x43a9c4@mhfdat-jp.bin,カタフフット,バステルF Feet
0x43a9c8@mhfdat-jp.bin,カタフＦフット,カタフ Feet
0x43a9cc@mhfdat-jp.bin,ハネツァブーツ,カタフF Feet
0x43a9d0@mhfdat-jp.bin,ハネツァＦブーツ,ハネツァ Boots
0x43a9d4@mhfdat-jp.bin,バーニーフット・黒,ハネツァF Boots
0x43a9d8@mhfdat-jp.bin,バーニーＦフット・黒,Bunny Feet・Black
0x43a9dc@mhfdat-jp.bin,バーニーブーツ・黒,Bunny F Feet・Black
0x43a9e0@mhfdat-jp.bin,バーニーＦブーツ・黒,Bunny Boots・Black
0x43a9e4@mhfdat-jp.bin,バーニーフット・白,Bunny F Boots・Black
0x43a9e8@mhfdat-jp.bin,バーニーＦフット・白,Bunny Feet・White
0x43a9ec@mhfdat-jp.bin,バーニーブーツ・白,Bunny F Feet・White
0x43a9f0@mhfdat-jp.bin,バーニーＦブーツ・白,Bunny Boots・White
0x43a9f4@mhfdat-jp.bin,バーニーフット・赤,Bunny F Boots・White
0x43a9f8@mhfdat-jp.bin,バーニーＦフット・赤,Bunny Feet・Red
0x43a9fc@mhfdat-jp.bin,バーニーブーツ・赤,Bunny F Feet・Red
0x43aa00@mhfdat-jp.bin,バーニーＦブーツ・赤,Bunny Boots・Red
0x43aa04@mhfdat-jp.bin,バーニーフット・紫,Bunny F Boots・Red
0x43aa08@mhfdat-jp.bin,バーニーＦフット・紫,Bunny Feet・Purple
0x43aa0c@mhfdat-jp.bin,バーニーブーツ・紫,Bunny F Feet・Purple
0x43aa10@mhfdat-jp.bin,バーニーＦブーツ・紫,Bunny Boots・Purple
0x43aa14@mhfdat-jp.bin,昇龍脚着・白,Bunny F Boots・Purple
0x43aa18@mhfdat-jp.bin,昇龍Ｆ脚着・白,昇龍 Foot 着・White
0x43aa1c@mhfdat-jp.bin,波動脚着・白,昇龍F Foot 着・White
0x43aa20@mhfdat-jp.bin,波動Ｆ脚着・白,波動 Foot 着・White
0x43aa24@mhfdat-jp.bin,百裂脚着・青,波動F Foot 着・White
0x43aa28@mhfdat-jp.bin,百裂Ｆ脚着・青,百裂 Foot 着・Blue
0x43aa2c@mhfdat-jp.bin,気功脚着・青,百裂F Foot 着・Blue
0x43aa30@mhfdat-jp.bin,気功Ｆ脚着・青,気功 Foot 着・Blue
0x43aa34@mhfdat-jp.bin,昇龍脚着・紺,気功F Foot 着・Blue
0x43aa38@mhfdat-jp.bin,昇龍Ｆ脚着・紺,昇龍 Foot 着・紺
0x43aa3c@mhfdat-jp.bin,波動脚着・紺,昇龍F Foot 着・紺
0x43aa40@mhfdat-jp.bin,波動Ｆ脚着・紺,波動 Foot 着・紺
0x43aa44@mhfdat-jp.bin,百裂脚着・黒,波動F Foot 着・紺
0x43aa48@mhfdat-jp.bin,百裂Ｆ脚着・黒,百裂 Foot 着・Black
0x43aa4c@mhfdat-jp.bin,気功脚着・黒,百裂F Foot 着・Black
0x43aa50@mhfdat-jp.bin,気功Ｆ脚着・黒,気功 Foot 着・Black
0x43aa54@mhfdat-jp.bin,昇龍脚着・黄,気功F Foot 着・Black
0x43aa58@mhfdat-jp.bin,昇龍Ｆ脚着・黄,昇龍 Foot 着・Yellow
0x43aa5c@mhfdat-jp.bin,波動脚着・黄,昇龍F Foot 着・Yellow
0x43aa60@mhfdat-jp.bin,波動Ｆ脚着・黄,波動 Foot 着・Yellow
0x43aa64@mhfdat-jp.bin,百裂脚着・黄,波動F Foot 着・Yellow
0x43aa68@mhfdat-jp.bin,百裂Ｆ脚着・黄,百裂 Foot 着・Yellow
0x43aa6c@mhfdat-jp.bin,気功脚着・黄,百裂F Foot 着・Yellow
0x43aa70@mhfdat-jp.bin,気功Ｆ脚着・黄,気功 Foot 着・Yellow
0x43aa74@mhfdat-jp.bin,昇龍脚着・紫,気功F Foot 着・Yellow
0x43aa78@mhfdat-jp.bin,昇龍Ｆ脚着・紫,昇龍 Foot 着・Purple
0x43aa7c@mhfdat-jp.bin,波動脚着・紫,昇龍F Foot 着・Purple
0x43aa80@mhfdat-jp.bin,波動Ｆ脚着・紫,波動 Foot 着・Purple
0x43aa84@mhfdat-jp.bin,百裂脚着・緑,波動F Foot 着・Purple
0x43aa88@mhfdat-jp.bin,百裂Ｆ脚着・緑,百裂 Foot 着・Green
0x43aa8c@mhfdat-jp.bin,気功脚着・緑,百裂F Foot 着・Green
0x43aa90@mhfdat-jp.bin,気功Ｆ脚着・緑,気功 Foot 着・Green
0x43aa94@mhfdat-jp.bin,ステノグリーヴ・橙,気功F Foot 着・Green
0x43aa98@mhfdat-jp.bin,ステノＦグリーヴ・橙,Steno Greaves・Orange
0x43aa9c@mhfdat-jp.bin,ステノレギンス・橙,Steno F Greaves・Orange
0x43aaa0@mhfdat-jp.bin,ステノＦレギンス・橙,Steno Leggings・Orange
0x43aaa4@mhfdat-jp.bin,ステノグリーヴ・桃,Steno F Leggings・Orange
0x43aaa8@mhfdat-jp.bin,ステノＦグリーヴ・桃,Steno Greaves・Peach
0x43aaac@mhfdat-jp.bin,ステノレギンス・桃,Steno F Greaves・Peach
0x43aab0@mhfdat-jp.bin,ステノＦレギンス・桃,Steno Leggings・Peach
0x43aab4@mhfdat-jp.bin,ステノグリーヴ・青,Steno F Leggings・Peach
0x43aab8@mhfdat-jp.bin,ステノＦグリーヴ・青,Steno Greaves・Blue
0x43aabc@mhfdat-jp.bin,ステノレギンス・青,Steno F Greaves・Blue
0x43aac0@mhfdat-jp.bin,ステノＦレギンス・青,Steno Leggings・Blue
0x43aac4@mhfdat-jp.bin,ステノグリーヴ・赤,Steno F Leggings・Blue
0x43aac8@mhfdat-jp.bin,ステノＦグリーヴ・赤,Steno Greaves・Red
0x43aacc@mhfdat-jp.bin,ステノレギンス・赤,Steno F Greaves・Red
0x43aad0@mhfdat-jp.bin,ステノＦレギンス・赤,Steno Leggings・Red
0x43aad4@mhfdat-jp.bin,ジャンピンフット,Steno F Leggings・Red
0x43aad8@mhfdat-jp.bin,ジャンピンＦフット,Jumpin' Feet
0x43aadc@mhfdat-jp.bin,ジャンピンブーツ,Jumpin' F Feet
0x43aae0@mhfdat-jp.bin,ジャンピンＦブーツ,Jumpin' Boots
0x43aae4@mhfdat-jp.bin,アデュスグリーヴ,Jumpin' F Boots
0x43aae8@mhfdat-jp.bin,アデュスＦグリーヴ,アデュス Greaves
0x43aaec@mhfdat-jp.bin,アデュスレギンス,アデュスF Greaves
0x43aaf0@mhfdat-jp.bin,アデュスＦレギンス,アデュス Leggings
0x43aaf4@mhfdat-jp.bin,メテネラフット,アデュスF Leggings
0x43aaf8@mhfdat-jp.bin,メテネラＦフット,Metenera Feet
0x43aafc@mhfdat-jp.bin,メテネラブーツ,Metenera F Feet
0x43ab00@mhfdat-jp.bin,メテネラＦブーツ,Metenera Boots
0x43ab04@mhfdat-jp.bin,エクセレグリーヴ,Metenera F Boots
0x43ab08@mhfdat-jp.bin,エクセレＦグリーヴ,Excelle Greaves
0x43ab0c@mhfdat-jp.bin,エクセレレギンス,Excelle F Greaves
0x43ab10@mhfdat-jp.bin,エクセレＦレギンス,Excelle Leggings
0x43ab14@mhfdat-jp.bin,プペングリーヴ,Excelle F Leggings
0x43ab18@mhfdat-jp.bin,プペンＦグリーヴ,Pupen Greaves
0x43ab1c@mhfdat-jp.bin,プペンレギンス,Pupen F Greaves
0x43ab20@mhfdat-jp.bin,プペンＦレギンス,Pupen Leggings
0x43ab24@mhfdat-jp.bin,モスカバグリーヴ,Pupen F Leggings
0x43ab28@mhfdat-jp.bin,モスカバＦグリーヴ,Moss Cover Greaves
0x43ab2c@mhfdat-jp.bin,モスカバレギンス,Moss Cover F Greaves
0x43ab30@mhfdat-jp.bin,モスカバＦレギンス,Moss Cover Leggings
0x43ab34@mhfdat-jp.bin,神楽【袴】SP赤,Moss Cover F Leggings
0x43ab38@mhfdat-jp.bin,神楽【袴】SP黒,Kagura [Hakama] SP Red
0x43ab3c@mhfdat-jp.bin,神楽【袴】SP紫,Kagura [Hakama] SP Black
0x43ab40@mhfdat-jp.bin,神座【袴】SP赤,Kagura [Hakama] SP Purple
0x43ab44@mhfdat-jp.bin,神座【袴】SP黒,Kamiza [Hakama] SP Red
0x43ab48@mhfdat-jp.bin,神座【袴】SP紫,Kamiza [Hakama] SP Black
0x43ab4c@mhfdat-jp.bin,モスフットSP白,Kamiza [Hakama] SP Purple
0x43ab50@mhfdat-jp.bin,モスフットSP黄,Mosswine Feet SP White
0x43ab54@mhfdat-jp.bin,モスフットSP青,Mosswine Feet SP Yellow
0x43ab58@mhfdat-jp.bin,オウビートＬフェムル,Mosswine Feet SP Blue
0x43ab5c@mhfdat-jp.bin,ヒプノＬグリーヴ,King Beetle Lフェムル
0x43ab60@mhfdat-jp.bin,コンガＬグリーヴ,Hypnoc L Greaves
0x43ab64@mhfdat-jp.bin,コーヒーＲジャージー,Congalala L Greaves
0x43ab68@mhfdat-jp.bin,ザザミＲレギンス,コーヒーR Jersey
0x43ab6c@mhfdat-jp.bin,ゲリョスＲグリーヴ,Hermitaur R Leggings
0x43ab70@mhfdat-jp.bin,ゲネポスＲグリーヴ,Gypceros R Greaves
0x43ab74@mhfdat-jp.bin,シャッセグリーヴ,Gen R Greaves
0x43ab78@mhfdat-jp.bin,シャッセレギンス,Shasse Greaves
0x43ab7c@mhfdat-jp.bin,ゴスペルＦグリーヴ,Shasse Leggings
0x43ab80@mhfdat-jp.bin,ゴスペルＦレギンス,Gospel F Greaves
0x43ab84@mhfdat-jp.bin,ルージュＦグリーヴ,Gospel F Leggings
0x43ab88@mhfdat-jp.bin,フレイヤブーツ,Rouge F Greaves
0x43ab8c@mhfdat-jp.bin,フレイヤレギンス,Freyja Boots
0x43ab90@mhfdat-jp.bin,パリアFXグリーヴ,Freyja Leggings
0x43ab94@mhfdat-jp.bin,パリアFXレギンス,Pariapuria FX Greaves
0x43ab98@mhfdat-jp.bin,グレンFXグリーヴ,Pariapuria FX Leggings
0x43ab9c@mhfdat-jp.bin,グレンFXレギンス,Guren FX Greaves
0x43aba0@mhfdat-jp.bin,ルコフット,Guren FX Leggings
0x43aba4@mhfdat-jp.bin,ルコＦフット,Rukodiora Feet
0x43aba8@mhfdat-jp.bin,ルコレグス,Rukodiora F Feet
0x43abac@mhfdat-jp.bin,ルコＦレグス,Rukodiora Legs
0x43abb0@mhfdat-jp.bin,ブリッツレガース,Rukodiora F Legs
0x43abb4@mhfdat-jp.bin,ブリッツブーツ,Blitz レガース
0x43abb8@mhfdat-jp.bin,リルスグリーヴ,Blitz Boots
0x43abbc@mhfdat-jp.bin,ダミー,Lils Greaves
0x43abc0@mhfdat-jp.bin,リルスレギンス,ダミー
0x43abc4@mhfdat-jp.bin,ダミー,Lils Leggings
0x43abc8@mhfdat-jp.bin,神楽FX【袴】,ダミー
0x43abcc@mhfdat-jp.bin,神座FX【袴】,Kagura FX [Hakama 】
0x43abd0@mhfdat-jp.bin,蒼空ノ袴,Kamiza FX [Hakama 】
0x43abd4@mhfdat-jp.bin,蒼空ノ袴・魁,Blue Sky Hakama
0x43abd8@mhfdat-jp.bin,蒼天ノ袴,Blue Sky Hakama・魁
0x43abdc@mhfdat-jp.bin,蒼天ノ袴・魁,Welkin Hakama
0x43abe0@mhfdat-jp.bin,ブレオグリーヴ,Welkin Hakama・魁
0x43abe4@mhfdat-jp.bin,ブレオＦグリーヴ,Breo Greaves
0x43abe8@mhfdat-jp.bin,ヴィネングリーヴ,Breo F Greaves
0x43abec@mhfdat-jp.bin,ヴィネンＦグリーヴ,Vinen Greaves
0x43abf0@mhfdat-jp.bin,ヴィネンブーツ,Vinen F Greaves
0x43abf4@mhfdat-jp.bin,ヴィネンＦブーツ,Vinen Boots
0x43abf8@mhfdat-jp.bin,アナトリグリーヴ,Vinen F Boots
0x43abfc@mhfdat-jp.bin,アナトリレギンス,アナトリ Greaves
0x43ac00@mhfdat-jp.bin,エディオフット・青,アナトリ Leggings
0x43ac04@mhfdat-jp.bin,エディオＦフット・青,Edio Feet・Blue
0x43ac08@mhfdat-jp.bin,エディオブーツ・青,Edio F Feet・Blue
0x43ac0c@mhfdat-jp.bin,エディオＦブーツ・青,Edio Boots・Blue
0x43ac10@mhfdat-jp.bin,エディオフット・赤,Edio F Boots・Blue
0x43ac14@mhfdat-jp.bin,エディオＦフット・赤,Edio Feet・Red
0x43ac18@mhfdat-jp.bin,エディオブーツ・赤,Edio F Feet・Red
0x43ac1c@mhfdat-jp.bin,エディオＦブーツ・赤,Edio Boots・Red
0x43ac20@mhfdat-jp.bin,エディオフット・黄,Edio F Boots・Red
0x43ac24@mhfdat-jp.bin,エディオＦフット・黄,Edio Feet・Yellow
0x43ac28@mhfdat-jp.bin,エディオブーツ・黄,Edio F Feet・Yellow
0x43ac2c@mhfdat-jp.bin,エディオＦブーツ・黄,Edio Boots・Yellow
0x43ac30@mhfdat-jp.bin,エディオフット・黒,Edio F Boots・Yellow
0x43ac34@mhfdat-jp.bin,エディオＦフット・黒,Edio Feet・Black
0x43ac38@mhfdat-jp.bin,エディオブーツ・黒,Edio F Feet・Black
0x43ac3c@mhfdat-jp.bin,エディオＦブーツ・黒,Edio Boots・Black
0x43ac40@mhfdat-jp.bin,アビットフット,Edio F Boots・Black
0x43ac44@mhfdat-jp.bin,アビットＦフット,Abitto Feet
0x43ac48@mhfdat-jp.bin,アビットブーツ,Abitto F Feet
0x43ac4c@mhfdat-jp.bin,アビットＦブーツ,Abitto Boots
0x43ac50@mhfdat-jp.bin,ハウクスグリーヴ,Abitto F Boots
0x43ac54@mhfdat-jp.bin,ハウクスＦグリーヴ,Howx Greaves
0x43ac58@mhfdat-jp.bin,ハウクスレギンス,Howx F Greaves
0x43ac5c@mhfdat-jp.bin,ハウクスＦレギンス,Howx Leggings
0x43ac60@mhfdat-jp.bin,ピラータグリーヴ,Howx F Leggings
0x43ac64@mhfdat-jp.bin,ピラータＦグリーヴ,Pirata Greaves
0x43ac68@mhfdat-jp.bin,ピラータレギンス,Pirata F Greaves
0x43ac6c@mhfdat-jp.bin,ピラータＦレギンス,Pirata Leggings
0x43ac70@mhfdat-jp.bin,アレスフット,Pirata F Leggings
0x43ac74@mhfdat-jp.bin,アレスＦフット,アレス Feet
0x43ac78@mhfdat-jp.bin,カリノフット,アレスF Feet
0x43ac7c@mhfdat-jp.bin,カリノＦフット,カリノ Feet
0x43ac80@mhfdat-jp.bin,ルルスフット,カリノF Feet
0x43ac84@mhfdat-jp.bin,ルルスＦフット,ルルス Feet
0x43ac88@mhfdat-jp.bin,ナーダブーツ,ルルスF Feet
0x43ac8c@mhfdat-jp.bin,ナーダＦブーツ,Nada Boots
0x43ac90@mhfdat-jp.bin,ロサフット,Nada F Boots
0x43ac94@mhfdat-jp.bin,ロサＦフット,Rosa Feet
0x43ac98@mhfdat-jp.bin,ハオスフット,Rosa F Feet
0x43ac9c@mhfdat-jp.bin,ハオスＦフット,Haosu Feet
0x43aca0@mhfdat-jp.bin,ミールフット,Haosu F Feet
0x43aca4@mhfdat-jp.bin,ミールＦフット,Miru Feet
0x43aca8@mhfdat-jp.bin,パスブーツ,Miru F Feet
0x43acac@mhfdat-jp.bin,パスＦブーツ,Pasu Boots
0x43acb0@mhfdat-jp.bin,蘭陀の袴・黄,Pasu F Boots
0x43acb4@mhfdat-jp.bin,蘭蛮の袴・黄,Randa の Hakama・Yellow
0x43acb8@mhfdat-jp.bin,蘭陀の履・黄,蘭蛮の Hakama・Yellow
0x43acbc@mhfdat-jp.bin,蘭蛮の履・黄,Randa の履・Yellow
0x43acc0@mhfdat-jp.bin,蘭陀の袴・赤,蘭蛮の履・Yellow
0x43acc4@mhfdat-jp.bin,蘭蛮の袴・赤,Randa の Hakama・Red
0x43acc8@mhfdat-jp.bin,蘭陀の履・赤,蘭蛮の Hakama・Red
0x43accc@mhfdat-jp.bin,蘭蛮の履・赤,Randa の履・Red
0x43acd0@mhfdat-jp.bin,蘭陀の袴・紫,蘭蛮の履・Red
0x43acd4@mhfdat-jp.bin,蘭蛮の袴・紫,Randa の Hakama・Purple
0x43acd8@mhfdat-jp.bin,蘭陀の履・紫,蘭蛮の Hakama・Purple
0x43acdc@mhfdat-jp.bin,蘭蛮の履・紫,Randa の履・Purple
0x43ace0@mhfdat-jp.bin,蘭陀の袴・金,蘭蛮の履・Purple
0x43ace4@mhfdat-jp.bin,蘭蛮の袴・金,Randa の Hakama・Gold
0x43ace8@mhfdat-jp.bin,蘭陀の履・金,蘭蛮の Hakama・Gold
0x43acec@mhfdat-jp.bin,蘭蛮の履・金,Randa の履・Gold
0x43acf0@mhfdat-jp.bin,竜巻脚着・黒,蘭蛮の履・Gold
0x43acf4@mhfdat-jp.bin,竜巻Ｆ脚着・黒,竜巻 Foot 着・Black
0x43acf8@mhfdat-jp.bin,真空脚着・黒,竜巻F Foot 着・Black
0x43acfc@mhfdat-jp.bin,真空Ｆ脚着・黒,True 空 Foot 着・Black
0x43ad00@mhfdat-jp.bin,千裂脚着・黒,True 空F Foot 着・Black
0x43ad04@mhfdat-jp.bin,千裂Ｆ脚着・黒,千裂 Foot 着・Black
0x43ad08@mhfdat-jp.bin,覇山脚着・黒,千裂F Foot 着・Black
0x43ad0c@mhfdat-jp.bin,覇山Ｆ脚着・黒,覇山 Foot 着・Black
0x43ad10@mhfdat-jp.bin,竜巻脚着・茶,覇山F Foot 着・Black
0x43ad14@mhfdat-jp.bin,竜巻Ｆ脚着・茶,竜巻 Foot 着・Tea
0x43ad18@mhfdat-jp.bin,真空脚着・茶,竜巻F Foot 着・Tea
0x43ad1c@mhfdat-jp.bin,真空Ｆ脚着・茶,True 空 Foot 着・Tea
0x43ad20@mhfdat-jp.bin,千裂脚着・紫,True 空F Foot 着・Tea
0x43ad24@mhfdat-jp.bin,千裂Ｆ脚着・紫,千裂 Foot 着・Purple
0x43ad28@mhfdat-jp.bin,覇山脚着・紫,千裂F Foot 着・Purple
0x43ad2c@mhfdat-jp.bin,覇山Ｆ脚着・紫,覇山 Foot 着・Purple
0x43ad30@mhfdat-jp.bin,竜巻脚着・白,覇山F Foot 着・Purple
0x43ad34@mhfdat-jp.bin,竜巻Ｆ脚着・白,竜巻 Foot 着・White
0x43ad38@mhfdat-jp.bin,真空脚着・白,竜巻F Foot 着・White
0x43ad3c@mhfdat-jp.bin,真空Ｆ脚着・白,True 空 Foot 着・White
0x43ad40@mhfdat-jp.bin,千裂脚着・白,True 空F Foot 着・White
0x43ad44@mhfdat-jp.bin,千裂Ｆ脚着・白,千裂 Foot 着・White
0x43ad48@mhfdat-jp.bin,覇山脚着・白,千裂F Foot 着・White
0x43ad4c@mhfdat-jp.bin,覇山Ｆ脚着・白,覇山 Foot 着・White
0x43ad50@mhfdat-jp.bin,竜巻脚着・青,覇山F Foot 着・White
0x43ad54@mhfdat-jp.bin,竜巻Ｆ脚着・青,竜巻 Foot 着・Blue
0x43ad58@mhfdat-jp.bin,真空脚着・青,竜巻F Foot 着・Blue
0x43ad5c@mhfdat-jp.bin,真空Ｆ脚着・青,True 空 Foot 着・Blue
0x43ad60@mhfdat-jp.bin,千裂脚着・緑,True 空F Foot 着・Blue
0x43ad64@mhfdat-jp.bin,千裂Ｆ脚着・緑,千裂 Foot 着・Green
0x43ad68@mhfdat-jp.bin,覇山脚着・緑,千裂F Foot 着・Green
0x43ad6c@mhfdat-jp.bin,覇山Ｆ脚着・緑,覇山 Foot 着・Green
0x43ad70@mhfdat-jp.bin,正拳脚着,覇山F Foot 着・Green
0x43ad74@mhfdat-jp.bin,正拳Ｆ脚着,正拳 Foot 着
0x43ad78@mhfdat-jp.bin,灼熱脚着,正拳F Foot 着
0x43ad7c@mhfdat-jp.bin,灼熱Ｆ脚着,灼熱 Foot 着
0x43ad80@mhfdat-jp.bin,龍星脚着,灼熱F Foot 着
0x43ad84@mhfdat-jp.bin,龍星Ｆ脚着,龍星 Foot 着
0x43ad88@mhfdat-jp.bin,虎襲脚着,龍星F Foot 着
0x43ad8c@mhfdat-jp.bin,虎襲Ｆ脚着,虎襲 Foot 着
0x43ad90@mhfdat-jp.bin,旋風脚着,虎襲F Foot 着
0x43ad94@mhfdat-jp.bin,旋風Ｆ脚着,旋風 Foot 着
0x43ad98@mhfdat-jp.bin,巴脚着,旋風F Foot 着
0x43ad9c@mhfdat-jp.bin,巴Ｆ脚着,巴 Foot 着
0x43ada0@mhfdat-jp.bin,天空脚着,巴F Foot 着
0x43ada4@mhfdat-jp.bin,天空Ｆ脚着, Heaven 空 Foot 着
0x43ada8@mhfdat-jp.bin,天昇脚着, Heaven 空F Foot 着
0x43adac@mhfdat-jp.bin,天昇Ｆ脚着, Heaven 昇 Foot 着
0x43adb0@mhfdat-jp.bin,ジェアムフット, Heaven 昇F Foot 着
0x43adb4@mhfdat-jp.bin,ジェアムＦフット,Jeamu Feet
0x43adb8@mhfdat-jp.bin,アミュスフット,Jeamu F Feet
0x43adbc@mhfdat-jp.bin,アミュスＦフット,Amyusu Feet
0x43adc0@mhfdat-jp.bin,クレバンフット,Amyusu F Feet
0x43adc4@mhfdat-jp.bin,クレバンＦフット,Clevan Feet
0x43adc8@mhfdat-jp.bin,メテロスブーツ,Clevan F Feet
0x43adcc@mhfdat-jp.bin,メテロスＦブーツ,Meterosu Boots
0x43add0@mhfdat-jp.bin,シプレルフット,Meterosu F Boots
0x43add4@mhfdat-jp.bin,シプレルＦフット,Shipureru Feet
0x43add8@mhfdat-jp.bin,トレスパフット,Shipureru F Feet
0x43addc@mhfdat-jp.bin,トレスパＦフット,Toresupa Feet
0x43ade0@mhfdat-jp.bin,ステラルフット,Toresupa F Feet
0x43ade4@mhfdat-jp.bin,ステラルＦフット,Suteraru Feet
0x43ade8@mhfdat-jp.bin,ハキュラブーツ,Suteraru F Feet
0x43adec@mhfdat-jp.bin,ハキュラＦブーツ,Hakyura Boots
0x43adf0@mhfdat-jp.bin,オルテモＦフット,Hakyura F Boots
0x43adf4@mhfdat-jp.bin,オルテモＦブーツ,Orutemo F Feet
0x43adf8@mhfdat-jp.bin,忍の足袋・陰SP黄,Orutemo F Boots
0x43adfc@mhfdat-jp.bin,忍の足袋・陰SP赤,忍の Tabi・陰 SP Yellow
0x43ae00@mhfdat-jp.bin,忍の足袋・陰SP青,忍の Tabi・陰 SP Red
0x43ae04@mhfdat-jp.bin,ＫロブスタフットSP黒,忍の Tabi・陰 SP Blue
0x43ae08@mhfdat-jp.bin,ＫロブスタフットSP緑,K. Lobster Feet SP Black
0x43ae0c@mhfdat-jp.bin,ＫロブスタフットSP青,K. Lobster Feet SP Green
0x43ae10@mhfdat-jp.bin,ＫロブスタブーツSP黒,K. Lobster Feet SP Blue
0x43ae14@mhfdat-jp.bin,ＫロブスタブーツSP緑,K. Lobster Boots SP Black
0x43ae18@mhfdat-jp.bin,ＫロブスタブーツSP青,K. Lobster Boots SP Green
0x43ae1c@mhfdat-jp.bin,アネシスＦグリーヴ,K. Lobster Boots SP Blue
0x43ae20@mhfdat-jp.bin,アネシスＦレギンス,Aneshisu F Greaves
0x43ae24@mhfdat-jp.bin,ブランＦグリーヴ,Aneshisu F Leggings
0x43ae28@mhfdat-jp.bin,ツヴィンガフット,Buran F Greaves
0x43ae2c@mhfdat-jp.bin,ツヴィンガブーツ,Zwinger Feet
0x43ae30@mhfdat-jp.bin,鬼神ノ足枷・魁,Zwinger Boots
0x43ae34@mhfdat-jp.bin,童子ノ足枷・魁,Demon Lord ノ足枷・魁
0x43ae38@mhfdat-jp.bin,メランＦグリーヴ,童子ノ足枷・魁
0x43ae3c@mhfdat-jp.bin,メランＦレギンス,Melan F Greaves
0x43ae40@mhfdat-jp.bin,ブートＦレッグ,Melan F Leggings
0x43ae44@mhfdat-jp.bin,ヒメロスFXグリーヴ,Buto F Leg
0x43ae48@mhfdat-jp.bin,カリエンFXレギンス,Himeros FX Greaves
0x43ae4c@mhfdat-jp.bin,ブレシスFXグリーヴ,Charien FX Leggings
0x43ae50@mhfdat-jp.bin,レウスLXグリーヴ,Bureshisu FX Greaves
0x43ae54@mhfdat-jp.bin,リオソウルRXグリーヴ,Rathalos LX Greaves
0x43ae58@mhfdat-jp.bin,フルフルLXグリーヴ,Rath Soul RX Greaves
0x43ae5c@mhfdat-jp.bin,フルフルRXグリーヴ,Khezu LX Greaves
0x43ae60@mhfdat-jp.bin,ハイメタLXグリーヴ,Khezu RX Greaves
0x43ae64@mhfdat-jp.bin,ハイメタRXグリーヴ,High Metal LX Greaves
0x43ae68@mhfdat-jp.bin,タロスLXレギンス,High Metal RX Greaves
0x43ae6c@mhfdat-jp.bin,タロスRXレギンス,Hornetaur LX Leggings
0x43ae70@mhfdat-jp.bin,ベルドラＲグリーヴ,Hornetaur RX Leggings
0x43ae74@mhfdat-jp.bin,ベルドラＲレギンス,Beru ドラR Greaves
0x43ae78@mhfdat-jp.bin,フレイムグリーヴ,Beru ドラR Leggings
0x43ae7c@mhfdat-jp.bin,フレイムレギンス,Flame Greaves
0x43ae80@mhfdat-jp.bin,夕焼ノ袴,Flame Leggings
0x43ae84@mhfdat-jp.bin,夕茜ノ袴,Noon Glow Hakama
0x43ae88@mhfdat-jp.bin,プーギーフット,夕茜ノ Hakama
0x43ae8c@mhfdat-jp.bin,プーギーＦフット,Poogie Feet
0x43ae90@mhfdat-jp.bin,プーギーヒール,Poogie F Feet
0x43ae94@mhfdat-jp.bin,プーギーＦヒール,Poogie Heel
0x43ae98@mhfdat-jp.bin,マンドラフット,Poogie F Heel
0x43ae9c@mhfdat-jp.bin,マンドラＦフット,Mandora Feet
0x43aea0@mhfdat-jp.bin,マンドラブーツ,Mandora F Feet
0x43aea4@mhfdat-jp.bin,マンドラＦブーツ,Mandora Boots
0x43aea8@mhfdat-jp.bin,アオノコフット,Mandora F Boots
0x43aeac@mhfdat-jp.bin,アオノコＦフット,Aonoko Feet
0x43aeb0@mhfdat-jp.bin,アオノコブーツ,Aonoko F Feet
0x43aeb4@mhfdat-jp.bin,アオノコＦブーツ,Aonoko Boots
0x43aeb8@mhfdat-jp.bin,ゼロイグリーヴ,Aonoko F Boots
0x43aebc@mhfdat-jp.bin,ゼロイＦグリーヴ,Zeroi Greaves
0x43aec0@mhfdat-jp.bin,ゼロイレギンス,Zeroi F Greaves
0x43aec4@mhfdat-jp.bin,ゼロイＦレギンス,Zeroi Leggings
0x43aec8@mhfdat-jp.bin,レイルグリーヴ,Zeroi F Leggings
0x43aecc@mhfdat-jp.bin,レイルＦグリーヴ,Rail Greaves
0x43aed0@mhfdat-jp.bin,レイルレギンス,Rail F Greaves
0x43aed4@mhfdat-jp.bin,レイルＦレギンス,Rail Leggings
0x43aed8@mhfdat-jp.bin,ルデオスグリーヴ,Rail F Leggings
0x43aedc@mhfdat-jp.bin,ルデオスＦグリーヴ,Rudeos Greaves
0x43aee0@mhfdat-jp.bin,ルデオスレギンス,Rudeos F Greaves
0x43aee4@mhfdat-jp.bin,ルデオスＦレギンス,Rudeos Leggings
0x43aee8@mhfdat-jp.bin,オルケシスグリーヴ,Rudeos F Leggings
0x43aeec@mhfdat-jp.bin,オルケシスＦグリーヴ,Orchesis Greaves
0x43aef0@mhfdat-jp.bin,オルケシスレギンス,Orchesis F Greaves
0x43aef4@mhfdat-jp.bin,オルケシスＦレギンス,Orchesis Leggings
0x43aef8@mhfdat-jp.bin,フルイトグリーヴ,Orchesis F Leggings
0x43aefc@mhfdat-jp.bin,フルイトＦグリーヴ,フルイト Greaves
0x43af00@mhfdat-jp.bin,ゲレオングリーヴ,フルイトF Greaves
0x43af04@mhfdat-jp.bin,ゲレオンＦグリーヴ,ゲレオン Greaves
0x43af08@mhfdat-jp.bin,ケックグリーヴ,ゲレオンF Greaves
0x43af0c@mhfdat-jp.bin,ケックＦグリーヴ,ケック Greaves
0x43af10@mhfdat-jp.bin,ヘンフロレギンス,ケックF Greaves
0x43af14@mhfdat-jp.bin,ヘンフロＦレギンス,ヘンフロ Leggings
0x43af18@mhfdat-jp.bin,フリゲトグリーヴ,ヘンフロF Leggings
0x43af1c@mhfdat-jp.bin,フリゲトＦグリーヴ,フリゲト Greaves
0x43af20@mhfdat-jp.bin,バークグリーヴ,フリゲトF Greaves
0x43af24@mhfdat-jp.bin,バークＦグリーヴ,バーク Greaves
0x43af28@mhfdat-jp.bin,ブリガングリーヴ,バークF Greaves
0x43af2c@mhfdat-jp.bin,ブリガンＦグリーヴ,ブリガン Greaves
0x43af30@mhfdat-jp.bin,プラムレギンス,ブリガンF Greaves
0x43af34@mhfdat-jp.bin,プラムＦレギンス,プラム Leggings
0x43af38@mhfdat-jp.bin,マイストフット・紅,プラムF Leggings
0x43af3c@mhfdat-jp.bin,マイストＦフット・紅,Maisto Feet・Crimson
0x43af40@mhfdat-jp.bin,マイストブーツ・紅,Maisto F Feet・Crimson
0x43af44@mhfdat-jp.bin,マイストＦブーツ・紅,Maisto Boots・Crimson
0x43af48@mhfdat-jp.bin,マイストフット・緑,Maisto F Boots・Crimson
0x43af4c@mhfdat-jp.bin,マイストＦフット・緑,Maisto Feet・Green
0x43af50@mhfdat-jp.bin,マイストブーツ・緑,Maisto F Feet・Green
0x43af54@mhfdat-jp.bin,マイストＦブーツ・緑,Maisto Boots・Green
0x43af58@mhfdat-jp.bin,マイストフット・蒼,Maisto F Boots・Green
0x43af5c@mhfdat-jp.bin,マイストＦフット・蒼,Maisto Feet・Green
0x43af60@mhfdat-jp.bin,マイストブーツ・蒼,Maisto F Feet・Green
0x43af64@mhfdat-jp.bin,マイストＦブーツ・蒼,Maisto Boots・Green
0x43af68@mhfdat-jp.bin,マイストフット・桜,Maisto F Boots・Green
0x43af6c@mhfdat-jp.bin,マイストＦフット・桜,Maisto Feet・Pink
0x43af70@mhfdat-jp.bin,マイストブーツ・桜,Maisto F Feet・Pink
0x43af74@mhfdat-jp.bin,マイストＦブーツ・桜,Maisto Boots・Pink
0x43af78@mhfdat-jp.bin,ワグネフット,Maisto F Boots・Pink
0x43af7c@mhfdat-jp.bin,ワグネＦフット,Wagune Feet
0x43af80@mhfdat-jp.bin,ワグネブーツ,Wagune F Feet
0x43af84@mhfdat-jp.bin,ワグネＦブーツ,Wagune Boots
0x43af88@mhfdat-jp.bin,ピスティスＦフット,Wagune F Boots
0x43af8c@mhfdat-jp.bin,ピスティスＦブーツ,Pistis F Feet
0x43af90@mhfdat-jp.bin,ヒプノグリーヴSP緑,Pistis F Boots
0x43af94@mhfdat-jp.bin,ヒプノグリーヴSP赤,Hypnoc Greaves SP Green
0x43af98@mhfdat-jp.bin,ヒプノグリーヴSP黄,Hypnoc Greaves SP Red
0x43af9c@mhfdat-jp.bin,ベルグリーヴSP黒,Hypnoc Greaves SP Yellow
0x43afa0@mhfdat-jp.bin,ベルグリーヴSP赤,Beru Greaves SP Black
0x43afa4@mhfdat-jp.bin,ベルグリーヴSP紫,Beru Greaves SP Red
0x43afa8@mhfdat-jp.bin,ベルレギンスSP黒,Beru Greaves SP Purple
0x43afac@mhfdat-jp.bin,ベルレギンスSP赤,Beru Leggings SP Black
0x43afb0@mhfdat-jp.bin,ベルレギンスSP紫,Beru Leggings SP Red
0x43afb4@mhfdat-jp.bin,ルルディブーツ,Beru Leggings SP Purple
0x43afb8@mhfdat-jp.bin,ルルディレギンス,Rurudi Boots
0x43afbc@mhfdat-jp.bin,アークＦグリーヴ,Rurudi Leggings
0x43afc0@mhfdat-jp.bin,アークＦレギンス,Arc F Greaves
0x43afc4@mhfdat-jp.bin,ストレガFXグリーヴ,Arc F Leggings
0x43afc8@mhfdat-jp.bin,ストレガFXレギンス,Strega FX Greaves
0x43afcc@mhfdat-jp.bin,リオハートRXグリーヴ,Strega FX Leggings
0x43afd0@mhfdat-jp.bin,レイアLXグリーヴ,Rath Heart RX Greaves
0x43afd4@mhfdat-jp.bin,ランゴRXレギンス,Rathian LX Greaves
0x43afd8@mhfdat-jp.bin,ランゴLXレギンス,Vespoid RX Leggings
0x43afdc@mhfdat-jp.bin,ザザミRXグリーヴ,Vespoid LX Leggings
0x43afe0@mhfdat-jp.bin,ザザミLXグリーヴ,Hermitaur RX Greaves
0x43afe4@mhfdat-jp.bin,ディアブロRXグリーヴ,Hermitaur LX Greaves
0x43afe8@mhfdat-jp.bin,ディアブロLXグリーヴ,Diablos RX Greaves
0x43afec@mhfdat-jp.bin,リリオグリーヴ,Diablos LX Greaves
0x43aff0@mhfdat-jp.bin,フレサグリーヴ,リリオ Greaves
0x43aff4@mhfdat-jp.bin,クラベルグリーヴ,フレサ Greaves
0x43aff8@mhfdat-jp.bin,シルエラグリーヴ,クラ Beru Greaves
0x43affc@mhfdat-jp.bin,カメリアグリーヴ,シルエラ Greaves
0x43b000@mhfdat-jp.bin,ハシントグリーヴ,カメ Lea Greaves
0x43b004@mhfdat-jp.bin,セレソグリーヴ,ハシント Greaves
0x43b008@mhfdat-jp.bin,オリバグリーヴ,セレソ Greaves
0x43b00c@mhfdat-jp.bin,ラウレルレギンス,オリバ Greaves
0x43b010@mhfdat-jp.bin,ココレギンス,ラウレル Leggings
0x43b014@mhfdat-jp.bin,グラナダレギンス,ココ Leggings
0x43b018@mhfdat-jp.bin,アトログリーヴ,グラナダ Leggings
0x43b01c@mhfdat-jp.bin,アトロＦグリーヴ,アトロ Greaves
0x43b020@mhfdat-jp.bin,アトロブーツ,アトロF Greaves
0x43b024@mhfdat-jp.bin,アトロＦブーツ,アトロ Boots
0x43b028@mhfdat-jp.bin,ゴゴグリーヴ,アトロF Boots
0x43b02c@mhfdat-jp.bin,ゴゴＦグリーヴ,Gogo Greaves
0x43b030@mhfdat-jp.bin,ゴゴレギンス,Gogo F Greaves
0x43b034@mhfdat-jp.bin,ゴゴＦレギンス,Gogo Leggings
0x43b038@mhfdat-jp.bin,ワダツミ【具足】,Gogo F Leggings
0x43b03c@mhfdat-jp.bin,オカミ【具足】,Wadatsumi [Greaves 】
0x43b040@mhfdat-jp.bin,ディーナレッグ,Okami [Greaves 】
0x43b044@mhfdat-jp.bin,ディーナＦレッグ,Diina Leg
0x43b048@mhfdat-jp.bin,絶影ノ袴,Diina F Leg
0x43b04c@mhfdat-jp.bin,絶影ノ袴・魁,True Shadow Hakama
0x43b050@mhfdat-jp.bin,翔影ノ袴,True Shadow Hakama・魁
0x43b054@mhfdat-jp.bin,翔影ノ袴・魁,翔影ノ Hakama
0x43b058@mhfdat-jp.bin,黒虎ノ具足,翔影ノ Hakama・魁
0x43b05c@mhfdat-jp.bin,黒豹ノ具足,Black Tiger Greaves
0x43b060@mhfdat-jp.bin,刹帝利ノ足枷,Black 豹ノ Greaves
0x43b064@mhfdat-jp.bin,婆羅門ノ足枷,刹帝利ノ足枷
0x43b068@mhfdat-jp.bin,ガリトスフット・茶,婆羅門ノ足枷
0x43b06c@mhfdat-jp.bin,ガリトスＦフット・茶,Galitos Feet・Tea
0x43b070@mhfdat-jp.bin,ガリトスブーツ・茶,Galitos F Feet・Tea
0x43b074@mhfdat-jp.bin,ガリトスＦブーツ・茶,Galitos Boots・Tea
0x43b078@mhfdat-jp.bin,ガリトスフット・赤,Galitos F Boots・Tea
0x43b07c@mhfdat-jp.bin,ガリトスＦフット・赤,Galitos Feet・Red
0x43b080@mhfdat-jp.bin,ガリトスブーツ・赤,Galitos F Feet・Red
0x43b084@mhfdat-jp.bin,ガリトスＦブーツ・赤,Galitos Boots・Red
0x43b088@mhfdat-jp.bin,ガリトスフット・黒,Galitos F Boots・Red
0x43b08c@mhfdat-jp.bin,ガリトスＦフット・黒,Galitos Feet・Black
0x43b090@mhfdat-jp.bin,ガリトスブーツ・黒,Galitos F Feet・Black
0x43b094@mhfdat-jp.bin,ガリトスＦブーツ・黒,Galitos Boots・Black
0x43b098@mhfdat-jp.bin,ガリトスフット・水,Galitos F Boots・Black
0x43b09c@mhfdat-jp.bin,ガリトスＦフット・水,Galitos Feet・Water
0x43b0a0@mhfdat-jp.bin,ガリトスブーツ・水,Galitos F Feet・Water
0x43b0a4@mhfdat-jp.bin,ガリトスＦブーツ・水,Galitos Boots・Water
0x43b0a8@mhfdat-jp.bin,リブリーフット,Galitos F Boots・Water
0x43b0ac@mhfdat-jp.bin,リブリーＦフット,Riburi Feet
0x43b0b0@mhfdat-jp.bin,リブリーFZフット,Riburi F Feet
0x43b0b4@mhfdat-jp.bin,リブリーブーツ,Riburi FZ Feet
0x43b0b8@mhfdat-jp.bin,リブリーＦブーツ,Riburi Boots
0x43b0bc@mhfdat-jp.bin,リブリーFZブーツ,Riburi F Boots
0x43b0c0@mhfdat-jp.bin,リーデレグリーヴ,Riburi FZ Boots
0x43b0c4@mhfdat-jp.bin,リーデレＦグリーヴ,Ridere Greaves
0x43b0c8@mhfdat-jp.bin,リーデレレギンス,Ridere F Greaves
0x43b0cc@mhfdat-jp.bin,リーデレＦレギンス,Ridere Leggings
0x43b0d0@mhfdat-jp.bin,リエットグリーヴ,Ridere F Leggings
0x43b0d4@mhfdat-jp.bin,リエットＦグリーヴ,Riot Greaves
0x43b0d8@mhfdat-jp.bin,リエットレギンス,Riot F Greaves
0x43b0dc@mhfdat-jp.bin,リエットＦレギンス,Riot Leggings
0x43b0e0@mhfdat-jp.bin,スケイナグリーヴ,Riot F Leggings
0x43b0e4@mhfdat-jp.bin,スケイナＦグリーヴ,スケ Ina Greaves
0x43b0e8@mhfdat-jp.bin,ミッシナグリーヴ,スケ Ina F Greaves
0x43b0ec@mhfdat-jp.bin,ミッシナＦグリーヴ,ミッシナ Greaves
0x43b0f0@mhfdat-jp.bin,プリースグリーヴ,ミッシナF Greaves
0x43b0f4@mhfdat-jp.bin,プリースＦグリーヴ,プリース Greaves
0x43b0f8@mhfdat-jp.bin,レキトリレギンス,プリースF Greaves
0x43b0fc@mhfdat-jp.bin,レキトリＦレギンス,レキトリ Leggings
0x43b100@mhfdat-jp.bin,マドニカグリーヴ,レキトリF Leggings
0x43b104@mhfdat-jp.bin,マドニカＦグリーヴ,マドニカ Greaves
0x43b108@mhfdat-jp.bin,ヴィリヤグリーヴ,マドニカF Greaves
0x43b10c@mhfdat-jp.bin,ヴィリヤＦグリーヴ,ヴィリヤ Greaves
0x43b110@mhfdat-jp.bin,ラプラルグリーヴ,ヴィリヤF Greaves
0x43b114@mhfdat-jp.bin,ラプラルＦグリーヴ,ラプラル Greaves
0x43b118@mhfdat-jp.bin,サザールレギンス,ラプラルF Greaves
0x43b11c@mhfdat-jp.bin,サザールＦレギンス,サザール Leggings
0x43b120@mhfdat-jp.bin,トラスレギンス青,サザールF Leggings
0x43b124@mhfdat-jp.bin,トラスＦレギンス青,Truss Leggings Blue
0x43b128@mhfdat-jp.bin,トラスシューズ青,Truss F Leggings Blue
0x43b12c@mhfdat-jp.bin,トラスＦシューズ青,Truss シューズ Blue
0x43b130@mhfdat-jp.bin,トラスレギンス赤,Truss Fシューズ Blue
0x43b134@mhfdat-jp.bin,トラスＦレギンス赤,Truss Leggings Red
0x43b138@mhfdat-jp.bin,トラスシューズ赤,Truss F Leggings Red
0x43b13c@mhfdat-jp.bin,トラスＦシューズ赤,Truss シューズ Red
0x43b140@mhfdat-jp.bin,トラスレギンス白,Truss Fシューズ Red
0x43b144@mhfdat-jp.bin,トラスＦレギンス白,Truss Leggings White
0x43b148@mhfdat-jp.bin,トラスシューズ白,Truss F Leggings White
0x43b14c@mhfdat-jp.bin,トラスＦシューズ白,Truss シューズ White
0x43b150@mhfdat-jp.bin,トラスレギンス紫,Truss Fシューズ White
0x43b154@mhfdat-jp.bin,トラスＦレギンス紫,Truss Leggings Purple
0x43b158@mhfdat-jp.bin,トラスシューズ紫,Truss F Leggings Purple
0x43b15c@mhfdat-jp.bin,トラスＦシューズ紫,Truss シューズ Purple
0x43b160@mhfdat-jp.bin,デモングリーヴ青,Truss Fシューズ Purple
0x43b164@mhfdat-jp.bin,デモンＦグリーヴ青,Demon Greaves Blue
0x43b168@mhfdat-jp.bin,カオスグリーヴ青,Demon F Greaves Blue
0x43b16c@mhfdat-jp.bin,カオスＦグリーヴ青,Chaos Greaves Blue
0x43b170@mhfdat-jp.bin,デモングリーヴ赤,Chaos F Greaves Blue
0x43b174@mhfdat-jp.bin,デモンＦグリーヴ赤,Demon Greaves Red
0x43b178@mhfdat-jp.bin,カオスグリーヴ赤,Demon F Greaves Red
0x43b17c@mhfdat-jp.bin,カオスＦグリーヴ赤,Chaos Greaves Red
0x43b180@mhfdat-jp.bin,デモングリーヴ緑,Chaos F Greaves Red
0x43b184@mhfdat-jp.bin,デモンＦグリーヴ緑,Demon Greaves Green
0x43b188@mhfdat-jp.bin,カオスグリーヴ緑,Demon F Greaves Green
0x43b18c@mhfdat-jp.bin,カオスＦグリーヴ緑,Chaos Greaves Green
0x43b190@mhfdat-jp.bin,デモングリーヴ白,Chaos F Greaves Green
0x43b194@mhfdat-jp.bin,デモンＦグリーヴ白,Demon Greaves White
0x43b198@mhfdat-jp.bin,カオスグリーヴ白,Demon F Greaves White
0x43b19c@mhfdat-jp.bin,カオスＦグリーヴ白,Chaos Greaves White
0x43b1a0@mhfdat-jp.bin,シャドウブーツ紫,Chaos F Greaves White
0x43b1a4@mhfdat-jp.bin,シャドウＦブーツ紫,Shadow Boots Purple
0x43b1a8@mhfdat-jp.bin,ソウルブーツ紫,Shadow F Boots Purple
0x43b1ac@mhfdat-jp.bin,ソウルＦブーツ紫,Soul Boots Purple
0x43b1b0@mhfdat-jp.bin,シャドウブーツ赤,Soul F Boots Purple
0x43b1b4@mhfdat-jp.bin,シャドウＦブーツ赤,Shadow Boots Red
0x43b1b8@mhfdat-jp.bin,ソウルブーツ赤,Shadow F Boots Red
0x43b1bc@mhfdat-jp.bin,ソウルＦブーツ赤,Soul Boots Red
0x43b1c0@mhfdat-jp.bin,シャドウブーツ緑,Soul F Boots Red
0x43b1c4@mhfdat-jp.bin,シャドウＦブーツ緑,Shadow Boots Green
0x43b1c8@mhfdat-jp.bin,ソウルブーツ緑,Shadow F Boots Green
0x43b1cc@mhfdat-jp.bin,ソウルＦブーツ緑,Soul Boots Green
0x43b1d0@mhfdat-jp.bin,シャドウブーツ白,Soul F Boots Green
0x43b1d4@mhfdat-jp.bin,シャドウＦブーツ白,Shadow Boots White
0x43b1d8@mhfdat-jp.bin,ソウルブーツ白,Shadow F Boots White
0x43b1dc@mhfdat-jp.bin,ソウルＦブーツ白,Soul Boots White
0x43b1e0@mhfdat-jp.bin,フィディグリーヴ,Soul F Boots White
0x43b1e4@mhfdat-jp.bin,エピディグリーヴ,フィディ Greaves
0x43b1e8@mhfdat-jp.bin,ヴェルフィグリーヴ,エピディ Greaves
0x43b1ec@mhfdat-jp.bin,ヴェルフィレギンス,ヴェルフィ Greaves
0x43b1f0@mhfdat-jp.bin,テリオググリーヴ,ヴェルフィ Leggings
0x43b1f4@mhfdat-jp.bin,テリオグレギンス,テリオグ Greaves
0x43b1f8@mhfdat-jp.bin,クロッスフット,テリオグ Leggings
0x43b1fc@mhfdat-jp.bin,クロッスＦフット,Kurossu Feet
0x43b200@mhfdat-jp.bin,クロッスブーツ,Kurossu F Feet
0x43b204@mhfdat-jp.bin,クロッスＦブーツ,Kurossu Boots
0x43b208@mhfdat-jp.bin,シエリーFXグリーヴ,Kurossu F Boots
0x43b20c@mhfdat-jp.bin,シエリーFXレギンス,Shieri FX Greaves
0x43b210@mhfdat-jp.bin,クラフトFXブーツ,Shieri FX Leggings
0x43b214@mhfdat-jp.bin,クラフトFXレギンス,Craft FX Boots
0x43b218@mhfdat-jp.bin,モスカバFXグリーヴ,Craft FX Leggings
0x43b21c@mhfdat-jp.bin,モスカバFXレギンス,Moss Cover FX Greaves
0x43b220@mhfdat-jp.bin,エクセレFXグリーヴ,Moss Cover FX Leggings
0x43b224@mhfdat-jp.bin,エクセレFXレギンス,Excelle FX Greaves
0x43b228@mhfdat-jp.bin,蒼空ノ袴・真,Excelle FX Leggings
0x43b22c@mhfdat-jp.bin,蒼天ノ袴・真,Blue Sky Hakama・True
0x43b230@mhfdat-jp.bin,ビステマブーツ,Welkin Hakama・True
0x43b234@mhfdat-jp.bin,リオデュオＦグリーヴ,ビステマ Boots
0x43b238@mhfdat-jp.bin,リオデュオＦレギンス,Rath Duo F Greaves
0x43b23c@mhfdat-jp.bin,ロークＦグリーヴ,Rath Duo F Leggings
0x43b240@mhfdat-jp.bin,ロークＦレギンス,ロークF Greaves
0x43b244@mhfdat-jp.bin,ブルホＦフット・青,ロークF Leggings
0x43b248@mhfdat-jp.bin,マーギアＦブーツ・青,Buruho F Feet・Blue
0x43b24c@mhfdat-jp.bin,ゴゴFXグリーヴ,マー Gear F Boots・Blue
0x43b250@mhfdat-jp.bin,ゴゴFXレギンス,Gogo FX Greaves
0x43b254@mhfdat-jp.bin,クラージFXグリーヴ,Gogo FX Leggings
0x43b258@mhfdat-jp.bin,クラージFXレギンス,Kuraaji FX Greaves
0x43b25c@mhfdat-jp.bin,ザーカーFXグリーヴ,Kuraaji FX Leggings
0x43b260@mhfdat-jp.bin,チェイサーFXレギンス,Zaakaa FX Greaves
0x43b264@mhfdat-jp.bin,アビットFZフット,Chaser FX Leggings
0x43b268@mhfdat-jp.bin,アビットFZブーツ,Abitto FZ Feet
0x43b26c@mhfdat-jp.bin,アージェFZフット,Abitto FZ Boots
0x43b270@mhfdat-jp.bin,アージェFZブーツ,Arge FZ Feet
0x43b274@mhfdat-jp.bin,カマレラFZフット,Arge FZ Boots
0x43b278@mhfdat-jp.bin,カマレラFZブーツ,Camarera FZ Feet
0x43b27c@mhfdat-jp.bin,メテネラFZフット,Camarera FZ Boots
0x43b280@mhfdat-jp.bin,メテネラFZブーツ,Metenera FZ Feet
0x43b284@mhfdat-jp.bin,ルコFXフット,Metenera FZ Boots
0x43b288@mhfdat-jp.bin,ルコFXレグス,Rukodiora FX Feet
0x43b28c@mhfdat-jp.bin,ザムザグリーヴ,Rukodiora FX Legs
0x43b290@mhfdat-jp.bin,ザムザＦグリーヴ,Zamuza Greaves
0x43b294@mhfdat-jp.bin,ザムザFXグリーヴ,Zamuza F Greaves
0x43b298@mhfdat-jp.bin,ザムザレギンス,Zamuza FX Greaves
0x43b29c@mhfdat-jp.bin,ザムザＦレギンス,Zamuza Leggings
0x43b2a0@mhfdat-jp.bin,ザムザFXレギンス,Zamuza F Leggings
0x43b2a4@mhfdat-jp.bin,アビオグリーヴ,Zamuza FX Leggings
0x43b2a8@mhfdat-jp.bin,アビオＦグリーヴ,Abiorugu Greaves
0x43b2ac@mhfdat-jp.bin,アビオFXグリーヴ,Abiorugu F Greaves
0x43b2b0@mhfdat-jp.bin,アビオレギンス,Abiorugu FX Greaves
0x43b2b4@mhfdat-jp.bin,アビオＦレギンス,Abiorugu Leggings
0x43b2b8@mhfdat-jp.bin,アビオFXレギンス,Abiorugu F Leggings
0x43b2bc@mhfdat-jp.bin,クロオビグリーヴSP白,Abiorugu FX Leggings
0x43b2c0@mhfdat-jp.bin,クロオビグリーヴSP黒,Black Belt Greaves SP White
0x43b2c4@mhfdat-jp.bin,クロオビグリーヴSP青,Black Belt Greaves SP Black
0x43b2c8@mhfdat-jp.bin,アプカルグリーヴSP白,Black Belt Greaves SP Blue
0x43b2cc@mhfdat-jp.bin,アプカルグリーヴSP緑,Apkallu Greaves SP White
0x43b2d0@mhfdat-jp.bin,アプカルグリーヴSP黄,Apkallu Greaves SP Green
0x43b2d4@mhfdat-jp.bin,ガレオスLXグリーヴ,Apkallu Greaves SP Yellow
0x43b2d8@mhfdat-jp.bin,ブランゴLXグリーヴ,Cepha LX Greaves
0x43b2dc@mhfdat-jp.bin,グラビドLXグリーヴ,Blango LX Greaves
0x43b2e0@mhfdat-jp.bin,ボーンLXレギンス,Gravios LX Greaves
0x43b2e4@mhfdat-jp.bin,ガレオスRXグリーヴ,Bone LX Leggings
0x43b2e8@mhfdat-jp.bin,ブランゴRXグリーヴ,Cepha RX Greaves
0x43b2ec@mhfdat-jp.bin,グラビドRXグリーヴ,Blango RX Greaves
0x43b2f0@mhfdat-jp.bin,ボーンRXレギンス,Gravios RX Greaves
0x43b2f4@mhfdat-jp.bin,白蛇ノ具足,Bone RX Leggings
0x43b2f8@mhfdat-jp.bin,白蛇ノ具足・魁,White Snake Greaves
0x43b2fc@mhfdat-jp.bin,白鳥ノ具足,White Snake Greaves・魁
0x43b300@mhfdat-jp.bin,白鳥ノ具足・魁, White 鳥ノ Greaves
0x43b304@mhfdat-jp.bin,カカブフット,White 鳥ノ Greaves・魁
0x43b308@mhfdat-jp.bin,カカブレギンス,Kakabu Feet
0x43b30c@mhfdat-jp.bin,オネログリーヴ,Kakabu Leggings
0x43b310@mhfdat-jp.bin,オネロレギンス,Onero Greaves
0x43b314@mhfdat-jp.bin,ジャガーグリーヴ,Onero Leggings
0x43b318@mhfdat-jp.bin,ジャガーレギンス,Jyaga Greaves
0x43b31c@mhfdat-jp.bin,オメットフット・黒,Jyaga Leggings
0x43b320@mhfdat-jp.bin,オメットＦフット・黒,Omet Feet・Black
0x43b324@mhfdat-jp.bin,オメットブーツ・黒,Omet F Feet・Black
0x43b328@mhfdat-jp.bin,オメットＦブーツ・黒,Omet Boots・Black
0x43b32c@mhfdat-jp.bin,オメットフット・赤,Omet F Boots・Black
0x43b330@mhfdat-jp.bin,オメットＦフット・赤,Omet Feet・Red
0x43b334@mhfdat-jp.bin,オメットブーツ・赤,Omet F Feet・Red
0x43b338@mhfdat-jp.bin,オメットＦブーツ・赤,Omet Boots・Red
0x43b33c@mhfdat-jp.bin,オメットフット・白,Omet F Boots・Red
0x43b340@mhfdat-jp.bin,オメットＦフット・白,Omet Feet・White
0x43b344@mhfdat-jp.bin,オメットブーツ・白,Omet F Feet・White
0x43b348@mhfdat-jp.bin,オメットＦブーツ・白,Omet Boots・White
0x43b34c@mhfdat-jp.bin,オメットフット・青,Omet F Boots・White
0x43b350@mhfdat-jp.bin,オメットＦフット・青,Omet Feet・Blue
0x43b354@mhfdat-jp.bin,オメットブーツ・青,Omet F Feet・Blue
0x43b358@mhfdat-jp.bin,オメットＦブーツ・青,Omet Boots・Blue
0x43b35c@mhfdat-jp.bin,ルターレグリーヴ,Omet F Boots・Blue
0x43b360@mhfdat-jp.bin,ルターレＦグリーヴ,Rutare Greaves
0x43b364@mhfdat-jp.bin,ルターレレギンス,Rutare F Greaves
0x43b368@mhfdat-jp.bin,ルターレＦレギンス,Rutare Leggings
0x43b36c@mhfdat-jp.bin,流転の具足,Rutare F Leggings
0x43b370@mhfdat-jp.bin,流転の具足・魁,Rolling Flow の Greaves
0x43b374@mhfdat-jp.bin,旋転の具足,Rolling Flow の Greaves・魁
0x43b378@mhfdat-jp.bin,旋転の具足・魁,旋転の Greaves
0x43b37c@mhfdat-jp.bin,厳岩の袴,旋転の Greaves・魁
0x43b380@mhfdat-jp.bin,厳岩の袴・魁,厳岩の Hakama
0x43b384@mhfdat-jp.bin,不破の袴,厳岩の Hakama・魁
0x43b388@mhfdat-jp.bin,不破の袴・魁,不破の Hakama
0x43b38c@mhfdat-jp.bin,無想の袴,不破の Hakama・魁
0x43b390@mhfdat-jp.bin,無想の袴・魁,無想の Hakama
0x43b394@mhfdat-jp.bin,俊激の履,無想の Hakama・魁
0x43b398@mhfdat-jp.bin,俊激の履・魁,俊激の履
0x43b39c@mhfdat-jp.bin,スイフドフット,俊激の履・魁
0x43b3a0@mhfdat-jp.bin,スイフドＦフット,Suifudo Feet
0x43b3a4@mhfdat-jp.bin,メロデスフット,Suifudo F Feet
0x43b3a8@mhfdat-jp.bin,メロデスＦフット,Merodesu Feet
0x43b3ac@mhfdat-jp.bin,スマトスフット,Merodesu F Feet
0x43b3b0@mhfdat-jp.bin,スマトスＦフット,Sumatosu Feet
0x43b3b4@mhfdat-jp.bin,パッシオブーツ,Sumatosu F Feet
0x43b3b8@mhfdat-jp.bin,パッシオＦブーツ,Passhio Boots
0x43b3bc@mhfdat-jp.bin,カウチュフット・灰,Passhio F Boots
0x43b3c0@mhfdat-jp.bin,カウチュＦフット・灰,Cultu Feet・Ash
0x43b3c4@mhfdat-jp.bin,カウチュブーツ・灰,Cultu F Feet・Ash
0x43b3c8@mhfdat-jp.bin,カウチュＦブーツ・灰,Cultu Boots・Ash
0x43b3cc@mhfdat-jp.bin,カウチュフット・青,Cultu F Boots・Ash
0x43b3d0@mhfdat-jp.bin,カウチュＦフット・青,Cultu Feet・Blue
0x43b3d4@mhfdat-jp.bin,カウチュブーツ・青,Cultu F Feet・Blue
0x43b3d8@mhfdat-jp.bin,カウチュＦブーツ・青,Cultu Boots・Blue
0x43b3dc@mhfdat-jp.bin,カウチュフット・橙,Cultu F Boots・Blue
0x43b3e0@mhfdat-jp.bin,カウチュＦフット・橙,Cultu Feet・Orange
0x43b3e4@mhfdat-jp.bin,カウチュブーツ・橙,Cultu F Feet・Orange
0x43b3e8@mhfdat-jp.bin,カウチュＦブーツ・橙,Cultu Boots・Orange
0x43b3ec@mhfdat-jp.bin,カウチュフット・緑,Cultu F Boots・Orange
0x43b3f0@mhfdat-jp.bin,カウチュＦフット・緑,Cultu Feet・Green
0x43b3f4@mhfdat-jp.bin,カウチュブーツ・緑,Cultu F Feet・Green
0x43b3f8@mhfdat-jp.bin,カウチュＦブーツ・緑,Cultu Boots・Green
0x43b3fc@mhfdat-jp.bin,ジストレルＦレッグ,Cultu F Boots・Green
0x43b400@mhfdat-jp.bin,リサーザＦフット,Jisutoreru F Leg
0x43b404@mhfdat-jp.bin,リサーザＦブーツ,Risaaza F Feet
0x43b408@mhfdat-jp.bin,テクストFZフット・紫,Risaaza F Boots
0x43b40c@mhfdat-jp.bin,テクストFZフット・緑,Text FZ Feet・Purple
0x43b410@mhfdat-jp.bin,テクストFZフット・青,Text FZ Feet・Green
0x43b414@mhfdat-jp.bin,テクストFZフット・黒,Text FZ Feet・Blue
0x43b418@mhfdat-jp.bin,テクストFZブーツ・紫,Text FZ Feet・Black
0x43b41c@mhfdat-jp.bin,テクストFZブーツ・緑,Text FZ Boots・Purple
0x43b420@mhfdat-jp.bin,テクストFZブーツ・青,Text FZ Boots・Green
0x43b424@mhfdat-jp.bin,テクストFZブーツ・黒,Text FZ Boots・Blue
0x43b428@mhfdat-jp.bin,スリートFZフット・黄,Text FZ Boots・Black
0x43b42c@mhfdat-jp.bin,スリートFZフット・銀,Suriito FZ Feet・Yellow
0x43b430@mhfdat-jp.bin,スリートFZフット・赤,Suriito FZ Feet・Silver
0x43b434@mhfdat-jp.bin,スリートFZフット・青,Suriito FZ Feet・Red
0x43b438@mhfdat-jp.bin,スリートFZブーツ・黄,Suriito FZ Feet・Blue
0x43b43c@mhfdat-jp.bin,スリートFZブーツ・銀,Suriito FZ Boots・Yellow
0x43b440@mhfdat-jp.bin,スリートFZブーツ・赤,Suriito FZ Boots・Silver
0x43b444@mhfdat-jp.bin,スリートFZブーツ・青,Suriito FZ Boots・Red
0x43b448@mhfdat-jp.bin,ステノFZグリーヴ・橙,Suriito FZ Boots・Blue
0x43b44c@mhfdat-jp.bin,ステノFZグリーヴ・桃,Steno FZ Greaves・Orange
0x43b450@mhfdat-jp.bin,ステノFZグリーヴ・青,Steno FZ Greaves・Peach
0x43b454@mhfdat-jp.bin,ステノFZグリーヴ・赤,Steno FZ Greaves・Blue
0x43b458@mhfdat-jp.bin,ステノFZレギンス・橙,Steno FZ Greaves・Red
0x43b45c@mhfdat-jp.bin,ステノFZレギンス・桃,Steno FZ Leggings・Orange
0x43b460@mhfdat-jp.bin,ステノFZレギンス・青,Steno FZ Leggings・Peach
0x43b464@mhfdat-jp.bin,ステノFZレギンス・赤,Steno FZ Leggings・Blue
0x43b468@mhfdat-jp.bin,エディオFZフット・青,Steno FZ Leggings・Red
0x43b46c@mhfdat-jp.bin,エディオFZフット・赤,Edio FZ Feet・Blue
0x43b470@mhfdat-jp.bin,エディオFZフット・黄,Edio FZ Feet・Red
0x43b474@mhfdat-jp.bin,エディオFZフット・黒,Edio FZ Feet・Yellow
0x43b478@mhfdat-jp.bin,エディオFZブーツ・青,Edio FZ Feet・Black
0x43b47c@mhfdat-jp.bin,エディオFZブーツ・赤,Edio FZ Boots・Blue
0x43b480@mhfdat-jp.bin,エディオFZブーツ・黄,Edio FZ Boots・Red
0x43b484@mhfdat-jp.bin,エディオFZブーツ・黒,Edio FZ Boots・Yellow
0x43b488@mhfdat-jp.bin,ガリトスFZフット・茶,Edio FZ Boots・Black
0x43b48c@mhfdat-jp.bin,ガリトスFZフット・赤,Galitos FZ Feet・Tea
0x43b490@mhfdat-jp.bin,ガリトスFZフット・黒,Galitos FZ Feet・Red
0x43b494@mhfdat-jp.bin,ガリトスFZフット・水,Galitos FZ Feet・Black
0x43b498@mhfdat-jp.bin,ガリトスFZブーツ・茶,Galitos FZ Feet・Water
0x43b49c@mhfdat-jp.bin,ガリトスFZブーツ・赤,Galitos FZ Boots・Tea
0x43b4a0@mhfdat-jp.bin,ガリトスFZブーツ・黒,Galitos FZ Boots・Red
0x43b4a4@mhfdat-jp.bin,ガリトスFZブーツ・水,Galitos FZ Boots・Black
0x43b4a8@mhfdat-jp.bin,ベイルＦディバイダー,Galitos FZ Boots・Water
0x43b4ac@mhfdat-jp.bin,ダミー,Beil F Divider
0x43b4b0@mhfdat-jp.bin,ジェスグリーヴ,ダミー
0x43b4b4@mhfdat-jp.bin,ジェスＦグリーヴ,Jess Greaves
0x43b4b8@mhfdat-jp.bin,ジェスFYグリーヴ,Jess F Greaves
0x43b4bc@mhfdat-jp.bin,ジェスHCグリーヴ,Jess FY Greaves
0x43b4c0@mhfdat-jp.bin,ジェスレギンス,Jess HC Greaves
0x43b4c4@mhfdat-jp.bin,ジェスＦレギンス,Jess Leggings
0x43b4c8@mhfdat-jp.bin,ジェスFYレギンス,Jess F Leggings
0x43b4cc@mhfdat-jp.bin,ジェスHCレギンス,Jess FY Leggings
0x43b4d0@mhfdat-jp.bin,エクエスHCグリーヴ,Jess HC Leggings
0x43b4d4@mhfdat-jp.bin,エクエスHCレギンス,Eques HC Greaves
0x43b4d8@mhfdat-jp.bin,クラージHCグリーヴ,Eques HC Leggings
0x43b4dc@mhfdat-jp.bin,クラージHCレギンス,Kuraaji HC Greaves
0x43b4e0@mhfdat-jp.bin,メランFYグリーヴ,Kuraaji HC Leggings
0x43b4e4@mhfdat-jp.bin,メランHCグリーヴ,Melan FY Greaves
0x43b4e8@mhfdat-jp.bin,メランFYレギンス,Melan HC Greaves
0x43b4ec@mhfdat-jp.bin,メランHCレギンス,Melan FY Leggings
0x43b4f0@mhfdat-jp.bin,ハルバダーFYグリーヴ,Melan HC Leggings
0x43b4f4@mhfdat-jp.bin,ハルバダーHCグリーヴ,Harubadaa FY Greaves
0x43b4f8@mhfdat-jp.bin,トラッカーFYレギンス,Harubadaa HC Greaves
0x43b4fc@mhfdat-jp.bin,トラッカーHCレギンス,Tracker FY Leggings
0x43b500@mhfdat-jp.bin,オメットFZフット・黒,Tracker HC Leggings
0x43b504@mhfdat-jp.bin,オメットFZブーツ・黒,Omet FZ Feet・Black
0x43b508@mhfdat-jp.bin,オメットFZフット・赤,Omet FZ Boots・Black
0x43b50c@mhfdat-jp.bin,オメットFZブーツ・赤,Omet FZ Feet・Red
0x43b510@mhfdat-jp.bin,オメットFZフット・白,Omet FZ Boots・Red
0x43b514@mhfdat-jp.bin,オメットFZブーツ・白,Omet FZ Feet・White
0x43b518@mhfdat-jp.bin,オメットFZフット・青,Omet FZ Boots・White
0x43b51c@mhfdat-jp.bin,オメットFZブーツ・青,Omet FZ Feet・Blue
0x43b520@mhfdat-jp.bin,カウチュFZフット・灰,Omet FZ Boots・Blue
0x43b524@mhfdat-jp.bin,カウチュFZブーツ・灰,Cultu FZ Feet・Ash
0x43b528@mhfdat-jp.bin,カウチュFZフット・青,Cultu FZ Boots・Ash
0x43b52c@mhfdat-jp.bin,カウチュFZブーツ・青,Cultu FZ Feet・Blue
0x43b530@mhfdat-jp.bin,カウチュFZフット・橙,Cultu FZ Boots・Blue
0x43b534@mhfdat-jp.bin,カウチュFZブーツ・橙,Cultu FZ Feet・Orange
0x43b538@mhfdat-jp.bin,カウチュFZフット・緑,Cultu FZ Boots・Orange
0x43b53c@mhfdat-jp.bin,カウチュFZブーツ・緑,Cultu FZ Feet・Green
0x43b540@mhfdat-jp.bin,カウチュHCフット・灰,Cultu FZ Boots・Green
0x43b544@mhfdat-jp.bin,カウチュHCブーツ・灰,Cultu HC Feet・Ash
0x43b548@mhfdat-jp.bin,カウチュHCフット・青,Cultu HC Boots・Ash
0x43b54c@mhfdat-jp.bin,カウチュHCブーツ・青,Cultu HC Feet・Blue
0x43b550@mhfdat-jp.bin,カウチュHCフット・橙,Cultu HC Boots・Blue
0x43b554@mhfdat-jp.bin,カウチュHCブーツ・橙,Cultu HC Feet・Orange
0x43b558@mhfdat-jp.bin,カウチュHCフット・緑,Cultu HC Boots・Orange
0x43b55c@mhfdat-jp.bin,カウチュHCブーツ・緑,Cultu HC Feet・Green
0x43b560@mhfdat-jp.bin,ガウスFZグリーヴ,Cultu HC Boots・Green
0x43b564@mhfdat-jp.bin,ウェーバFZグリーヴ,Gauss FZ Greaves
0x43b568@mhfdat-jp.bin,ギルバートFZグリーヴ,Weber FZ Greaves
0x43b56c@mhfdat-jp.bin,ガウスFZレギンス,Gilbert FZ Greaves
0x43b570@mhfdat-jp.bin,ウェーバFZレギンス,Gauss FZ Leggings
0x43b574@mhfdat-jp.bin,ギルバートFZレギンス,Weber FZ Leggings
0x43b578@mhfdat-jp.bin,ガウスHCグリーヴ,Gilbert FZ Leggings
0x43b57c@mhfdat-jp.bin,ウェーバHCグリーヴ,Gauss HC Greaves
0x43b580@mhfdat-jp.bin,ギルバートHCグリーヴ,Weber HC Greaves
0x43b584@mhfdat-jp.bin,ガウスHCレギンス,Gilbert HC Greaves
0x43b588@mhfdat-jp.bin,ウェーバHCレギンス,Gauss HC Leggings
0x43b58c@mhfdat-jp.bin,ギルバートHCレギンス,Weber HC Leggings
0x43b590@mhfdat-jp.bin,シャランFZフット・青,Gilbert HC Leggings
0x43b594@mhfdat-jp.bin,シャランHCフット・青,Shaln FZ Feet・Blue
0x43b598@mhfdat-jp.bin,シャランFZブーツ・青,Shaln HC Feet・Blue
0x43b59c@mhfdat-jp.bin,シャランHCブーツ・青,Shaln FZ Boots・Blue
0x43b5a0@mhfdat-jp.bin,シャランFZフット・緑,Shaln HC Boots・Blue
0x43b5a4@mhfdat-jp.bin,シャランHCフット・緑,Shaln FZ Feet・Green
0x43b5a8@mhfdat-jp.bin,シャランFZブーツ・緑,Shaln HC Feet・Green
0x43b5ac@mhfdat-jp.bin,シャランHCブーツ・緑,Shaln FZ Boots・Green
0x43b5b0@mhfdat-jp.bin,シャランFZフット・紫,Shaln HC Boots・Green
0x43b5b4@mhfdat-jp.bin,シャランHCフット・紫,Shaln FZ Feet・Purple
0x43b5b8@mhfdat-jp.bin,シャランFZブーツ・紫,Shaln HC Feet・Purple
0x43b5bc@mhfdat-jp.bin,シャランHCブーツ・紫,Shaln FZ Boots・Purple
0x43b5c0@mhfdat-jp.bin,シャランFZフット・白,Shaln HC Boots・Purple
0x43b5c4@mhfdat-jp.bin,シャランHCフット・白,Shaln FZ Feet・White
0x43b5c8@mhfdat-jp.bin,シャランFZブーツ・白,Shaln HC Feet・White
0x43b5cc@mhfdat-jp.bin,シャランHCブーツ・白,Shaln FZ Boots・White
0x43b5d0@mhfdat-jp.bin,ダミー,Shaln HC Boots・White
0x43b5d4@mhfdat-jp.bin,ダミー,ダミー
0x43b5d8@mhfdat-jp.bin,ダミー,ダミー
0x43b5dc@mhfdat-jp.bin,ダミー,ダミー
0x43b5e0@mhfdat-jp.bin,ダミー,ダミー
0x43b5e4@mhfdat-jp.bin,ダミー,ダミー
0x43b5e8@mhfdat-jp.bin,ダミー,ダミー
0x43b5ec@mhfdat-jp.bin,ダミー,ダミー
0x43b5f0@mhfdat-jp.bin,ダミー,ダミー
0x43b5f4@mhfdat-jp.bin,ダミー,ダミー
0x43b5f8@mhfdat-jp.bin,ダミー,ダミー
0x43b5fc@mhfdat-jp.bin,ダミー,ダミー
0x43b600@mhfdat-jp.bin,ダミー,ダミー
0x43b604@mhfdat-jp.bin,ダミー,ダミー
0x43b608@mhfdat-jp.bin,ダミー,ダミー
0x43b60c@mhfdat-jp.bin,ダミー,ダミー
0x43b610@mhfdat-jp.bin,ダミー,ダミー
0x43b614@mhfdat-jp.bin,ダミー,ダミー
0x43b618@mhfdat-jp.bin,ダミー,ダミー
0x43b61c@mhfdat-jp.bin,ダミー,ダミー
0x43b620@mhfdat-jp.bin,ダミー,ダミー
0x43b624@mhfdat-jp.bin,クアルグリーヴ,ダミー
0x43b628@mhfdat-jp.bin,クアルＦグリーヴ,Kuaru Greaves
0x43b62c@mhfdat-jp.bin,クアルFXグリーヴ,Kuaru F Greaves
0x43b630@mhfdat-jp.bin,クアルレギンス,Kuaru FX Greaves
0x43b634@mhfdat-jp.bin,クアルＦレギンス,Kuaru Leggings
0x43b638@mhfdat-jp.bin,クアルFXレギンス,Kuaru F Leggings
0x43b63c@mhfdat-jp.bin,ウィンドペイル,Kuaru FX Leggings
0x43b640@mhfdat-jp.bin,ウィンドハディ,Wind ペイル
0x43b644@mhfdat-jp.bin,ルコフットSP白,Wind ハディ
0x43b648@mhfdat-jp.bin,ルコフットSP青,Rukodiora Feet SP White
0x43b64c@mhfdat-jp.bin,ルコフットSP赤,Rukodiora Feet SP Blue
0x43b650@mhfdat-jp.bin,ルコレグスSP白,Rukodiora Feet SP Red
0x43b654@mhfdat-jp.bin,ルコレグスSP青,Rukodiora Legs SP White
0x43b658@mhfdat-jp.bin,ルコレグスSP赤,Rukodiora Legs SP Blue
0x43b65c@mhfdat-jp.bin,コムラダブーツSP白赤,Rukodiora Legs SP Red
0x43b660@mhfdat-jp.bin,コムラダブーツSP白青,Comrade Boots SP White Red
0x43b664@mhfdat-jp.bin,コムラダブーツSP白黄,Comrade Boots SP White Blue
0x43b668@mhfdat-jp.bin,ルベライトグリーヴ,Comrade Boots SP White Yellow
0x43b66c@mhfdat-jp.bin,ルベライトＦグリーヴ,Rubellite Greaves
0x43b670@mhfdat-jp.bin,ルベライトFXグリーヴ,Rubellite F Greaves
0x43b674@mhfdat-jp.bin,ラズライトグリーヴ,Rubellite FX Greaves
0x43b678@mhfdat-jp.bin,ラズライトＦグリーヴ,ラズライト Greaves
0x43b67c@mhfdat-jp.bin,ラズライトFXグリーヴ,ラズライトF Greaves
0x43b680@mhfdat-jp.bin,ジルコングリーヴ,ラズライトFX Greaves
0x43b684@mhfdat-jp.bin,ジルコンＦグリーヴ,Zircon Greaves
0x43b688@mhfdat-jp.bin,ジルコンFXグリーヴ,Zircon F Greaves
0x43b68c@mhfdat-jp.bin,スピネルグリーヴ,Zircon FX Greaves
0x43b690@mhfdat-jp.bin,スピネルＦグリーヴ,Spinel Greaves
0x43b694@mhfdat-jp.bin,スピネルFXグリーヴ,Spinel F Greaves
0x43b698@mhfdat-jp.bin,パイローブグリーヴ,Spinel FX Greaves
0x43b69c@mhfdat-jp.bin,パイローブＦグリーヴ,Pyrope Greaves
0x43b6a0@mhfdat-jp.bin,パイローブFXグリーヴ,Pyrope F Greaves
0x43b6a4@mhfdat-jp.bin,アイオラグリーヴ,Pyrope FX Greaves
0x43b6a8@mhfdat-jp.bin,アイオラＦグリーヴ,アイオラ Greaves
0x43b6ac@mhfdat-jp.bin,アイオラFXグリーヴ,アイオラF Greaves
0x43b6b0@mhfdat-jp.bin,ジェイドグリーヴ,アイオラFX Greaves
0x43b6b4@mhfdat-jp.bin,ジェイドＦグリーヴ,Jade Greaves
0x43b6b8@mhfdat-jp.bin,ジェイドFXグリーヴ,Jade F Greaves
0x43b6bc@mhfdat-jp.bin,アゲートグリーヴ,Jade FX Greaves
0x43b6c0@mhfdat-jp.bin,アゲートＦグリーヴ,Agate Greaves
0x43b6c4@mhfdat-jp.bin,アゲートFXグリーヴ,Agate F Greaves
0x43b6c8@mhfdat-jp.bin,シトリンレギンス,Agate FX Greaves
0x43b6cc@mhfdat-jp.bin,シトリンＦレギンス,Citrine Leggings
0x43b6d0@mhfdat-jp.bin,シトリンFXレギンス,Citrine F Leggings
0x43b6d4@mhfdat-jp.bin,ペリドットレギンス,Citrine FX Leggings
0x43b6d8@mhfdat-jp.bin,ペリドットＦレギンス,Peridot Leggings
0x43b6dc@mhfdat-jp.bin,ペリドットFXレギンス,Peridot F Leggings
0x43b6e0@mhfdat-jp.bin,ターコイズレギンス,Peridot FX Leggings
0x43b6e4@mhfdat-jp.bin,ターコイズＦレギンス,Turquoise Leggings
0x43b6e8@mhfdat-jp.bin,ターコイズFXレギンス,Turquoise F Leggings
0x43b6ec@mhfdat-jp.bin,納言ノ袴,Turquoise FX Leggings
0x43b6f0@mhfdat-jp.bin,納言ノ袴・魁,Valued Word Hakama
0x43b6f4@mhfdat-jp.bin,納言ノ袴・粋,Valued Word Hakama・魁
0x43b6f8@mhfdat-jp.bin,納言ノ袴・華,Valued Word Hakama・Smart
0x43b6fc@mhfdat-jp.bin,式部ノ袴,Valued Word Hakama・Flower
0x43b700@mhfdat-jp.bin,式部ノ袴・魁,式部ノ Hakama
0x43b704@mhfdat-jp.bin,式部ノ袴・粋,式部ノ Hakama・魁
0x43b708@mhfdat-jp.bin,式部ノ袴・華,式部ノ Hakama・Smart
0x43b70c@mhfdat-jp.bin,アルルフット,式部ノ Hakama・Flower
0x43b710@mhfdat-jp.bin,アルルＦフット,Aruru Feet
0x43b714@mhfdat-jp.bin,アルルFYフット,Aruru F Feet
0x43b718@mhfdat-jp.bin,アルルHCフット,Aruru FY Feet
0x43b71c@mhfdat-jp.bin,アルルレギンス,Aruru HC Feet
0x43b720@mhfdat-jp.bin,アルルＦレギンス,Aruru Leggings
0x43b724@mhfdat-jp.bin,アルルFYレギンス,Aruru F Leggings
0x43b728@mhfdat-jp.bin,アルルHCレギンス,Aruru FY Leggings
0x43b72c@mhfdat-jp.bin,オーロワグリーヴ,Aruru HC Leggings
0x43b730@mhfdat-jp.bin,オーロワＦグリーヴ,Oorowa Greaves
0x43b734@mhfdat-jp.bin,オーロワFYグリーヴ,Oorowa F Greaves
0x43b738@mhfdat-jp.bin,オーロワHCグリーヴ,Oorowa FY Greaves
0x43b73c@mhfdat-jp.bin,オーロワレギンス,Oorowa HC Greaves
0x43b740@mhfdat-jp.bin,オーロワＦレギンス,Oorowa Leggings
0x43b744@mhfdat-jp.bin,オーロワFYレギンス,Oorowa F Leggings
0x43b748@mhfdat-jp.bin,オーロワHCレギンス,Oorowa FY Leggings
0x43b74c@mhfdat-jp.bin,オネロＦグリーヴ,Oorowa HC Leggings
0x43b750@mhfdat-jp.bin,オネロＦレギンス,Onero F Greaves
0x43b754@mhfdat-jp.bin,ディールFYグリーヴ,Onero F Leggings
0x43b758@mhfdat-jp.bin,ディールFYレギンス,Diru FY Greaves
0x43b75c@mhfdat-jp.bin,ストレガHCグリーヴ,Diru FY Leggings
0x43b760@mhfdat-jp.bin,ストレガHCレギンス,Strega HC Greaves
0x43b764@mhfdat-jp.bin,ザーカーHCグリーヴ,Strega HC Leggings
0x43b768@mhfdat-jp.bin,チェイサーHCレギンス,Zaakaa HC Greaves
0x43b76c@mhfdat-jp.bin,鬼神ノ足枷・極,Chaser HC Leggings
0x43b770@mhfdat-jp.bin,鬼神ノ足枷・天,Demon Lord ノ足枷・Extreme
0x43b774@mhfdat-jp.bin,童子ノ足枷・極,Demon Lord ノ足枷・Heaven
0x43b778@mhfdat-jp.bin,童子ノ足枷・天,童子ノ足枷・Extreme
0x43b77c@mhfdat-jp.bin,アナキＦグリーヴ,童子ノ足枷・Heaven
0x43b780@mhfdat-jp.bin,アナキFYグリーヴ,アナキF Greaves
0x43b784@mhfdat-jp.bin,アナキHCグリーヴ,アナキFY Greaves
0x43b788@mhfdat-jp.bin,アナキＦブーツ,アナキHC Greaves
0x43b78c@mhfdat-jp.bin,アナキFYブーツ,アナキF Boots
0x43b790@mhfdat-jp.bin,アナキHCブーツ,アナキFY Boots
0x43b794@mhfdat-jp.bin,ロイヤルFYグリーヴ,アナキHC Boots
0x43b798@mhfdat-jp.bin,ロイヤルHCグリーヴ,Royal FY Greaves
0x43b79c@mhfdat-jp.bin,ロードFYレギンス,Royal HC Greaves
0x43b7a0@mhfdat-jp.bin,ロードHCレギンス,Lord FY Leggings
0x43b7a4@mhfdat-jp.bin,フレイブーツ,Lord HC Leggings
0x43b7a8@mhfdat-jp.bin,クロノスブーツ,フレイ Boots
0x43b7ac@mhfdat-jp.bin,フレイレギンス,クロノス Boots
0x43b7b0@mhfdat-jp.bin,クロノスレギンス,フレイ Leggings
0x43b7b4@mhfdat-jp.bin,ヒメロスHCグリーヴ,クロノス Leggings
0x43b7b8@mhfdat-jp.bin,ブレシスHCグリーヴ,Himeros HC Greaves
0x43b7bc@mhfdat-jp.bin,カリエンHCレギンス,Bureshisu HC Greaves
0x43b7c0@mhfdat-jp.bin,ブランFYグリーヴ,Charien HC Leggings
0x43b7c4@mhfdat-jp.bin,ブランHCグリーヴ,Buran FY Greaves
0x43b7c8@mhfdat-jp.bin,ゲリョスLXグリーヴ,Buran HC Greaves
0x43b7cc@mhfdat-jp.bin,ギザミLXグリーヴ,Gypceros LX Greaves
0x43b7d0@mhfdat-jp.bin,レックスLXグリーヴ,Ceanataur LX Greaves
0x43b7d4@mhfdat-jp.bin,モノブロスLXレギンス,Tigrex LX Greaves
0x43b7d8@mhfdat-jp.bin,ゲリョスRXグリーヴ,Monoblos LX Leggings
0x43b7dc@mhfdat-jp.bin,ギザミRXグリーヴ,Gypceros RX Greaves
0x43b7e0@mhfdat-jp.bin,エスピナRXフェルゼ,Ceanataur RX Greaves
0x43b7e4@mhfdat-jp.bin,モノデビルRXレギンス,Espinas RX Heel
0x43b7e8@mhfdat-jp.bin,カエシスフット水,Monodevil RX Leggings
0x43b7ec@mhfdat-jp.bin,カエシスＦフット水,Cayssis Feet Water
0x43b7f0@mhfdat-jp.bin,カエシスFZフット水,Cayssis F Feet Water
0x43b7f4@mhfdat-jp.bin,カエシスレギンス水,Cayssis FZ Feet Water
0x43b7f8@mhfdat-jp.bin,カエシスＦレギンス水,Cayssis Leggings Water
0x43b7fc@mhfdat-jp.bin,カエシスFZレギンス水,Cayssis F Leggings Water
0x43b800@mhfdat-jp.bin,カエシスフット赤,Cayssis FZ Leggings Water
0x43b804@mhfdat-jp.bin,カエシスＦフット赤,Cayssis Feet Red
0x43b808@mhfdat-jp.bin,カエシスFZフット赤,Cayssis F Feet Red
0x43b80c@mhfdat-jp.bin,カエシスレギンス赤,Cayssis FZ Feet Red
0x43b810@mhfdat-jp.bin,カエシスＦレギンス赤,Cayssis Leggings Red
0x43b814@mhfdat-jp.bin,カエシスFZレギンス赤,Cayssis F Leggings Red
0x43b818@mhfdat-jp.bin,カエシスフット青,Cayssis FZ Leggings Red
0x43b81c@mhfdat-jp.bin,カエシスＦフット青,Cayssis Feet Blue
0x43b820@mhfdat-jp.bin,カエシスFZフット青,Cayssis F Feet Blue
0x43b824@mhfdat-jp.bin,カエシスレギンス青,Cayssis FZ Feet Blue
0x43b828@mhfdat-jp.bin,カエシスＦレギンス青,Cayssis Leggings Blue
0x43b82c@mhfdat-jp.bin,カエシスFZレギンス青,Cayssis F Leggings Blue
0x43b830@mhfdat-jp.bin,カエシスフット橙,Cayssis FZ Leggings Blue
0x43b834@mhfdat-jp.bin,カエシスＦフット橙,Cayssis Feet Orange
0x43b838@mhfdat-jp.bin,カエシスFZフット橙,Cayssis F Feet Orange
0x43b83c@mhfdat-jp.bin,カエシスレギンス橙,Cayssis FZ Feet Orange
0x43b840@mhfdat-jp.bin,カエシスＦレギンス橙,Cayssis Leggings Orange
0x43b844@mhfdat-jp.bin,カエシスFZレギンス橙,Cayssis F Leggings Orange
0x43b848@mhfdat-jp.bin,嵐転の具足,Cayssis FZ Leggings Orange
0x43b84c@mhfdat-jp.bin,嵐転の具足・魁,Rolling Sky の Greaves
0x43b850@mhfdat-jp.bin,地転の具足,Rolling Sky の Greaves・魁
0x43b854@mhfdat-jp.bin,地転の具足・魁,Rolling Earth の Greaves
0x43b858@mhfdat-jp.bin,キュビィフット,Rolling Earth の Greaves・魁
0x43b85c@mhfdat-jp.bin,キュビィＦフット,Cubie Feet
0x43b860@mhfdat-jp.bin,キュビィFZフット,Cubie F Feet
0x43b864@mhfdat-jp.bin,キュビィレギンス,Cubie FZ Feet
0x43b868@mhfdat-jp.bin,キュビィＦレギンス,Cubie Leggings
0x43b86c@mhfdat-jp.bin,キュビィFZレギンス,Cubie F Leggings
0x43b870@mhfdat-jp.bin,フラートフット,Cubie FZ Leggings
0x43b874@mhfdat-jp.bin,フラートＦフット,フラート Feet
0x43b878@mhfdat-jp.bin,ナーレーフット,フラートF Feet
0x43b87c@mhfdat-jp.bin,ナーレーＦフット,ナーレー Feet
0x43b880@mhfdat-jp.bin,ヘイツフット,ナーレーF Feet
0x43b884@mhfdat-jp.bin,ヘイツＦフット,ヘイツ Feet
0x43b888@mhfdat-jp.bin,レーングブーツ,ヘイツF Feet
0x43b88c@mhfdat-jp.bin,レーングＦブーツ,レーング Boots
0x43b890@mhfdat-jp.bin,シャッドフット,レーングF Boots
0x43b894@mhfdat-jp.bin,シャッドＦフット,シャッド Feet
0x43b898@mhfdat-jp.bin,フュージフット,シャッドF Feet
0x43b89c@mhfdat-jp.bin,フュージＦフット,フュージ Feet
0x43b8a0@mhfdat-jp.bin,タニイフット,フュージF Feet
0x43b8a4@mhfdat-jp.bin,タニイＦフット,タニイ Feet
0x43b8a8@mhfdat-jp.bin,ミナムブーツ,タニイF Feet
0x43b8ac@mhfdat-jp.bin,ミナムＦブーツ,ミナム Boots
0x43b8b0@mhfdat-jp.bin,シエナグリーヴ・銀,ミナムF Boots
0x43b8b4@mhfdat-jp.bin,シエナＦグリーヴ・銀,Siena Greaves・Silver
0x43b8b8@mhfdat-jp.bin,シエナFZグリーヴ・銀,Siena F Greaves・Silver
0x43b8bc@mhfdat-jp.bin,シエナHCグリーヴ・銀,Siena FZ Greaves・Silver
0x43b8c0@mhfdat-jp.bin,シエナレギンス・銀,Siena HC Greaves・Silver
0x43b8c4@mhfdat-jp.bin,シエナＦレギンス・銀,Siena Leggings・Silver
0x43b8c8@mhfdat-jp.bin,シエナFZレギンス・銀,Siena F Leggings・Silver
0x43b8cc@mhfdat-jp.bin,シエナHCレギンス・銀,Siena FZ Leggings・Silver
0x43b8d0@mhfdat-jp.bin,シエナグリーヴ・黒,Siena HC Leggings・Silver
0x43b8d4@mhfdat-jp.bin,シエナＦグリーヴ・黒,Siena Greaves・Black
0x43b8d8@mhfdat-jp.bin,シエナFZグリーヴ・黒,Siena F Greaves・Black
0x43b8dc@mhfdat-jp.bin,シエナHCグリーヴ・黒,Siena FZ Greaves・Black
0x43b8e0@mhfdat-jp.bin,シエナレギンス・黒,Siena HC Greaves・Black
0x43b8e4@mhfdat-jp.bin,シエナＦレギンス・黒,Siena Leggings・Black
0x43b8e8@mhfdat-jp.bin,シエナFZレギンス・黒,Siena F Leggings・Black
0x43b8ec@mhfdat-jp.bin,シエナHCレギンス・黒,Siena FZ Leggings・Black
0x43b8f0@mhfdat-jp.bin,シエナグリーヴ・赤,Siena HC Leggings・Black
0x43b8f4@mhfdat-jp.bin,シエナＦグリーヴ・赤,Siena Greaves・Red
0x43b8f8@mhfdat-jp.bin,シエナFZグリーヴ・赤,Siena F Greaves・Red
0x43b8fc@mhfdat-jp.bin,シエナHCグリーヴ・赤,Siena FZ Greaves・Red
0x43b900@mhfdat-jp.bin,シエナレギンス・赤,Siena HC Greaves・Red
0x43b904@mhfdat-jp.bin,シエナＦレギンス・赤,Siena Leggings・Red
0x43b908@mhfdat-jp.bin,シエナFZレギンス・赤,Siena F Leggings・Red
0x43b90c@mhfdat-jp.bin,シエナHCレギンス・赤,Siena FZ Leggings・Red
0x43b910@mhfdat-jp.bin,シエナグリーヴ・青,Siena HC Leggings・Red
0x43b914@mhfdat-jp.bin,シエナＦグリーヴ・青,Siena Greaves・Blue
0x43b918@mhfdat-jp.bin,シエナFZグリーヴ・青,Siena F Greaves・Blue
0x43b91c@mhfdat-jp.bin,シエナHCグリーヴ・青,Siena FZ Greaves・Blue
0x43b920@mhfdat-jp.bin,シエナレギンス・青,Siena HC Greaves・Blue
0x43b924@mhfdat-jp.bin,シエナＦレギンス・青,Siena Leggings・Blue
0x43b928@mhfdat-jp.bin,シエナFZレギンス・青,Siena F Leggings・Blue
0x43b92c@mhfdat-jp.bin,シエナHCレギンス・青,Siena FZ Leggings・Blue
0x43b930@mhfdat-jp.bin,ガウスグリーヴ,Siena HC Leggings・Blue
0x43b934@mhfdat-jp.bin,ガウスＦグリーヴ,Gauss Greaves
0x43b938@mhfdat-jp.bin,ウェーバグリーヴ,Gauss F Greaves
0x43b93c@mhfdat-jp.bin,ウェーバＦグリーヴ,Weber Greaves
0x43b940@mhfdat-jp.bin,ギルバートグリーヴ,Weber F Greaves
0x43b944@mhfdat-jp.bin,ギルバートＦグリーヴ,Gilbert Greaves
0x43b948@mhfdat-jp.bin,ガウスレギンス,Gilbert F Greaves
0x43b94c@mhfdat-jp.bin,ガウスＦレギンス,Gauss Leggings
0x43b950@mhfdat-jp.bin,ウェーバレギンス,Gauss F Leggings
0x43b954@mhfdat-jp.bin,ウェーバＦレギンス,Weber Leggings
0x43b958@mhfdat-jp.bin,ギルバートレギンス,Weber F Leggings
0x43b95c@mhfdat-jp.bin,ギルバートＦレギンス,Gilbert Leggings
0x43b960@mhfdat-jp.bin,レギュクスＦフット,Gilbert F Leggings
0x43b964@mhfdat-jp.bin,レギュクスＦブーツ,Regyukusu F Feet
0x43b968@mhfdat-jp.bin,ガルーダFZレッグ,Regyukusu F Boots
0x43b96c@mhfdat-jp.bin,ガルーダFZブーツ,Garuda FZ Leg
0x43b970@mhfdat-jp.bin,フィアラルFZレッグ,Garuda FZ Boots
0x43b974@mhfdat-jp.bin,フィアラルFZブーツ,Feral FZ Leg
0x43b978@mhfdat-jp.bin,パンデウムFZレッグ,Feral FZ Boots
0x43b97c@mhfdat-jp.bin,パンデウムFZブーツ,Pandeum FZ Leg
0x43b980@mhfdat-jp.bin,ディアンFZレッグ,Pandeum FZ Boots
0x43b984@mhfdat-jp.bin,ディアンFZブーツ,Dian FZ Leg
0x43b988@mhfdat-jp.bin,ワイルドFZレッグ,Dian FZ Boots
0x43b98c@mhfdat-jp.bin,ワイルドFZブーツ,Wild FZ Leg
0x43b990@mhfdat-jp.bin,フラウアFZレッグ,Wild FZ Boots
0x43b994@mhfdat-jp.bin,フラウアFZブーツ,Flower FZ Leg
0x43b998@mhfdat-jp.bin,フィアスFZレッグ,Flower FZ Boots
0x43b99c@mhfdat-jp.bin,フィアスFZブーツ,Fias FZ Leg
0x43b9a0@mhfdat-jp.bin,ヴィルトFZレッグ,Fias FZ Boots
0x43b9a4@mhfdat-jp.bin,ヴィルトFZブーツ,Viruto FZ Leg
0x43b9a8@mhfdat-jp.bin,テューンFZレッグ,Viruto FZ Boots
0x43b9ac@mhfdat-jp.bin,シュナイトFZブーツ,Tune FZ Leg
0x43b9b0@mhfdat-jp.bin,ディクトFZレッグ,Schnite FZ Boots
0x43b9b4@mhfdat-jp.bin,ディレットFZブーツ,Dicto FZ Leg
0x43b9b8@mhfdat-jp.bin,クリュスFZレッグ,Diletto FZ Boots
0x43b9bc@mhfdat-jp.bin,クォートFZブーツ,Kruss FZ Leg
0x43b9c0@mhfdat-jp.bin,スタリナFZレッグ,Quote FZ Boots
0x43b9c4@mhfdat-jp.bin,スタリナFZブーツ,Starina FZ Leg
0x43b9c8@mhfdat-jp.bin,ルースFZレッグ,Starina FZ Boots
0x43b9cc@mhfdat-jp.bin,ルースFZブーツ,Loose FZ Leg
0x43b9d0@mhfdat-jp.bin,ミラドFZレッグ,Loose FZ Boots
0x43b9d4@mhfdat-jp.bin,ミラドFZブーツ,Mirado FZ Leg
0x43b9d8@mhfdat-jp.bin,デュールFZグリーヴ,Mirado FZ Boots
0x43b9dc@mhfdat-jp.bin,デュールFZレギンス,Deyuru FZ Greaves
0x43b9e0@mhfdat-jp.bin,ロバストFZペイル,Deyuru FZ Leggings
0x43b9e4@mhfdat-jp.bin,ロバストFZレグス,Robust FZペイル
0x43b9e8@mhfdat-jp.bin,ファルコFZグリーヴ,Robust FZ Legs
0x43b9ec@mhfdat-jp.bin,ファルコFZレギンス,Falco FZ Greaves
0x43b9f0@mhfdat-jp.bin,ハウクスFZグリーヴ,Falco FZ Leggings
0x43b9f4@mhfdat-jp.bin,ハウクスFZレギンス,Howx FZ Greaves
0x43b9f8@mhfdat-jp.bin,ピラータFZグリーヴ,Howx FZ Leggings
0x43b9fc@mhfdat-jp.bin,ピラータFZレギンス,Pirata FZ Greaves
0x43ba00@mhfdat-jp.bin,ゼロイFZグリーヴ,Pirata FZ Leggings
0x43ba04@mhfdat-jp.bin,ゼロイFZレギンス,Zeroi FZ Greaves
0x43ba08@mhfdat-jp.bin,レイルFZグリーヴ,Zeroi FZ Leggings
0x43ba0c@mhfdat-jp.bin,レイルFZレギンス,Rail FZ Greaves
0x43ba10@mhfdat-jp.bin,リーデレFZグリーヴ,Rail FZ Leggings
0x43ba14@mhfdat-jp.bin,リーデレFZレギンス,Ridere FZ Greaves
0x43ba18@mhfdat-jp.bin,リエットFZグリーヴ,Ridere FZ Leggings
0x43ba1c@mhfdat-jp.bin,リエットFZレギンス,Riot FZ Greaves
0x43ba20@mhfdat-jp.bin,ルターレFZグリーヴ,Riot FZ Leggings
0x43ba24@mhfdat-jp.bin,ルターレFZレギンス,Rutare FZ Greaves
0x43ba28@mhfdat-jp.bin,流転の具足・雅,Rutare FZ Leggings
0x43ba2c@mhfdat-jp.bin,旋転の具足・雅,Rolling Flow の Greaves・Elegant
0x43ba30@mhfdat-jp.bin,嵐転の具足・雅,旋転の Greaves・Elegant
0x43ba34@mhfdat-jp.bin,地転の具足・雅,Rolling Sky の Greaves・Elegant
0x43ba38@mhfdat-jp.bin,オディバグリーヴ,Rolling Earth の Greaves・Elegant
0x43ba3c@mhfdat-jp.bin,オディバＦグリーヴ,Odiva Greaves
0x43ba40@mhfdat-jp.bin,オディバFXグリーヴ,Odiva F Greaves
0x43ba44@mhfdat-jp.bin,オディバレギンス,Odiva FX Greaves
0x43ba48@mhfdat-jp.bin,オディバＦレギンス,Odiva Leggings
0x43ba4c@mhfdat-jp.bin,オディバFXレギンス,Odiva F Leggings
0x43ba50@mhfdat-jp.bin,武者【具足】,Odiva FX Leggings
0x43ba54@mhfdat-jp.bin,日光【具足】,武者 [Greaves 】
0x43ba58@mhfdat-jp.bin,ブリッツＦレガース,日光 [Greaves 】
0x43ba5c@mhfdat-jp.bin,ブリッツＦブーツ,Blitz Fレガース
0x43ba60@mhfdat-jp.bin,フレイムＦグリーヴ,Blitz F Boots
0x43ba64@mhfdat-jp.bin,フレイムＦレギンス,Flame F Greaves
0x43ba68@mhfdat-jp.bin,ウィンドＦペイル,Flame F Leggings
0x43ba6c@mhfdat-jp.bin,ウィンドＦハディ,Wind Fペイル
0x43ba70@mhfdat-jp.bin,武者Ｆ【具足】,Wind Fハディ
0x43ba74@mhfdat-jp.bin,日光Ｆ【具足】,武者F [Greaves 】
0x43ba78@mhfdat-jp.bin,ワダツミＦ【具足】,日光F [Greaves 】
0x43ba7c@mhfdat-jp.bin,オカミＦ【具足】,Wadatsumi F [Greaves 】
0x43ba80@mhfdat-jp.bin,チャチャブピエーデ,Okami F [Greaves 】
0x43ba84@mhfdat-jp.bin,チャチャブクルース,チャチャブピエーデ
0x43ba88@mhfdat-jp.bin,チャチャブタロン,チャチャブク Loose
0x43ba8c@mhfdat-jp.bin,チャチャブバイン,チャチャブタロン
0x43ba90@mhfdat-jp.bin,トリートグリーヴ,チャチャブバイン
0x43ba94@mhfdat-jp.bin,トリートＦグリーヴ,トリート Greaves
0x43ba98@mhfdat-jp.bin,トリートFYグリーヴ,トリートF Greaves
0x43ba9c@mhfdat-jp.bin,トリートHCグリーヴ,トリートFY Greaves
0x43baa0@mhfdat-jp.bin,トリートブーツ,トリートHC Greaves
0x43baa4@mhfdat-jp.bin,トリートＦブーツ,トリート Boots
0x43baa8@mhfdat-jp.bin,トリートFYブーツ,トリートF Boots
0x43baac@mhfdat-jp.bin,トリートHCブーツ,トリートFY Boots
0x43bab0@mhfdat-jp.bin,タングスグリーヴ,トリートHC Boots
0x43bab4@mhfdat-jp.bin,タングスＦグリーヴ,Tangusu Greaves
0x43bab8@mhfdat-jp.bin,タングスFYグリーヴ,Tangusu F Greaves
0x43babc@mhfdat-jp.bin,タングスHCグリーヴ,Tangusu FY Greaves
0x43bac0@mhfdat-jp.bin,コバルタレギンス,Tangusu HC Greaves
0x43bac4@mhfdat-jp.bin,コバルタＦレギンス,Kobaruta Leggings
0x43bac8@mhfdat-jp.bin,コバルタFYレギンス,Kobaruta F Leggings
0x43bacc@mhfdat-jp.bin,コバルタHCレギンス,Kobaruta FY Leggings
0x43bad0@mhfdat-jp.bin,ドグメアグリーヴ,Kobaruta HC Leggings
0x43bad4@mhfdat-jp.bin,ドグメアＦグリーヴ,Dogumea Greaves
0x43bad8@mhfdat-jp.bin,ドグメアFYグリーヴ,Dogumea F Greaves
0x43badc@mhfdat-jp.bin,ドグメアHCグリーヴ,Dogumea FY Greaves
0x43bae0@mhfdat-jp.bin,ドグメアレギンス,Dogumea HC Greaves
0x43bae4@mhfdat-jp.bin,ドグメアＦレギンス,Dogumea Leggings
0x43bae8@mhfdat-jp.bin,ドグメアFYレギンス,Dogumea F Leggings
0x43baec@mhfdat-jp.bin,ドグメアHCレギンス,Dogumea FY Leggings
0x43baf0@mhfdat-jp.bin,マダルグリーヴ,Dogumea HC Leggings
0x43baf4@mhfdat-jp.bin,マダルＦグリーヴ,Madaru Greaves
0x43baf8@mhfdat-jp.bin,マダルFYグリーヴ,Madaru F Greaves
0x43bafc@mhfdat-jp.bin,マダルHCグリーヴ,Madaru FY Greaves
0x43bb00@mhfdat-jp.bin,マダルレギンス,Madaru HC Greaves
0x43bb04@mhfdat-jp.bin,マダルＦレギンス,Madaru Leggings
0x43bb08@mhfdat-jp.bin,マダルFYレギンス,Madaru F Leggings
0x43bb0c@mhfdat-jp.bin,マダルHCレギンス,Madaru FY Leggings
0x43bb10@mhfdat-jp.bin,ディールHCグリーヴ,Madaru HC Leggings
0x43bb14@mhfdat-jp.bin,ディールHCレギンス,Diru HC Greaves
0x43bb18@mhfdat-jp.bin,ヴィネンFYグリーヴ,Diru HC Leggings
0x43bb1c@mhfdat-jp.bin,ヴィネンHCグリーヴ,Vinen FY Greaves
0x43bb20@mhfdat-jp.bin,ヴィネンFYブーツ,Vinen HC Greaves
0x43bb24@mhfdat-jp.bin,ヴィネンHCブーツ,Vinen FY Boots
0x43bb28@mhfdat-jp.bin,ブレオFYグリーヴ,Vinen HC Boots
0x43bb2c@mhfdat-jp.bin,ブレオHCグリーヴ,Breo FY Greaves
0x43bb30@mhfdat-jp.bin,カカブＦフット,Breo HC Greaves
0x43bb34@mhfdat-jp.bin,カカブFYフット,Kakabu F Feet
0x43bb38@mhfdat-jp.bin,カカブHCフット,Kakabu FY Feet
0x43bb3c@mhfdat-jp.bin,カカブＦレギンス,Kakabu HC Feet
0x43bb40@mhfdat-jp.bin,カカブFYレギンス,Kakabu F Leggings
0x43bb44@mhfdat-jp.bin,カカブHCレギンス,Kakabu FY Leggings
0x43bb48@mhfdat-jp.bin,ゴスペルFYグリーヴ,Kakabu HC Leggings
0x43bb4c@mhfdat-jp.bin,ゴスペルHCグリーヴ,Gospel FY Greaves
0x43bb50@mhfdat-jp.bin,ゴスペルFYレギンス,Gospel HC Greaves
0x43bb54@mhfdat-jp.bin,ゴスペルHCレギンス,Gospel FY Leggings
0x43bb58@mhfdat-jp.bin,ゾデックフット・青,Gospel HC Leggings
0x43bb5c@mhfdat-jp.bin,ゾデックＦフット・青,Zodic Feet・Blue
0x43bb60@mhfdat-jp.bin,ゾデックFZフット・青,Zodic F Feet・Blue
0x43bb64@mhfdat-jp.bin,ゾデックブーツ・青,Zodic FZ Feet・Blue
0x43bb68@mhfdat-jp.bin,ゾデックＦブーツ・青,Zodic Boots・Blue
0x43bb6c@mhfdat-jp.bin,ゾデックFZブーツ・青,Zodic F Boots・Blue
0x43bb70@mhfdat-jp.bin,ゾデックフット・茶,Zodic FZ Boots・Blue
0x43bb74@mhfdat-jp.bin,ゾデックＦフット・茶,Zodic Feet・Tea
0x43bb78@mhfdat-jp.bin,ゾデックFZフット・茶,Zodic F Feet・Tea
0x43bb7c@mhfdat-jp.bin,ゾデックブーツ・茶,Zodic FZ Feet・Tea
0x43bb80@mhfdat-jp.bin,ゾデックＦブーツ・茶,Zodic Boots・Tea
0x43bb84@mhfdat-jp.bin,ゾデックFZブーツ・茶,Zodic F Boots・Tea
0x43bb88@mhfdat-jp.bin,ゾデックフット・緑,Zodic FZ Boots・Tea
0x43bb8c@mhfdat-jp.bin,ゾデックＦフット・緑,Zodic Feet・Green
0x43bb90@mhfdat-jp.bin,ゾデックFZフット・緑,Zodic F Feet・Green
0x43bb94@mhfdat-jp.bin,ゾデックブーツ・緑,Zodic FZ Feet・Green
0x43bb98@mhfdat-jp.bin,ゾデックＦブーツ・緑,Zodic Boots・Green
0x43bb9c@mhfdat-jp.bin,ゾデックFZブーツ・緑,Zodic F Boots・Green
0x43bba0@mhfdat-jp.bin,ゾデックフット・桜,Zodic FZ Boots・Green
0x43bba4@mhfdat-jp.bin,ゾデックＦフット・桜,Zodic Feet・Pink
0x43bba8@mhfdat-jp.bin,ゾデックFZフット・桜,Zodic F Feet・Pink
0x43bbac@mhfdat-jp.bin,ゾデックブーツ・桜,Zodic FZ Feet・Pink
0x43bbb0@mhfdat-jp.bin,ゾデックＦブーツ・桜,Zodic Boots・Pink
0x43bbb4@mhfdat-jp.bin,ゾデックFZブーツ・桜,Zodic F Boots・Pink
0x43bbb8@mhfdat-jp.bin,レイストフット・黒,Zodic FZ Boots・Pink
0x43bbbc@mhfdat-jp.bin,レイストＦフット・黒,Rast Feet・Black
0x43bbc0@mhfdat-jp.bin,レイストFZフット・黒,Rast F Feet・Black
0x43bbc4@mhfdat-jp.bin,レイストHCフット・黒,Rast FZ Feet・Black
0x43bbc8@mhfdat-jp.bin,レイストブーツ・黒,Rast HC Feet・Black
0x43bbcc@mhfdat-jp.bin,レイストＦブーツ・黒,Rast Boots・Black
0x43bbd0@mhfdat-jp.bin,レイストFZブーツ・黒,Rast F Boots・Black
0x43bbd4@mhfdat-jp.bin,レイストHCブーツ・黒,Rast FZ Boots・Black
0x43bbd8@mhfdat-jp.bin,レイストフット・青,Rast HC Boots・Black
0x43bbdc@mhfdat-jp.bin,レイストＦフット・青,Rast Feet・Blue
0x43bbe0@mhfdat-jp.bin,レイストFZフット・青,Rast F Feet・Blue
0x43bbe4@mhfdat-jp.bin,レイストHCフット・青,Rast FZ Feet・Blue
0x43bbe8@mhfdat-jp.bin,レイストブーツ・青,Rast HC Feet・Blue
0x43bbec@mhfdat-jp.bin,レイストＦブーツ・青,Rast Boots・Blue
0x43bbf0@mhfdat-jp.bin,レイストFZブーツ・青,Rast F Boots・Blue
0x43bbf4@mhfdat-jp.bin,レイストHCブーツ・青,Rast FZ Boots・Blue
0x43bbf8@mhfdat-jp.bin,レイストフット・紅,Rast HC Boots・Blue
0x43bbfc@mhfdat-jp.bin,レイストＦフット・紅,Rast Feet・Crimson
0x43bc00@mhfdat-jp.bin,レイストFZフット・紅,Rast F Feet・Crimson
0x43bc04@mhfdat-jp.bin,レイストHCフット・紅,Rast FZ Feet・Crimson
0x43bc08@mhfdat-jp.bin,レイストブーツ・紅,Rast HC Feet・Crimson
0x43bc0c@mhfdat-jp.bin,レイストＦブーツ・紅,Rast Boots・Crimson
0x43bc10@mhfdat-jp.bin,レイストFZブーツ・紅,Rast F Boots・Crimson
0x43bc14@mhfdat-jp.bin,レイストHCブーツ・紅,Rast FZ Boots・Crimson
0x43bc18@mhfdat-jp.bin,レイストフット・白,Rast HC Boots・Crimson
0x43bc1c@mhfdat-jp.bin,レイストＦフット・白,Rast Feet・White
0x43bc20@mhfdat-jp.bin,レイストFZフット・白,Rast F Feet・White
0x43bc24@mhfdat-jp.bin,レイストHCフット・白,Rast FZ Feet・White
0x43bc28@mhfdat-jp.bin,レイストブーツ・白,Rast HC Feet・White
0x43bc2c@mhfdat-jp.bin,レイストＦブーツ・白,Rast Boots・White
0x43bc30@mhfdat-jp.bin,レイストFZブーツ・白,Rast F Boots・White
0x43bc34@mhfdat-jp.bin,レイストHCブーツ・白,Rast FZ Boots・White
0x43bc38@mhfdat-jp.bin,ラトリアフット,Rast HC Boots・White
0x43bc3c@mhfdat-jp.bin,ラトリアＦフット,Latria Feet
0x43bc40@mhfdat-jp.bin,ラトリアFZフット,Latria F Feet
0x43bc44@mhfdat-jp.bin,ラトリアブーツ,Latria FZ Feet
0x43bc48@mhfdat-jp.bin,ラトリアＦブーツ,Latria Boots
0x43bc4c@mhfdat-jp.bin,ラトリアFZブーツ,Latria F Boots
0x43bc50@mhfdat-jp.bin,ケモルフット,Latria FZ Boots
0x43bc54@mhfdat-jp.bin,ケモルＦフット,Kemor Feet
0x43bc58@mhfdat-jp.bin,ケモルFZフット,Kemor F Feet
0x43bc5c@mhfdat-jp.bin,ケモルレギンス,Kemor FZ Feet
0x43bc60@mhfdat-jp.bin,ケモルＦレギンス,Kemor Leggings
0x43bc64@mhfdat-jp.bin,ケモルFZレギンス,Kemor F Leggings
0x43bc68@mhfdat-jp.bin,ダミー,Kemor FZ Leggings
0x43bc6c@mhfdat-jp.bin,ダミー,ダミー
0x43bc70@mhfdat-jp.bin,剣士ランク１,ダミー
0x43bc74@mhfdat-jp.bin,剣士ランク２,Blade 士ランク1
0x43bc78@mhfdat-jp.bin,剣士ランク３, Blade 士ランク2
0x43bc7c@mhfdat-jp.bin,剣士ランク４, Blade 士ランク3
0x43bc80@mhfdat-jp.bin,剣士ランク５, Blade 士ランク4
0x43bc84@mhfdat-jp.bin,剣士ランク６, Blade 士ランク5
0x43bc88@mhfdat-jp.bin,剣士ランク７, Blade 士ランク6
0x43bc8c@mhfdat-jp.bin,ガンランク１, Blade 士ランク7
0x43bc90@mhfdat-jp.bin,ガンランク２,ガンランク1
0x43bc94@mhfdat-jp.bin,ガンランク３,ガンランク2
0x43bc98@mhfdat-jp.bin,ガンランク４,ガンランク3
0x43bc9c@mhfdat-jp.bin,ガンランク５,ガンランク4
0x43bca0@mhfdat-jp.bin,ガンランク６,ガンランク5
0x43bca4@mhfdat-jp.bin,ガンランク７,ガンランク6
0x43bca8@mhfdat-jp.bin,デュスノＦグリーヴ,ガンランク7
0x43bcac@mhfdat-jp.bin,デュスノＦレギンス,デュスノF Greaves
0x43bcb0@mhfdat-jp.bin,ブリッツFXレガース,デュスノF Leggings
0x43bcb4@mhfdat-jp.bin,ブリッツFXブーツ,Blitz FXレガース
0x43bcb8@mhfdat-jp.bin,フレイムFXグリーヴ,Blitz FX Boots
0x43bcbc@mhfdat-jp.bin,フレイムFXレギンス,Flame FX Greaves
0x43bcc0@mhfdat-jp.bin,ウィンドFXペイル,Flame FX Leggings
0x43bcc4@mhfdat-jp.bin,ウィンドFXハディ,Wind FXペイル
0x43bcc8@mhfdat-jp.bin,武者FX【具足】,Wind FXハディ
0x43bccc@mhfdat-jp.bin,日光FX【具足】,武者FX [Greaves 】
0x43bcd0@mhfdat-jp.bin,ワダツミFX【具足】,日光FX [Greaves 】
0x43bcd4@mhfdat-jp.bin,オカミFX【具足】,Wadatsumi FX [Greaves 】
0x43bcd8@mhfdat-jp.bin,ラヴィHCグリーヴ,Okami FX [Greaves 】
0x43bcdc@mhfdat-jp.bin,ラヴィHCレギンス,Raviente HC Greaves
0x43bce0@mhfdat-jp.bin,エスピナHCフェルゼ,Raviente HC Leggings
0x43bce4@mhfdat-jp.bin,エスピナHCアヴィレ,Espinas HC Heel
0x43bce8@mhfdat-jp.bin,アクラHCグリーヴ,Espinas HC March
0x43bcec@mhfdat-jp.bin,アクラHCレギンス,Akura HC Greaves
0x43bcf0@mhfdat-jp.bin,アクラHCグリーヴ黄,Akura HC Leggings
0x43bcf4@mhfdat-jp.bin,アクラHCレギンス黄,Akura HC Greaves Yellow
0x43bcf8@mhfdat-jp.bin,アクラHCグリーヴ蒼,Akura HC Leggings Yellow
0x43bcfc@mhfdat-jp.bin,アクラHCレギンス蒼,Akura HC Greaves Green
0x43bd00@mhfdat-jp.bin,アクラHCグリーヴ紅,Akura HC Leggings Green
0x43bd04@mhfdat-jp.bin,アクラHCレギンス紅,Akura HC Greaves Crimson
0x43bd08@mhfdat-jp.bin,稲荷・HC【具足】,Akura HC Leggings Crimson
0x43bd0c@mhfdat-jp.bin,玉藻・HC【具足】,Inari HC [Greaves 】
0x43bd10@mhfdat-jp.bin,ベルHCグリーヴ,Tamamo HC [Greaves 】
0x43bd14@mhfdat-jp.bin,ベルHCレギンス,Beru HC Greaves
0x43bd18@mhfdat-jp.bin,パリアHCグリーヴ,Beru HC Leggings
0x43bd1c@mhfdat-jp.bin,パリアHCレギンス,Pariapuria HC Greaves
0x43bd20@mhfdat-jp.bin,グレンHCグリーヴ,Pariapuria HC Leggings
0x43bd24@mhfdat-jp.bin,グレンHCレギンス,Guren HC Greaves
0x43bd28@mhfdat-jp.bin,神楽HC【袴】,Guren HC Leggings
0x43bd2c@mhfdat-jp.bin,神座HC【袴】,Kagura HC [Hakama 】
0x43bd30@mhfdat-jp.bin,ゴゴHCグリーヴ,Kamiza HC [Hakama 】
0x43bd34@mhfdat-jp.bin,ゴゴHCレギンス,Gogo HC Greaves
0x43bd38@mhfdat-jp.bin,ルコHCフット,Gogo HC Leggings
0x43bd3c@mhfdat-jp.bin,ルコHCレグス,Rukodiora HC Feet
0x43bd40@mhfdat-jp.bin,ザムザHCグリーヴ,Rukodiora HC Legs
0x43bd44@mhfdat-jp.bin,ザムザHCレギンス,Zamuza HC Greaves
0x43bd48@mhfdat-jp.bin,アビオHCグリーヴ,Zamuza HC Leggings
0x43bd4c@mhfdat-jp.bin,アビオHCレギンス,Abiorugu HC Greaves
0x43bd50@mhfdat-jp.bin,クアルHCグリーヴ,Abiorugu HC Leggings
0x43bd54@mhfdat-jp.bin,クアルHCレギンス,Kuaru HC Greaves
0x43bd58@mhfdat-jp.bin,テクストHCフット・紫,Kuaru HC Leggings
0x43bd5c@mhfdat-jp.bin,テクストHCブーツ・紫,Text HC Feet・Purple
0x43bd60@mhfdat-jp.bin,テクストHCフット・緑,Text HC Boots・Purple
0x43bd64@mhfdat-jp.bin,テクストHCブーツ・緑,Text HC Feet・Green
0x43bd68@mhfdat-jp.bin,テクストHCフット・青,Text HC Boots・Green
0x43bd6c@mhfdat-jp.bin,テクストHCブーツ・青,Text HC Feet・Blue
0x43bd70@mhfdat-jp.bin,テクストHCフット・黒,Text HC Boots・Blue
0x43bd74@mhfdat-jp.bin,テクストHCブーツ・黒,Text HC Feet・Black
0x43bd78@mhfdat-jp.bin,スリートHCフット・黄,Text HC Boots・Black
0x43bd7c@mhfdat-jp.bin,スリートHCブーツ・黄,Suriito HC Feet・Yellow
0x43bd80@mhfdat-jp.bin,スリートHCフット・銀,Suriito HC Boots・Yellow
0x43bd84@mhfdat-jp.bin,スリートHCブーツ・銀,Suriito HC Feet・Silver
0x43bd88@mhfdat-jp.bin,スリートHCフット・赤,Suriito HC Boots・Silver
0x43bd8c@mhfdat-jp.bin,スリートHCブーツ・赤,Suriito HC Feet・Red
0x43bd90@mhfdat-jp.bin,スリートHCフット・青,Suriito HC Boots・Red
0x43bd94@mhfdat-jp.bin,スリートHCブーツ・青,Suriito HC Feet・Blue
0x43bd98@mhfdat-jp.bin,ステノHCグリーヴ・橙,Suriito HC Boots・Blue
0x43bd9c@mhfdat-jp.bin,ステノHCレギンス・橙,Steno HC Greaves・Orange
0x43bda0@mhfdat-jp.bin,ステノHCグリーヴ・桃,Steno HC Leggings・Orange
0x43bda4@mhfdat-jp.bin,ステノHCレギンス・桃,Steno HC Greaves・Peach
0x43bda8@mhfdat-jp.bin,ステノHCグリーヴ・青,Steno HC Leggings・Peach
0x43bdac@mhfdat-jp.bin,ステノHCレギンス・青,Steno HC Greaves・Blue
0x43bdb0@mhfdat-jp.bin,ステノHCグリーヴ・赤,Steno HC Leggings・Blue
0x43bdb4@mhfdat-jp.bin,ステノHCレギンス・赤,Steno HC Greaves・Red
0x43bdb8@mhfdat-jp.bin,レイジFZフット,Steno HC Leggings・Red
0x43bdbc@mhfdat-jp.bin,レイジHCフット,Rage FZ Feet
0x43bdc0@mhfdat-jp.bin,レイジFZブーツ,Rage HC Feet
0x43bdc4@mhfdat-jp.bin,レイジHCブーツ,Rage FZ Boots
0x43bdc8@mhfdat-jp.bin,ランページFZフット,Rage HC Boots
0x43bdcc@mhfdat-jp.bin,ランページHCフット,Rampage FZ Feet
0x43bdd0@mhfdat-jp.bin,ランページFZブーツ,Rampage HC Feet
0x43bdd4@mhfdat-jp.bin,ランページHCブーツ,Rampage FZ Boots
0x43bdd8@mhfdat-jp.bin,ブレイズFZフット,Rampage HC Boots
0x43bddc@mhfdat-jp.bin,ブレイズHCフット,Blaze FZ Feet
0x43bde0@mhfdat-jp.bin,ブレイズFZブーツ,Blaze HC Feet
0x43bde4@mhfdat-jp.bin,ブレイズHCブーツ,Blaze FZ Boots
0x43bde8@mhfdat-jp.bin,アージェHCフット,Blaze HC Boots
0x43bdec@mhfdat-jp.bin,アージェHCブーツ,Arge HC Feet
0x43bdf0@mhfdat-jp.bin,カマレラHCフット,Arge HC Boots
0x43bdf4@mhfdat-jp.bin,カマレラHCブーツ,Camarera HC Feet
0x43bdf8@mhfdat-jp.bin,メテネラHCフット,Camarera HC Boots
0x43bdfc@mhfdat-jp.bin,メテネラHCブーツ,Metenera HC Feet
0x43be00@mhfdat-jp.bin,ファランFZフット・白,Metenera HC Boots
0x43be04@mhfdat-jp.bin,ファランHCフット・白,Pharan FZ Feet・White
0x43be08@mhfdat-jp.bin,ファランFZブーツ・白,Pharan HC Feet・White
0x43be0c@mhfdat-jp.bin,ファランHCブーツ・白,Pharan FZ Boots・White
0x43be10@mhfdat-jp.bin,ファランFZフット・黒,Pharan HC Boots・White
0x43be14@mhfdat-jp.bin,ファランHCフット・黒,Pharan FZ Feet・Black
0x43be18@mhfdat-jp.bin,ファランFZブーツ・黒,Pharan HC Feet・Black
0x43be1c@mhfdat-jp.bin,ファランHCブーツ・黒,Pharan FZ Boots・Black
0x43be20@mhfdat-jp.bin,ファランFZフット・赤,Pharan HC Boots・Black
0x43be24@mhfdat-jp.bin,ファランHCフット・赤,Pharan FZ Feet・Red
0x43be28@mhfdat-jp.bin,ファランFZブーツ・赤,Pharan HC Feet・Red
0x43be2c@mhfdat-jp.bin,ファランHCブーツ・赤,Pharan FZ Boots・Red
0x43be30@mhfdat-jp.bin,ファランFZフット・青,Pharan HC Boots・Red
0x43be34@mhfdat-jp.bin,ファランHCフット・青,Pharan FZ Feet・Blue
0x43be38@mhfdat-jp.bin,ファランFZブーツ・青,Pharan HC Feet・Blue
0x43be3c@mhfdat-jp.bin,ファランHCブーツ・青,Pharan FZ Boots・Blue
0x43be40@mhfdat-jp.bin,ゾデックHCフット・青,Pharan HC Boots・Blue
0x43be44@mhfdat-jp.bin,ゾデックHCブーツ・青,Zodic HC Feet・Blue
0x43be48@mhfdat-jp.bin,ゾデックHCフット・茶,Zodic HC Boots・Blue
0x43be4c@mhfdat-jp.bin,ゾデックHCブーツ・茶,Zodic HC Feet・Tea
0x43be50@mhfdat-jp.bin,ゾデックHCフット・緑,Zodic HC Boots・Tea
0x43be54@mhfdat-jp.bin,ゾデックHCブーツ・緑,Zodic HC Feet・Green
0x43be58@mhfdat-jp.bin,ゾデックHCフット・桜,Zodic HC Boots・Green
0x43be5c@mhfdat-jp.bin,ゾデックHCブーツ・桜,Zodic HC Feet・Pink
0x43be60@mhfdat-jp.bin,ラヴィHSグリーヴ,Zodic HC Boots・Pink
0x43be64@mhfdat-jp.bin,ラヴィHSレギンス,Raviente HS Greaves
0x43be68@mhfdat-jp.bin,エスピナHSフェルゼ,Raviente HS Leggings
0x43be6c@mhfdat-jp.bin,エスピナHSアヴィレ,Espinas HS Heel
0x43be70@mhfdat-jp.bin,アクラHSグリーヴ,Espinas HS March
0x43be74@mhfdat-jp.bin,アクラHSレギンス,Akura HS Greaves
0x43be78@mhfdat-jp.bin,アクラHSグリーヴ黄,Akura HS Leggings
0x43be7c@mhfdat-jp.bin,アクラHSレギンス黄,Akura HS Greaves Yellow
0x43be80@mhfdat-jp.bin,アクラHSグリーヴ蒼,Akura HS Leggings Yellow
0x43be84@mhfdat-jp.bin,アクラHSレギンス蒼,Akura HS Greaves Green
0x43be88@mhfdat-jp.bin,アクラHSグリーヴ紅,Akura HS Leggings Green
0x43be8c@mhfdat-jp.bin,アクラHSレギンス紅,Akura HS Greaves Crimson
0x43be90@mhfdat-jp.bin,稲荷・HS【具足】,Akura HS Leggings Crimson
0x43be94@mhfdat-jp.bin,玉藻・HS【具足】,Inari HS [Greaves 】
0x43be98@mhfdat-jp.bin,ベルHSグリーヴ,Tamamo HS [Greaves 】
0x43be9c@mhfdat-jp.bin,ベルHSレギンス,Beru HS Greaves
0x43bea0@mhfdat-jp.bin,パリアHSグリーヴ,Beru HS Leggings
0x43bea4@mhfdat-jp.bin,パリアHSレギンス,Pariapuria HS Greaves
0x43bea8@mhfdat-jp.bin,グレンHSグリーヴ,Pariapuria HS Leggings
0x43beac@mhfdat-jp.bin,グレンHSレギンス,Guren HS Greaves
0x43beb0@mhfdat-jp.bin,神楽HS【袴】,Guren HS Leggings
0x43beb4@mhfdat-jp.bin,神座HS【袴】,Kagura HS [Hakama 】
0x43beb8@mhfdat-jp.bin,ゴゴHSグリーヴ,Kamiza HS [Hakama 】
0x43bebc@mhfdat-jp.bin,ゴゴHSレギンス,Gogo HS Greaves
0x43bec0@mhfdat-jp.bin,ルコHSフット,Gogo HS Leggings
0x43bec4@mhfdat-jp.bin,ルコHSレグス,Rukodiora HS Feet
0x43bec8@mhfdat-jp.bin,ザムザHSグリーヴ,Rukodiora HS Legs
0x43becc@mhfdat-jp.bin,ザムザHSレギンス,Zamuza HS Greaves
0x43bed0@mhfdat-jp.bin,アビオHSグリーヴ,Zamuza HS Leggings
0x43bed4@mhfdat-jp.bin,アビオHSレギンス,Abiorugu HS Greaves
0x43bed8@mhfdat-jp.bin,クアルHSグリーヴ,Abiorugu HS Leggings
0x43bedc@mhfdat-jp.bin,クアルHSレギンス,Kuaru HS Greaves
0x43bee0@mhfdat-jp.bin,リルスＦグリーヴ,Kuaru HS Leggings
0x43bee4@mhfdat-jp.bin,リルスＦレギンス,Lils F Greaves
0x43bee8@mhfdat-jp.bin,リルスFXグリーヴ,Lils F Leggings
0x43beec@mhfdat-jp.bin,リルスFXレギンス,Lils FX Greaves
0x43bef0@mhfdat-jp.bin,ゾデックHSフット・青,Lils FX Leggings
0x43bef4@mhfdat-jp.bin,ゾデックHSブーツ・青,Zodic HS Feet・Blue
0x43bef8@mhfdat-jp.bin,ゾデックHSフット・茶,Zodic HS Boots・Blue
0x43befc@mhfdat-jp.bin,ゾデックHSブーツ・茶,Zodic HS Feet・Tea
0x43bf00@mhfdat-jp.bin,ゾデックHSフット・緑,Zodic HS Boots・Tea
0x43bf04@mhfdat-jp.bin,ゾデックHSブーツ・緑,Zodic HS Feet・Green
0x43bf08@mhfdat-jp.bin,ゾデックHSフット・桜,Zodic HS Boots・Green
0x43bf0c@mhfdat-jp.bin,ゾデックHSブーツ・桜,Zodic HS Feet・Pink
0x43bf10@mhfdat-jp.bin,レイストHSフット・黒,Zodic HS Boots・Pink
0x43bf14@mhfdat-jp.bin,レイストHSブーツ・黒,Rast HS Feet・Black
0x43bf18@mhfdat-jp.bin,レイストHSフット・青,Rast HS Boots・Black
0x43bf1c@mhfdat-jp.bin,レイストHSブーツ・青,Rast HS Feet・Blue
0x43bf20@mhfdat-jp.bin,レイストHSフット・紅,Rast HS Boots・Blue
0x43bf24@mhfdat-jp.bin,レイストHSブーツ・紅,Rast HS Feet・Crimson
0x43bf28@mhfdat-jp.bin,レイストHSフット・白,Rast HS Boots・Crimson
0x43bf2c@mhfdat-jp.bin,レイストHSブーツ・白,Rast HS Feet・White
0x43bf30@mhfdat-jp.bin,クロースフット・赤,Rast HS Boots・White
0x43bf34@mhfdat-jp.bin,クロースＦフット・赤,Cloth Feet・Red
0x43bf38@mhfdat-jp.bin,クロースFZフット・赤,Cloth F Feet・Red
0x43bf3c@mhfdat-jp.bin,クロースHCフット・赤,Cloth FZ Feet・Red
0x43bf40@mhfdat-jp.bin,クロースHSフット・赤,Cloth HC Feet・Red
0x43bf44@mhfdat-jp.bin,クロースブーツ・赤,Cloth HS Feet・Red
0x43bf48@mhfdat-jp.bin,クロースＦブーツ・赤,Cloth Boots・Red
0x43bf4c@mhfdat-jp.bin,クロースFZブーツ・赤,Cloth F Boots・Red
0x43bf50@mhfdat-jp.bin,クロースHCブーツ・赤,Cloth FZ Boots・Red
0x43bf54@mhfdat-jp.bin,クロースHSブーツ・赤,Cloth HC Boots・Red
0x43bf58@mhfdat-jp.bin,クロースフット・青,Cloth HS Boots・Red
0x43bf5c@mhfdat-jp.bin,クロースＦフット・青,Cloth Feet・Blue
0x43bf60@mhfdat-jp.bin,クロースFZフット・青,Cloth F Feet・Blue
0x43bf64@mhfdat-jp.bin,クロースHCフット・青,Cloth FZ Feet・Blue
0x43bf68@mhfdat-jp.bin,クロースHSフット・青,Cloth HC Feet・Blue
0x43bf6c@mhfdat-jp.bin,クロースブーツ・青,Cloth HS Feet・Blue
0x43bf70@mhfdat-jp.bin,クロースＦブーツ・青,Cloth Boots・Blue
0x43bf74@mhfdat-jp.bin,クロースFZブーツ・青,Cloth F Boots・Blue
0x43bf78@mhfdat-jp.bin,クロースHCブーツ・青,Cloth FZ Boots・Blue
0x43bf7c@mhfdat-jp.bin,クロースHSブーツ・青,Cloth HC Boots・Blue
0x43bf80@mhfdat-jp.bin,クロースフット・紫,Cloth HS Boots・Blue
0x43bf84@mhfdat-jp.bin,クロースＦフット・紫,Cloth Feet・Purple
0x43bf88@mhfdat-jp.bin,クロースFZフット・紫,Cloth F Feet・Purple
0x43bf8c@mhfdat-jp.bin,クロースHCフット・紫,Cloth FZ Feet・Purple
0x43bf90@mhfdat-jp.bin,クロースHSフット・紫,Cloth HC Feet・Purple
0x43bf94@mhfdat-jp.bin,クロースブーツ・紫,Cloth HS Feet・Purple
0x43bf98@mhfdat-jp.bin,クロースＦブーツ・紫,Cloth Boots・Purple
0x43bf9c@mhfdat-jp.bin,クロースFZブーツ・紫,Cloth F Boots・Purple
0x43bfa0@mhfdat-jp.bin,クロースHCブーツ・紫,Cloth FZ Boots・Purple
0x43bfa4@mhfdat-jp.bin,クロースHSブーツ・紫,Cloth HC Boots・Purple
0x43bfa8@mhfdat-jp.bin,クロースフット・緑,Cloth HS Boots・Purple
0x43bfac@mhfdat-jp.bin,クロースＦフット・緑,Cloth Feet・Green
0x43bfb0@mhfdat-jp.bin,クロースFZフット・緑,Cloth F Feet・Green
0x43bfb4@mhfdat-jp.bin,クロースHCフット・緑,Cloth FZ Feet・Green
0x43bfb8@mhfdat-jp.bin,クロースHSフット・緑,Cloth HC Feet・Green
0x43bfbc@mhfdat-jp.bin,クロースブーツ・緑,Cloth HS Feet・Green
0x43bfc0@mhfdat-jp.bin,クロースＦブーツ・緑,Cloth Boots・Green
0x43bfc4@mhfdat-jp.bin,クロースFZブーツ・緑,Cloth F Boots・Green
0x43bfc8@mhfdat-jp.bin,クロースHCブーツ・緑,Cloth FZ Boots・Green
0x43bfcc@mhfdat-jp.bin,クロースHSブーツ・緑,Cloth HC Boots・Green
0x43bfd0@mhfdat-jp.bin,一閃【具足】・赤,Cloth HS Boots・Green
0x43bfd4@mhfdat-jp.bin,一閃Ｆ【具足】・赤,Issen [Greaves 】・Red
0x43bfd8@mhfdat-jp.bin,一閃FZ【具足】・赤,Issen F [Greaves 】・Red
0x43bfdc@mhfdat-jp.bin,一閃HC【具足】・赤,Issen FZ [Greaves 】・Red
0x43bfe0@mhfdat-jp.bin,一閃HS【具足】・赤,Issen HC [Greaves 】・Red
0x43bfe4@mhfdat-jp.bin,構射【具足】・赤,Issen HS [Greaves 】・Red
0x43bfe8@mhfdat-jp.bin,構射Ｆ【具足】・赤,構射 [Greaves 】・Red
0x43bfec@mhfdat-jp.bin,構射FZ【具足】・赤,構射F [Greaves 】・Red
0x43bff0@mhfdat-jp.bin,構射HC【具足】・赤,構射FZ [Greaves 】・Red
0x43bff4@mhfdat-jp.bin,構射HS【具足】・赤,構射HC [Greaves 】・Red
0x43bff8@mhfdat-jp.bin,一閃【具足】・青,構射HS [Greaves 】・Red
0x43bffc@mhfdat-jp.bin,一閃Ｆ【具足】・青,Issen [Greaves 】・Blue
0x43c000@mhfdat-jp.bin,一閃FZ【具足】・青,Issen F [Greaves 】・Blue
0x43c004@mhfdat-jp.bin,一閃HC【具足】・青,Issen FZ [Greaves 】・Blue
0x43c008@mhfdat-jp.bin,一閃HS【具足】・青,Issen HC [Greaves 】・Blue
0x43c00c@mhfdat-jp.bin,構射【具足】・青,Issen HS [Greaves 】・Blue
0x43c010@mhfdat-jp.bin,構射Ｆ【具足】・青,構射 [Greaves 】・Blue
0x43c014@mhfdat-jp.bin,構射FZ【具足】・青,構射F [Greaves 】・Blue
0x43c018@mhfdat-jp.bin,構射HC【具足】・青,構射FZ [Greaves 】・Blue
0x43c01c@mhfdat-jp.bin,構射HS【具足】・青,構射HC [Greaves 】・Blue
0x43c020@mhfdat-jp.bin,一閃【具足】・黄,構射HS [Greaves 】・Blue
0x43c024@mhfdat-jp.bin,一閃Ｆ【具足】・黄,Issen [Greaves 】・Yellow
0x43c028@mhfdat-jp.bin,一閃FZ【具足】・黄,Issen F [Greaves 】・Yellow
0x43c02c@mhfdat-jp.bin,一閃HC【具足】・黄,Issen FZ [Greaves 】・Yellow
0x43c030@mhfdat-jp.bin,一閃HS【具足】・黄,Issen HC [Greaves 】・Yellow
0x43c034@mhfdat-jp.bin,構射【具足】・黄,Issen HS [Greaves 】・Yellow
0x43c038@mhfdat-jp.bin,構射Ｆ【具足】・黄,構射 [Greaves 】・Yellow
0x43c03c@mhfdat-jp.bin,構射FZ【具足】・黄,構射F [Greaves 】・Yellow
0x43c040@mhfdat-jp.bin,構射HC【具足】・黄,構射FZ [Greaves 】・Yellow
0x43c044@mhfdat-jp.bin,構射HS【具足】・黄,構射HC [Greaves 】・Yellow
0x43c048@mhfdat-jp.bin,一閃【具足】・黒,構射HS [Greaves 】・Yellow
0x43c04c@mhfdat-jp.bin,一閃Ｆ【具足】・黒,Issen [Greaves 】・Black
0x43c050@mhfdat-jp.bin,一閃FZ【具足】・黒,Issen F [Greaves 】・Black
0x43c054@mhfdat-jp.bin,一閃HC【具足】・黒,Issen FZ [Greaves 】・Black
0x43c058@mhfdat-jp.bin,一閃HS【具足】・黒,Issen HC [Greaves 】・Black
0x43c05c@mhfdat-jp.bin,構射【具足】・黒,Issen HS [Greaves 】・Black
0x43c060@mhfdat-jp.bin,構射Ｆ【具足】・黒,構射 [Greaves 】・Black
0x43c064@mhfdat-jp.bin,構射FZ【具足】・黒,構射F [Greaves 】・Black
0x43c068@mhfdat-jp.bin,構射HC【具足】・黒,構射FZ [Greaves 】・Black
0x43c06c@mhfdat-jp.bin,構射HS【具足】・黒,構射HC [Greaves 】・Black
0x43c070@mhfdat-jp.bin,蜂針【具足】・橙,構射HS [Greaves 】・Black
0x43c074@mhfdat-jp.bin,蜂針Ｆ【具足】・橙,蜂針 [Greaves 】・Orange
0x43c078@mhfdat-jp.bin,蜂針FZ【具足】・橙,蜂針F [Greaves 】・Orange
0x43c07c@mhfdat-jp.bin,蜂針HC【具足】・橙,蜂針FZ [Greaves 】・Orange
0x43c080@mhfdat-jp.bin,蜂針HS【具足】・橙,蜂針HC [Greaves 】・Orange
0x43c084@mhfdat-jp.bin,気弾【具足】・橙,蜂針HS [Greaves 】・Orange
0x43c088@mhfdat-jp.bin,気弾Ｆ【具足】・橙,気弾 [Greaves 】・Orange
0x43c08c@mhfdat-jp.bin,気弾FZ【具足】・橙,気弾F [Greaves 】・Orange
0x43c090@mhfdat-jp.bin,気弾HC【具足】・橙,気弾FZ [Greaves 】・Orange
0x43c094@mhfdat-jp.bin,気弾HS【具足】・橙,気弾HC [Greaves 】・Orange
0x43c098@mhfdat-jp.bin,蜂針【具足】・青,気弾HS [Greaves 】・Orange
0x43c09c@mhfdat-jp.bin,蜂針Ｆ【具足】・青,蜂針 [Greaves 】・Blue
0x43c0a0@mhfdat-jp.bin,蜂針FZ【具足】・青,蜂針F [Greaves 】・Blue
0x43c0a4@mhfdat-jp.bin,蜂針HC【具足】・青,蜂針FZ [Greaves 】・Blue
0x43c0a8@mhfdat-jp.bin,蜂針HS【具足】・青,蜂針HC [Greaves 】・Blue
0x43c0ac@mhfdat-jp.bin,気弾【具足】・青,蜂針HS [Greaves 】・Blue
0x43c0b0@mhfdat-jp.bin,気弾Ｆ【具足】・青,気弾 [Greaves 】・Blue
0x43c0b4@mhfdat-jp.bin,気弾FZ【具足】・青,気弾F [Greaves 】・Blue
0x43c0b8@mhfdat-jp.bin,気弾HC【具足】・青,気弾FZ [Greaves 】・Blue
0x43c0bc@mhfdat-jp.bin,気弾HS【具足】・青,気弾HC [Greaves 】・Blue
0x43c0c0@mhfdat-jp.bin,蜂針【具足】・黄,気弾HS [Greaves 】・Blue
0x43c0c4@mhfdat-jp.bin,蜂針Ｆ【具足】・黄,蜂針 [Greaves 】・Yellow
0x43c0c8@mhfdat-jp.bin,蜂針FZ【具足】・黄,蜂針F [Greaves 】・Yellow
0x43c0cc@mhfdat-jp.bin,蜂針HC【具足】・黄,蜂針FZ [Greaves 】・Yellow
0x43c0d0@mhfdat-jp.bin,蜂針HS【具足】・黄,蜂針HC [Greaves 】・Yellow
0x43c0d4@mhfdat-jp.bin,気弾【具足】・黄,蜂針HS [Greaves 】・Yellow
0x43c0d8@mhfdat-jp.bin,気弾Ｆ【具足】・黄,気弾 [Greaves 】・Yellow
0x43c0dc@mhfdat-jp.bin,気弾FZ【具足】・黄,気弾F [Greaves 】・Yellow
0x43c0e0@mhfdat-jp.bin,気弾HC【具足】・黄,気弾FZ [Greaves 】・Yellow
0x43c0e4@mhfdat-jp.bin,気弾HS【具足】・黄,気弾HC [Greaves 】・Yellow
0x43c0e8@mhfdat-jp.bin,蜂針【具足】・黒,気弾HS [Greaves 】・Yellow
0x43c0ec@mhfdat-jp.bin,蜂針Ｆ【具足】・黒,蜂針 [Greaves 】・Black
0x43c0f0@mhfdat-jp.bin,蜂針FZ【具足】・黒,蜂針F [Greaves 】・Black
0x43c0f4@mhfdat-jp.bin,蜂針HC【具足】・黒,蜂針FZ [Greaves 】・Black
0x43c0f8@mhfdat-jp.bin,蜂針HS【具足】・黒,蜂針HC [Greaves 】・Black
0x43c0fc@mhfdat-jp.bin,気弾【具足】・黒,蜂針HS [Greaves 】・Black
0x43c100@mhfdat-jp.bin,気弾Ｆ【具足】・黒,気弾 [Greaves 】・Black
0x43c104@mhfdat-jp.bin,気弾FZ【具足】・黒,気弾F [Greaves 】・Black
0x43c108@mhfdat-jp.bin,気弾HC【具足】・黒,気弾FZ [Greaves 】・Black
0x43c10c@mhfdat-jp.bin,気弾HS【具足】・黒,気弾HC [Greaves 】・Black
0x43c110@mhfdat-jp.bin,アルゴルＦグリーヴ,気弾HS [Greaves 】・Black
0x43c114@mhfdat-jp.bin,アルゴルFXグリーヴ,Algol F Greaves
0x43c118@mhfdat-jp.bin,アルゴルＦレギンス,Algol FX Greaves
0x43c11c@mhfdat-jp.bin,アルゴルFXレギンス,Algol F Leggings
0x43c120@mhfdat-jp.bin,抜胴【具足】,Algol FX Leggings
0x43c124@mhfdat-jp.bin,抜胴Ｆ【具足】,抜胴 [Greaves 】
0x43c128@mhfdat-jp.bin,抜胴FZ【具足】,抜胴F [Greaves 】
0x43c12c@mhfdat-jp.bin,抜胴HS【具足】,抜胴FZ [Greaves 】
0x43c130@mhfdat-jp.bin,長根【具足】,抜胴HS [Greaves 】
0x43c134@mhfdat-jp.bin,長根Ｆ【具足】,長根 [Greaves 】
0x43c138@mhfdat-jp.bin,長根FZ【具足】,長根F [Greaves 】
0x43c13c@mhfdat-jp.bin,長根HS【具足】,長根FZ [Greaves 】
0x43c140@mhfdat-jp.bin,花火【具足】,長根HS [Greaves 】
0x43c144@mhfdat-jp.bin,花火Ｆ【具足】,花火 [Greaves 】
0x43c148@mhfdat-jp.bin,花火FZ【具足】,花火F [Greaves 】
0x43c14c@mhfdat-jp.bin,花火HS【具足】,花火FZ [Greaves 】
0x43c150@mhfdat-jp.bin,流星【具足】,花火HS [Greaves 】
0x43c154@mhfdat-jp.bin,流星Ｆ【具足】,流星 [Greaves 】
0x43c158@mhfdat-jp.bin,流星FZ【具足】,流星F [Greaves 】
0x43c15c@mhfdat-jp.bin,流星HS【具足】,流星FZ [Greaves 】
0x43c160@mhfdat-jp.bin,居合【具足】,流星HS [Greaves 】
0x43c164@mhfdat-jp.bin,居合Ｆ【具足】,居合 [Greaves 】
0x43c168@mhfdat-jp.bin,居合FZ【具足】,居合F [Greaves 】
0x43c16c@mhfdat-jp.bin,居合HC【具足】,居合FZ [Greaves 】
0x43c170@mhfdat-jp.bin,爆裂【具足】,居合HC [Greaves 】
0x43c174@mhfdat-jp.bin,爆裂Ｆ【具足】,爆裂 [Greaves 】
0x43c178@mhfdat-jp.bin,爆裂FZ【具足】,爆裂F [Greaves 】
0x43c17c@mhfdat-jp.bin,爆裂HC【具足】,爆裂FZ [Greaves 】
0x43c180@mhfdat-jp.bin,脱兎【具足】,爆裂HC [Greaves 】
0x43c184@mhfdat-jp.bin,脱兎Ｆ【具足】,脱兎 [Greaves 】
0x43c188@mhfdat-jp.bin,脱兎FZ【具足】,脱兎F [Greaves 】
0x43c18c@mhfdat-jp.bin,脱兎HC【具足】,脱兎FZ [Greaves 】
0x43c190@mhfdat-jp.bin,狂咲【具足】,脱兎HC [Greaves 】
0x43c194@mhfdat-jp.bin,狂咲Ｆ【具足】, Violent 咲 [Greaves 】
0x43c198@mhfdat-jp.bin,狂咲FZ【具足】, Violent 咲F [Greaves 】
0x43c19c@mhfdat-jp.bin,狂咲HC【具足】, Violent 咲FZ [Greaves 】
0x43c1a0@mhfdat-jp.bin,正拳FZ脚着, Violent 咲HC [Greaves 】
0x43c1a4@mhfdat-jp.bin,正拳HC脚着,正拳FZ Foot 着
0x43c1a8@mhfdat-jp.bin,灼熱FZ脚着,正拳HC Foot 着
0x43c1ac@mhfdat-jp.bin,灼熱HC脚着,灼熱FZ Foot 着
0x43c1b0@mhfdat-jp.bin,龍星FZ脚着,灼熱HC Foot 着
0x43c1b4@mhfdat-jp.bin,龍星HC脚着,龍星FZ Foot 着
0x43c1b8@mhfdat-jp.bin,虎襲FZ脚着,龍星HC Foot 着
0x43c1bc@mhfdat-jp.bin,虎襲HC脚着,虎襲FZ Foot 着
0x43c1c0@mhfdat-jp.bin,コンタオフット,虎襲HC Foot 着
0x43c1c4@mhfdat-jp.bin,コンタオＦフット,Kontao Feet
0x43c1c8@mhfdat-jp.bin,コンタオFZフット,Kontao F Feet
0x43c1cc@mhfdat-jp.bin,ダミー,Kontao FZ Feet
0x43c1d0@mhfdat-jp.bin,ダミー,ダミー
0x43c1d4@mhfdat-jp.bin,コンタオブーツ,ダミー
0x43c1d8@mhfdat-jp.bin,コンタオＦブーツ,Kontao Boots
0x43c1dc@mhfdat-jp.bin,コンタオFZブーツ,Kontao F Boots
0x43c1e0@mhfdat-jp.bin,ダミー,Kontao FZ Boots
0x43c1e4@mhfdat-jp.bin,ダミー,ダミー
0x43c1e8@mhfdat-jp.bin,グロリアフット・金,ダミー
0x43c1ec@mhfdat-jp.bin,グロリアＦフット・金,Gloria Feet・Gold
0x43c1f0@mhfdat-jp.bin,グロリアFZフット・金,Gloria F Feet・Gold
0x43c1f4@mhfdat-jp.bin,グロリアHCフット・金,Gloria FZ Feet・Gold
0x43c1f8@mhfdat-jp.bin,グロリアHSフット・金,Gloria HC Feet・Gold
0x43c1fc@mhfdat-jp.bin,グロリアブーツ・金,Gloria HS Feet・Gold
0x43c200@mhfdat-jp.bin,グロリアＦブーツ・金,Gloria Boots・Gold
0x43c204@mhfdat-jp.bin,グロリアFZブーツ・金,Gloria F Boots・Gold
0x43c208@mhfdat-jp.bin,グロリアHCブーツ・金,Gloria FZ Boots・Gold
0x43c20c@mhfdat-jp.bin,グロリアHSブーツ・金,Gloria HC Boots・Gold
0x43c210@mhfdat-jp.bin,グロリアフット・青,Gloria HS Boots・Gold
0x43c214@mhfdat-jp.bin,グロリアＦフット・青,Gloria Feet・Blue
0x43c218@mhfdat-jp.bin,グロリアFZフット・青,Gloria F Feet・Blue
0x43c21c@mhfdat-jp.bin,グロリアHCフット・青,Gloria FZ Feet・Blue
0x43c220@mhfdat-jp.bin,グロリアHSフット・青,Gloria HC Feet・Blue
0x43c224@mhfdat-jp.bin,グロリアブーツ・青,Gloria HS Feet・Blue
0x43c228@mhfdat-jp.bin,グロリアＦブーツ・青,Gloria Boots・Blue
0x43c22c@mhfdat-jp.bin,グロリアFZブーツ・青,Gloria F Boots・Blue
0x43c230@mhfdat-jp.bin,グロリアHCブーツ・青,Gloria FZ Boots・Blue
0x43c234@mhfdat-jp.bin,グロリアHSブーツ・青,Gloria HC Boots・Blue
0x43c238@mhfdat-jp.bin,グロリアフット・水,Gloria HS Boots・Blue
0x43c23c@mhfdat-jp.bin,グロリアＦフット・水,Gloria Feet・Water
0x43c240@mhfdat-jp.bin,グロリアFZフット・水,Gloria F Feet・Water
0x43c244@mhfdat-jp.bin,グロリアHCフット・水,Gloria FZ Feet・Water
0x43c248@mhfdat-jp.bin,グロリアHSフット・水,Gloria HC Feet・Water
0x43c24c@mhfdat-jp.bin,グロリアブーツ・水,Gloria HS Feet・Water
0x43c250@mhfdat-jp.bin,グロリアＦブーツ・水,Gloria Boots・Water
0x43c254@mhfdat-jp.bin,グロリアFZブーツ・水,Gloria F Boots・Water
0x43c258@mhfdat-jp.bin,グロリアHCブーツ・水,Gloria FZ Boots・Water
0x43c25c@mhfdat-jp.bin,グロリアHSブーツ・水,Gloria HC Boots・Water
0x43c260@mhfdat-jp.bin,グロリアフット・赤,Gloria HS Boots・Water
0x43c264@mhfdat-jp.bin,グロリアＦフット・赤,Gloria Feet・Red
0x43c268@mhfdat-jp.bin,グロリアFZフット・赤,Gloria F Feet・Red
0x43c26c@mhfdat-jp.bin,グロリアHCフット・赤,Gloria FZ Feet・Red
0x43c270@mhfdat-jp.bin,グロリアHSフット・赤,Gloria HC Feet・Red
0x43c274@mhfdat-jp.bin,グロリアブーツ・赤,Gloria HS Feet・Red
0x43c278@mhfdat-jp.bin,グロリアＦブーツ・赤,Gloria Boots・Red
0x43c27c@mhfdat-jp.bin,グロリアFZブーツ・赤,Gloria F Boots・Red
0x43c280@mhfdat-jp.bin,グロリアHCブーツ・赤,Gloria FZ Boots・Red
0x43c284@mhfdat-jp.bin,グロリアHSブーツ・赤,Gloria HC Boots・Red
0x43c288@mhfdat-jp.bin,神龍脚着・赤,Gloria HS Boots・Red
0x43c28c@mhfdat-jp.bin,神龍Ｆ脚着・赤,Shinryu Foot 着・Red
0x43c290@mhfdat-jp.bin,神龍FZ脚着・赤,Shinryu F Foot 着・Red
0x43c294@mhfdat-jp.bin,神龍HC脚着・赤,Shinryu FZ Foot 着・Red
0x43c298@mhfdat-jp.bin,神龍HS脚着・赤,Shinryu HC Foot 着・Red
0x43c29c@mhfdat-jp.bin,裂破脚着・赤,Shinryu HS Foot 着・Red
0x43c2a0@mhfdat-jp.bin,裂破Ｆ脚着・赤,Reppa Foot 着・Red
0x43c2a4@mhfdat-jp.bin,裂破FZ脚着・赤,Reppa F Foot 着・Red
0x43c2a8@mhfdat-jp.bin,裂破HC脚着・赤,Reppa FZ Foot 着・Red
0x43c2ac@mhfdat-jp.bin,裂破HS脚着・赤,Reppa HC Foot 着・Red
0x43c2b0@mhfdat-jp.bin,神龍脚着・白,Reppa HS Foot 着・Red
0x43c2b4@mhfdat-jp.bin,神龍Ｆ脚着・白,Shinryu Foot 着・White
0x43c2b8@mhfdat-jp.bin,神龍FZ脚着・白,Shinryu F Foot 着・White
0x43c2bc@mhfdat-jp.bin,神龍HC脚着・白,Shinryu FZ Foot 着・White
0x43c2c0@mhfdat-jp.bin,神龍HS脚着・白,Shinryu HC Foot 着・White
0x43c2c4@mhfdat-jp.bin,裂破脚着・白,Shinryu HS Foot 着・White
0x43c2c8@mhfdat-jp.bin,裂破Ｆ脚着・白,Reppa Foot 着・White
0x43c2cc@mhfdat-jp.bin,裂破FZ脚着・白,Reppa F Foot 着・White
0x43c2d0@mhfdat-jp.bin,裂破HC脚着・白,Reppa FZ Foot 着・White
0x43c2d4@mhfdat-jp.bin,裂破HS脚着・白,Reppa HC Foot 着・White
0x43c2d8@mhfdat-jp.bin,神龍脚着・紫,Reppa HS Foot 着・White
0x43c2dc@mhfdat-jp.bin,神龍Ｆ脚着・紫,Shinryu Foot 着・Purple
0x43c2e0@mhfdat-jp.bin,神龍FZ脚着・紫,Shinryu F Foot 着・Purple
0x43c2e4@mhfdat-jp.bin,神龍HC脚着・紫,Shinryu FZ Foot 着・Purple
0x43c2e8@mhfdat-jp.bin,神龍HS脚着・紫,Shinryu HC Foot 着・Purple
0x43c2ec@mhfdat-jp.bin,裂破脚着・紫,Shinryu HS Foot 着・Purple
0x43c2f0@mhfdat-jp.bin,裂破Ｆ脚着・紫,Reppa Foot 着・Purple
0x43c2f4@mhfdat-jp.bin,裂破FZ脚着・紫,Reppa F Foot 着・Purple
0x43c2f8@mhfdat-jp.bin,裂破HC脚着・紫,Reppa FZ Foot 着・Purple
0x43c2fc@mhfdat-jp.bin,裂破HS脚着・紫,Reppa HC Foot 着・Purple
0x43c300@mhfdat-jp.bin,神龍脚着・黄,Reppa HS Foot 着・Purple
0x43c304@mhfdat-jp.bin,神龍Ｆ脚着・黄,Shinryu Foot 着・Yellow
0x43c308@mhfdat-jp.bin,神龍FZ脚着・黄,Shinryu F Foot 着・Yellow
0x43c30c@mhfdat-jp.bin,神龍HC脚着・黄,Shinryu FZ Foot 着・Yellow
0x43c310@mhfdat-jp.bin,神龍HS脚着・黄,Shinryu HC Foot 着・Yellow
0x43c314@mhfdat-jp.bin,裂破脚着・黄,Shinryu HS Foot 着・Yellow
0x43c318@mhfdat-jp.bin,裂破Ｆ脚着・黄,Reppa Foot 着・Yellow
0x43c31c@mhfdat-jp.bin,裂破FZ脚着・黄,Reppa F Foot 着・Yellow
0x43c320@mhfdat-jp.bin,裂破HC脚着・黄,Reppa FZ Foot 着・Yellow
0x43c324@mhfdat-jp.bin,裂破HS脚着・黄,Reppa HC Foot 着・Yellow
0x43c328@mhfdat-jp.bin,キャノンタイツ・水,Reppa HS Foot 着・Yellow
0x43c32c@mhfdat-jp.bin,キャノンＦタイツ・水,Cannon タイツ・Water
0x43c330@mhfdat-jp.bin,キャノンFZタイツ・水,Cannon Fタイツ・Water
0x43c334@mhfdat-jp.bin,キャノンHCタイツ・水,Cannon FZタイツ・Water
0x43c338@mhfdat-jp.bin,キャノンHSタイツ・水,Cannon HCタイツ・Water
0x43c33c@mhfdat-jp.bin,アクセルタイツ・水,Cannon HSタイツ・Water
0x43c340@mhfdat-jp.bin,アクセルＦタイツ・水,Axel タイツ・Water
0x43c344@mhfdat-jp.bin,アクセルFZタイツ・水,Axel Fタイツ・Water
0x43c348@mhfdat-jp.bin,アクセルHCタイツ・水,Axel FZタイツ・Water
0x43c34c@mhfdat-jp.bin,アクセルHSタイツ・水,Axel HCタイツ・Water
0x43c350@mhfdat-jp.bin,キャノンタイツ・緑,Axel HSタイツ・Water
0x43c354@mhfdat-jp.bin,キャノンＦタイツ・緑,Cannon タイツ・Green
0x43c358@mhfdat-jp.bin,キャノンFZタイツ・緑,Cannon Fタイツ・Green
0x43c35c@mhfdat-jp.bin,キャノンHCタイツ・緑,Cannon FZタイツ・Green
0x43c360@mhfdat-jp.bin,キャノンHSタイツ・緑,Cannon HCタイツ・Green
0x43c364@mhfdat-jp.bin,アクセルタイツ・緑,Cannon HSタイツ・Green
0x43c368@mhfdat-jp.bin,アクセルＦタイツ・緑,Axel タイツ・Green
0x43c36c@mhfdat-jp.bin,アクセルFZタイツ・緑,Axel Fタイツ・Green
0x43c370@mhfdat-jp.bin,アクセルHCタイツ・緑,Axel FZタイツ・Green
0x43c374@mhfdat-jp.bin,アクセルHSタイツ・緑,Axel HCタイツ・Green
0x43c378@mhfdat-jp.bin,キャノンタイツ・桃,Axel HSタイツ・Green
0x43c37c@mhfdat-jp.bin,キャノンＦタイツ・桃,Cannon タイツ・Peach
0x43c380@mhfdat-jp.bin,キャノンFZタイツ・桃,Cannon Fタイツ・Peach
0x43c384@mhfdat-jp.bin,キャノンHCタイツ・桃,Cannon FZタイツ・Peach
0x43c388@mhfdat-jp.bin,キャノンHSタイツ・桃,Cannon HCタイツ・Peach
0x43c38c@mhfdat-jp.bin,アクセルタイツ・桃,Cannon HSタイツ・Peach
0x43c390@mhfdat-jp.bin,アクセルＦタイツ・桃,Axel タイツ・Peach
0x43c394@mhfdat-jp.bin,アクセルFZタイツ・桃,Axel Fタイツ・Peach
0x43c398@mhfdat-jp.bin,アクセルHCタイツ・桃,Axel FZタイツ・Peach
0x43c39c@mhfdat-jp.bin,アクセルHSタイツ・桃,Axel HCタイツ・Peach
0x43c3a0@mhfdat-jp.bin,キャノンタイツ・紫,Axel HSタイツ・Peach
0x43c3a4@mhfdat-jp.bin,キャノンＦタイツ・紫,Cannon タイツ・Purple
0x43c3a8@mhfdat-jp.bin,キャノンFZタイツ・紫,Cannon Fタイツ・Purple
0x43c3ac@mhfdat-jp.bin,キャノンHCタイツ・紫,Cannon FZタイツ・Purple
0x43c3b0@mhfdat-jp.bin,キャノンHSタイツ・紫,Cannon HCタイツ・Purple
0x43c3b4@mhfdat-jp.bin,アクセルタイツ・紫,Cannon HSタイツ・Purple
0x43c3b8@mhfdat-jp.bin,アクセルＦタイツ・紫,Axel タイツ・Purple
0x43c3bc@mhfdat-jp.bin,アクセルFZタイツ・紫,Axel Fタイツ・Purple
0x43c3c0@mhfdat-jp.bin,アクセルHCタイツ・紫,Axel FZタイツ・Purple
0x43c3c4@mhfdat-jp.bin,アクセルHSタイツ・紫,Axel HCタイツ・Purple
0x43c3c8@mhfdat-jp.bin,剣士ランク8,Axel HSタイツ・Purple
0x43c3cc@mhfdat-jp.bin,剣士ランク9,Blade 士ランク8
0x43c3d0@mhfdat-jp.bin,ガンランク8, Blade 士ランク9
0x43c3d4@mhfdat-jp.bin,ガンランク9,ガンランク8
0x43c3d8@mhfdat-jp.bin,ダミー,ガンランク9
0x43c3dc@mhfdat-jp.bin,ダミー,ダミー
0x43c3e0@mhfdat-jp.bin,ダミー,ダミー
0x43c3e4@mhfdat-jp.bin,ダミー,ダミー
0x43c3e8@mhfdat-jp.bin,ダミー,ダミー
0x43c3ec@mhfdat-jp.bin,ダミー,ダミー
0x43c3f0@mhfdat-jp.bin,ダミー,ダミー
0x43c3f4@mhfdat-jp.bin,ダミー,ダミー
0x43c3f8@mhfdat-jp.bin,ダミー,ダミー
0x43c3fc@mhfdat-jp.bin,ダミー,ダミー
0x43c400@mhfdat-jp.bin,ダミー,ダミー
0x43c404@mhfdat-jp.bin,ダミー,ダミー
0x43c408@mhfdat-jp.bin,ダミー,ダミー
0x43c40c@mhfdat-jp.bin,ダミー,ダミー
0x43c410@mhfdat-jp.bin,ダミー,ダミー
0x43c414@mhfdat-jp.bin,ダミー,ダミー
0x43c418@mhfdat-jp.bin,ダミー,ダミー
0x43c41c@mhfdat-jp.bin,ダミー,ダミー
0x43c420@mhfdat-jp.bin,ダミー,ダミー
0x43c424@mhfdat-jp.bin,ダミー,ダミー
0x43c428@mhfdat-jp.bin,ダミー,ダミー
0x43c42c@mhfdat-jp.bin,ダミー,ダミー
0x43c430@mhfdat-jp.bin,ダミー,ダミー
0x43c434@mhfdat-jp.bin,ダミー,ダミー
0x43c438@mhfdat-jp.bin,ダミー,ダミー
0x43c43c@mhfdat-jp.bin,ダミー,ダミー
0x43c440@mhfdat-jp.bin,ダミー,ダミー
0x43c444@mhfdat-jp.bin,ダミー,ダミー
0x43c448@mhfdat-jp.bin,ダミー,ダミー
0x43c44c@mhfdat-jp.bin,ダミー,ダミー
0x43c450@mhfdat-jp.bin,ダミー,ダミー
0x43c454@mhfdat-jp.bin,ダミー,ダミー
0x43c458@mhfdat-jp.bin,ダミー,ダミー
0x43c45c@mhfdat-jp.bin,ダミー,ダミー
0x43c460@mhfdat-jp.bin,ホープブーツ,ダミー
0x43c464@mhfdat-jp.bin,エミットグリーヴ,Hope Boots
0x43c468@mhfdat-jp.bin,エミットＦグリーヴ,エミット Greaves
0x43c46c@mhfdat-jp.bin,エミットFXグリーヴ,エミットF Greaves
0x43c470@mhfdat-jp.bin,エミットレギンス,エミットFX Greaves
0x43c474@mhfdat-jp.bin,エミットＦレギンス,エミット Leggings
0x43c478@mhfdat-jp.bin,エミットFXレギンス,エミットF Leggings
0x43c47c@mhfdat-jp.bin,ディボアグリーヴ,エミットFX Leggings
0x43c480@mhfdat-jp.bin,ディボアＦグリーヴ,Diboa Greaves
0x43c484@mhfdat-jp.bin,ディボアFXグリーヴ,Diboa F Greaves
0x43c488@mhfdat-jp.bin,ディボアレギンス,Diboa FX Greaves
0x43c48c@mhfdat-jp.bin,ディボアＦレギンス,Diboa Leggings
0x43c490@mhfdat-jp.bin,ディボアFXレギンス,Diboa F Leggings
0x43c494@mhfdat-jp.bin,ピエトラＧグリーヴ,Diboa FX Leggings
0x43c498@mhfdat-jp.bin,ピエトラGFグリーヴ,Pietra G Greaves
0x43c49c@mhfdat-jp.bin,ピエトラＧレギンス,Pietra GF Greaves
0x43c4a0@mhfdat-jp.bin,ピエトラGFレギンス,Pietra G Leggings
0x43c4a4@mhfdat-jp.bin,ポカラＧグリーヴ,Pietra GF Leggings
0x43c4a8@mhfdat-jp.bin,ポカラGFグリーヴ,Pokara G Greaves
0x43c4ac@mhfdat-jp.bin,ポカラＧレギンス,Pokara GF Greaves
0x43c4b0@mhfdat-jp.bin,ポカラGFレギンス,Pokara G Leggings
0x43c4b4@mhfdat-jp.bin,ザザミＧグリーヴ,Pokara GF Leggings
0x43c4b8@mhfdat-jp.bin,ザザミGFグリーヴ,Hermitaur G Greaves
0x43c4bc@mhfdat-jp.bin,ザザミＧレギンス,Hermitaur GF Greaves
0x43c4c0@mhfdat-jp.bin,ザザミGFレギンス,Hermitaur G Leggings
0x43c4c4@mhfdat-jp.bin,クックＧグリーヴ,Hermitaur GF Leggings
0x43c4c8@mhfdat-jp.bin,クックGFグリーヴ,Kut-Ku G Greaves
0x43c4cc@mhfdat-jp.bin,クックＧレギンス,Kut-Ku GF Greaves
0x43c4d0@mhfdat-jp.bin,クックGFレギンス,Kut-Ku G Leggings
0x43c4d4@mhfdat-jp.bin,ファルノＧグリーヴ,Kut-Ku GF Leggings
0x43c4d8@mhfdat-jp.bin,ファルノGFグリーヴ,Farunokku G Greaves
0x43c4dc@mhfdat-jp.bin,ファルノＧレギンス,Farunokku GF Greaves
0x43c4e0@mhfdat-jp.bin,ファルノGFレギンス,Farunokku G Leggings
0x43c4e4@mhfdat-jp.bin,ゲリョスＧグリーヴ,Farunokku GF Leggings
0x43c4e8@mhfdat-jp.bin,ゲリョスGFグリーヴ,Gypceros G Greaves
0x43c4ec@mhfdat-jp.bin,ゲリョスＧレギンス,Gypceros GF Greaves
0x43c4f0@mhfdat-jp.bin,ゲリョスGFレギンス,Gypceros G Leggings
0x43c4f4@mhfdat-jp.bin,コンガＧグリーヴ,Gypceros GF Leggings
0x43c4f8@mhfdat-jp.bin,コンガGFグリーヴ,Congalala G Greaves
0x43c4fc@mhfdat-jp.bin,コンガＧレギンス,Congalala GF Greaves
0x43c500@mhfdat-jp.bin,コンガGFレギンス,Congalala G Leggings
0x43c504@mhfdat-jp.bin,ヘッジＧグリーヴ,Congalala GF Leggings
0x43c508@mhfdat-jp.bin,ヘッジGFグリーヴ,Hyuj G Greaves
0x43c50c@mhfdat-jp.bin,ヘッジＧレギンス,Hyuj GF Greaves
0x43c510@mhfdat-jp.bin,ヘッジGFレギンス,Hyuj G Leggings
0x43c514@mhfdat-jp.bin,バサルＧグリーヴ,Hyuj GF Leggings
0x43c518@mhfdat-jp.bin,バサルGFグリーヴ,Basarios G Greaves
0x43c51c@mhfdat-jp.bin,バサルＧレギンス,Basarios GF Greaves
0x43c520@mhfdat-jp.bin,バサルGFレギンス,Basarios G Leggings
0x43c524@mhfdat-jp.bin,レイアＧグリーヴ,Basarios GF Leggings
0x43c528@mhfdat-jp.bin,レイアGFグリーヴ,Rathian G Greaves
0x43c52c@mhfdat-jp.bin,レイアＧレギンス,Rathian GF Greaves
0x43c530@mhfdat-jp.bin,レイアGFレギンス,Rathian G Leggings
0x43c534@mhfdat-jp.bin,ギザミＧグリーヴ,Rathian GF Leggings
0x43c538@mhfdat-jp.bin,ギザミGFグリーヴ,Ceanataur G Greaves
0x43c53c@mhfdat-jp.bin,ギザミＧレギンス,Ceanataur GF Greaves
0x43c540@mhfdat-jp.bin,ギザミGFレギンス,Ceanataur G Leggings
0x43c544@mhfdat-jp.bin,御神楽Ｇ【袴】,Ceanataur GF Leggings
0x43c548@mhfdat-jp.bin,御神楽GF【袴】,Mikagura G [Hakama 】
0x43c54c@mhfdat-jp.bin,里神楽Ｇ【袴】,Mikagura GF [Hakama 】
0x43c550@mhfdat-jp.bin,里神楽GF【袴】,Satokagura G [Hakama 】
0x43c554@mhfdat-jp.bin,レウスＧグリーヴ,Satokagura GF [Hakama 】
0x43c558@mhfdat-jp.bin,レウスGFグリーヴ,Rathalos G Greaves
0x43c55c@mhfdat-jp.bin,レウスＧレギンス,Rathalos GF Greaves
0x43c560@mhfdat-jp.bin,レウスGFレギンス,Rathalos G Leggings
0x43c564@mhfdat-jp.bin,ブランゴＧグリーヴ,Rathalos GF Leggings
0x43c568@mhfdat-jp.bin,ブランゴGFグリーヴ,Blango G Greaves
0x43c56c@mhfdat-jp.bin,ブランゴＧレギンス,Blango GF Greaves
0x43c570@mhfdat-jp.bin,ブランゴGFレギンス,Blango G Leggings
0x43c574@mhfdat-jp.bin,フルフルＧグリーヴ,Blango GF Leggings
0x43c578@mhfdat-jp.bin,フルフルGFグリーヴ,Khezu G Greaves
0x43c57c@mhfdat-jp.bin,フルフルＧレギンス,Khezu GF Greaves
0x43c580@mhfdat-jp.bin,フルフルGFレギンス,Khezu G Leggings
0x43c584@mhfdat-jp.bin,ホープＧグリーヴ,Khezu GF Leggings
0x43c588@mhfdat-jp.bin,ホープGFグリーヴ,Hope G Greaves
0x43c58c@mhfdat-jp.bin,ホープＧレギンス,Hope GF Greaves
0x43c590@mhfdat-jp.bin,ホープGFレギンス,Hope G Leggings
0x43c594@mhfdat-jp.bin,グラッシュフット,Hope GF Leggings
0x43c598@mhfdat-jp.bin,グラッシュＦフット,グラッシュ Feet
0x43c59c@mhfdat-jp.bin,グラッシュFYフット,グラッシュF Feet
0x43c5a0@mhfdat-jp.bin,グラッシュHCフット,グラッシュFY Feet
0x43c5a4@mhfdat-jp.bin,グラッシュブーツ,グラッシュHC Feet
0x43c5a8@mhfdat-jp.bin,グラッシュＦブーツ,グラッシュ Boots
0x43c5ac@mhfdat-jp.bin,グラッシュFYブーツ,グラッシュF Boots
0x43c5b0@mhfdat-jp.bin,グラッシュHCブーツ,グラッシュFY Boots
0x43c5b4@mhfdat-jp.bin,タンドレスフット,グラッシュHC Boots
0x43c5b8@mhfdat-jp.bin,タンドレスＦフット,Tandress Feet
0x43c5bc@mhfdat-jp.bin,タンドレスFYフット,Tandress F Feet
0x43c5c0@mhfdat-jp.bin,タンドレスHCフット,Tandress FY Feet
0x43c5c4@mhfdat-jp.bin,タンドレスブーツ,Tandress HC Feet
0x43c5c8@mhfdat-jp.bin,タンドレスＦブーツ,Tandress Boots
0x43c5cc@mhfdat-jp.bin,タンドレスFYブーツ,Tandress F Boots
0x43c5d0@mhfdat-jp.bin,タンドレスHCブーツ,Tandress FY Boots
0x43c5d4@mhfdat-jp.bin,ダミー,Tandress HC Boots
0x43c5d8@mhfdat-jp.bin,ダミー,ダミー
0x43c5dc@mhfdat-jp.bin,ダミー,ダミー
0x43c5e0@mhfdat-jp.bin,ダミー,ダミー
0x43c5e4@mhfdat-jp.bin,ダミー,ダミー
0x43c5e8@mhfdat-jp.bin,ダミー,ダミー
0x43c5ec@mhfdat-jp.bin,ダミー,ダミー
0x43c5f0@mhfdat-jp.bin,ダミー,ダミー
0x43c5f4@mhfdat-jp.bin,ロウセスＧグリーヴ,ダミー
0x43c5f8@mhfdat-jp.bin,ロウセスＧレギンス,Roses G Greaves
0x43c5fc@mhfdat-jp.bin,シェルカＧレッグ,Roses G Leggings
0x43c600@mhfdat-jp.bin,チェスカＧブーツ,Shell カG Leg
0x43c604@mhfdat-jp.bin,ロアースＧレッグ,チェスカG Boots
0x43c608@mhfdat-jp.bin,ライードＧブーツ,ロ Black Blos G Leg
0x43c60c@mhfdat-jp.bin,蒼竜ノ具足【脛当】,ライードG Boots
0x43c610@mhfdat-jp.bin,蒼竜ノ具足Ｆ【脛当】,Green 竜ノ Greaves [Legs 】
0x43c614@mhfdat-jp.bin,蒼竜ノ具足FZ【脛当】, Green 竜ノ Greaves F [Legs 】
0x43c618@mhfdat-jp.bin,蒼竜ノ具足HC【脛当】, Green 竜ノ Greaves FZ [Legs 】
0x43c61c@mhfdat-jp.bin,蒼竜ノ具足HS【脛当】, Green 竜ノ Greaves HC [Legs 】
0x43c620@mhfdat-jp.bin,蒼竜ノ羽織【脛当】, Green 竜ノ Greaves HS [Legs 】
0x43c624@mhfdat-jp.bin,蒼竜ノ羽織Ｆ【脛当】, Green 竜ノ Haori [Legs 】
0x43c628@mhfdat-jp.bin,蒼竜ノ羽織FZ【脛当】, Green 竜ノ Haori F [Legs 】
0x43c62c@mhfdat-jp.bin,蒼竜ノ羽織HC【脛当】, Green 竜ノ Haori FZ [Legs 】
0x43c630@mhfdat-jp.bin,蒼竜ノ羽織HS【脛当】, Green 竜ノ Haori HC [Legs 】
0x43c634@mhfdat-jp.bin,オービスキック, Green 竜ノ Haori HS [Legs 】
0x43c638@mhfdat-jp.bin,オービスＦキック,Ukon キック
0x43c63c@mhfdat-jp.bin,オービスFZキック,Ukon Fキック
0x43c640@mhfdat-jp.bin,オービスHCキック,Ukon FZキック
0x43c644@mhfdat-jp.bin,オービスブーツ,Ukon HCキック
0x43c648@mhfdat-jp.bin,オービスＦブーツ,Ukon Boots
0x43c64c@mhfdat-jp.bin,オービスFZブーツ,Ukon F Boots
0x43c650@mhfdat-jp.bin,オービスHCブーツ,Ukon FZ Boots
0x43c654@mhfdat-jp.bin,オービスHSキック,Ukon HC Boots
0x43c658@mhfdat-jp.bin,オービスGSキック,Ukon HSキック
0x43c65c@mhfdat-jp.bin,オービスHSブーツ,Ukon GSキック
0x43c660@mhfdat-jp.bin,オービスGSブーツ,Ukon HS Boots
0x43c664@mhfdat-jp.bin,蒼竜ノ具足GS【脛当】,Ukon GS Boots
0x43c668@mhfdat-jp.bin,蒼竜ノ羽織GS【脛当】,Green 竜ノ Greaves GS [Legs 】
0x43c66c@mhfdat-jp.bin,ロウセスGFグリーヴ, Green 竜ノ Haori GS [Legs 】
0x43c670@mhfdat-jp.bin,ロウセスGFレギンス,Roses GF Greaves
0x43c674@mhfdat-jp.bin,ダミー,Roses GF Leggings
0x43c678@mhfdat-jp.bin,ダミー,ダミー
0x43c67c@mhfdat-jp.bin,マゴスフット・黄,ダミー
0x43c680@mhfdat-jp.bin,マゴスＦフット・黄,Magos Feet・Yellow
0x43c684@mhfdat-jp.bin,マゴスFZフット・黄,Magos F Feet・Yellow
0x43c688@mhfdat-jp.bin,マゴスHCフット・黄,Magos FZ Feet・Yellow
0x43c68c@mhfdat-jp.bin,マゴスHSフット・黄,Magos HC Feet・Yellow
0x43c690@mhfdat-jp.bin,マゴスブーツ・黄,Magos HS Feet・Yellow
0x43c694@mhfdat-jp.bin,マゴスＦブーツ・黄,Magos Boots・Yellow
0x43c698@mhfdat-jp.bin,マゴスFZブーツ・黄,Magos F Boots・Yellow
0x43c69c@mhfdat-jp.bin,マゴスHCブーツ・黄,Magos FZ Boots・Yellow
0x43c6a0@mhfdat-jp.bin,マゴスHSブーツ・黄,Magos HC Boots・Yellow
0x43c6a4@mhfdat-jp.bin,マゴスフット・赤,Magos HS Boots・Yellow
0x43c6a8@mhfdat-jp.bin,マゴスＦフット・赤,Magos Feet・Red
0x43c6ac@mhfdat-jp.bin,マゴスFZフット・赤,Magos F Feet・Red
0x43c6b0@mhfdat-jp.bin,マゴスHCフット・赤,Magos FZ Feet・Red
0x43c6b4@mhfdat-jp.bin,マゴスHSフット・赤,Magos HC Feet・Red
0x43c6b8@mhfdat-jp.bin,マゴスブーツ・赤,Magos HS Feet・Red
0x43c6bc@mhfdat-jp.bin,マゴスＦブーツ・赤,Magos Boots・Red
0x43c6c0@mhfdat-jp.bin,マゴスFZブーツ・赤,Magos F Boots・Red
0x43c6c4@mhfdat-jp.bin,マゴスHCブーツ・赤,Magos FZ Boots・Red
0x43c6c8@mhfdat-jp.bin,マゴスHSブーツ・赤,Magos HC Boots・Red
0x43c6cc@mhfdat-jp.bin,マゴスフット・水,Magos HS Boots・Red
0x43c6d0@mhfdat-jp.bin,マゴスＦフット・水,Magos Feet・Water
0x43c6d4@mhfdat-jp.bin,マゴスFZフット・水,Magos F Feet・Water
0x43c6d8@mhfdat-jp.bin,マゴスHCフット・水,Magos FZ Feet・Water
0x43c6dc@mhfdat-jp.bin,マゴスHSフット・水,Magos HC Feet・Water
0x43c6e0@mhfdat-jp.bin,マゴスブーツ・水,Magos HS Feet・Water
0x43c6e4@mhfdat-jp.bin,マゴスＦブーツ・水,Magos Boots・Water
0x43c6e8@mhfdat-jp.bin,マゴスFZブーツ・水,Magos F Boots・Water
0x43c6ec@mhfdat-jp.bin,マゴスHCブーツ・水,Magos FZ Boots・Water
0x43c6f0@mhfdat-jp.bin,マゴスHSブーツ・水,Magos HC Boots・Water
0x43c6f4@mhfdat-jp.bin,マゴスフット・青,Magos HS Boots・Water
0x43c6f8@mhfdat-jp.bin,マゴスＦフット・青,Magos Feet・Blue
0x43c6fc@mhfdat-jp.bin,マゴスFZフット・青,Magos F Feet・Blue
0x43c700@mhfdat-jp.bin,マゴスHCフット・青,Magos FZ Feet・Blue
0x43c704@mhfdat-jp.bin,マゴスHSフット・青,Magos HC Feet・Blue
0x43c708@mhfdat-jp.bin,マゴスブーツ・青,Magos HS Feet・Blue
0x43c70c@mhfdat-jp.bin,マゴスＦブーツ・青,Magos Boots・Blue
0x43c710@mhfdat-jp.bin,マゴスFZブーツ・青,Magos F Boots・Blue
0x43c714@mhfdat-jp.bin,マゴスHCブーツ・青,Magos FZ Boots・Blue
0x43c718@mhfdat-jp.bin,マゴスHSブーツ・青,Magos HC Boots・Blue
0x43c71c@mhfdat-jp.bin,マゴスGSフット・黄,Magos HS Boots・Blue
0x43c720@mhfdat-jp.bin,マゴスGSブーツ・黄,Magos GS Feet・Yellow
0x43c724@mhfdat-jp.bin,マゴスGSフット・赤,Magos GS Boots・Yellow
0x43c728@mhfdat-jp.bin,マゴスGSブーツ・赤,Magos GS Feet・Red
0x43c72c@mhfdat-jp.bin,マゴスGSフット・水,Magos GS Boots・Red
0x43c730@mhfdat-jp.bin,マゴスGSブーツ・水,Magos GS Feet・Water
0x43c734@mhfdat-jp.bin,マゴスGSフット・青,Magos GS Boots・Water
0x43c738@mhfdat-jp.bin,マゴスGSブーツ・青,Magos GS Feet・Blue
0x43c73c@mhfdat-jp.bin,赤備ノ具足【脛当】,Magos GS Boots・Blue
0x43c740@mhfdat-jp.bin,赤備ノ具足Ｆ【脛当】,Red 備ノ Greaves [Legs 】
0x43c744@mhfdat-jp.bin,赤備ノ具足FZ【脛当】, Red 備ノ Greaves F [Legs 】
0x43c748@mhfdat-jp.bin,赤備ノ具足HC【脛当】, Red 備ノ Greaves FZ [Legs 】
0x43c74c@mhfdat-jp.bin,赤備ノ具足HS【脛当】, Red 備ノ Greaves HC [Legs 】
0x43c750@mhfdat-jp.bin,赤備ノ具足GS【脛当】, Red 備ノ Greaves HS [Legs 】
0x43c754@mhfdat-jp.bin,赤備ノ羽織【脛当】, Red 備ノ Greaves GS [Legs 】
0x43c758@mhfdat-jp.bin,赤備ノ羽織Ｆ【脛当】, Red 備ノ Haori [Legs 】
0x43c75c@mhfdat-jp.bin,赤備ノ羽織FZ【脛当】, Red 備ノ Haori F [Legs 】
0x43c760@mhfdat-jp.bin,赤備ノ羽織HC【脛当】, Red 備ノ Haori FZ [Legs 】
0x43c764@mhfdat-jp.bin,赤備ノ羽織HS【脛当】, Red 備ノ Haori HC [Legs 】
0x43c768@mhfdat-jp.bin,赤備ノ羽織GS【脛当】, Red 備ノ Haori HS [Legs 】
0x43c76c@mhfdat-jp.bin,ミクフット, Red 備ノ Haori GS [Legs 】
0x43c770@mhfdat-jp.bin,ミクＦフット,Miku Feet
0x43c774@mhfdat-jp.bin,ミクFZフット,Miku F Feet
0x43c778@mhfdat-jp.bin,ミクHCフット,Miku FZ Feet
0x43c77c@mhfdat-jp.bin,ミクHSフット,Miku HC Feet
0x43c780@mhfdat-jp.bin,ミクGSフット,Miku HS Feet
0x43c784@mhfdat-jp.bin,ミクブーツ,Miku GS Feet
0x43c788@mhfdat-jp.bin,ミクＦブーツ,Miku Boots
0x43c78c@mhfdat-jp.bin,ミクFZブーツ,Miku F Boots
0x43c790@mhfdat-jp.bin,ミクHCブーツ,Miku FZ Boots
0x43c794@mhfdat-jp.bin,ミクHSブーツ,Miku HC Boots
0x43c798@mhfdat-jp.bin,ミクGSブーツ,Miku HS Boots
0x43c79c@mhfdat-jp.bin,赤原礼装・脚：剣赤,Miku GS Boots
0x43c7a0@mhfdat-jp.bin,赤原礼装・脚：剣Ｆ赤,Akahara Reisou BM Legs Red
0x43c7a4@mhfdat-jp.bin,赤原礼装・脚：剣FZ赤,Akahara Reisou BM Legs F Red
0x43c7a8@mhfdat-jp.bin,赤原礼装・脚：剣HC赤,Akahara Reisou BM Legs FZ Red
0x43c7ac@mhfdat-jp.bin,赤原礼装・脚：剣HS赤,Akahara Reisou BM Legs HC Red
0x43c7b0@mhfdat-jp.bin,赤原礼装・脚：剣GS赤,Akahara Reisou BM Legs HS Red
0x43c7b4@mhfdat-jp.bin,赤原礼装・脚：弓赤,Akahara Reisou BM Legs GS Red
0x43c7b8@mhfdat-jp.bin,赤原礼装・脚：弓Ｆ赤,Akahara Reisou GN Legs Red
0x43c7bc@mhfdat-jp.bin,赤原礼装・脚：弓FZ赤,Akahara Reisou GN Legs F Red
0x43c7c0@mhfdat-jp.bin,赤原礼装・脚：弓HC赤,Akahara Reisou GN Legs FZ Red
0x43c7c4@mhfdat-jp.bin,赤原礼装・脚：弓HS赤,Akahara Reisou GN Legs HC Red
0x43c7c8@mhfdat-jp.bin,赤原礼装・脚：弓GS赤,Akahara Reisou GN Legs HS Red
0x43c7cc@mhfdat-jp.bin,赤原礼装・脚：剣青,Akahara Reisou GN Legs GS Red
0x43c7d0@mhfdat-jp.bin,赤原礼装・脚：剣Ｆ青,Akahara Reisou BM Legs Blue
0x43c7d4@mhfdat-jp.bin,赤原礼装・脚：剣FZ青,Akahara Reisou BM Legs F Blue
0x43c7d8@mhfdat-jp.bin,赤原礼装・脚：剣HC青,Akahara Reisou BM Legs FZ Blue
0x43c7dc@mhfdat-jp.bin,赤原礼装・脚：剣HS青,Akahara Reisou BM Legs HC Blue
0x43c7e0@mhfdat-jp.bin,赤原礼装・脚：剣GS青,Akahara Reisou BM Legs HS Blue
0x43c7e4@mhfdat-jp.bin,赤原礼装・脚：弓青,Akahara Reisou BM Legs GS Blue
0x43c7e8@mhfdat-jp.bin,赤原礼装・脚：弓Ｆ青,Akahara Reisou GN Legs Blue
0x43c7ec@mhfdat-jp.bin,赤原礼装・脚：弓FZ青,Akahara Reisou GN Legs F Blue
0x43c7f0@mhfdat-jp.bin,赤原礼装・脚：弓HC青,Akahara Reisou GN Legs FZ Blue
0x43c7f4@mhfdat-jp.bin,赤原礼装・脚：弓HS青,Akahara Reisou GN Legs HC Blue
0x43c7f8@mhfdat-jp.bin,赤原礼装・脚：弓GS青,Akahara Reisou GN Legs HS Blue
0x43c7fc@mhfdat-jp.bin,赤原礼装・脚：剣黒,Akahara Reisou GN Legs GS Blue
0x43c800@mhfdat-jp.bin,赤原礼装・脚：剣Ｆ黒,Akahara Reisou BM Legs Black
0x43c804@mhfdat-jp.bin,赤原礼装・脚：剣FZ黒,Akahara Reisou BM Legs F Black
0x43c808@mhfdat-jp.bin,赤原礼装・脚：剣HC黒,Akahara Reisou BM Legs FZ Black
0x43c80c@mhfdat-jp.bin,赤原礼装・脚：剣HS黒,Akahara Reisou BM Legs HC Black
0x43c810@mhfdat-jp.bin,赤原礼装・脚：剣GS黒,Akahara Reisou BM Legs HS Black
0x43c814@mhfdat-jp.bin,赤原礼装・脚：弓黒,Akahara Reisou BM Legs GS Black
0x43c818@mhfdat-jp.bin,赤原礼装・脚：弓Ｆ黒,Akahara Reisou GN Legs Black
0x43c81c@mhfdat-jp.bin,赤原礼装・脚：弓FZ黒,Akahara Reisou GN Legs F Black
0x43c820@mhfdat-jp.bin,赤原礼装・脚：弓HC黒,Akahara Reisou GN Legs FZ Black
0x43c824@mhfdat-jp.bin,赤原礼装・脚：弓HS黒,Akahara Reisou GN Legs HC Black
0x43c828@mhfdat-jp.bin,赤原礼装・脚：弓GS黒,Akahara Reisou GN Legs HS Black
0x43c82c@mhfdat-jp.bin,赤原礼装・脚：剣白,Akahara Reisou GN Legs GS Black
0x43c830@mhfdat-jp.bin,赤原礼装・脚：剣Ｆ白,Akahara Reisou BM Legs White
0x43c834@mhfdat-jp.bin,赤原礼装・脚：剣FZ白,Akahara Reisou BM Legs F White
0x43c838@mhfdat-jp.bin,赤原礼装・脚：剣HC白,Akahara Reisou BM Legs FZ White
0x43c83c@mhfdat-jp.bin,赤原礼装・脚：剣HS白,Akahara Reisou BM Legs HC White
0x43c840@mhfdat-jp.bin,赤原礼装・脚：剣GS白,Akahara Reisou BM Legs HS White
0x43c844@mhfdat-jp.bin,赤原礼装・脚：弓白,Akahara Reisou BM Legs GS White
0x43c848@mhfdat-jp.bin,赤原礼装・脚：弓Ｆ白,Akahara Reisou GN Legs White
0x43c84c@mhfdat-jp.bin,赤原礼装・脚：弓FZ白,Akahara Reisou GN Legs F White
0x43c850@mhfdat-jp.bin,赤原礼装・脚：弓HC白,Akahara Reisou GN Legs FZ White
0x43c854@mhfdat-jp.bin,赤原礼装・脚：弓HS白,Akahara Reisou GN Legs HC White
0x43c858@mhfdat-jp.bin,赤原礼装・脚：弓GS白,Akahara Reisou GN Legs HS White
0x43c85c@mhfdat-jp.bin,騎士王の脚甲：剣青,Akahara Reisou GN Legs GS White
0x43c860@mhfdat-jp.bin,騎士王の脚甲：剣Ｆ青,Knight King Legs BM Blue
0x43c864@mhfdat-jp.bin,騎士王の脚甲：剣FZ青,Knight King Legs BM F Blue
0x43c868@mhfdat-jp.bin,騎士王の脚甲：剣HC青,Knight King Legs BM FZ Blue
0x43c86c@mhfdat-jp.bin,騎士王の脚甲：剣HS青,Knight King Legs BM HC Blue
0x43c870@mhfdat-jp.bin,騎士王の脚甲：剣GS青,Knight King Legs BM HS Blue
0x43c874@mhfdat-jp.bin,騎士王の脚甲：弓青,Knight King Legs BM GS Blue
0x43c878@mhfdat-jp.bin,騎士王の脚甲：弓Ｆ青,Knight King Legs GN Blue
0x43c87c@mhfdat-jp.bin,騎士王の脚甲：弓FZ青,Knight King Legs GN F Blue
0x43c880@mhfdat-jp.bin,騎士王の脚甲：弓HC青,Knight King Legs GN FZ Blue
0x43c884@mhfdat-jp.bin,騎士王の脚甲：弓HS青,Knight King Legs GN HC Blue
0x43c888@mhfdat-jp.bin,騎士王の脚甲：弓GS青,Knight King Legs GN HS Blue
0x43c88c@mhfdat-jp.bin,騎士王の脚甲：剣赤,Knight King Legs GN GS Blue
0x43c890@mhfdat-jp.bin,騎士王の脚甲：剣Ｆ赤,Knight King Legs BM Red
0x43c894@mhfdat-jp.bin,騎士王の脚甲：剣FZ赤,Knight King Legs BM F Red
0x43c898@mhfdat-jp.bin,騎士王の脚甲：剣HC赤,Knight King Legs BM FZ Red
0x43c89c@mhfdat-jp.bin,騎士王の脚甲：剣HS赤,Knight King Legs BM HC Red
0x43c8a0@mhfdat-jp.bin,騎士王の脚甲：剣GS赤,Knight King Legs BM HS Red
0x43c8a4@mhfdat-jp.bin,騎士王の脚甲：弓赤,Knight King Legs BM GS Red
0x43c8a8@mhfdat-jp.bin,騎士王の脚甲：弓Ｆ赤,Knight King Legs GN Red
0x43c8ac@mhfdat-jp.bin,騎士王の脚甲：弓FZ赤,Knight King Legs GN F Red
0x43c8b0@mhfdat-jp.bin,騎士王の脚甲：弓HC赤,Knight King Legs GN FZ Red
0x43c8b4@mhfdat-jp.bin,騎士王の脚甲：弓HS赤,Knight King Legs GN HC Red
0x43c8b8@mhfdat-jp.bin,騎士王の脚甲：弓GS赤,Knight King Legs GN HS Red
0x43c8bc@mhfdat-jp.bin,騎士王の脚甲：剣黒,Knight King Legs GN GS Red
0x43c8c0@mhfdat-jp.bin,騎士王の脚甲：剣Ｆ黒,Knight King Legs BM Black
0x43c8c4@mhfdat-jp.bin,騎士王の脚甲：剣FZ黒,Knight King Legs BM F Black
0x43c8c8@mhfdat-jp.bin,騎士王の脚甲：剣HC黒,Knight King Legs BM FZ Black
0x43c8cc@mhfdat-jp.bin,騎士王の脚甲：剣HS黒,Knight King Legs BM HC Black
0x43c8d0@mhfdat-jp.bin,騎士王の脚甲：剣GS黒,Knight King Legs BM HS Black
0x43c8d4@mhfdat-jp.bin,騎士王の脚甲：弓黒,Knight King Legs BM GS Black
0x43c8d8@mhfdat-jp.bin,騎士王の脚甲：弓Ｆ黒,Knight King Legs GN Black
0x43c8dc@mhfdat-jp.bin,騎士王の脚甲：弓FZ黒,Knight King Legs GN F Black
0x43c8e0@mhfdat-jp.bin,騎士王の脚甲：弓HC黒,Knight King Legs GN FZ Black
0x43c8e4@mhfdat-jp.bin,騎士王の脚甲：弓HS黒,Knight King Legs GN HC Black
0x43c8e8@mhfdat-jp.bin,騎士王の脚甲：弓GS黒,Knight King Legs GN HS Black
0x43c8ec@mhfdat-jp.bin,騎士王の脚甲：剣白,Knight King Legs GN GS Black
0x43c8f0@mhfdat-jp.bin,騎士王の脚甲：剣Ｆ白,Knight King Legs BM White
0x43c8f4@mhfdat-jp.bin,騎士王の脚甲：剣FZ白,Knight King Legs BM F White
0x43c8f8@mhfdat-jp.bin,騎士王の脚甲：剣HC白,Knight King Legs BM FZ White
0x43c8fc@mhfdat-jp.bin,騎士王の脚甲：剣HS白,Knight King Legs BM HC White
0x43c900@mhfdat-jp.bin,騎士王の脚甲：剣GS白,Knight King Legs BM HS White
0x43c904@mhfdat-jp.bin,騎士王の脚甲：弓白,Knight King Legs BM GS White
0x43c908@mhfdat-jp.bin,騎士王の脚甲：弓Ｆ白,Knight King Legs GN White
0x43c90c@mhfdat-jp.bin,騎士王の脚甲：弓FZ白,Knight King Legs GN F White
0x43c910@mhfdat-jp.bin,騎士王の脚甲：弓HC白,Knight King Legs GN FZ White
0x43c914@mhfdat-jp.bin,騎士王の脚甲：弓HS白,Knight King Legs GN HC White
0x43c918@mhfdat-jp.bin,騎士王の脚甲：弓GS白,Knight King Legs GN HS White
0x43c91c@mhfdat-jp.bin,ヴェルフFZグリーヴ,Knight King Legs GN GS White
0x43c920@mhfdat-jp.bin,ヴェルフHCグリーヴ,ヴェルフFZ Greaves
0x43c924@mhfdat-jp.bin,ヴェルフFZレギンス,ヴェルフHC Greaves
0x43c928@mhfdat-jp.bin,ヴェルフHCレギンス,ヴェルフFZ Leggings
0x43c92c@mhfdat-jp.bin,テリオグFZグリーヴ,ヴェルフHC Leggings
0x43c930@mhfdat-jp.bin,テリオグHCグリーヴ,テリオグFZ Greaves
0x43c934@mhfdat-jp.bin,テリオグFZレギンス,テリオグHC Greaves
0x43c938@mhfdat-jp.bin,テリオグHCレギンス,テリオグFZ Leggings
0x43c93c@mhfdat-jp.bin,ベイルFZディバイダー,テリオグHC Leggings
0x43c940@mhfdat-jp.bin,ベイルHCディバイダー,Beil FZ Divider
0x43c944@mhfdat-jp.bin,ピエトラGXグリーヴ,Beil HC Divider
0x43c948@mhfdat-jp.bin,ピエトラGXレギンス,Pietra GX Greaves
0x43c94c@mhfdat-jp.bin,ポカラGXグリーヴ,Pietra GX Leggings
0x43c950@mhfdat-jp.bin,ポカラGXレギンス,Pokara GX Greaves
0x43c954@mhfdat-jp.bin,ザザミGXグリーヴ,Pokara GX Leggings
0x43c958@mhfdat-jp.bin,ザザミGXレギンス,Hermitaur GX Greaves
0x43c95c@mhfdat-jp.bin,クックGXグリーヴ,Hermitaur GX Leggings
0x43c960@mhfdat-jp.bin,クックGXレギンス,Kut-Ku GX Greaves
0x43c964@mhfdat-jp.bin,ファルノGXグリーヴ,Kut-Ku GX Leggings
0x43c968@mhfdat-jp.bin,ファルノGXレギンス,Farunokku GX Greaves
0x43c96c@mhfdat-jp.bin,ゲリョスGXグリーヴ,Farunokku GX Leggings
0x43c970@mhfdat-jp.bin,ゲリョスGXレギンス,Gypceros GX Greaves
0x43c974@mhfdat-jp.bin,コンガGXグリーヴ,Gypceros GX Leggings
0x43c978@mhfdat-jp.bin,コンガGXレギンス,Congalala GX Greaves
0x43c97c@mhfdat-jp.bin,ヘッジGXグリーヴ,Congalala GX Leggings
0x43c980@mhfdat-jp.bin,ヘッジGXレギンス,Hyuj GX Greaves
0x43c984@mhfdat-jp.bin,バサルGXグリーヴ,Hyuj GX Leggings
0x43c988@mhfdat-jp.bin,バサルGXレギンス,Basarios GX Greaves
0x43c98c@mhfdat-jp.bin,レイアGXグリーヴ,Basarios GX Leggings
0x43c990@mhfdat-jp.bin,レイアGXレギンス,Rathian GX Greaves
0x43c994@mhfdat-jp.bin,ギザミGXグリーヴ,Rathian GX Leggings
0x43c998@mhfdat-jp.bin,ギザミGXレギンス,Ceanataur GX Greaves
0x43c99c@mhfdat-jp.bin,御神楽GX【袴】,Ceanataur GX Leggings
0x43c9a0@mhfdat-jp.bin,里神楽GX【袴】,Mikagura GX [Hakama 】
0x43c9a4@mhfdat-jp.bin,レウスGXグリーヴ,Satokagura GX [Hakama 】
0x43c9a8@mhfdat-jp.bin,レウスGXレギンス,Rathalos GX Greaves
0x43c9ac@mhfdat-jp.bin,ブランゴGXグリーヴ,Rathalos GX Leggings
0x43c9b0@mhfdat-jp.bin,ブランゴGXレギンス,Blango GX Greaves
0x43c9b4@mhfdat-jp.bin,フルフルGXグリーヴ,Blango GX Leggings
0x43c9b8@mhfdat-jp.bin,フルフルGXレギンス,Khezu GX Greaves
0x43c9bc@mhfdat-jp.bin,ホープGXグリーヴ,Khezu GX Leggings
0x43c9c0@mhfdat-jp.bin,ホープGXレギンス,Hope GX Greaves
0x43c9c4@mhfdat-jp.bin,マグシアＧグリーヴ,Hope GX Leggings
0x43c9c8@mhfdat-jp.bin,マグシアGFグリーヴ,Gougarf G Greaves
0x43c9cc@mhfdat-jp.bin,マグシアGXグリーヴ,Gougarf GF Greaves
0x43c9d0@mhfdat-jp.bin,マグシアＧレギンス,Gougarf GX Greaves
0x43c9d4@mhfdat-jp.bin,マグシアGFレギンス,Gougarf G Leggings
0x43c9d8@mhfdat-jp.bin,マグシアGXレギンス,Gougarf GF Leggings
0x43c9dc@mhfdat-jp.bin,ショウロウ【端足】Ｇ,Gougarf GX Leggings
0x43c9e0@mhfdat-jp.bin,ショウロウ【端足】GF,Shourou 【端足】G
0x43c9e4@mhfdat-jp.bin,ショウロウ【端足】GX,Shourou 【端足】GF
0x43c9e8@mhfdat-jp.bin,ミタマ【端足】Ｇ,Shourou 【端足】GX
0x43c9ec@mhfdat-jp.bin,ミタマ【端足】GF,Mitama 【端足】G
0x43c9f0@mhfdat-jp.bin,ミタマ【端足】GX,Mitama 【端足】GF
0x43c9f4@mhfdat-jp.bin,サベージＧグリーヴ,Mitama 【端足】GX
0x43c9f8@mhfdat-jp.bin,サベージGFグリーヴ,Giaorugu G Greaves
0x43c9fc@mhfdat-jp.bin,サベージGXグリーヴ,Giaorugu GF Greaves
0x43ca00@mhfdat-jp.bin,サベージＧレギンス,Giaorugu GX Greaves
0x43ca04@mhfdat-jp.bin,サベージGFレギンス,Giaorugu G Leggings
0x43ca08@mhfdat-jp.bin,サベージGXレギンス,Giaorugu GF Leggings
0x43ca0c@mhfdat-jp.bin,グラビドＧグリーヴ,Giaorugu GX Leggings
0x43ca10@mhfdat-jp.bin,グラビドGFグリーヴ,Gravios G Greaves
0x43ca14@mhfdat-jp.bin,グラビドGXグリーヴ,Gravios GF Greaves
0x43ca18@mhfdat-jp.bin,グラビドＧレギンス,Gravios GX Greaves
0x43ca1c@mhfdat-jp.bin,グラビドGFレギンス,Gravios G Leggings
0x43ca20@mhfdat-jp.bin,グラビドGXレギンス,Gravios GF Leggings
0x43ca24@mhfdat-jp.bin,レックスＧグリーヴ,Gravios GX Leggings
0x43ca28@mhfdat-jp.bin,レックスGFグリーヴ,Tigrex G Greaves
0x43ca2c@mhfdat-jp.bin,レックスGXグリーヴ,Tigrex GF Greaves
0x43ca30@mhfdat-jp.bin,レックスＧレギンス,Tigrex GX Greaves
0x43ca34@mhfdat-jp.bin,レックスGFレギンス,Tigrex G Leggings
0x43ca38@mhfdat-jp.bin,レックスGXレギンス,Tigrex GF Leggings
0x43ca3c@mhfdat-jp.bin,パリアＧグリーヴ,Tigrex GX Leggings
0x43ca40@mhfdat-jp.bin,パリアGFグリーヴ,Pariapuria G Greaves
0x43ca44@mhfdat-jp.bin,パリアGXグリーヴ,Pariapuria GF Greaves
0x43ca48@mhfdat-jp.bin,パリアＧレギンス,Pariapuria GX Greaves
0x43ca4c@mhfdat-jp.bin,パリアGFレギンス,Pariapuria G Leggings
0x43ca50@mhfdat-jp.bin,パリアGXレギンス,Pariapuria GF Leggings
0x43ca54@mhfdat-jp.bin,トルペドＧグリーヴ,Pariapuria GX Leggings
0x43ca58@mhfdat-jp.bin,トルペドGFグリーヴ,Torpedo G Greaves
0x43ca5c@mhfdat-jp.bin,トルペドGXグリーヴ,Torpedo GF Greaves
0x43ca60@mhfdat-jp.bin,トルペドＧレギンス,Torpedo GX Greaves
0x43ca64@mhfdat-jp.bin,トルペドGFレギンス,Torpedo G Leggings
0x43ca68@mhfdat-jp.bin,トルペドGXレギンス,Torpedo GF Leggings
0x43ca6c@mhfdat-jp.bin,ラヴァＧグリーヴ,Torpedo GX Leggings
0x43ca70@mhfdat-jp.bin,ラヴァGFグリーヴ,Lavasioth G Greaves
0x43ca74@mhfdat-jp.bin,ラヴァGXグリーヴ,Lavasioth GF Greaves
0x43ca78@mhfdat-jp.bin,ラヴァＧレギンス,Lavasioth GX Greaves
0x43ca7c@mhfdat-jp.bin,ラヴァGFレギンス,Lavasioth G Leggings
0x43ca80@mhfdat-jp.bin,ラヴァGXレギンス,Lavasioth GF Leggings
0x43ca84@mhfdat-jp.bin,エスピナＧフェルゼ,Lavasioth GX Leggings
0x43ca88@mhfdat-jp.bin,エスピナGFフェルゼ,Espinas G Heel
0x43ca8c@mhfdat-jp.bin,エスピナGXフェルゼ,Espinas GF Heel
0x43ca90@mhfdat-jp.bin,エスピナＧアヴィレ,Espinas GX Heel
0x43ca94@mhfdat-jp.bin,エスピナGFアヴィレ,Espinas G March
0x43ca98@mhfdat-jp.bin,エスピナGXアヴィレ,Espinas GF March
0x43ca9c@mhfdat-jp.bin,金色ノ袴・Ｇ,Espinas GX March
0x43caa0@mhfdat-jp.bin,金色ノ袴・GF,Golden Hakama・G
0x43caa4@mhfdat-jp.bin,金色ノ袴・GX,Golden Hakama・GF
0x43caa8@mhfdat-jp.bin,黒子ノ足袋・Ｇ,Golden Hakama・GX
0x43caac@mhfdat-jp.bin,黒子ノ足袋・GF,Black Cub Tabi・G
0x43cab0@mhfdat-jp.bin,黒子ノ足袋・GX,Black Cub Tabi・GF
0x43cab4@mhfdat-jp.bin,レビＧフット,Black Cub Tabi・GX
0x43cab8@mhfdat-jp.bin,レビGFフット,Rebidiora G Feet
0x43cabc@mhfdat-jp.bin,レビGXフット,Rebidiora GF Feet
0x43cac0@mhfdat-jp.bin,レビＧレグス,Rebidiora GX Feet
0x43cac4@mhfdat-jp.bin,レビGFレグス,Rebidiora G Legs
0x43cac8@mhfdat-jp.bin,レビGXレグス,Rebidiora GF Legs
0x43cacc@mhfdat-jp.bin,ガルルガＧグリーヴ,Rebidiora GX Legs
0x43cad0@mhfdat-jp.bin,ガルルガGFグリーヴ,Garuga G Greaves
0x43cad4@mhfdat-jp.bin,ガルルガGXグリーヴ,Garuga GF Greaves
0x43cad8@mhfdat-jp.bin,ガルルガＧレギンス,Garuga GX Greaves
0x43cadc@mhfdat-jp.bin,ガルルガGFレギンス,Garuga G Leggings
0x43cae0@mhfdat-jp.bin,ガルルガGXレギンス,Garuga GF Leggings
0x43cae4@mhfdat-jp.bin,アクラＧグリーヴ,Garuga GX Leggings
0x43cae8@mhfdat-jp.bin,アクラGFグリーヴ,Akura G Greaves
0x43caec@mhfdat-jp.bin,アクラGXグリーヴ,Akura GF Greaves
0x43caf0@mhfdat-jp.bin,アクラＧレギンス,Akura GX Greaves
0x43caf4@mhfdat-jp.bin,アクラGFレギンス,Akura G Leggings
0x43caf8@mhfdat-jp.bin,アクラGXレギンス,Akura GF Leggings
0x43cafc@mhfdat-jp.bin,グレンＧグリーヴ,Akura GX Leggings
0x43cb00@mhfdat-jp.bin,グレンGFグリーヴ,Guren G Greaves
0x43cb04@mhfdat-jp.bin,グレンGXグリーヴ,Guren GF Greaves
0x43cb08@mhfdat-jp.bin,グレンＧレギンス,Guren GX Greaves
0x43cb0c@mhfdat-jp.bin,グレンGFレギンス,Guren G Leggings
0x43cb10@mhfdat-jp.bin,グレンGXレギンス,Guren GF Leggings
0x43cb14@mhfdat-jp.bin,稲荷・Ｇ【具足】,Guren GX Leggings
0x43cb18@mhfdat-jp.bin,稲荷・GF【具足】,Inari G [Greaves 】
0x43cb1c@mhfdat-jp.bin,稲荷・GX【具足】,Inari GF [Greaves 】
0x43cb20@mhfdat-jp.bin,玉藻・Ｇ【具足】,Inari GX [Greaves 】
0x43cb24@mhfdat-jp.bin,玉藻・GF【具足】,Tamamo G [Greaves 】
0x43cb28@mhfdat-jp.bin,玉藻・GX【具足】,Tamamo GF [Greaves 】
0x43cb2c@mhfdat-jp.bin,ディスＧグリーヴ,Tamamo GX [Greaves 】
0x43cb30@mhfdat-jp.bin,ディスGFグリーヴ,Disu G Greaves
0x43cb34@mhfdat-jp.bin,ディスGXグリーヴ,Disu GF Greaves
0x43cb38@mhfdat-jp.bin,ディスＧレギンス,Disu GX Greaves
0x43cb3c@mhfdat-jp.bin,ディスGFレギンス,Disu G Leggings
0x43cb40@mhfdat-jp.bin,ディスGXレギンス,Disu GF Leggings
0x43cb44@mhfdat-jp.bin,黒影ノ足袋・Ｇ,Disu GX Leggings
0x43cb48@mhfdat-jp.bin,黒影ノ足袋・GF,Shadow Tabi・G
0x43cb4c@mhfdat-jp.bin,黒影ノ足袋・GX,Shadow Tabi・GF
0x43cb50@mhfdat-jp.bin,黒陰ノ足袋・Ｇ,Shadow Tabi・GX
0x43cb54@mhfdat-jp.bin,黒陰ノ足袋・GF,Shade Tabi・G
0x43cb58@mhfdat-jp.bin,黒陰ノ足袋・GX,Shade Tabi・GF
0x43cb5c@mhfdat-jp.bin,白虎・剣聖Ｇフット,Shade Tabi・GX
0x43cb60@mhfdat-jp.bin,白虎・剣聖GFフット,Byakko・Kensei G Feet
0x43cb64@mhfdat-jp.bin,朱雀・剣聖Ｇフット,Byakko・Kensei GF Feet
0x43cb68@mhfdat-jp.bin,朱雀・剣聖GFフット,Suzaku・Kensei G Feet
0x43cb6c@mhfdat-jp.bin,玄武・剣聖Ｇフット,Suzaku・Kensei GF Feet
0x43cb70@mhfdat-jp.bin,玄武・剣聖GFフット,Genbu・Kensei G Feet
0x43cb74@mhfdat-jp.bin,青龍・剣聖Ｇフット,Genbu・Kensei GF Feet
0x43cb78@mhfdat-jp.bin,青龍・剣聖GFフット,Seiryu・Kensei G Feet
0x43cb7c@mhfdat-jp.bin,白虎・双龍Ｇフット,Seiryu・Kensei GF Feet
0x43cb80@mhfdat-jp.bin,白虎・双龍GFフット,Byakko・双龍G Feet
0x43cb84@mhfdat-jp.bin,朱雀・双龍Ｇフット,Byakko・双龍GF Feet
0x43cb88@mhfdat-jp.bin,朱雀・双龍GFフット,Suzaku・双龍G Feet
0x43cb8c@mhfdat-jp.bin,玄武・双龍Ｇフット,Suzaku・双龍GF Feet
0x43cb90@mhfdat-jp.bin,玄武・双龍GFフット,Genbu・双龍G Feet
0x43cb94@mhfdat-jp.bin,青龍・双龍Ｇフット,Genbu・双龍GF Feet
0x43cb98@mhfdat-jp.bin,青龍・双龍GFフット,Seiryu・双龍G Feet
0x43cb9c@mhfdat-jp.bin,白虎・剣王Ｇフット,Seiryu・双龍GF Feet
0x43cba0@mhfdat-jp.bin,白虎・剣王GFフット,Byakko・Blade 王G Feet
0x43cba4@mhfdat-jp.bin,朱雀・剣王Ｇフット,Byakko・Blade 王GF Feet
0x43cba8@mhfdat-jp.bin,朱雀・剣王GFフット,Suzaku・Blade 王G Feet
0x43cbac@mhfdat-jp.bin,玄武・剣王Ｇフット,Suzaku・Blade 王GF Feet
0x43cbb0@mhfdat-jp.bin,玄武・剣王GFフット,Genbu・Blade 王G Feet
0x43cbb4@mhfdat-jp.bin,青龍・剣王Ｇフット,Genbu・Blade 王GF Feet
0x43cbb8@mhfdat-jp.bin,青龍・剣王GFフット,Seiryu・Blade 王G Feet
0x43cbbc@mhfdat-jp.bin,白虎・刀神Ｇフット,Seiryu・Blade 王GF Feet
0x43cbc0@mhfdat-jp.bin,白虎・刀神GFフット,Byakko・刀神G Feet
0x43cbc4@mhfdat-jp.bin,朱雀・刀神Ｇフット,Byakko・刀神GF Feet
0x43cbc8@mhfdat-jp.bin,朱雀・刀神GFフット,Suzaku・刀神G Feet
0x43cbcc@mhfdat-jp.bin,玄武・刀神Ｇフット,Suzaku・刀神GF Feet
0x43cbd0@mhfdat-jp.bin,玄武・刀神GFフット,Genbu・刀神G Feet
0x43cbd4@mhfdat-jp.bin,青龍・刀神Ｇフット,Genbu・刀神GF Feet
0x43cbd8@mhfdat-jp.bin,青龍・刀神GFフット,Seiryu・刀神G Feet
0x43cbdc@mhfdat-jp.bin,白虎・天槍Ｇフット,Seiryu・刀神GF Feet
0x43cbe0@mhfdat-jp.bin,白虎・天槍GFフット,Byakko・Heaven 槍G Feet
0x43cbe4@mhfdat-jp.bin,朱雀・天槍Ｇフット,Byakko・Heaven 槍GF Feet
0x43cbe8@mhfdat-jp.bin,朱雀・天槍GFフット,Suzaku・Heaven 槍G Feet
0x43cbec@mhfdat-jp.bin,玄武・天槍Ｇフット,Suzaku・Heaven 槍GF Feet
0x43cbf0@mhfdat-jp.bin,玄武・天槍GFフット,Genbu・Heaven 槍G Feet
0x43cbf4@mhfdat-jp.bin,青龍・天槍Ｇフット,Genbu・Heaven 槍GF Feet
0x43cbf8@mhfdat-jp.bin,青龍・天槍GFフット,Seiryu・Heaven 槍G Feet
0x43cbfc@mhfdat-jp.bin,白虎・砲皇Ｇフット,Seiryu・Heaven 槍GF Feet
0x43cc00@mhfdat-jp.bin,白虎・砲皇GFフット,Byakko・砲皇G Feet
0x43cc04@mhfdat-jp.bin,朱雀・砲皇Ｇフット,Byakko・砲皇GF Feet
0x43cc08@mhfdat-jp.bin,朱雀・砲皇GFフット,Suzaku・砲皇G Feet
0x43cc0c@mhfdat-jp.bin,玄武・砲皇Ｇフット,Suzaku・砲皇GF Feet
0x43cc10@mhfdat-jp.bin,玄武・砲皇GFフット,Genbu・砲皇G Feet
0x43cc14@mhfdat-jp.bin,青龍・砲皇Ｇフット,Genbu・砲皇GF Feet
0x43cc18@mhfdat-jp.bin,青龍・砲皇GFフット,Seiryu・砲皇G Feet
0x43cc1c@mhfdat-jp.bin,白虎・鈍器獣Ｇフット,Seiryu・砲皇GF Feet
0x43cc20@mhfdat-jp.bin,白虎・鈍器獣GFフット,Byakko・鈍器獣G Feet
0x43cc24@mhfdat-jp.bin,朱雀・鈍器獣Ｇフット,Byakko・鈍器獣GF Feet
0x43cc28@mhfdat-jp.bin,朱雀・鈍器獣GFフット,Suzaku・鈍器獣G Feet
0x43cc2c@mhfdat-jp.bin,玄武・鈍器獣Ｇフット,Suzaku・鈍器獣GF Feet
0x43cc30@mhfdat-jp.bin,玄武・鈍器獣GFフット,Genbu・鈍器獣G Feet
0x43cc34@mhfdat-jp.bin,青龍・鈍器獣Ｇフット,Genbu・鈍器獣GF Feet
0x43cc38@mhfdat-jp.bin,青龍・鈍器獣GFフット,Seiryu・鈍器獣G Feet
0x43cc3c@mhfdat-jp.bin,白虎・奏帝Ｇフット,Seiryu・鈍器獣GF Feet
0x43cc40@mhfdat-jp.bin,白虎・奏帝GFフット,Byakko・奏帝G Feet
0x43cc44@mhfdat-jp.bin,朱雀・奏帝Ｇフット,Byakko・奏帝GF Feet
0x43cc48@mhfdat-jp.bin,朱雀・奏帝GFフット,Suzaku・奏帝G Feet
0x43cc4c@mhfdat-jp.bin,玄武・奏帝Ｇフット,Suzaku・奏帝GF Feet
0x43cc50@mhfdat-jp.bin,玄武・奏帝GFフット,Genbu・奏帝G Feet
0x43cc54@mhfdat-jp.bin,青龍・奏帝Ｇフット,Genbu・奏帝GF Feet
0x43cc58@mhfdat-jp.bin,青龍・奏帝GFフット,Seiryu・奏帝G Feet
0x43cc5c@mhfdat-jp.bin,白虎・銃傑Ｇブーツ,Seiryu・奏帝GF Feet
0x43cc60@mhfdat-jp.bin,白虎・銃傑GFブーツ,Byakko・銃傑G Boots
0x43cc64@mhfdat-jp.bin,朱雀・銃傑Ｇブーツ,Byakko・銃傑GF Boots
0x43cc68@mhfdat-jp.bin,朱雀・銃傑GFブーツ,Suzaku・銃傑G Boots
0x43cc6c@mhfdat-jp.bin,玄武・銃傑Ｇブーツ,Suzaku・銃傑GF Boots
0x43cc70@mhfdat-jp.bin,玄武・銃傑GFブーツ,Genbu・銃傑G Boots
0x43cc74@mhfdat-jp.bin,青龍・銃傑Ｇブーツ,Genbu・銃傑GF Boots
0x43cc78@mhfdat-jp.bin,青龍・銃傑GFブーツ,Seiryu・銃傑G Boots
0x43cc7c@mhfdat-jp.bin,白虎・銃仙Ｇブーツ,Seiryu・銃傑GF Boots
0x43cc80@mhfdat-jp.bin,白虎・銃仙GFブーツ,Byakko・銃仙G Boots
0x43cc84@mhfdat-jp.bin,朱雀・銃仙Ｇブーツ,Byakko・銃仙GF Boots
0x43cc88@mhfdat-jp.bin,朱雀・銃仙GFブーツ,Suzaku・銃仙G Boots
0x43cc8c@mhfdat-jp.bin,玄武・銃仙Ｇブーツ,Suzaku・銃仙GF Boots
0x43cc90@mhfdat-jp.bin,玄武・銃仙GFブーツ,Genbu・銃仙G Boots
0x43cc94@mhfdat-jp.bin,青龍・銃仙Ｇブーツ,Genbu・銃仙GF Boots
0x43cc98@mhfdat-jp.bin,青龍・銃仙GFブーツ,Seiryu・銃仙G Boots
0x43cc9c@mhfdat-jp.bin,白虎・弓鬼Ｇブーツ,Seiryu・銃仙GF Boots
0x43cca0@mhfdat-jp.bin,白虎・弓鬼GFブーツ,Byakko・Bow 鬼G Boots
0x43cca4@mhfdat-jp.bin,朱雀・弓鬼Ｇブーツ,Byakko・Bow 鬼GF Boots
0x43cca8@mhfdat-jp.bin,朱雀・弓鬼GFブーツ,Suzaku・Bow 鬼G Boots
0x43ccac@mhfdat-jp.bin,玄武・弓鬼Ｇブーツ,Suzaku・Bow 鬼GF Boots
0x43ccb0@mhfdat-jp.bin,玄武・弓鬼GFブーツ,Genbu・Bow 鬼G Boots
0x43ccb4@mhfdat-jp.bin,青龍・弓鬼Ｇブーツ,Genbu・Bow 鬼GF Boots
0x43ccb8@mhfdat-jp.bin,青龍・弓鬼GFブーツ,Seiryu・Bow 鬼G Boots
0x43ccbc@mhfdat-jp.bin,オディバＧグリーヴ,Seiryu・Bow 鬼GF Boots
0x43ccc0@mhfdat-jp.bin,オディバＧレギンス,Odiva G Greaves
0x43ccc4@mhfdat-jp.bin,ブリッツＧレガース,Odiva G Leggings
0x43ccc8@mhfdat-jp.bin,ブリッツＧブーツ,Blitz Gレガース
0x43cccc@mhfdat-jp.bin,フレイムＧグリーヴ,Blitz G Boots
0x43ccd0@mhfdat-jp.bin,フレイムＧレギンス,Flame G Greaves
0x43ccd4@mhfdat-jp.bin,ウィンドＧペイル,Flame G Leggings
0x43ccd8@mhfdat-jp.bin,ウィンドＧハディ,Wind Gペイル
0x43ccdc@mhfdat-jp.bin,武者Ｇ【具足】,Wind Gハディ
0x43cce0@mhfdat-jp.bin,日光Ｇ【具足】,武者G [Greaves 】
0x43cce4@mhfdat-jp.bin,ワダツミＧ【具足】,日光G [Greaves 】
0x43cce8@mhfdat-jp.bin,オカミＧ【具足】,Wadatsumi G [Greaves 】
0x43ccec@mhfdat-jp.bin,リルスＧグリーヴ,Okami G [Greaves 】
0x43ccf0@mhfdat-jp.bin,リルスＧレギンス,Lils G Greaves
0x43ccf4@mhfdat-jp.bin,アルゴルＧグリーヴ,Lils G Leggings
0x43ccf8@mhfdat-jp.bin,アルゴルＧレギンス,Algol G Greaves
0x43ccfc@mhfdat-jp.bin,エミットＧグリーヴ,Algol G Leggings
0x43cd00@mhfdat-jp.bin,エミットＧレギンス,エミットG Greaves
0x43cd04@mhfdat-jp.bin,ディボアＧグリーヴ,エミットG Leggings
0x43cd08@mhfdat-jp.bin,ディボアＧレギンス,Diboa G Greaves
0x43cd0c@mhfdat-jp.bin,鬼神ノ脛当,Diboa G Leggings
0x43cd10@mhfdat-jp.bin,童子ノ脛当,Demon Lord Legs
0x43cd14@mhfdat-jp.bin,レアーブーツ,童子ノ Legs
0x43cd18@mhfdat-jp.bin,ハーデスブーツ,レアー Boots
0x43cd1c@mhfdat-jp.bin,レアーレギンス,ハーデス Boots
0x43cd20@mhfdat-jp.bin,ハーデスレギンス,レアー Leggings
0x43cd24@mhfdat-jp.bin,ロウセスGXグリーヴ,ハーデス Leggings
0x43cd28@mhfdat-jp.bin,ロウセスGXレギンス,Roses GX Greaves
0x43cd2c@mhfdat-jp.bin,ストレガＧグリーヴ,Roses GX Leggings
0x43cd30@mhfdat-jp.bin,ストレガGFグリーヴ,Strega G Greaves
0x43cd34@mhfdat-jp.bin,ストレガGXグリーヴ,Strega GF Greaves
0x43cd38@mhfdat-jp.bin,ストレガＧレギンス,Strega GX Greaves
0x43cd3c@mhfdat-jp.bin,ストレガGFレギンス,Strega G Leggings
0x43cd40@mhfdat-jp.bin,ストレガGXレギンス,Strega GF Leggings
0x43cd44@mhfdat-jp.bin,ピクスフット・緑,Strega GX Leggings
0x43cd48@mhfdat-jp.bin,ピクスＦフット・緑,Pics Feet・Green
0x43cd4c@mhfdat-jp.bin,ピクスFZフット・緑,Pics F Feet・Green
0x43cd50@mhfdat-jp.bin,ピクスHCフット・緑,Pics FZ Feet・Green
0x43cd54@mhfdat-jp.bin,ピクスHSフット・緑,Pics HC Feet・Green
0x43cd58@mhfdat-jp.bin,ピクスGSフット・緑,Pics HS Feet・Green
0x43cd5c@mhfdat-jp.bin,ピクスブーツ・緑,Pics GS Feet・Green
0x43cd60@mhfdat-jp.bin,ピクスＦブーツ・緑,Pics Boots・Green
0x43cd64@mhfdat-jp.bin,ピクスFZブーツ・緑,Pics F Boots・Green
0x43cd68@mhfdat-jp.bin,ピクスHCブーツ・緑,Pics FZ Boots・Green
0x43cd6c@mhfdat-jp.bin,ピクスHSブーツ・緑,Pics HC Boots・Green
0x43cd70@mhfdat-jp.bin,ピクスGSブーツ・緑,Pics HS Boots・Green
0x43cd74@mhfdat-jp.bin,ピクスフット・紫,Pics GS Boots・Green
0x43cd78@mhfdat-jp.bin,ピクスＦフット・紫,Pics Feet・Purple
0x43cd7c@mhfdat-jp.bin,ピクスFZフット・紫,Pics F Feet・Purple
0x43cd80@mhfdat-jp.bin,ピクスHCフット・紫,Pics FZ Feet・Purple
0x43cd84@mhfdat-jp.bin,ピクスHSフット・紫,Pics HC Feet・Purple
0x43cd88@mhfdat-jp.bin,ピクスGSフット・紫,Pics HS Feet・Purple
0x43cd8c@mhfdat-jp.bin,ピクスブーツ・紫,Pics GS Feet・Purple
0x43cd90@mhfdat-jp.bin,ピクスＦブーツ・紫,Pics Boots・Purple
0x43cd94@mhfdat-jp.bin,ピクスFZブーツ・紫,Pics F Boots・Purple
0x43cd98@mhfdat-jp.bin,ピクスHCブーツ・紫,Pics FZ Boots・Purple
0x43cd9c@mhfdat-jp.bin,ピクスHSブーツ・紫,Pics HC Boots・Purple
0x43cda0@mhfdat-jp.bin,ピクスGSブーツ・紫,Pics HS Boots・Purple
0x43cda4@mhfdat-jp.bin,ピクスフット・黒,Pics GS Boots・Purple
0x43cda8@mhfdat-jp.bin,ピクスＦフット・黒,Pics Feet・Black
0x43cdac@mhfdat-jp.bin,ピクスFZフット・黒,Pics F Feet・Black
0x43cdb0@mhfdat-jp.bin,ピクスHCフット・黒,Pics FZ Feet・Black
0x43cdb4@mhfdat-jp.bin,ピクスHSフット・黒,Pics HC Feet・Black
0x43cdb8@mhfdat-jp.bin,ピクスGSフット・黒,Pics HS Feet・Black
0x43cdbc@mhfdat-jp.bin,ピクスブーツ・黒,Pics GS Feet・Black
0x43cdc0@mhfdat-jp.bin,ピクスＦブーツ・黒,Pics Boots・Black
0x43cdc4@mhfdat-jp.bin,ピクスFZブーツ・黒,Pics F Boots・Black
0x43cdc8@mhfdat-jp.bin,ピクスHCブーツ・黒,Pics FZ Boots・Black
0x43cdcc@mhfdat-jp.bin,ピクスHSブーツ・黒,Pics HC Boots・Black
0x43cdd0@mhfdat-jp.bin,ピクスGSブーツ・黒,Pics HS Boots・Black
0x43cdd4@mhfdat-jp.bin,ピクスフット・水,Pics GS Boots・Black
0x43cdd8@mhfdat-jp.bin,ピクスＦフット・水,Pics Feet・Water
0x43cddc@mhfdat-jp.bin,ピクスFZフット・水,Pics F Feet・Water
0x43cde0@mhfdat-jp.bin,ピクスHCフット・水,Pics FZ Feet・Water
0x43cde4@mhfdat-jp.bin,ピクスHSフット・水,Pics HC Feet・Water
0x43cde8@mhfdat-jp.bin,ピクスGSフット・水,Pics HS Feet・Water
0x43cdec@mhfdat-jp.bin,ピクスブーツ・水,Pics GS Feet・Water
0x43cdf0@mhfdat-jp.bin,ピクスＦブーツ・水,Pics Boots・Water
0x43cdf4@mhfdat-jp.bin,ピクスFZブーツ・水,Pics F Boots・Water
0x43cdf8@mhfdat-jp.bin,ピクスHCブーツ・水,Pics FZ Boots・Water
0x43cdfc@mhfdat-jp.bin,ピクスHSブーツ・水,Pics HC Boots・Water
0x43ce00@mhfdat-jp.bin,ピクスGSブーツ・水,Pics HS Boots・Water
0x43ce04@mhfdat-jp.bin,ブライトグリーヴ,Pics GS Boots・Water
0x43ce08@mhfdat-jp.bin,ブライトＦグリーヴ,Bright Greaves
0x43ce0c@mhfdat-jp.bin,ブライトFZグリーヴ,Bright F Greaves
0x43ce10@mhfdat-jp.bin,ブライトHCグリーヴ,Bright FZ Greaves
0x43ce14@mhfdat-jp.bin,ブライトHSグリーヴ,Bright HC Greaves
0x43ce18@mhfdat-jp.bin,ブライトGSグリーヴ,Bright HS Greaves
0x43ce1c@mhfdat-jp.bin,ブライトレギンス,Bright GS Greaves
0x43ce20@mhfdat-jp.bin,ブライトＦレギンス,Bright Leggings
0x43ce24@mhfdat-jp.bin,ブライトFZレギンス,Bright F Leggings
0x43ce28@mhfdat-jp.bin,ブライトHCレギンス,Bright FZ Leggings
0x43ce2c@mhfdat-jp.bin,ブライトHSレギンス,Bright HC Leggings
0x43ce30@mhfdat-jp.bin,ブライトGSレギンス,Bright HS Leggings
0x43ce34@mhfdat-jp.bin,ジュアリグリーヴ,Bright GS Leggings
0x43ce38@mhfdat-jp.bin,ジュアリＦグリーヴ,Juari Greaves
0x43ce3c@mhfdat-jp.bin,ジュアリFZグリーヴ,Juari F Greaves
0x43ce40@mhfdat-jp.bin,ジュアリHCグリーヴ,Juari FZ Greaves
0x43ce44@mhfdat-jp.bin,ジュアリHSグリーヴ,Juari HC Greaves
0x43ce48@mhfdat-jp.bin,ジュアリGSグリーヴ,Juari HS Greaves
0x43ce4c@mhfdat-jp.bin,ジュアリレギンス,Juari GS Greaves
0x43ce50@mhfdat-jp.bin,ジュアリＦレギンス,Juari Leggings
0x43ce54@mhfdat-jp.bin,ジュアリFZレギンス,Juari F Leggings
0x43ce58@mhfdat-jp.bin,ジュアリHCレギンス,Juari FZ Leggings
0x43ce5c@mhfdat-jp.bin,ジュアリHSレギンス,Juari HC Leggings
0x43ce60@mhfdat-jp.bin,ジュアリGSレギンス,Juari HS Leggings
0x43ce64@mhfdat-jp.bin,ティンクグリーヴ,Juari GS Leggings
0x43ce68@mhfdat-jp.bin,ティンクＦグリーヴ,Tinku Greaves
0x43ce6c@mhfdat-jp.bin,ティンクFZグリーヴ,Tinku F Greaves
0x43ce70@mhfdat-jp.bin,ティンクHCグリーヴ,Tinku FZ Greaves
0x43ce74@mhfdat-jp.bin,ティンクHSグリーヴ,Tinku HC Greaves
0x43ce78@mhfdat-jp.bin,ティンクGSグリーヴ,Tinku HS Greaves
0x43ce7c@mhfdat-jp.bin,ティンクレギンス,Tinku GS Greaves
0x43ce80@mhfdat-jp.bin,ティンクＦレギンス,Tinku Leggings
0x43ce84@mhfdat-jp.bin,ティンクFZレギンス,Tinku F Leggings
0x43ce88@mhfdat-jp.bin,ティンクHCレギンス,Tinku FZ Leggings
0x43ce8c@mhfdat-jp.bin,ティンクHSレギンス,Tinku HC Leggings
0x43ce90@mhfdat-jp.bin,ティンクGSレギンス,Tinku HS Leggings
0x43ce94@mhfdat-jp.bin,レアルFZフット・白,Tinku GS Leggings
0x43ce98@mhfdat-jp.bin,レアルHCフット・白,Real FZ Feet・White
0x43ce9c@mhfdat-jp.bin,レアルHSフット・白,Real HC Feet・White
0x43cea0@mhfdat-jp.bin,レアルGSフット・白,Real HS Feet・White
0x43cea4@mhfdat-jp.bin,レアルFZブーツ・白,Real GS Feet・White
0x43cea8@mhfdat-jp.bin,レアルHCブーツ・白,Real FZ Boots・White
0x43ceac@mhfdat-jp.bin,レアルHSブーツ・白,Real HC Boots・White
0x43ceb0@mhfdat-jp.bin,レアルGSブーツ・白,Real HS Boots・White
0x43ceb4@mhfdat-jp.bin,リアンFZフット・青,Real GS Boots・White
0x43ceb8@mhfdat-jp.bin,リアンHCフット・青,Lien FZ Feet・Blue
0x43cebc@mhfdat-jp.bin,リアンHSフット・青,Lien HC Feet・Blue
0x43cec0@mhfdat-jp.bin,リアンGSフット・青,Lien HS Feet・Blue
0x43cec4@mhfdat-jp.bin,リアンFZブーツ・青,Lien GS Feet・Blue
0x43cec8@mhfdat-jp.bin,リアンHCブーツ・青,Lien FZ Boots・Blue
0x43cecc@mhfdat-jp.bin,リアンHSブーツ・青,Lien HC Boots・Blue
0x43ced0@mhfdat-jp.bin,リアンGSブーツ・青,Lien HS Boots・Blue
0x43ced4@mhfdat-jp.bin,メレティFZフット・白,Lien GS Boots・Blue
0x43ced8@mhfdat-jp.bin,メレティHCフット・白,Melety FZ Feet・White
0x43cedc@mhfdat-jp.bin,メレティHSフット・白,Melety HC Feet・White
0x43cee0@mhfdat-jp.bin,メレティGSフット・白,Melety HS Feet・White
0x43cee4@mhfdat-jp.bin,メレティFZブーツ・青,Melety GS Feet・White
0x43cee8@mhfdat-jp.bin,メレティHCブーツ・青,Melety FZ Boots・Blue
0x43ceec@mhfdat-jp.bin,メレティHSブーツ・青,Melety HC Boots・Blue
0x43cef0@mhfdat-jp.bin,メレティGSブーツ・青,Melety HS Boots・Blue
0x43cef4@mhfdat-jp.bin,リゲリアFZフット・白,Melety GS Boots・Blue
0x43cef8@mhfdat-jp.bin,リゲリアHCフット・白,Regelia FZ Feet・White
0x43cefc@mhfdat-jp.bin,リゲリアHSフット・白,Regelia HC Feet・White
0x43cf00@mhfdat-jp.bin,リゲリアGSフット・白,Regelia HS Feet・White
0x43cf04@mhfdat-jp.bin,リゲリアFZブーツ・青,Regelia GS Feet・White
0x43cf08@mhfdat-jp.bin,リゲリアHCブーツ・青,Regelia FZ Boots・Blue
0x43cf0c@mhfdat-jp.bin,リゲリアHSブーツ・青,Regelia HC Boots・Blue
0x43cf10@mhfdat-jp.bin,リゲリアGSブーツ・青,Regelia HS Boots・Blue
0x43cf14@mhfdat-jp.bin,スリートHSフット・黄,Regelia GS Boots・Blue
0x43cf18@mhfdat-jp.bin,スリートGSフット・黄,Suriito HS Feet・Yellow
0x43cf1c@mhfdat-jp.bin,スリートHSブーツ・黄,Suriito GS Feet・Yellow
0x43cf20@mhfdat-jp.bin,スリートGSブーツ・黄,Suriito HS Boots・Yellow
0x43cf24@mhfdat-jp.bin,ステノHSグリーヴ・橙,Suriito GS Boots・Yellow
0x43cf28@mhfdat-jp.bin,ステノGSグリーヴ・橙,Steno HS Greaves・Orange
0x43cf2c@mhfdat-jp.bin,ステノHSレギンス・橙,Steno GS Greaves・Orange
0x43cf30@mhfdat-jp.bin,ステノGSレギンス・橙,Steno HS Leggings・Orange
0x43cf34@mhfdat-jp.bin,エディオHCフット・青,Steno GS Leggings・Orange
0x43cf38@mhfdat-jp.bin,エディオHSフット・青,Edio HC Feet・Blue
0x43cf3c@mhfdat-jp.bin,エディオGSフット・青,Edio HS Feet・Blue
0x43cf40@mhfdat-jp.bin,エディオHCブーツ・青,Edio GS Feet・Blue
0x43cf44@mhfdat-jp.bin,エディオHSブーツ・青,Edio HC Boots・Blue
0x43cf48@mhfdat-jp.bin,エディオGSブーツ・青,Edio HS Boots・Blue
0x43cf4c@mhfdat-jp.bin,ガリトスHCフット・茶,Edio GS Boots・Blue
0x43cf50@mhfdat-jp.bin,ガリトスHSフット・茶,Galitos HC Feet・Tea
0x43cf54@mhfdat-jp.bin,ガリトスGSフット・茶,Galitos HS Feet・Tea
0x43cf58@mhfdat-jp.bin,ガリトスHCブーツ・茶,Galitos GS Feet・Tea
0x43cf5c@mhfdat-jp.bin,ガリトスHSブーツ・茶,Galitos HC Boots・Tea
0x43cf60@mhfdat-jp.bin,ガリトスGSブーツ・茶,Galitos HS Boots・Tea
0x43cf64@mhfdat-jp.bin,ロットキック,Galitos GS Boots・Tea
0x43cf68@mhfdat-jp.bin,ロットＦキック,ロットキック
0x43cf6c@mhfdat-jp.bin,ロットFZキック,ロットFキック
0x43cf70@mhfdat-jp.bin,ロットHCキック,ロットFZキック
0x43cf74@mhfdat-jp.bin,ロットHSキック,ロットHCキック
0x43cf78@mhfdat-jp.bin,ロットGSキック,ロットHSキック
0x43cf7c@mhfdat-jp.bin,ロットブーツ,ロットGSキック
0x43cf80@mhfdat-jp.bin,ロットＦブーツ,ロット Boots
0x43cf84@mhfdat-jp.bin,ロットFZブーツ,ロットF Boots
0x43cf88@mhfdat-jp.bin,ロットHCブーツ,ロットFZ Boots
0x43cf8c@mhfdat-jp.bin,ロットHSブーツ,ロットHC Boots
0x43cf90@mhfdat-jp.bin,ロットGSブーツ,ロットHS Boots
0x43cf94@mhfdat-jp.bin,ブリンクＦフット,ロットGS Boots
0x43cf98@mhfdat-jp.bin,ブリンクＦブーツ,Blink F Feet
0x43cf9c@mhfdat-jp.bin,スマートＦレッグ,Blink F Boots
0x43cfa0@mhfdat-jp.bin,スマートFZレッグ,Smart F Leg
0x43cfa4@mhfdat-jp.bin,スマートHCレッグ,Smart FZ Leg
0x43cfa8@mhfdat-jp.bin,マグシアFXグリーヴ,Smart HC Leg
0x43cfac@mhfdat-jp.bin,マグシアHSグリーヴ,Gougarf FX Greaves
0x43cfb0@mhfdat-jp.bin,マグシアFXレギンス,Gougarf HS Greaves
0x43cfb4@mhfdat-jp.bin,マグシアHSレギンス,Gougarf FX Leggings
0x43cfb8@mhfdat-jp.bin,レギュクスHCフット,Gougarf HS Leggings
0x43cfbc@mhfdat-jp.bin,レギュクスHSフット,Regyukusu HC Feet
0x43cfc0@mhfdat-jp.bin,レギュクスGSフット,Regyukusu HS Feet
0x43cfc4@mhfdat-jp.bin,レギュクスHCブーツ,Regyukusu GS Feet
0x43cfc8@mhfdat-jp.bin,レギュクスHSブーツ,Regyukusu HC Boots
0x43cfcc@mhfdat-jp.bin,レギュクスGSブーツ,Regyukusu HS Boots
0x43cfd0@mhfdat-jp.bin,ピスティスHCフット,Regyukusu GS Boots
0x43cfd4@mhfdat-jp.bin,ピスティスHSフット,Pistis HC Feet
0x43cfd8@mhfdat-jp.bin,ピスティスGSフット,Pistis HS Feet
0x43cfdc@mhfdat-jp.bin,ピスティスHCブーツ,Pistis GS Feet
0x43cfe0@mhfdat-jp.bin,ピスティスHSブーツ,Pistis HC Boots
0x43cfe4@mhfdat-jp.bin,ピスティスGSブーツ,Pistis HS Boots
0x43cfe8@mhfdat-jp.bin,星祭FZ足袋【赤】,Pistis GS Boots
0x43cfec@mhfdat-jp.bin,星祭HC足袋【赤】,Star Festival FZ Tabi [Red 】
0x43cff0@mhfdat-jp.bin,星祭HS足袋【赤】,Star Festival HC Tabi [Red 】
0x43cff4@mhfdat-jp.bin,星祭GS足袋【赤】,Star Festival HS Tabi [Red 】
0x43cff8@mhfdat-jp.bin,七夕FZ足袋【赤】,Star Festival GS Tabi [Red 】
0x43cffc@mhfdat-jp.bin,七夕HC足袋【赤】,Tanabata FZ Tabi [Red 】
0x43d000@mhfdat-jp.bin,七夕HS足袋【赤】,Tanabata HC Tabi [Red 】
0x43d004@mhfdat-jp.bin,七夕GS足袋【赤】,Tanabata HS Tabi [Red 】
0x43d008@mhfdat-jp.bin,レアルFZフット・金,Tanabata GS Tabi [Red 】
0x43d00c@mhfdat-jp.bin,レアルHCフット・金,Real FZ Feet・Gold
0x43d010@mhfdat-jp.bin,レアルHSフット・金,Real HC Feet・Gold
0x43d014@mhfdat-jp.bin,レアルGSフット・金,Real HS Feet・Gold
0x43d018@mhfdat-jp.bin,レアルFZブーツ・金,Real GS Feet・Gold
0x43d01c@mhfdat-jp.bin,レアルHCブーツ・金,Real FZ Boots・Gold
0x43d020@mhfdat-jp.bin,レアルHSブーツ・金,Real HC Boots・Gold
0x43d024@mhfdat-jp.bin,レアルGSブーツ・金,Real HS Boots・Gold
0x43d028@mhfdat-jp.bin,レアルFZフット・青,Real GS Boots・Gold
0x43d02c@mhfdat-jp.bin,レアルHCフット・青,Real FZ Feet・Blue
0x43d030@mhfdat-jp.bin,レアルHSフット・青,Real HC Feet・Blue
0x43d034@mhfdat-jp.bin,レアルGSフット・青,Real HS Feet・Blue
0x43d038@mhfdat-jp.bin,レアルFZブーツ・青,Real GS Feet・Blue
0x43d03c@mhfdat-jp.bin,レアルHCブーツ・青,Real FZ Boots・Blue
0x43d040@mhfdat-jp.bin,レアルHSブーツ・青,Real HC Boots・Blue
0x43d044@mhfdat-jp.bin,レアルGSブーツ・青,Real HS Boots・Blue
0x43d048@mhfdat-jp.bin,レアルFZフット・赤,Real GS Boots・Blue
0x43d04c@mhfdat-jp.bin,レアルHCフット・赤,Real FZ Feet・Red
0x43d050@mhfdat-jp.bin,レアルHSフット・赤,Real HC Feet・Red
0x43d054@mhfdat-jp.bin,レアルGSフット・赤,Real HS Feet・Red
0x43d058@mhfdat-jp.bin,レアルFZブーツ・赤,Real GS Feet・Red
0x43d05c@mhfdat-jp.bin,レアルHCブーツ・赤,Real FZ Boots・Red
0x43d060@mhfdat-jp.bin,レアルHSブーツ・赤,Real HC Boots・Red
0x43d064@mhfdat-jp.bin,レアルGSブーツ・赤,Real HS Boots・Red
0x43d068@mhfdat-jp.bin,リアンFZフット・赤,Real GS Boots・Red
0x43d06c@mhfdat-jp.bin,リアンHCフット・赤,Lien FZ Feet・Red
0x43d070@mhfdat-jp.bin,リアンHSフット・赤,Lien HC Feet・Red
0x43d074@mhfdat-jp.bin,リアンGSフット・赤,Lien HS Feet・Red
0x43d078@mhfdat-jp.bin,リアンFZブーツ・赤,Lien GS Feet・Red
0x43d07c@mhfdat-jp.bin,リアンHCブーツ・赤,Lien FZ Boots・Red
0x43d080@mhfdat-jp.bin,リアンHSブーツ・赤,Lien HC Boots・Red
0x43d084@mhfdat-jp.bin,リアンGSブーツ・赤,Lien HS Boots・Red
0x43d088@mhfdat-jp.bin,リアンFZフット・黒,Lien GS Boots・Red
0x43d08c@mhfdat-jp.bin,リアンHCフット・黒,Lien FZ Feet・Black
0x43d090@mhfdat-jp.bin,リアンHSフット・黒,Lien HC Feet・Black
0x43d094@mhfdat-jp.bin,リアンGSフット・黒,Lien HS Feet・Black
0x43d098@mhfdat-jp.bin,リアンFZブーツ・黒,Lien GS Feet・Black
0x43d09c@mhfdat-jp.bin,リアンHCブーツ・黒,Lien FZ Boots・Black
0x43d0a0@mhfdat-jp.bin,リアンHSブーツ・黒,Lien HC Boots・Black
0x43d0a4@mhfdat-jp.bin,リアンGSブーツ・黒,Lien HS Boots・Black
0x43d0a8@mhfdat-jp.bin,リアンFZフット・白,Lien GS Boots・Black
0x43d0ac@mhfdat-jp.bin,リアンHCフット・白,Lien FZ Feet・White
0x43d0b0@mhfdat-jp.bin,リアンHSフット・白,Lien HC Feet・White
0x43d0b4@mhfdat-jp.bin,リアンGSフット・白,Lien HS Feet・White
0x43d0b8@mhfdat-jp.bin,リアンFZブーツ・白,Lien GS Feet・White
0x43d0bc@mhfdat-jp.bin,リアンHCブーツ・白,Lien FZ Boots・White
0x43d0c0@mhfdat-jp.bin,リアンHSブーツ・白,Lien HC Boots・White
0x43d0c4@mhfdat-jp.bin,リアンGSブーツ・白,Lien HS Boots・White
0x43d0c8@mhfdat-jp.bin,メレティFZフット・赤,Lien GS Boots・White
0x43d0cc@mhfdat-jp.bin,メレティHCフット・赤,Melety FZ Feet・Red
0x43d0d0@mhfdat-jp.bin,メレティHSフット・赤,Melety HC Feet・Red
0x43d0d4@mhfdat-jp.bin,メレティGSフット・赤,Melety HS Feet・Red
0x43d0d8@mhfdat-jp.bin,メレティFZフット・青,Melety GS Feet・Red
0x43d0dc@mhfdat-jp.bin,メレティHCフット・青,Melety FZ Feet・Blue
0x43d0e0@mhfdat-jp.bin,メレティHSフット・青,Melety HC Feet・Blue
0x43d0e4@mhfdat-jp.bin,メレティGSフット・青,Melety HS Feet・Blue
0x43d0e8@mhfdat-jp.bin,メレティFZフット・黒,Melety GS Feet・Blue
0x43d0ec@mhfdat-jp.bin,メレティHCフット・黒,Melety FZ Feet・Black
0x43d0f0@mhfdat-jp.bin,メレティHSフット・黒,Melety HC Feet・Black
0x43d0f4@mhfdat-jp.bin,メレティGSフット・黒,Melety HS Feet・Black
0x43d0f8@mhfdat-jp.bin,メレティFZブーツ・白,Melety GS Feet・Black
0x43d0fc@mhfdat-jp.bin,メレティHCブーツ・白,Melety FZ Boots・White
0x43d100@mhfdat-jp.bin,メレティHSブーツ・白,Melety HC Boots・White
0x43d104@mhfdat-jp.bin,メレティGSブーツ・白,Melety HS Boots・White
0x43d108@mhfdat-jp.bin,メレティFZブーツ・赤,Melety GS Boots・White
0x43d10c@mhfdat-jp.bin,メレティHCブーツ・赤,Melety FZ Boots・Red
0x43d110@mhfdat-jp.bin,メレティHSブーツ・赤,Melety HC Boots・Red
0x43d114@mhfdat-jp.bin,メレティGSブーツ・赤,Melety HS Boots・Red
0x43d118@mhfdat-jp.bin,メレティFZブーツ・黒,Melety GS Boots・Red
0x43d11c@mhfdat-jp.bin,メレティHCブーツ・黒,Melety FZ Boots・Black
0x43d120@mhfdat-jp.bin,メレティHSブーツ・黒,Melety HC Boots・Black
0x43d124@mhfdat-jp.bin,メレティGSブーツ・黒,Melety HS Boots・Black
0x43d128@mhfdat-jp.bin,リゲリアFZフット・赤,Melety GS Boots・Black
0x43d12c@mhfdat-jp.bin,リゲリアHCフット・赤,Regelia FZ Feet・Red
0x43d130@mhfdat-jp.bin,リゲリアHSフット・赤,Regelia HC Feet・Red
0x43d134@mhfdat-jp.bin,リゲリアGSフット・赤,Regelia HS Feet・Red
0x43d138@mhfdat-jp.bin,リゲリアFZフット・緑,Regelia GS Feet・Red
0x43d13c@mhfdat-jp.bin,リゲリアHCフット・緑,Regelia FZ Feet・Green
0x43d140@mhfdat-jp.bin,リゲリアHSフット・緑,Regelia HC Feet・Green
0x43d144@mhfdat-jp.bin,リゲリアGSフット・緑,Regelia HS Feet・Green
0x43d148@mhfdat-jp.bin,リゲリアFZフット・青,Regelia GS Feet・Green
0x43d14c@mhfdat-jp.bin,リゲリアHCフット・青,Regelia FZ Feet・Blue
0x43d150@mhfdat-jp.bin,リゲリアHSフット・青,Regelia HC Feet・Blue
0x43d154@mhfdat-jp.bin,リゲリアGSフット・青,Regelia HS Feet・Blue
0x43d158@mhfdat-jp.bin,リゲリアFZブーツ・白,Regelia GS Feet・Blue
0x43d15c@mhfdat-jp.bin,リゲリアHCブーツ・白,Regelia FZ Boots・White
0x43d160@mhfdat-jp.bin,リゲリアHSブーツ・白,Regelia HC Boots・White
0x43d164@mhfdat-jp.bin,リゲリアGSブーツ・白,Regelia HS Boots・White
0x43d168@mhfdat-jp.bin,リゲリアFZブーツ・赤,Regelia GS Boots・White
0x43d16c@mhfdat-jp.bin,リゲリアHCブーツ・赤,Regelia FZ Boots・Red
0x43d170@mhfdat-jp.bin,リゲリアHSブーツ・赤,Regelia HC Boots・Red
0x43d174@mhfdat-jp.bin,リゲリアGSブーツ・赤,Regelia HS Boots・Red
0x43d178@mhfdat-jp.bin,リゲリアFZブーツ・緑,Regelia GS Boots・Red
0x43d17c@mhfdat-jp.bin,リゲリアHCブーツ・緑,Regelia FZ Boots・Green
0x43d180@mhfdat-jp.bin,リゲリアHSブーツ・緑,Regelia HC Boots・Green
0x43d184@mhfdat-jp.bin,リゲリアGSブーツ・緑,Regelia HS Boots・Green
0x43d188@mhfdat-jp.bin,スリートHSフット・銀,Regelia GS Boots・Green
0x43d18c@mhfdat-jp.bin,スリートGSフット・銀,Suriito HS Feet・Silver
0x43d190@mhfdat-jp.bin,スリートHSブーツ・銀,Suriito GS Feet・Silver
0x43d194@mhfdat-jp.bin,スリートGSブーツ・銀,Suriito HS Boots・Silver
0x43d198@mhfdat-jp.bin,スリートHSフット・赤,Suriito GS Boots・Silver
0x43d19c@mhfdat-jp.bin,スリートGSフット・赤,Suriito HS Feet・Red
0x43d1a0@mhfdat-jp.bin,スリートHSブーツ・赤,Suriito GS Feet・Red
0x43d1a4@mhfdat-jp.bin,スリートGSブーツ・赤,Suriito HS Boots・Red
0x43d1a8@mhfdat-jp.bin,スリートHSフット・青,Suriito GS Boots・Red
0x43d1ac@mhfdat-jp.bin,スリートGSフット・青,Suriito HS Feet・Blue
0x43d1b0@mhfdat-jp.bin,スリートHSブーツ・青,Suriito GS Feet・Blue
0x43d1b4@mhfdat-jp.bin,スリートGSブーツ・青,Suriito HS Boots・Blue
0x43d1b8@mhfdat-jp.bin,ステノHSグリーヴ・桃,Suriito GS Boots・Blue
0x43d1bc@mhfdat-jp.bin,ステノGSグリーヴ・桃,Steno HS Greaves・Peach
0x43d1c0@mhfdat-jp.bin,ステノHSレギンス・桃,Steno GS Greaves・Peach
0x43d1c4@mhfdat-jp.bin,ステノGSレギンス・桃,Steno HS Leggings・Peach
0x43d1c8@mhfdat-jp.bin,ステノHSグリーヴ・青,Steno GS Leggings・Peach
0x43d1cc@mhfdat-jp.bin,ステノGSグリーヴ・青,Steno HS Greaves・Blue
0x43d1d0@mhfdat-jp.bin,ステノHSレギンス・青,Steno GS Greaves・Blue
0x43d1d4@mhfdat-jp.bin,ステノGSレギンス・青,Steno HS Leggings・Blue
0x43d1d8@mhfdat-jp.bin,ステノHSグリーヴ・赤,Steno GS Leggings・Blue
0x43d1dc@mhfdat-jp.bin,ステノGSグリーヴ・赤,Steno HS Greaves・Red
0x43d1e0@mhfdat-jp.bin,ステノHSレギンス・赤,Steno GS Greaves・Red
0x43d1e4@mhfdat-jp.bin,ステノGSレギンス・赤,Steno HS Leggings・Red
0x43d1e8@mhfdat-jp.bin,エディオHCフット・赤,Steno GS Leggings・Red
0x43d1ec@mhfdat-jp.bin,エディオHSフット・赤,Edio HC Feet・Red
0x43d1f0@mhfdat-jp.bin,エディオGSフット・赤,Edio HS Feet・Red
0x43d1f4@mhfdat-jp.bin,エディオHCブーツ・赤,Edio GS Feet・Red
0x43d1f8@mhfdat-jp.bin,エディオHSブーツ・赤,Edio HC Boots・Red
0x43d1fc@mhfdat-jp.bin,エディオGSブーツ・赤,Edio HS Boots・Red
0x43d200@mhfdat-jp.bin,エディオHCフット・黄,Edio GS Boots・Red
0x43d204@mhfdat-jp.bin,エディオHSフット・黄,Edio HC Feet・Yellow
0x43d208@mhfdat-jp.bin,エディオGSフット・黄,Edio HS Feet・Yellow
0x43d20c@mhfdat-jp.bin,エディオHCブーツ・黄,Edio GS Feet・Yellow
0x43d210@mhfdat-jp.bin,エディオHSブーツ・黄,Edio HC Boots・Yellow
0x43d214@mhfdat-jp.bin,エディオGSブーツ・黄,Edio HS Boots・Yellow
0x43d218@mhfdat-jp.bin,エディオHCフット・黒,Edio GS Boots・Yellow
0x43d21c@mhfdat-jp.bin,エディオHSフット・黒,Edio HC Feet・Black
0x43d220@mhfdat-jp.bin,エディオGSフット・黒,Edio HS Feet・Black
0x43d224@mhfdat-jp.bin,エディオHCブーツ・黒,Edio GS Feet・Black
0x43d228@mhfdat-jp.bin,エディオHSブーツ・黒,Edio HC Boots・Black
0x43d22c@mhfdat-jp.bin,エディオGSブーツ・黒,Edio HS Boots・Black
0x43d230@mhfdat-jp.bin,ガリトスHCフット・赤,Edio GS Boots・Black
0x43d234@mhfdat-jp.bin,ガリトスHSフット・赤,Galitos HC Feet・Red
0x43d238@mhfdat-jp.bin,ガリトスGSフット・赤,Galitos HS Feet・Red
0x43d23c@mhfdat-jp.bin,ガリトスHCブーツ・赤,Galitos GS Feet・Red
0x43d240@mhfdat-jp.bin,ガリトスHSブーツ・赤,Galitos HC Boots・Red
0x43d244@mhfdat-jp.bin,ガリトスGSブーツ・赤,Galitos HS Boots・Red
0x43d248@mhfdat-jp.bin,ガリトスHCフット・黒,Galitos GS Boots・Red
0x43d24c@mhfdat-jp.bin,ガリトスHSフット・黒,Galitos HC Feet・Black
0x43d250@mhfdat-jp.bin,ガリトスGSフット・黒,Galitos HS Feet・Black
0x43d254@mhfdat-jp.bin,ガリトスHCブーツ・黒,Galitos GS Feet・Black
0x43d258@mhfdat-jp.bin,ガリトスHSブーツ・黒,Galitos HC Boots・Black
0x43d25c@mhfdat-jp.bin,ガリトスGSブーツ・黒,Galitos HS Boots・Black
0x43d260@mhfdat-jp.bin,ガリトスHCフット・水,Galitos GS Boots・Black
0x43d264@mhfdat-jp.bin,ガリトスHSフット・水,Galitos HC Feet・Water
0x43d268@mhfdat-jp.bin,ガリトスGSフット・水,Galitos HS Feet・Water
0x43d26c@mhfdat-jp.bin,ガリトスHCブーツ・水,Galitos GS Feet・Water
0x43d270@mhfdat-jp.bin,ガリトスHSブーツ・水,Galitos HC Boots・Water
0x43d274@mhfdat-jp.bin,ガリトスGSブーツ・水,Galitos HS Boots・Water
0x43d278@mhfdat-jp.bin,星祭FZ足袋【青】,Galitos GS Boots・Water
0x43d27c@mhfdat-jp.bin,星祭HC足袋【青】,Star Festival FZ Tabi [Blue 】
0x43d280@mhfdat-jp.bin,星祭HS足袋【青】,Star Festival HC Tabi [Blue 】
0x43d284@mhfdat-jp.bin,星祭GS足袋【青】,Star Festival HS Tabi [Blue 】
0x43d288@mhfdat-jp.bin,七夕FZ足袋【青】,Star Festival GS Tabi [Blue 】
0x43d28c@mhfdat-jp.bin,七夕HC足袋【青】,Tanabata FZ Tabi [Blue 】
0x43d290@mhfdat-jp.bin,七夕HS足袋【青】,Tanabata HC Tabi [Blue 】
0x43d294@mhfdat-jp.bin,七夕GS足袋【青】,Tanabata HS Tabi [Blue 】
0x43d298@mhfdat-jp.bin,星祭FZ足袋【黒】,Tanabata GS Tabi [Blue 】
0x43d29c@mhfdat-jp.bin,星祭HC足袋【黒】,Star Festival FZ Tabi [Black 】
0x43d2a0@mhfdat-jp.bin,星祭HS足袋【黒】,Star Festival HC Tabi [Black 】
0x43d2a4@mhfdat-jp.bin,星祭GS足袋【黒】,Star Festival HS Tabi [Black 】
0x43d2a8@mhfdat-jp.bin,七夕FZ足袋【黒】,Star Festival GS Tabi [Black 】
0x43d2ac@mhfdat-jp.bin,七夕HC足袋【黒】,Tanabata FZ Tabi [Black 】
0x43d2b0@mhfdat-jp.bin,七夕HS足袋【黒】,Tanabata HC Tabi [Black 】
0x43d2b4@mhfdat-jp.bin,七夕GS足袋【黒】,Tanabata HS Tabi [Black 】
0x43d2b8@mhfdat-jp.bin,星祭FZ足袋【白】,Tanabata GS Tabi [Black 】
0x43d2bc@mhfdat-jp.bin,星祭HC足袋【白】,Star Festival FZ Tabi [White 】
0x43d2c0@mhfdat-jp.bin,星祭HS足袋【白】,Star Festival HC Tabi [White 】
0x43d2c4@mhfdat-jp.bin,星祭GS足袋【白】,Star Festival HS Tabi [White 】
0x43d2c8@mhfdat-jp.bin,七夕FZ足袋【白】,Star Festival GS Tabi [White 】
0x43d2cc@mhfdat-jp.bin,七夕HC足袋【白】,Tanabata FZ Tabi [White 】
0x43d2d0@mhfdat-jp.bin,七夕HS足袋【白】,Tanabata HC Tabi [White 】
0x43d2d4@mhfdat-jp.bin,七夕GS足袋【白】,Tanabata HS Tabi [White 】
0x43d2d8@mhfdat-jp.bin,ダミー,Tanabata GS Tabi [White 】
0x43d2dc@mhfdat-jp.bin,ダミー,ダミー
0x43d2e0@mhfdat-jp.bin,ダミー,ダミー
0x43d2e4@mhfdat-jp.bin,ダミー,ダミー
0x43d2e8@mhfdat-jp.bin,ダミー,ダミー
0x43d2ec@mhfdat-jp.bin,ダミー,ダミー
0x43d2f0@mhfdat-jp.bin,ダミー,ダミー
0x43d2f4@mhfdat-jp.bin,ダミー,ダミー
0x43d2f8@mhfdat-jp.bin,ダミー,ダミー
0x43d2fc@mhfdat-jp.bin,ダミー,ダミー
0x43d300@mhfdat-jp.bin,ダミー,ダミー
0x43d304@mhfdat-jp.bin,ダミー,ダミー
0x43d308@mhfdat-jp.bin,ヴェルフHSグリーヴ,ダミー
0x43d30c@mhfdat-jp.bin,ヴェルフGSグリーヴ,ヴェルフHS Greaves
0x43d310@mhfdat-jp.bin,ヴェルフHSレギンス,ヴェルフGS Greaves
0x43d314@mhfdat-jp.bin,ヴェルフGSレギンス,ヴェルフHS Leggings
0x43d318@mhfdat-jp.bin,テリオグHSグリーヴ,ヴェルフGS Leggings
0x43d31c@mhfdat-jp.bin,テリオグGSグリーヴ,テリオグHS Greaves
0x43d320@mhfdat-jp.bin,テリオグHSレギンス,テリオグGS Greaves
0x43d324@mhfdat-jp.bin,テリオグGSレギンス,テリオグHS Leggings
0x43d328@mhfdat-jp.bin,ベイルHSディバイダー,テリオグGS Leggings
0x43d32c@mhfdat-jp.bin,ベイルGSディバイダー,Beil HS Divider
0x43d330@mhfdat-jp.bin,ランポスＧグリーヴ,Beil GS Divider
0x43d334@mhfdat-jp.bin,ランポスGFグリーヴ,Veloci G Greaves
0x43d338@mhfdat-jp.bin,ランポスGXグリーヴ,Veloci GF Greaves
0x43d33c@mhfdat-jp.bin,ランポスＧレギンス,Veloci GX Greaves
0x43d340@mhfdat-jp.bin,ランポスGFレギンス,Veloci G Leggings
0x43d344@mhfdat-jp.bin,ランポスGXレギンス,Veloci GF Leggings
0x43d348@mhfdat-jp.bin,イーオスＧグリーヴ,Veloci GX Leggings
0x43d34c@mhfdat-jp.bin,イーオスGFグリーヴ,Io G Greaves
0x43d350@mhfdat-jp.bin,イーオスGXグリーヴ,Io GF Greaves
0x43d354@mhfdat-jp.bin,イーオスＧレギンス,Io GX Greaves
0x43d358@mhfdat-jp.bin,イーオスGFレギンス,Io G Leggings
0x43d35c@mhfdat-jp.bin,イーオスGXレギンス,Io GF Leggings
0x43d360@mhfdat-jp.bin,ゲネポスＧグリーヴ,Io GX Leggings
0x43d364@mhfdat-jp.bin,ゲネポスGFグリーヴ,Gen G Greaves
0x43d368@mhfdat-jp.bin,ゲネポスGXグリーヴ,Gen GF Greaves
0x43d36c@mhfdat-jp.bin,ゲネポスＧレギンス,Gen GX Greaves
0x43d370@mhfdat-jp.bin,ゲネポスGFレギンス,Gen G Leggings
0x43d374@mhfdat-jp.bin,ゲネポスGXレギンス,Gen GF Leggings
0x43d378@mhfdat-jp.bin,ガレオスＧグリーヴ,Gen GX Leggings
0x43d37c@mhfdat-jp.bin,ガレオスGFグリーヴ,Cepha G Greaves
0x43d380@mhfdat-jp.bin,ガレオスGXグリーヴ,Cepha GF Greaves
0x43d384@mhfdat-jp.bin,ガレオスＧレギンス,Cepha GX Greaves
0x43d388@mhfdat-jp.bin,ガレオスGFレギンス,Cepha G Leggings
0x43d38c@mhfdat-jp.bin,ガレオスGXレギンス,Cepha GF Leggings
0x43d390@mhfdat-jp.bin,ディアブロＧグリーヴ,Cepha GX Leggings
0x43d394@mhfdat-jp.bin,ディアブロGFグリーヴ,Diablos G Greaves
0x43d398@mhfdat-jp.bin,ディアブロGXグリーヴ,Diablos GF Greaves
0x43d39c@mhfdat-jp.bin,ディアブロＧレギンス,Diablos GX Greaves
0x43d3a0@mhfdat-jp.bin,ディアブロGFレギンス,Diablos G Leggings
0x43d3a4@mhfdat-jp.bin,ディアブロGXレギンス,Diablos GF Leggings
0x43d3a8@mhfdat-jp.bin,ガノスＧグリーヴ,Diablos GX Leggings
0x43d3ac@mhfdat-jp.bin,ガノスGFグリーヴ,Plesioth G Greaves
0x43d3b0@mhfdat-jp.bin,ガノスGXグリーヴ,Plesioth GF Greaves
0x43d3b4@mhfdat-jp.bin,ガノスＧレギンス,Plesioth GX Greaves
0x43d3b8@mhfdat-jp.bin,ガノスGFレギンス,Plesioth G Leggings
0x43d3bc@mhfdat-jp.bin,ガノスGXレギンス,Plesioth GF Leggings
0x43d3c0@mhfdat-jp.bin,ベルＧグリーヴ,Plesioth GX Leggings
0x43d3c4@mhfdat-jp.bin,ベルGFグリーヴ,Beru G Greaves
0x43d3c8@mhfdat-jp.bin,ベルGXグリーヴ,Beru GF Greaves
0x43d3cc@mhfdat-jp.bin,ベルＧレギンス,Beru GX Greaves
0x43d3d0@mhfdat-jp.bin,ベルGFレギンス,Beru G Leggings
0x43d3d4@mhfdat-jp.bin,ベルGXレギンス,Beru GF Leggings
0x43d3d8@mhfdat-jp.bin,グラビデＧグリーヴ,Beru GX Leggings
0x43d3dc@mhfdat-jp.bin,グラビデGFグリーヴ,Black Gravios G Greaves
0x43d3e0@mhfdat-jp.bin,グラビデGXグリーヴ,Black Gravios GF Greaves
0x43d3e4@mhfdat-jp.bin,グラビデＧレギンス,Black Gravios GX Greaves
0x43d3e8@mhfdat-jp.bin,グラビデGFレギンス,Black Gravios G Leggings
0x43d3ec@mhfdat-jp.bin,グラビデGXレギンス,Black Gravios GF Leggings
0x43d3f0@mhfdat-jp.bin,ルナＧグリーヴ,Black Gravios GX Leggings
0x43d3f4@mhfdat-jp.bin,ルナGFグリーヴ,Lune G Greaves
0x43d3f8@mhfdat-jp.bin,ルナGXグリーヴ,Lune GF Greaves
0x43d3fc@mhfdat-jp.bin,ルナＧレギンス,Lune GX Greaves
0x43d400@mhfdat-jp.bin,ルナGFレギンス,Lune G Leggings
0x43d404@mhfdat-jp.bin,ルナGXレギンス,Lune GF Leggings
0x43d408@mhfdat-jp.bin,ストロマグリーヴ,Lune GX Leggings
0x43d40c@mhfdat-jp.bin,ストロマＦグリーヴ,Stroma Greaves
0x43d410@mhfdat-jp.bin,ストロマFXグリーヴ,Stroma F Greaves
0x43d414@mhfdat-jp.bin,ストロマＧグリーヴ,Stroma FX Greaves
0x43d418@mhfdat-jp.bin,ストロマレギンス,Stroma G Greaves
0x43d41c@mhfdat-jp.bin,ストロマＦレギンス,Stroma Leggings
0x43d420@mhfdat-jp.bin,ストロマFXレギンス,Stroma F Leggings
0x43d424@mhfdat-jp.bin,ストロマＧレギンス,Stroma FX Leggings
0x43d428@mhfdat-jp.bin,プランダＧグリーヴ,Stroma G Leggings
0x43d42c@mhfdat-jp.bin,プランダGFグリーヴ,Plunder G Greaves
0x43d430@mhfdat-jp.bin,プランダGXグリーヴ,Plunder GF Greaves
0x43d434@mhfdat-jp.bin,プランダＧレギンス,Plunder GX Greaves
0x43d438@mhfdat-jp.bin,プランダGFレギンス,Plunder G Leggings
0x43d43c@mhfdat-jp.bin,プランダGXレギンス,Plunder GF Leggings
0x43d440@mhfdat-jp.bin,アルテラグリーヴ,Plunder GX Leggings
0x43d444@mhfdat-jp.bin,アルテラＦグリーヴ,Altera Greaves
0x43d448@mhfdat-jp.bin,アルテラFXグリーヴ,Altera F Greaves
0x43d44c@mhfdat-jp.bin,アルテラＧグリーヴ,Altera FX Greaves
0x43d450@mhfdat-jp.bin,アルテラGFグリーヴ,Altera G Greaves
0x43d454@mhfdat-jp.bin,アルテラレギンス,Altera GF Greaves
0x43d458@mhfdat-jp.bin,アルテラＦレギンス,Altera Leggings
0x43d45c@mhfdat-jp.bin,アルテラFXレギンス,Altera F Leggings
0x43d460@mhfdat-jp.bin,アルテラＧレギンス,Altera FX Leggings
0x43d464@mhfdat-jp.bin,アルテラGFレギンス,Altera G Leggings
0x43d468@mhfdat-jp.bin,ドラゴンＧフット,Altera GF Leggings
0x43d46c@mhfdat-jp.bin,ドラゴンGFフット,Dragon G Feet
0x43d470@mhfdat-jp.bin,ドラゴンGXフット,Dragon GF Feet
0x43d474@mhfdat-jp.bin,ドラゴンＧレグス,Dragon GX Feet
0x43d478@mhfdat-jp.bin,ドラゴンGFレグス,Dragon G Legs
0x43d47c@mhfdat-jp.bin,ドラゴンGXレグス,Dragon GF Legs
0x43d480@mhfdat-jp.bin,イリークグリーヴ,Dragon GX Legs
0x43d484@mhfdat-jp.bin,イリークＦグリーヴ,Iriku Greaves
0x43d488@mhfdat-jp.bin,イリークFXグリーヴ,Iriku F Greaves
0x43d48c@mhfdat-jp.bin,イリークHCグリーヴ,Iriku FX Greaves
0x43d490@mhfdat-jp.bin,イリークレギンス,Iriku HC Greaves
0x43d494@mhfdat-jp.bin,イリークＦレギンス,Iriku Leggings
0x43d498@mhfdat-jp.bin,イリークFXレギンス,Iriku F Leggings
0x43d49c@mhfdat-jp.bin,イリークHCレギンス,Iriku FX Leggings
0x43d4a0@mhfdat-jp.bin,イリークＧグリーヴ,Iriku HC Leggings
0x43d4a4@mhfdat-jp.bin,イリークGFグリーヴ,Iriku G Greaves
0x43d4a8@mhfdat-jp.bin,イリークGXグリーヴ,Iriku GF Greaves
0x43d4ac@mhfdat-jp.bin,イリークＧレギンス,Iriku GX Greaves
0x43d4b0@mhfdat-jp.bin,イリークGFレギンス,Iriku G Leggings
0x43d4b4@mhfdat-jp.bin,イリークGXレギンス,Iriku GF Leggings
0x43d4b8@mhfdat-jp.bin,アフティＧグリーヴ,Iriku GX Leggings
0x43d4bc@mhfdat-jp.bin,アフティGFグリーヴ,Afti G Greaves
0x43d4c0@mhfdat-jp.bin,アフティGXグリーヴ,Afti GF Greaves
0x43d4c4@mhfdat-jp.bin,アフティＧレギンス,Afti GX Greaves
0x43d4c8@mhfdat-jp.bin,アフティGFレギンス,Afti G Leggings
0x43d4cc@mhfdat-jp.bin,アフティGXレギンス,Afti GF Leggings
0x43d4d0@mhfdat-jp.bin,セクティフット・黒,Afti GX Leggings
0x43d4d4@mhfdat-jp.bin,セクティＦフット・黒,Secuti Feet・Black
0x43d4d8@mhfdat-jp.bin,セクティFZフット・黒,Secuti F Feet・Black
0x43d4dc@mhfdat-jp.bin,セクティHSフット・黒,Secuti FZ Feet・Black
0x43d4e0@mhfdat-jp.bin,セクティGSフット・黒,Secuti HS Feet・Black
0x43d4e4@mhfdat-jp.bin,セクティGPフット・黒,Secuti GS Feet・Black
0x43d4e8@mhfdat-jp.bin,セクティブーツ・黒,Secuti GP Feet・Black
0x43d4ec@mhfdat-jp.bin,セクティＦブーツ・黒,Secuti Boots・Black
0x43d4f0@mhfdat-jp.bin,セクティFZブーツ・黒,Secuti F Boots・Black
0x43d4f4@mhfdat-jp.bin,セクティHSブーツ・黒,Secuti FZ Boots・Black
0x43d4f8@mhfdat-jp.bin,セクティGSブーツ・黒,Secuti HS Boots・Black
0x43d4fc@mhfdat-jp.bin,セクティGPブーツ・黒,Secuti GS Boots・Black
0x43d500@mhfdat-jp.bin,セクティフット・青,Secuti GP Boots・Black
0x43d504@mhfdat-jp.bin,セクティＦフット・青,Secuti Feet・Blue
0x43d508@mhfdat-jp.bin,セクティFZフット・青,Secuti F Feet・Blue
0x43d50c@mhfdat-jp.bin,セクティHSフット・青,Secuti FZ Feet・Blue
0x43d510@mhfdat-jp.bin,セクティGSフット・青,Secuti HS Feet・Blue
0x43d514@mhfdat-jp.bin,セクティGPフット・青,Secuti GS Feet・Blue
0x43d518@mhfdat-jp.bin,セクティブーツ・青,Secuti GP Feet・Blue
0x43d51c@mhfdat-jp.bin,セクティＦブーツ・青,Secuti Boots・Blue
0x43d520@mhfdat-jp.bin,セクティFZブーツ・青,Secuti F Boots・Blue
0x43d524@mhfdat-jp.bin,セクティHSブーツ・青,Secuti FZ Boots・Blue
0x43d528@mhfdat-jp.bin,セクティGSブーツ・青,Secuti HS Boots・Blue
0x43d52c@mhfdat-jp.bin,セクティGPブーツ・青,Secuti GS Boots・Blue
0x43d530@mhfdat-jp.bin,セクティフット・赤,Secuti GP Boots・Blue
0x43d534@mhfdat-jp.bin,セクティＦフット・赤,Secuti Feet・Red
0x43d538@mhfdat-jp.bin,セクティFZフット・赤,Secuti F Feet・Red
0x43d53c@mhfdat-jp.bin,セクティHSフット・赤,Secuti FZ Feet・Red
0x43d540@mhfdat-jp.bin,セクティGSフット・赤,Secuti HS Feet・Red
0x43d544@mhfdat-jp.bin,セクティGPフット・赤,Secuti GS Feet・Red
0x43d548@mhfdat-jp.bin,セクティブーツ・赤,Secuti GP Feet・Red
0x43d54c@mhfdat-jp.bin,セクティＦブーツ・赤,Secuti Boots・Red
0x43d550@mhfdat-jp.bin,セクティFZブーツ・赤,Secuti F Boots・Red
0x43d554@mhfdat-jp.bin,セクティHSブーツ・赤,Secuti FZ Boots・Red
0x43d558@mhfdat-jp.bin,セクティGSブーツ・赤,Secuti HS Boots・Red
0x43d55c@mhfdat-jp.bin,セクティGPブーツ・赤,Secuti GS Boots・Red
0x43d560@mhfdat-jp.bin,セクティフット・白,Secuti GP Boots・Red
0x43d564@mhfdat-jp.bin,セクティＦフット・白,Secuti Feet・White
0x43d568@mhfdat-jp.bin,セクティFZフット・白,Secuti F Feet・White
0x43d56c@mhfdat-jp.bin,セクティHSフット・白,Secuti FZ Feet・White
0x43d570@mhfdat-jp.bin,セクティGSフット・白,Secuti HS Feet・White
0x43d574@mhfdat-jp.bin,セクティGPフット・白,Secuti GS Feet・White
0x43d578@mhfdat-jp.bin,セクティブーツ・白,Secuti GP Feet・White
0x43d57c@mhfdat-jp.bin,セクティＦブーツ・白,Secuti Boots・White
0x43d580@mhfdat-jp.bin,セクティFZブーツ・白,Secuti F Boots・White
0x43d584@mhfdat-jp.bin,セクティHSブーツ・白,Secuti FZ Boots・White
0x43d588@mhfdat-jp.bin,セクティGSブーツ・白,Secuti HS Boots・White
0x43d58c@mhfdat-jp.bin,セクティGPブーツ・白,Secuti GS Boots・White
0x43d590@mhfdat-jp.bin,ゲルトフット・黒,Secuti GP Boots・White
0x43d594@mhfdat-jp.bin,ゲルトＦフット・黒,Gelt Feet・Black
0x43d598@mhfdat-jp.bin,ゲルトFZフット・黒,Gelt F Feet・Black
0x43d59c@mhfdat-jp.bin,ゲルトHSフット・黒,Gelt FZ Feet・Black
0x43d5a0@mhfdat-jp.bin,ゲルトGSフット・黒,Gelt HS Feet・Black
0x43d5a4@mhfdat-jp.bin,ゲルトGPフット・黒,Gelt GS Feet・Black
0x43d5a8@mhfdat-jp.bin,ゲルトブーツ・黒,Gelt GP Feet・Black
0x43d5ac@mhfdat-jp.bin,ゲルトＦブーツ・黒,Gelt Boots・Black
0x43d5b0@mhfdat-jp.bin,ゲルトFZブーツ・黒,Gelt F Boots・Black
0x43d5b4@mhfdat-jp.bin,ゲルトHSブーツ・黒,Gelt FZ Boots・Black
0x43d5b8@mhfdat-jp.bin,ゲルトGSブーツ・黒,Gelt HS Boots・Black
0x43d5bc@mhfdat-jp.bin,ゲルトGPブーツ・黒,Gelt GS Boots・Black
0x43d5c0@mhfdat-jp.bin,ゲルトフット・銅,Gelt GP Boots・Black
0x43d5c4@mhfdat-jp.bin,ゲルトＦフット・銅,Gelt Feet・Copper
0x43d5c8@mhfdat-jp.bin,ゲルトFZフット・銅,Gelt F Feet・Copper
0x43d5cc@mhfdat-jp.bin,ゲルトHSフット・銅,Gelt FZ Feet・Copper
0x43d5d0@mhfdat-jp.bin,ゲルトGSフット・銅,Gelt HS Feet・Copper
0x43d5d4@mhfdat-jp.bin,ゲルトGPフット・銅,Gelt GS Feet・Copper
0x43d5d8@mhfdat-jp.bin,ゲルトブーツ・銅,Gelt GP Feet・Copper
0x43d5dc@mhfdat-jp.bin,ゲルトＦブーツ・銅,Gelt Boots・Copper
0x43d5e0@mhfdat-jp.bin,ゲルトFZブーツ・銅,Gelt F Boots・Copper
0x43d5e4@mhfdat-jp.bin,ゲルトHSブーツ・銅,Gelt FZ Boots・Copper
0x43d5e8@mhfdat-jp.bin,ゲルトGSブーツ・銅,Gelt HS Boots・Copper
0x43d5ec@mhfdat-jp.bin,ゲルトGPブーツ・銅,Gelt GS Boots・Copper
0x43d5f0@mhfdat-jp.bin,ゲルトフット・銀,Gelt GP Boots・Copper
0x43d5f4@mhfdat-jp.bin,ゲルトＦフット・銀,Gelt Feet・Silver
0x43d5f8@mhfdat-jp.bin,ゲルトFZフット・銀,Gelt F Feet・Silver
0x43d5fc@mhfdat-jp.bin,ゲルトHSフット・銀,Gelt FZ Feet・Silver
0x43d600@mhfdat-jp.bin,ゲルトGSフット・銀,Gelt HS Feet・Silver
0x43d604@mhfdat-jp.bin,ゲルトGPフット・銀,Gelt GS Feet・Silver
0x43d608@mhfdat-jp.bin,ゲルトブーツ・銀,Gelt GP Feet・Silver
0x43d60c@mhfdat-jp.bin,ゲルトＦブーツ・銀,Gelt Boots・Silver
0x43d610@mhfdat-jp.bin,ゲルトFZブーツ・銀,Gelt F Boots・Silver
0x43d614@mhfdat-jp.bin,ゲルトHSブーツ・銀,Gelt FZ Boots・Silver
0x43d618@mhfdat-jp.bin,ゲルトGSブーツ・銀,Gelt HS Boots・Silver
0x43d61c@mhfdat-jp.bin,ゲルトGPブーツ・銀,Gelt GS Boots・Silver
0x43d620@mhfdat-jp.bin,ゲルトフット・金,Gelt GP Boots・Silver
0x43d624@mhfdat-jp.bin,ゲルトＦフット・金,Gelt Feet・Gold
0x43d628@mhfdat-jp.bin,ゲルトFZフット・金,Gelt F Feet・Gold
0x43d62c@mhfdat-jp.bin,ゲルトHSフット・金,Gelt FZ Feet・Gold
0x43d630@mhfdat-jp.bin,ゲルトGSフット・金,Gelt HS Feet・Gold
0x43d634@mhfdat-jp.bin,ゲルトGPフット・金,Gelt GS Feet・Gold
0x43d638@mhfdat-jp.bin,ゲルトブーツ・金,Gelt GP Feet・Gold
0x43d63c@mhfdat-jp.bin,ゲルトＦブーツ・金,Gelt Boots・Gold
0x43d640@mhfdat-jp.bin,ゲルトFZブーツ・金,Gelt F Boots・Gold
0x43d644@mhfdat-jp.bin,ゲルトHSブーツ・金,Gelt FZ Boots・Gold
0x43d648@mhfdat-jp.bin,ゲルトGSブーツ・金,Gelt HS Boots・Gold
0x43d64c@mhfdat-jp.bin,ゲルトGPブーツ・金,Gelt GS Boots・Gold
0x43d650@mhfdat-jp.bin,ウーコンレッグ,Gelt GP Boots・Gold
0x43d654@mhfdat-jp.bin,ウーコンＦレッグ,Shoko Leg
0x43d658@mhfdat-jp.bin,ウーコンFZレッグ,Shoko F Leg
0x43d65c@mhfdat-jp.bin,ウーコンHSレッグ,Shoko FZ Leg
0x43d660@mhfdat-jp.bin,ウーコンGSレッグ,Shoko HS Leg
0x43d664@mhfdat-jp.bin,ウーコンGPレッグ,Shoko GS Leg
0x43d668@mhfdat-jp.bin,ウーコンブーツ,Shoko GP Leg
0x43d66c@mhfdat-jp.bin,ウーコンＦブーツ,Shoko Boots
0x43d670@mhfdat-jp.bin,ウーコンFZブーツ,Shoko F Boots
0x43d674@mhfdat-jp.bin,ウーコンHSブーツ,Shoko FZ Boots
0x43d678@mhfdat-jp.bin,ウーコンGSブーツ,Shoko HS Boots
0x43d67c@mhfdat-jp.bin,ウーコンGPブーツ,Shoko GS Boots
0x43d680@mhfdat-jp.bin,ゲノムレッグ・緑,Shoko GP Boots
0x43d684@mhfdat-jp.bin,ゲノムＦレッグ・緑,Genom Leg・Green
0x43d688@mhfdat-jp.bin,ゲノムFZレッグ・緑,Genom F Leg・Green
0x43d68c@mhfdat-jp.bin,ゲノムHSレッグ・緑,Genom FZ Leg・Green
0x43d690@mhfdat-jp.bin,ゲノムGSレッグ・緑,Genom HS Leg・Green
0x43d694@mhfdat-jp.bin,ゲノムGPレッグ・緑,Genom GS Leg・Green
0x43d698@mhfdat-jp.bin,ゲノムブーツ・緑,Genom GP Leg・Green
0x43d69c@mhfdat-jp.bin,ゲノムＦブーツ・緑,Genom Boots・Green
0x43d6a0@mhfdat-jp.bin,ゲノムFZブーツ・緑,Genom F Boots・Green
0x43d6a4@mhfdat-jp.bin,ゲノムHSブーツ・緑,Genom FZ Boots・Green
0x43d6a8@mhfdat-jp.bin,ゲノムGSブーツ・緑,Genom HS Boots・Green
0x43d6ac@mhfdat-jp.bin,ゲノムGPブーツ・緑,Genom GS Boots・Green
0x43d6b0@mhfdat-jp.bin,ゲノムレッグ・水,Genom GP Boots・Green
0x43d6b4@mhfdat-jp.bin,ゲノムＦレッグ・水,Genom Leg・Water
0x43d6b8@mhfdat-jp.bin,ゲノムFZレッグ・水,Genom F Leg・Water
0x43d6bc@mhfdat-jp.bin,ゲノムHSレッグ・水,Genom FZ Leg・Water
0x43d6c0@mhfdat-jp.bin,ゲノムGSレッグ・水,Genom HS Leg・Water
0x43d6c4@mhfdat-jp.bin,ゲノムGPレッグ・水,Genom GS Leg・Water
0x43d6c8@mhfdat-jp.bin,ゲノムブーツ・水,Genom GP Leg・Water
0x43d6cc@mhfdat-jp.bin,ゲノムＦブーツ・水,Genom Boots・Water
0x43d6d0@mhfdat-jp.bin,ゲノムFZブーツ・水,Genom F Boots・Water
0x43d6d4@mhfdat-jp.bin,ゲノムHSブーツ・水,Genom FZ Boots・Water
0x43d6d8@mhfdat-jp.bin,ゲノムGSブーツ・水,Genom HS Boots・Water
0x43d6dc@mhfdat-jp.bin,ゲノムGPブーツ・水,Genom GS Boots・Water
0x43d6e0@mhfdat-jp.bin,ゲノムレッグ・赤,Genom GP Boots・Water
0x43d6e4@mhfdat-jp.bin,ゲノムＦレッグ・赤,Genom Leg・Red
0x43d6e8@mhfdat-jp.bin,ゲノムFZレッグ・赤,Genom F Leg・Red
0x43d6ec@mhfdat-jp.bin,ゲノムHSレッグ・赤,Genom FZ Leg・Red
0x43d6f0@mhfdat-jp.bin,ゲノムGSレッグ・赤,Genom HS Leg・Red
0x43d6f4@mhfdat-jp.bin,ゲノムGPレッグ・赤,Genom GS Leg・Red
0x43d6f8@mhfdat-jp.bin,ゲノムブーツ・赤,Genom GP Leg・Red
0x43d6fc@mhfdat-jp.bin,ゲノムＦブーツ・赤,Genom Boots・Red
0x43d700@mhfdat-jp.bin,ゲノムFZブーツ・赤,Genom F Boots・Red
0x43d704@mhfdat-jp.bin,ゲノムHSブーツ・赤,Genom FZ Boots・Red
0x43d708@mhfdat-jp.bin,ゲノムGSブーツ・赤,Genom HS Boots・Red
0x43d70c@mhfdat-jp.bin,ゲノムGPブーツ・赤,Genom GS Boots・Red
0x43d710@mhfdat-jp.bin,ゲノムレッグ・紫,Genom GP Boots・Red
0x43d714@mhfdat-jp.bin,ゲノムＦレッグ・紫,Genom Leg・Purple
0x43d718@mhfdat-jp.bin,ゲノムFZレッグ・紫,Genom F Leg・Purple
0x43d71c@mhfdat-jp.bin,ゲノムHSレッグ・紫,Genom FZ Leg・Purple
0x43d720@mhfdat-jp.bin,ゲノムGSレッグ・紫,Genom HS Leg・Purple
0x43d724@mhfdat-jp.bin,ゲノムGPレッグ・紫,Genom GS Leg・Purple
0x43d728@mhfdat-jp.bin,ゲノムブーツ・紫,Genom GP Leg・Purple
0x43d72c@mhfdat-jp.bin,ゲノムＦブーツ・紫,Genom Boots・Purple
0x43d730@mhfdat-jp.bin,ゲノムFZブーツ・紫,Genom F Boots・Purple
0x43d734@mhfdat-jp.bin,ゲノムHSブーツ・紫,Genom FZ Boots・Purple
0x43d738@mhfdat-jp.bin,ゲノムGSブーツ・紫,Genom HS Boots・Purple
0x43d73c@mhfdat-jp.bin,ゲノムGPブーツ・紫,Genom GS Boots・Purple
0x43d740@mhfdat-jp.bin,ディヴォルフット緑,Genom GP Boots・Purple
0x43d744@mhfdat-jp.bin,ディヴォルＦフット緑,Divol Feet Green
0x43d748@mhfdat-jp.bin,ディヴォルFZフット緑,Divol F Feet Green
0x43d74c@mhfdat-jp.bin,ディヴォルHSフット緑,Divol FZ Feet Green
0x43d750@mhfdat-jp.bin,ディヴォルGSフット緑,Divol HS Feet Green
0x43d754@mhfdat-jp.bin,ディヴォルGPフット緑,Divol GS Feet Green
0x43d758@mhfdat-jp.bin,ディヴォルブーツ緑,Divol GP Feet Green
0x43d75c@mhfdat-jp.bin,ディヴォルＦブーツ緑,Divol Boots Green
0x43d760@mhfdat-jp.bin,ディヴォルFZブーツ緑,Divol F Boots Green
0x43d764@mhfdat-jp.bin,ディヴォルHSブーツ緑,Divol FZ Boots Green
0x43d768@mhfdat-jp.bin,ディヴォルGSブーツ緑,Divol HS Boots Green
0x43d76c@mhfdat-jp.bin,ディヴォルGPブーツ緑,Divol GS Boots Green
0x43d770@mhfdat-jp.bin,ディヴォルフット茶,Divol GP Boots Green
0x43d774@mhfdat-jp.bin,ディヴォルＦフット茶,Divol Feet Tea
0x43d778@mhfdat-jp.bin,ディヴォルFZフット茶,Divol F Feet Tea
0x43d77c@mhfdat-jp.bin,ディヴォルHSフット茶,Divol FZ Feet Tea
0x43d780@mhfdat-jp.bin,ディヴォルGSフット茶,Divol HS Feet Tea
0x43d784@mhfdat-jp.bin,ディヴォルGPフット茶,Divol GS Feet Tea
0x43d788@mhfdat-jp.bin,ディヴォルブーツ茶,Divol GP Feet Tea
0x43d78c@mhfdat-jp.bin,ディヴォルＦブーツ茶,Divol Boots Tea
0x43d790@mhfdat-jp.bin,ディヴォルFZブーツ茶,Divol F Boots Tea
0x43d794@mhfdat-jp.bin,ディヴォルHSブーツ茶,Divol FZ Boots Tea
0x43d798@mhfdat-jp.bin,ディヴォルGSブーツ茶,Divol HS Boots Tea
0x43d79c@mhfdat-jp.bin,ディヴォルGPブーツ茶,Divol GS Boots Tea
0x43d7a0@mhfdat-jp.bin,ディヴォルフット白,Divol GP Boots Tea
0x43d7a4@mhfdat-jp.bin,ディヴォルＦフット白,Divol Feet White
0x43d7a8@mhfdat-jp.bin,ディヴォルFZフット白,Divol F Feet White
0x43d7ac@mhfdat-jp.bin,ディヴォルHSフット白,Divol FZ Feet White
0x43d7b0@mhfdat-jp.bin,ディヴォルGSフット白,Divol HS Feet White
0x43d7b4@mhfdat-jp.bin,ディヴォルGPフット白,Divol GS Feet White
0x43d7b8@mhfdat-jp.bin,ディヴォルブーツ白,Divol GP Feet White
0x43d7bc@mhfdat-jp.bin,ディヴォルＦブーツ白,Divol Boots White
0x43d7c0@mhfdat-jp.bin,ディヴォルFZブーツ白,Divol F Boots White
0x43d7c4@mhfdat-jp.bin,ディヴォルHSブーツ白,Divol FZ Boots White
0x43d7c8@mhfdat-jp.bin,ディヴォルGSブーツ白,Divol HS Boots White
0x43d7cc@mhfdat-jp.bin,ディヴォルGPブーツ白,Divol GS Boots White
0x43d7d0@mhfdat-jp.bin,ダンテフット・赤,Divol GP Boots White
0x43d7d4@mhfdat-jp.bin,ダンテＦフット・赤,Dante Feet・Red
0x43d7d8@mhfdat-jp.bin,ダンテFZフット・赤,Dante F Feet・Red
0x43d7dc@mhfdat-jp.bin,ダンテHSフット・赤,Dante FZ Feet・Red
0x43d7e0@mhfdat-jp.bin,ダンテGSフット・赤,Dante HS Feet・Red
0x43d7e4@mhfdat-jp.bin,ダンテGPフット・赤,Dante GS Feet・Red
0x43d7e8@mhfdat-jp.bin,ダンテブーツ・赤,Dante GP Feet・Red
0x43d7ec@mhfdat-jp.bin,ダンテＦブーツ・赤,Dante Boots・Red
0x43d7f0@mhfdat-jp.bin,ダンテFZブーツ・赤,Dante F Boots・Red
0x43d7f4@mhfdat-jp.bin,ダンテHSブーツ・赤,Dante FZ Boots・Red
0x43d7f8@mhfdat-jp.bin,ダンテGSブーツ・赤,Dante HS Boots・Red
0x43d7fc@mhfdat-jp.bin,ダンテGPブーツ・赤,Dante GS Boots・Red
0x43d800@mhfdat-jp.bin,レディフット・白,Dante GP Boots・Red
0x43d804@mhfdat-jp.bin,レディＦフット・白,Lady Feet・White
0x43d808@mhfdat-jp.bin,レディFZフット・白,Lady F Feet・White
0x43d80c@mhfdat-jp.bin,レディHSフット・白,Lady FZ Feet・White
0x43d810@mhfdat-jp.bin,レディGSフット・白,Lady HS Feet・White
0x43d814@mhfdat-jp.bin,レディGPフット・白,Lady GS Feet・White
0x43d818@mhfdat-jp.bin,レディブーツ・白,Lady GP Feet・White
0x43d81c@mhfdat-jp.bin,レディＦブーツ・白,Lady Boots・White
0x43d820@mhfdat-jp.bin,レディFZブーツ・白,Lady F Boots・White
0x43d824@mhfdat-jp.bin,レディHSブーツ・白,Lady FZ Boots・White
0x43d828@mhfdat-jp.bin,レディGSブーツ・白,Lady HS Boots・White
0x43d82c@mhfdat-jp.bin,レディGPブーツ・白,Lady GS Boots・White
0x43d830@mhfdat-jp.bin,ダンテフット・黒,Lady GP Boots・White
0x43d834@mhfdat-jp.bin,ダンテＦフット・黒,Dante Feet・Black
0x43d838@mhfdat-jp.bin,ダンテFZフット・黒,Dante F Feet・Black
0x43d83c@mhfdat-jp.bin,ダンテHSフット・黒,Dante FZ Feet・Black
0x43d840@mhfdat-jp.bin,ダンテGSフット・黒,Dante HS Feet・Black
0x43d844@mhfdat-jp.bin,ダンテGPフット・黒,Dante GS Feet・Black
0x43d848@mhfdat-jp.bin,ダンテブーツ・黒,Dante GP Feet・Black
0x43d84c@mhfdat-jp.bin,ダンテＦブーツ・黒,Dante Boots・Black
0x43d850@mhfdat-jp.bin,ダンテFZブーツ・黒,Dante F Boots・Black
0x43d854@mhfdat-jp.bin,ダンテHSブーツ・黒,Dante FZ Boots・Black
0x43d858@mhfdat-jp.bin,ダンテGSブーツ・黒,Dante HS Boots・Black
0x43d85c@mhfdat-jp.bin,ダンテGPブーツ・黒,Dante GS Boots・Black
0x43d860@mhfdat-jp.bin,レディフット・黒,Dante GP Boots・Black
0x43d864@mhfdat-jp.bin,レディＦフット・黒,Lady Feet・Black
0x43d868@mhfdat-jp.bin,レディFZフット・黒,Lady F Feet・Black
0x43d86c@mhfdat-jp.bin,レディHSフット・黒,Lady FZ Feet・Black
0x43d870@mhfdat-jp.bin,レディGSフット・黒,Lady HS Feet・Black
0x43d874@mhfdat-jp.bin,レディGPフット・黒,Lady GS Feet・Black
0x43d878@mhfdat-jp.bin,レディブーツ・黒,Lady GP Feet・Black
0x43d87c@mhfdat-jp.bin,レディＦブーツ・黒,Lady Boots・Black
0x43d880@mhfdat-jp.bin,レディFZブーツ・黒,Lady F Boots・Black
0x43d884@mhfdat-jp.bin,レディHSブーツ・黒,Lady FZ Boots・Black
0x43d888@mhfdat-jp.bin,レディGSブーツ・黒,Lady HS Boots・Black
0x43d88c@mhfdat-jp.bin,レディGPブーツ・黒,Lady GS Boots・Black
0x43d890@mhfdat-jp.bin,ダンテフット・白,Lady GP Boots・Black
0x43d894@mhfdat-jp.bin,ダンテＦフット・白,Dante Feet・White
0x43d898@mhfdat-jp.bin,ダンテFZフット・白,Dante F Feet・White
0x43d89c@mhfdat-jp.bin,ダンテHSフット・白,Dante FZ Feet・White
0x43d8a0@mhfdat-jp.bin,ダンテGSフット・白,Dante HS Feet・White
0x43d8a4@mhfdat-jp.bin,ダンテGPフット・白,Dante GS Feet・White
0x43d8a8@mhfdat-jp.bin,ダンテブーツ・白,Dante GP Feet・White
0x43d8ac@mhfdat-jp.bin,ダンテＦブーツ・白,Dante Boots・White
0x43d8b0@mhfdat-jp.bin,ダンテFZブーツ・白,Dante F Boots・White
0x43d8b4@mhfdat-jp.bin,ダンテHSブーツ・白,Dante FZ Boots・White
0x43d8b8@mhfdat-jp.bin,ダンテGSブーツ・白,Dante HS Boots・White
0x43d8bc@mhfdat-jp.bin,ダンテGPブーツ・白,Dante GS Boots・White
0x43d8c0@mhfdat-jp.bin,レディフット・赤,Dante GP Boots・White
0x43d8c4@mhfdat-jp.bin,レディＦフット・赤,Lady Feet・Red
0x43d8c8@mhfdat-jp.bin,レディFZフット・赤,Lady F Feet・Red
0x43d8cc@mhfdat-jp.bin,レディHSフット・赤,Lady FZ Feet・Red
0x43d8d0@mhfdat-jp.bin,レディGSフット・赤,Lady HS Feet・Red
0x43d8d4@mhfdat-jp.bin,レディGPフット・赤,Lady GS Feet・Red
0x43d8d8@mhfdat-jp.bin,レディブーツ・赤,Lady GP Feet・Red
0x43d8dc@mhfdat-jp.bin,レディＦブーツ・赤,Lady Boots・Red
0x43d8e0@mhfdat-jp.bin,レディFZブーツ・赤,Lady F Boots・Red
0x43d8e4@mhfdat-jp.bin,レディHSブーツ・赤,Lady FZ Boots・Red
0x43d8e8@mhfdat-jp.bin,レディGSブーツ・赤,Lady HS Boots・Red
0x43d8ec@mhfdat-jp.bin,レディGPブーツ・赤,Lady GS Boots・Red
0x43d8f0@mhfdat-jp.bin,ダンテフット・緑,Lady GP Boots・Red
0x43d8f4@mhfdat-jp.bin,ダンテＦフット・緑,Dante Feet・Green
0x43d8f8@mhfdat-jp.bin,ダンテFZフット・緑,Dante F Feet・Green
0x43d8fc@mhfdat-jp.bin,ダンテHSフット・緑,Dante FZ Feet・Green
0x43d900@mhfdat-jp.bin,ダンテGSフット・緑,Dante HS Feet・Green
0x43d904@mhfdat-jp.bin,ダンテGPフット・緑,Dante GS Feet・Green
0x43d908@mhfdat-jp.bin,ダンテブーツ・緑,Dante GP Feet・Green
0x43d90c@mhfdat-jp.bin,ダンテＦブーツ・緑,Dante Boots・Green
0x43d910@mhfdat-jp.bin,ダンテFZブーツ・緑,Dante F Boots・Green
0x43d914@mhfdat-jp.bin,ダンテHSブーツ・緑,Dante FZ Boots・Green
0x43d918@mhfdat-jp.bin,ダンテGSブーツ・緑,Dante HS Boots・Green
0x43d91c@mhfdat-jp.bin,ダンテGPブーツ・緑,Dante GS Boots・Green
0x43d920@mhfdat-jp.bin,レディフット・緑,Dante GP Boots・Green
0x43d924@mhfdat-jp.bin,レディＦフット・緑,Lady Feet・Green
0x43d928@mhfdat-jp.bin,レディFZフット・緑,Lady F Feet・Green
0x43d92c@mhfdat-jp.bin,レディHSフット・緑,Lady FZ Feet・Green
0x43d930@mhfdat-jp.bin,レディGSフット・緑,Lady HS Feet・Green
0x43d934@mhfdat-jp.bin,レディGPフット・緑,Lady GS Feet・Green
0x43d938@mhfdat-jp.bin,レディブーツ・緑,Lady GP Feet・Green
0x43d93c@mhfdat-jp.bin,レディＦブーツ・緑,Lady Boots・Green
0x43d940@mhfdat-jp.bin,レディFZブーツ・緑,Lady F Boots・Green
0x43d944@mhfdat-jp.bin,レディHSブーツ・緑,Lady FZ Boots・Green
0x43d948@mhfdat-jp.bin,レディGSブーツ・緑,Lady HS Boots・Green
0x43d94c@mhfdat-jp.bin,レディGPブーツ・緑,Lady GS Boots・Green
0x43d950@mhfdat-jp.bin,昇龍FZ脚着・白,Lady GP Boots・Green
0x43d954@mhfdat-jp.bin,昇龍HS脚着・白,昇龍FZ Foot 着・White
0x43d958@mhfdat-jp.bin,昇龍GS脚着・白,昇龍HS Foot 着・White
0x43d95c@mhfdat-jp.bin,昇龍GP脚着・白,昇龍GS Foot 着・White
0x43d960@mhfdat-jp.bin,波動FZ脚着・白,昇龍GP Foot 着・White
0x43d964@mhfdat-jp.bin,波動HS脚着・白,波動FZ Foot 着・White
0x43d968@mhfdat-jp.bin,波動GS脚着・白,波動HS Foot 着・White
0x43d96c@mhfdat-jp.bin,波動GP脚着・白,波動GS Foot 着・White
0x43d970@mhfdat-jp.bin,百裂FZ脚着・青,波動GP Foot 着・White
0x43d974@mhfdat-jp.bin,百裂HS脚着・青,百裂FZ Foot 着・Blue
0x43d978@mhfdat-jp.bin,百裂GS脚着・青,百裂HS Foot 着・Blue
0x43d97c@mhfdat-jp.bin,百裂GP脚着・青,百裂GS Foot 着・Blue
0x43d980@mhfdat-jp.bin,気功FZ脚着・青,百裂GP Foot 着・Blue
0x43d984@mhfdat-jp.bin,気功HS脚着・青,気功FZ Foot 着・Blue
0x43d988@mhfdat-jp.bin,気功GS脚着・青,気功HS Foot 着・Blue
0x43d98c@mhfdat-jp.bin,気功GP脚着・青,気功GS Foot 着・Blue
0x43d990@mhfdat-jp.bin,昇龍FZ脚着・紺,気功GP Foot 着・Blue
0x43d994@mhfdat-jp.bin,昇龍HS脚着・紺,昇龍FZ Foot 着・紺
0x43d998@mhfdat-jp.bin,昇龍GS脚着・紺,昇龍HS Foot 着・紺
0x43d99c@mhfdat-jp.bin,昇龍GP脚着・紺,昇龍GS Foot 着・紺
0x43d9a0@mhfdat-jp.bin,波動FZ脚着・紺,昇龍GP Foot 着・紺
0x43d9a4@mhfdat-jp.bin,波動HS脚着・紺,波動FZ Foot 着・紺
0x43d9a8@mhfdat-jp.bin,波動GS脚着・紺,波動HS Foot 着・紺
0x43d9ac@mhfdat-jp.bin,波動GP脚着・紺,波動GS Foot 着・紺
0x43d9b0@mhfdat-jp.bin,百裂FZ脚着・黒,波動GP Foot 着・紺
0x43d9b4@mhfdat-jp.bin,百裂HS脚着・黒,百裂FZ Foot 着・Black
0x43d9b8@mhfdat-jp.bin,百裂GS脚着・黒,百裂HS Foot 着・Black
0x43d9bc@mhfdat-jp.bin,百裂GP脚着・黒,百裂GS Foot 着・Black
0x43d9c0@mhfdat-jp.bin,気功FZ脚着・黒,百裂GP Foot 着・Black
0x43d9c4@mhfdat-jp.bin,気功HS脚着・黒,気功FZ Foot 着・Black
0x43d9c8@mhfdat-jp.bin,気功GS脚着・黒,気功HS Foot 着・Black
0x43d9cc@mhfdat-jp.bin,気功GP脚着・黒,気功GS Foot 着・Black
0x43d9d0@mhfdat-jp.bin,昇龍FZ脚着・黄,気功GP Foot 着・Black
0x43d9d4@mhfdat-jp.bin,昇龍HS脚着・黄,昇龍FZ Foot 着・Yellow
0x43d9d8@mhfdat-jp.bin,昇龍GS脚着・黄,昇龍HS Foot 着・Yellow
0x43d9dc@mhfdat-jp.bin,昇龍GP脚着・黄,昇龍GS Foot 着・Yellow
0x43d9e0@mhfdat-jp.bin,波動FZ脚着・黄,昇龍GP Foot 着・Yellow
0x43d9e4@mhfdat-jp.bin,波動HS脚着・黄,波動FZ Foot 着・Yellow
0x43d9e8@mhfdat-jp.bin,波動GS脚着・黄,波動HS Foot 着・Yellow
0x43d9ec@mhfdat-jp.bin,波動GP脚着・黄,波動GS Foot 着・Yellow
0x43d9f0@mhfdat-jp.bin,百裂FZ脚着・黄,波動GP Foot 着・Yellow
0x43d9f4@mhfdat-jp.bin,百裂HS脚着・黄,百裂FZ Foot 着・Yellow
0x43d9f8@mhfdat-jp.bin,百裂GS脚着・黄,百裂HS Foot 着・Yellow
0x43d9fc@mhfdat-jp.bin,百裂GP脚着・黄,百裂GS Foot 着・Yellow
0x43da00@mhfdat-jp.bin,気功FZ脚着・黄,百裂GP Foot 着・Yellow
0x43da04@mhfdat-jp.bin,気功HS脚着・黄,気功FZ Foot 着・Yellow
0x43da08@mhfdat-jp.bin,気功GS脚着・黄,気功HS Foot 着・Yellow
0x43da0c@mhfdat-jp.bin,気功GP脚着・黄,気功GS Foot 着・Yellow
0x43da10@mhfdat-jp.bin,昇龍FZ脚着・紫,気功GP Foot 着・Yellow
0x43da14@mhfdat-jp.bin,昇龍HS脚着・紫,昇龍FZ Foot 着・Purple
0x43da18@mhfdat-jp.bin,昇龍GS脚着・紫,昇龍HS Foot 着・Purple
0x43da1c@mhfdat-jp.bin,昇龍GP脚着・紫,昇龍GS Foot 着・Purple
0x43da20@mhfdat-jp.bin,波動FZ脚着・紫,昇龍GP Foot 着・Purple
0x43da24@mhfdat-jp.bin,波動HS脚着・紫,波動FZ Foot 着・Purple
0x43da28@mhfdat-jp.bin,波動GS脚着・紫,波動HS Foot 着・Purple
0x43da2c@mhfdat-jp.bin,波動GP脚着・紫,波動GS Foot 着・Purple
0x43da30@mhfdat-jp.bin,百裂FZ脚着・緑,波動GP Foot 着・Purple
0x43da34@mhfdat-jp.bin,百裂HS脚着・緑,百裂FZ Foot 着・Green
0x43da38@mhfdat-jp.bin,百裂GS脚着・緑,百裂HS Foot 着・Green
0x43da3c@mhfdat-jp.bin,百裂GP脚着・緑,百裂GS Foot 着・Green
0x43da40@mhfdat-jp.bin,気功FZ脚着・緑,百裂GP Foot 着・Green
0x43da44@mhfdat-jp.bin,気功HS脚着・緑,気功FZ Foot 着・Green
0x43da48@mhfdat-jp.bin,気功GS脚着・緑,気功HS Foot 着・Green
0x43da4c@mhfdat-jp.bin,気功GP脚着・緑,気功GS Foot 着・Green
0x43da50@mhfdat-jp.bin,竜巻FZ脚着・黒,気功GP Foot 着・Green
0x43da54@mhfdat-jp.bin,竜巻HS脚着・黒,竜巻FZ Foot 着・Black
0x43da58@mhfdat-jp.bin,竜巻GS脚着・黒,竜巻HS Foot 着・Black
0x43da5c@mhfdat-jp.bin,竜巻GP脚着・黒,竜巻GS Foot 着・Black
0x43da60@mhfdat-jp.bin,真空FZ脚着・黒,竜巻GP Foot 着・Black
0x43da64@mhfdat-jp.bin,真空HS脚着・黒,True 空FZ Foot 着・Black
0x43da68@mhfdat-jp.bin,真空GS脚着・黒,True 空HS Foot 着・Black
0x43da6c@mhfdat-jp.bin,真空GP脚着・黒,True 空GS Foot 着・Black
0x43da70@mhfdat-jp.bin,千裂FZ脚着・黒,True 空GP Foot 着・Black
0x43da74@mhfdat-jp.bin,千裂HS脚着・黒,千裂FZ Foot 着・Black
0x43da78@mhfdat-jp.bin,千裂GS脚着・黒,千裂HS Foot 着・Black
0x43da7c@mhfdat-jp.bin,千裂GP脚着・黒,千裂GS Foot 着・Black
0x43da80@mhfdat-jp.bin,覇山FZ脚着・黒,千裂GP Foot 着・Black
0x43da84@mhfdat-jp.bin,覇山HS脚着・黒,覇山FZ Foot 着・Black
0x43da88@mhfdat-jp.bin,覇山GS脚着・黒,覇山HS Foot 着・Black
0x43da8c@mhfdat-jp.bin,覇山GP脚着・黒,覇山GS Foot 着・Black
0x43da90@mhfdat-jp.bin,竜巻FZ脚着・茶,覇山GP Foot 着・Black
0x43da94@mhfdat-jp.bin,竜巻HS脚着・茶,竜巻FZ Foot 着・Tea
0x43da98@mhfdat-jp.bin,竜巻GS脚着・茶,竜巻HS Foot 着・Tea
0x43da9c@mhfdat-jp.bin,竜巻GP脚着・茶,竜巻GS Foot 着・Tea
0x43daa0@mhfdat-jp.bin,真空FZ脚着・茶,竜巻GP Foot 着・Tea
0x43daa4@mhfdat-jp.bin,真空HS脚着・茶,True 空FZ Foot 着・Tea
0x43daa8@mhfdat-jp.bin,真空GS脚着・茶,True 空HS Foot 着・Tea
0x43daac@mhfdat-jp.bin,真空GP脚着・茶,True 空GS Foot 着・Tea
0x43dab0@mhfdat-jp.bin,千裂FZ脚着・紫,True 空GP Foot 着・Tea
0x43dab4@mhfdat-jp.bin,千裂HS脚着・紫,千裂FZ Foot 着・Purple
0x43dab8@mhfdat-jp.bin,千裂GS脚着・紫,千裂HS Foot 着・Purple
0x43dabc@mhfdat-jp.bin,千裂GP脚着・紫,千裂GS Foot 着・Purple
0x43dac0@mhfdat-jp.bin,覇山FZ脚着・紫,千裂GP Foot 着・Purple
0x43dac4@mhfdat-jp.bin,覇山HS脚着・紫,覇山FZ Foot 着・Purple
0x43dac8@mhfdat-jp.bin,覇山GS脚着・紫,覇山HS Foot 着・Purple
0x43dacc@mhfdat-jp.bin,覇山GP脚着・紫,覇山GS Foot 着・Purple
0x43dad0@mhfdat-jp.bin,竜巻FZ脚着・白,覇山GP Foot 着・Purple
0x43dad4@mhfdat-jp.bin,竜巻HS脚着・白,竜巻FZ Foot 着・White
0x43dad8@mhfdat-jp.bin,竜巻GS脚着・白,竜巻HS Foot 着・White
0x43dadc@mhfdat-jp.bin,竜巻GP脚着・白,竜巻GS Foot 着・White
0x43dae0@mhfdat-jp.bin,真空FZ脚着・白,竜巻GP Foot 着・White
0x43dae4@mhfdat-jp.bin,真空HS脚着・白,True 空FZ Foot 着・White
0x43dae8@mhfdat-jp.bin,真空GS脚着・白,True 空HS Foot 着・White
0x43daec@mhfdat-jp.bin,真空GP脚着・白,True 空GS Foot 着・White
0x43daf0@mhfdat-jp.bin,千裂FZ脚着・白,True 空GP Foot 着・White
0x43daf4@mhfdat-jp.bin,千裂HS脚着・白,千裂FZ Foot 着・White
0x43daf8@mhfdat-jp.bin,千裂GS脚着・白,千裂HS Foot 着・White
0x43dafc@mhfdat-jp.bin,千裂GP脚着・白,千裂GS Foot 着・White
0x43db00@mhfdat-jp.bin,覇山FZ脚着・白,千裂GP Foot 着・White
0x43db04@mhfdat-jp.bin,覇山HS脚着・白,覇山FZ Foot 着・White
0x43db08@mhfdat-jp.bin,覇山GS脚着・白,覇山HS Foot 着・White
0x43db0c@mhfdat-jp.bin,覇山GP脚着・白,覇山GS Foot 着・White
0x43db10@mhfdat-jp.bin,竜巻FZ脚着・青,覇山GP Foot 着・White
0x43db14@mhfdat-jp.bin,竜巻HS脚着・青,竜巻FZ Foot 着・Blue
0x43db18@mhfdat-jp.bin,竜巻GS脚着・青,竜巻HS Foot 着・Blue
0x43db1c@mhfdat-jp.bin,竜巻GP脚着・青,竜巻GS Foot 着・Blue
0x43db20@mhfdat-jp.bin,真空FZ脚着・青,竜巻GP Foot 着・Blue
0x43db24@mhfdat-jp.bin,真空HS脚着・青,True 空FZ Foot 着・Blue
0x43db28@mhfdat-jp.bin,真空GS脚着・青,True 空HS Foot 着・Blue
0x43db2c@mhfdat-jp.bin,真空GP脚着・青,True 空GS Foot 着・Blue
0x43db30@mhfdat-jp.bin,千裂FZ脚着・緑,True 空GP Foot 着・Blue
0x43db34@mhfdat-jp.bin,千裂HS脚着・緑,千裂FZ Foot 着・Green
0x43db38@mhfdat-jp.bin,千裂GS脚着・緑,千裂HS Foot 着・Green
0x43db3c@mhfdat-jp.bin,千裂GP脚着・緑,千裂GS Foot 着・Green
0x43db40@mhfdat-jp.bin,覇山FZ脚着・緑,千裂GP Foot 着・Green
0x43db44@mhfdat-jp.bin,覇山HS脚着・緑,覇山FZ Foot 着・Green
0x43db48@mhfdat-jp.bin,覇山GS脚着・緑,覇山HS Foot 着・Green
0x43db4c@mhfdat-jp.bin,覇山GP脚着・緑,覇山GS Foot 着・Green
0x43db50@mhfdat-jp.bin,デモンFZグリーヴ・青,覇山GP Foot 着・Green
0x43db54@mhfdat-jp.bin,デモンHSグリーヴ・青,Demon FZ Greaves・Blue
0x43db58@mhfdat-jp.bin,デモンGSグリーヴ・青,Demon HS Greaves・Blue
0x43db5c@mhfdat-jp.bin,デモンGPグリーヴ・青,Demon GS Greaves・Blue
0x43db60@mhfdat-jp.bin,カオスFZグリーヴ・青,Demon GP Greaves・Blue
0x43db64@mhfdat-jp.bin,カオスHSグリーヴ・青,Chaos FZ Greaves・Blue
0x43db68@mhfdat-jp.bin,カオスGSグリーヴ・青,Chaos HS Greaves・Blue
0x43db6c@mhfdat-jp.bin,カオスGPグリーヴ・青,Chaos GS Greaves・Blue
0x43db70@mhfdat-jp.bin,シャドウFZブーツ紫,Chaos GP Greaves・Blue
0x43db74@mhfdat-jp.bin,シャドウHSブーツ紫,Shadow FZ Boots Purple
0x43db78@mhfdat-jp.bin,シャドウGSブーツ紫,Shadow HS Boots Purple
0x43db7c@mhfdat-jp.bin,シャドウGPブーツ紫,Shadow GS Boots Purple
0x43db80@mhfdat-jp.bin,ソウルFZブーツ・紫,Shadow GP Boots Purple
0x43db84@mhfdat-jp.bin,ソウルHSブーツ・紫,Soul FZ Boots・Purple
0x43db88@mhfdat-jp.bin,ソウルGSブーツ・紫,Soul HS Boots・Purple
0x43db8c@mhfdat-jp.bin,ソウルGPブーツ・紫,Soul GS Boots・Purple
0x43db90@mhfdat-jp.bin,デモンFZグリーヴ・赤,Soul GP Boots・Purple
0x43db94@mhfdat-jp.bin,デモンHSグリーヴ・赤,Demon FZ Greaves・Red
0x43db98@mhfdat-jp.bin,デモンGSグリーヴ・赤,Demon HS Greaves・Red
0x43db9c@mhfdat-jp.bin,デモンGPグリーヴ・赤,Demon GS Greaves・Red
0x43dba0@mhfdat-jp.bin,カオスFZグリーヴ・赤,Demon GP Greaves・Red
0x43dba4@mhfdat-jp.bin,カオスHSグリーヴ・赤,Chaos FZ Greaves・Red
0x43dba8@mhfdat-jp.bin,カオスGSグリーヴ・赤,Chaos HS Greaves・Red
0x43dbac@mhfdat-jp.bin,カオスGPグリーヴ・赤,Chaos GS Greaves・Red
0x43dbb0@mhfdat-jp.bin,シャドウFZブーツ赤,Chaos GP Greaves・Red
0x43dbb4@mhfdat-jp.bin,シャドウHSブーツ赤,Shadow FZ Boots Red
0x43dbb8@mhfdat-jp.bin,シャドウGSブーツ赤,Shadow HS Boots Red
0x43dbbc@mhfdat-jp.bin,シャドウGPブーツ赤,Shadow GS Boots Red
0x43dbc0@mhfdat-jp.bin,ソウルFZブーツ・赤,Shadow GP Boots Red
0x43dbc4@mhfdat-jp.bin,ソウルHSブーツ・赤,Soul FZ Boots・Red
0x43dbc8@mhfdat-jp.bin,ソウルGSブーツ・赤,Soul HS Boots・Red
0x43dbcc@mhfdat-jp.bin,ソウルGPブーツ・赤,Soul GS Boots・Red
0x43dbd0@mhfdat-jp.bin,デモンFZグリーヴ・緑,Soul GP Boots・Red
0x43dbd4@mhfdat-jp.bin,デモンHSグリーヴ・緑,Demon FZ Greaves・Green
0x43dbd8@mhfdat-jp.bin,デモンGSグリーヴ・緑,Demon HS Greaves・Green
0x43dbdc@mhfdat-jp.bin,デモンGPグリーヴ・緑,Demon GS Greaves・Green
0x43dbe0@mhfdat-jp.bin,カオスFZグリーヴ・緑,Demon GP Greaves・Green
0x43dbe4@mhfdat-jp.bin,カオスHSグリーヴ・緑,Chaos FZ Greaves・Green
0x43dbe8@mhfdat-jp.bin,カオスGSグリーヴ・緑,Chaos HS Greaves・Green
0x43dbec@mhfdat-jp.bin,カオスGPグリーヴ・緑,Chaos GS Greaves・Green
0x43dbf0@mhfdat-jp.bin,シャドウFZブーツ緑,Chaos GP Greaves・Green
0x43dbf4@mhfdat-jp.bin,シャドウHSブーツ緑,Shadow FZ Boots Green
0x43dbf8@mhfdat-jp.bin,シャドウGSブーツ緑,Shadow HS Boots Green
0x43dbfc@mhfdat-jp.bin,シャドウGPブーツ緑,Shadow GS Boots Green
0x43dc00@mhfdat-jp.bin,ソウルFZブーツ・緑,Shadow GP Boots Green
0x43dc04@mhfdat-jp.bin,ソウルHSブーツ・緑,Soul FZ Boots・Green
0x43dc08@mhfdat-jp.bin,ソウルGSブーツ・緑,Soul HS Boots・Green
0x43dc0c@mhfdat-jp.bin,ソウルGPブーツ・緑,Soul GS Boots・Green
0x43dc10@mhfdat-jp.bin,デモンFZグリーヴ・白,Soul GP Boots・Green
0x43dc14@mhfdat-jp.bin,デモンHSグリーヴ・白,Demon FZ Greaves・White
0x43dc18@mhfdat-jp.bin,デモンGSグリーヴ・白,Demon HS Greaves・White
0x43dc1c@mhfdat-jp.bin,デモンGPグリーヴ・白,Demon GS Greaves・White
0x43dc20@mhfdat-jp.bin,カオスFZグリーヴ・白,Demon GP Greaves・White
0x43dc24@mhfdat-jp.bin,カオスHSグリーヴ・白,Chaos FZ Greaves・White
0x43dc28@mhfdat-jp.bin,カオスGSグリーヴ・白,Chaos HS Greaves・White
0x43dc2c@mhfdat-jp.bin,カオスGPグリーヴ・白,Chaos GS Greaves・White
0x43dc30@mhfdat-jp.bin,シャドウFZブーツ白,Chaos GP Greaves・White
0x43dc34@mhfdat-jp.bin,シャドウHSブーツ白,Shadow FZ Boots White
0x43dc38@mhfdat-jp.bin,シャドウGSブーツ白,Shadow HS Boots White
0x43dc3c@mhfdat-jp.bin,シャドウGPブーツ白,Shadow GS Boots White
0x43dc40@mhfdat-jp.bin,ソウルFZブーツ・白,Shadow GP Boots White
0x43dc44@mhfdat-jp.bin,ソウルHSブーツ・白,Soul FZ Boots・White
0x43dc48@mhfdat-jp.bin,ソウルGSブーツ・白,Soul HS Boots・White
0x43dc4c@mhfdat-jp.bin,ソウルGPブーツ・白,Soul GS Boots・White
0x43dc50@mhfdat-jp.bin,一閃GS【具足】・赤,Soul GP Boots・White
0x43dc54@mhfdat-jp.bin,一閃GP【具足】・赤,Issen GS [Greaves 】・Red
0x43dc58@mhfdat-jp.bin,構射GS【具足】・赤,Issen GP [Greaves 】・Red
0x43dc5c@mhfdat-jp.bin,構射GP【具足】・赤,構射GS [Greaves 】・Red
0x43dc60@mhfdat-jp.bin,蜂針GS【具足】・橙,構射GP [Greaves 】・Red
0x43dc64@mhfdat-jp.bin,蜂針GP【具足】・橙,蜂針GS [Greaves 】・Orange
0x43dc68@mhfdat-jp.bin,気弾GS【具足】・橙,蜂針GP [Greaves 】・Orange
0x43dc6c@mhfdat-jp.bin,気弾GP【具足】・橙,気弾GS [Greaves 】・Orange
0x43dc70@mhfdat-jp.bin,一閃GS【具足】・青,気弾GP [Greaves 】・Orange
0x43dc74@mhfdat-jp.bin,一閃GP【具足】・青,Issen GS [Greaves 】・Blue
0x43dc78@mhfdat-jp.bin,構射GS【具足】・青,Issen GP [Greaves 】・Blue
0x43dc7c@mhfdat-jp.bin,構射GP【具足】・青,構射GS [Greaves 】・Blue
0x43dc80@mhfdat-jp.bin,蜂針GS【具足】・青,構射GP [Greaves 】・Blue
0x43dc84@mhfdat-jp.bin,蜂針GP【具足】・青,蜂針GS [Greaves 】・Blue
0x43dc88@mhfdat-jp.bin,気弾GS【具足】・青,蜂針GP [Greaves 】・Blue
0x43dc8c@mhfdat-jp.bin,気弾GP【具足】・青,気弾GS [Greaves 】・Blue
0x43dc90@mhfdat-jp.bin,一閃GS【具足】・黄,気弾GP [Greaves 】・Blue
0x43dc94@mhfdat-jp.bin,一閃GP【具足】・黄,Issen GS [Greaves 】・Yellow
0x43dc98@mhfdat-jp.bin,構射GS【具足】・黄,Issen GP [Greaves 】・Yellow
0x43dc9c@mhfdat-jp.bin,構射GP【具足】・黄,構射GS [Greaves 】・Yellow
0x43dca0@mhfdat-jp.bin,蜂針GS【具足】・黄,構射GP [Greaves 】・Yellow
0x43dca4@mhfdat-jp.bin,蜂針GP【具足】・黄,蜂針GS [Greaves 】・Yellow
0x43dca8@mhfdat-jp.bin,気弾GS【具足】・黄,蜂針GP [Greaves 】・Yellow
0x43dcac@mhfdat-jp.bin,気弾GP【具足】・黄,気弾GS [Greaves 】・Yellow
0x43dcb0@mhfdat-jp.bin,一閃GS【具足】・黒,気弾GP [Greaves 】・Yellow
0x43dcb4@mhfdat-jp.bin,一閃GP【具足】・黒,Issen GS [Greaves 】・Black
0x43dcb8@mhfdat-jp.bin,構射GS【具足】・黒,Issen GP [Greaves 】・Black
0x43dcbc@mhfdat-jp.bin,構射GP【具足】・黒,構射GS [Greaves 】・Black
0x43dcc0@mhfdat-jp.bin,蜂針GS【具足】・黒,構射GP [Greaves 】・Black
0x43dcc4@mhfdat-jp.bin,蜂針GP【具足】・黒,蜂針GS [Greaves 】・Black
0x43dcc8@mhfdat-jp.bin,気弾GS【具足】・黒,蜂針GP [Greaves 】・Black
0x43dccc@mhfdat-jp.bin,気弾GP【具足】・黒,気弾GS [Greaves 】・Black
0x43dcd0@mhfdat-jp.bin,神龍GS脚着・赤,気弾GP [Greaves 】・Black
0x43dcd4@mhfdat-jp.bin,神龍GP脚着・赤,Shinryu GS Foot 着・Red
0x43dcd8@mhfdat-jp.bin,裂破GS脚着・赤,Shinryu GP Foot 着・Red
0x43dcdc@mhfdat-jp.bin,裂破GP脚着・赤,Reppa GS Foot 着・Red
0x43dce0@mhfdat-jp.bin,キャノンGSタイツ・水,Reppa GP Foot 着・Red
0x43dce4@mhfdat-jp.bin,キャノンGPタイツ・水,Cannon GSタイツ・Water
0x43dce8@mhfdat-jp.bin,アクセルGSタイツ・水,Cannon GPタイツ・Water
0x43dcec@mhfdat-jp.bin,アクセルGPタイツ・水,Axel GSタイツ・Water
0x43dcf0@mhfdat-jp.bin,神龍GS脚着・白,Axel GPタイツ・Water
0x43dcf4@mhfdat-jp.bin,神龍GP脚着・白,Shinryu GS Foot 着・White
0x43dcf8@mhfdat-jp.bin,裂破GS脚着・白,Shinryu GP Foot 着・White
0x43dcfc@mhfdat-jp.bin,裂破GP脚着・白,Reppa GS Foot 着・White
0x43dd00@mhfdat-jp.bin,キャノンGSタイツ・緑,Reppa GP Foot 着・White
0x43dd04@mhfdat-jp.bin,キャノンGPタイツ・緑,Cannon GSタイツ・Green
0x43dd08@mhfdat-jp.bin,アクセルGSタイツ・緑,Cannon GPタイツ・Green
0x43dd0c@mhfdat-jp.bin,アクセルGPタイツ・緑,Axel GSタイツ・Green
0x43dd10@mhfdat-jp.bin,神龍GS脚着・紫,Axel GPタイツ・Green
0x43dd14@mhfdat-jp.bin,神龍GP脚着・紫,Shinryu GS Foot 着・Purple
0x43dd18@mhfdat-jp.bin,裂破GS脚着・紫,Shinryu GP Foot 着・Purple
0x43dd1c@mhfdat-jp.bin,裂破GP脚着・紫,Reppa GS Foot 着・Purple
0x43dd20@mhfdat-jp.bin,キャノンGSタイツ・桃,Reppa GP Foot 着・Purple
0x43dd24@mhfdat-jp.bin,キャノンGPタイツ・桃,Cannon GSタイツ・Peach
0x43dd28@mhfdat-jp.bin,アクセルGSタイツ・桃,Cannon GPタイツ・Peach
0x43dd2c@mhfdat-jp.bin,アクセルGPタイツ・桃,Axel GSタイツ・Peach
0x43dd30@mhfdat-jp.bin,神龍GS脚着・黄,Axel GPタイツ・Peach
0x43dd34@mhfdat-jp.bin,神龍GP脚着・黄,Shinryu GS Foot 着・Yellow
0x43dd38@mhfdat-jp.bin,裂破GS脚着・黄,Shinryu GP Foot 着・Yellow
0x43dd3c@mhfdat-jp.bin,裂破GP脚着・黄,Reppa GS Foot 着・Yellow
0x43dd40@mhfdat-jp.bin,キャノンGSタイツ・紫,Reppa GP Foot 着・Yellow
0x43dd44@mhfdat-jp.bin,キャノンGPタイツ・紫,Cannon GSタイツ・Purple
0x43dd48@mhfdat-jp.bin,アクセルGSタイツ・紫,Cannon GPタイツ・Purple
0x43dd4c@mhfdat-jp.bin,アクセルGPタイツ・紫,Axel GSタイツ・Purple
0x43dd50@mhfdat-jp.bin,ガルーダHSレッグ,Axel GPタイツ・Purple
0x43dd54@mhfdat-jp.bin,ガルーダGSレッグ,Garuda HS Leg
0x43dd58@mhfdat-jp.bin,ガルーダGPレッグ,Garuda GS Leg
0x43dd5c@mhfdat-jp.bin,ガルーダHSブーツ,Garuda GP Leg
0x43dd60@mhfdat-jp.bin,ガルーダGSブーツ,Garuda HS Boots
0x43dd64@mhfdat-jp.bin,ガルーダGPブーツ,Garuda GS Boots
0x43dd68@mhfdat-jp.bin,フィアラルHSレッグ,Garuda GP Boots
0x43dd6c@mhfdat-jp.bin,フィアラルGSレッグ,Feral HS Leg
0x43dd70@mhfdat-jp.bin,フィアラルGPレッグ,Feral GS Leg
0x43dd74@mhfdat-jp.bin,フィアラルHSブーツ,Feral GP Leg
0x43dd78@mhfdat-jp.bin,フィアラルGSブーツ,Feral HS Boots
0x43dd7c@mhfdat-jp.bin,フィアラルGPブーツ,Feral GS Boots
0x43dd80@mhfdat-jp.bin,フィアスHSレッグ,Feral GP Boots
0x43dd84@mhfdat-jp.bin,フィアスGSレッグ,Fias HS Leg
0x43dd88@mhfdat-jp.bin,フィアスGPレッグ,Fias GS Leg
0x43dd8c@mhfdat-jp.bin,フィアスHSブーツ,Fias GP Leg
0x43dd90@mhfdat-jp.bin,フィアスGSブーツ,Fias HS Boots
0x43dd94@mhfdat-jp.bin,フィアスGPブーツ,Fias GS Boots
0x43dd98@mhfdat-jp.bin,ヴィルトHSレッグ,Fias GP Boots
0x43dd9c@mhfdat-jp.bin,ヴィルトGSレッグ,Viruto HS Leg
0x43dda0@mhfdat-jp.bin,ヴィルトGPレッグ,Viruto GS Leg
0x43dda4@mhfdat-jp.bin,ヴィルトHSブーツ,Viruto GP Leg
0x43dda8@mhfdat-jp.bin,ヴィルトGSブーツ,Viruto HS Boots
0x43ddac@mhfdat-jp.bin,ヴィルトGPブーツ,Viruto GS Boots
0x43ddb0@mhfdat-jp.bin,ファルコHSグリーヴ,Viruto GP Boots
0x43ddb4@mhfdat-jp.bin,ファルコGSグリーヴ,Falco HS Greaves
0x43ddb8@mhfdat-jp.bin,ファルコGPグリーヴ,Falco GS Greaves
0x43ddbc@mhfdat-jp.bin,ファルコHSレギンス,Falco GP Greaves
0x43ddc0@mhfdat-jp.bin,ファルコGSレギンス,Falco HS Leggings
0x43ddc4@mhfdat-jp.bin,ファルコGPレギンス,Falco GS Leggings
0x43ddc8@mhfdat-jp.bin,ハウクスHSグリーヴ,Falco GP Leggings
0x43ddcc@mhfdat-jp.bin,ハウクスGSグリーヴ,Howx HS Greaves
0x43ddd0@mhfdat-jp.bin,ハウクスGPグリーヴ,Howx GS Greaves
0x43ddd4@mhfdat-jp.bin,ハウクスHSレギンス,Howx GP Greaves
0x43ddd8@mhfdat-jp.bin,ハウクスGSレギンス,Howx HS Leggings
0x43dddc@mhfdat-jp.bin,ハウクスGPレギンス,Howx GS Leggings
0x43dde0@mhfdat-jp.bin,ガウスHSグリーヴ,Howx GP Leggings
0x43dde4@mhfdat-jp.bin,ガウスGSグリーヴ,Gauss HS Greaves
0x43dde8@mhfdat-jp.bin,ガウスGPグリーヴ,Gauss GS Greaves
0x43ddec@mhfdat-jp.bin,ガウスHSレギンス,Gauss GP Greaves
0x43ddf0@mhfdat-jp.bin,ガウスGSレギンス,Gauss HS Leggings
0x43ddf4@mhfdat-jp.bin,ガウスGPレギンス,Gauss GS Leggings
0x43ddf8@mhfdat-jp.bin,ウェーバHSグリーヴ,Gauss GP Leggings
0x43ddfc@mhfdat-jp.bin,ウェーバGSグリーヴ,Weber HS Greaves
0x43de00@mhfdat-jp.bin,ウェーバGPグリーヴ,Weber GS Greaves
0x43de04@mhfdat-jp.bin,ウェーバHSレギンス,Weber GP Greaves
0x43de08@mhfdat-jp.bin,ウェーバGSレギンス,Weber HS Leggings
0x43de0c@mhfdat-jp.bin,ウェーバGPレギンス,Weber GS Leggings
0x43de10@mhfdat-jp.bin,ギルバートHSグリーヴ,Weber GP Leggings
0x43de14@mhfdat-jp.bin,ギルバートGSグリーヴ,Gilbert HS Greaves
0x43de18@mhfdat-jp.bin,ギルバートGPグリーヴ,Gilbert GS Greaves
0x43de1c@mhfdat-jp.bin,ギルバートHSレギンス,Gilbert GP Greaves
0x43de20@mhfdat-jp.bin,ギルバートGSレギンス,Gilbert HS Leggings
0x43de24@mhfdat-jp.bin,ギルバートGPレギンス,Gilbert GS Leggings
0x43de28@mhfdat-jp.bin,ブライトGPグリーヴ,Gilbert GP Leggings
0x43de2c@mhfdat-jp.bin,ブライトGPレギンス,Bright GP Greaves
0x43de30@mhfdat-jp.bin,ジュアリGPグリーヴ,Bright GP Leggings
0x43de34@mhfdat-jp.bin,ジュアリGPレギンス,Juari GP Greaves
0x43de38@mhfdat-jp.bin,ティンクGPグリーヴ,Juari GP Leggings
0x43de3c@mhfdat-jp.bin,ティンクGPレギンス,Tinku GP Greaves
0x43de40@mhfdat-jp.bin,ルクストグリーヴ,Tinku GP Leggings
0x43de44@mhfdat-jp.bin,ルクストＦグリーヴ,Luxt Greaves
0x43de48@mhfdat-jp.bin,ルクストFYグリーヴ,Luxt F Greaves
0x43de4c@mhfdat-jp.bin,ルクストHSグリーヴ,Luxt FY Greaves
0x43de50@mhfdat-jp.bin,ルクストレギンス,Luxt HS Greaves
0x43de54@mhfdat-jp.bin,ルクストＦレギンス,Luxt Leggings
0x43de58@mhfdat-jp.bin,ルクストFYレギンス,Luxt F Leggings
0x43de5c@mhfdat-jp.bin,ルクストHSレギンス,Luxt FY Leggings
0x43de60@mhfdat-jp.bin,ルクストＧグリーヴ,Luxt HS Leggings
0x43de64@mhfdat-jp.bin,ルクストGFグリーヴ,Luxt G Greaves
0x43de68@mhfdat-jp.bin,ルクストGXグリーヴ,Luxt GF Greaves
0x43de6c@mhfdat-jp.bin,ルクストＧレギンス,Luxt GX Greaves
0x43de70@mhfdat-jp.bin,ルクストGFレギンス,Luxt G Leggings
0x43de74@mhfdat-jp.bin,ルクストGXレギンス,Luxt GF Leggings
0x43de78@mhfdat-jp.bin,オレウムグリーヴ,Luxt GX Leggings
0x43de7c@mhfdat-jp.bin,オレウムＦグリーヴ,Oleum Greaves
0x43de80@mhfdat-jp.bin,オレウムFYグリーヴ,Oleum F Greaves
0x43de84@mhfdat-jp.bin,オレウムHSグリーヴ,Oleum FY Greaves
0x43de88@mhfdat-jp.bin,オレウムレギンス,Oleum HS Greaves
0x43de8c@mhfdat-jp.bin,オレウムＦレギンス,Oleum Leggings
0x43de90@mhfdat-jp.bin,オレウムFYレギンス,Oleum F Leggings
0x43de94@mhfdat-jp.bin,オレウムHSレギンス,Oleum FY Leggings
0x43de98@mhfdat-jp.bin,オレウムＧグリーヴ,Oleum HS Leggings
0x43de9c@mhfdat-jp.bin,オレウムGFグリーヴ,Oleum G Greaves
0x43dea0@mhfdat-jp.bin,オレウムGXグリーヴ,Oleum GF Greaves
0x43dea4@mhfdat-jp.bin,オレウムＧレギンス,Oleum GX Greaves
0x43dea8@mhfdat-jp.bin,オレウムGFレギンス,Oleum G Leggings
0x43deac@mhfdat-jp.bin,オレウムGXレギンス,Oleum GF Leggings
0x43deb0@mhfdat-jp.bin,クラントグリーヴ,Oleum GX Leggings
0x43deb4@mhfdat-jp.bin,クラントＦグリーヴ,Kuranto Greaves
0x43deb8@mhfdat-jp.bin,クラントFYグリーヴ,Kuranto F Greaves
0x43debc@mhfdat-jp.bin,クラントHSグリーヴ,Kuranto FY Greaves
0x43dec0@mhfdat-jp.bin,クラントレギンス,Kuranto HS Greaves
0x43dec4@mhfdat-jp.bin,クラントＦレギンス,Kuranto Leggings
0x43dec8@mhfdat-jp.bin,クラントFYレギンス,Kuranto F Leggings
0x43decc@mhfdat-jp.bin,クラントHSレギンス,Kuranto FY Leggings
0x43ded0@mhfdat-jp.bin,クラントＧグリーヴ,Kuranto HS Leggings
0x43ded4@mhfdat-jp.bin,クラントGFグリーヴ,Kuranto G Greaves
0x43ded8@mhfdat-jp.bin,クラントGXグリーヴ,Kuranto GF Greaves
0x43dedc@mhfdat-jp.bin,クラントＧレギンス,Kuranto GX Greaves
0x43dee0@mhfdat-jp.bin,クラントGFレギンス,Kuranto G Leggings
0x43dee4@mhfdat-jp.bin,クラントGXレギンス,Kuranto GF Leggings
0x43dee8@mhfdat-jp.bin,ユプケグリーヴ,Kuranto GX Leggings
0x43deec@mhfdat-jp.bin,ユプケＦグリーヴ,Yupuk Greaves
0x43def0@mhfdat-jp.bin,ユプケFYグリーヴ,Yupuk F Greaves
0x43def4@mhfdat-jp.bin,ユプケHSグリーヴ,Yupuk FY Greaves
0x43def8@mhfdat-jp.bin,ユプケレギンス,Yupuk HS Greaves
0x43defc@mhfdat-jp.bin,ユプケＦレギンス,Yupuk Leggings
0x43df00@mhfdat-jp.bin,ユプケFYレギンス,Yupuk F Leggings
0x43df04@mhfdat-jp.bin,ユプケHSレギンス,Yupuk FY Leggings
0x43df08@mhfdat-jp.bin,ユプケＧグリーヴ,Yupuk HS Leggings
0x43df0c@mhfdat-jp.bin,ユプケGFグリーヴ,Yupuk G Greaves
0x43df10@mhfdat-jp.bin,ユプケGXグリーヴ,Yupuk GF Greaves
0x43df14@mhfdat-jp.bin,ユプケＧレギンス,Yupuk GX Greaves
0x43df18@mhfdat-jp.bin,ユプケGFレギンス,Yupuk G Leggings
0x43df1c@mhfdat-jp.bin,ユプケGXレギンス,Yupuk GF Leggings
0x43df20@mhfdat-jp.bin,ヒガクレＧグリーヴ,Yupuk GX Leggings
0x43df24@mhfdat-jp.bin,ヒガクレGFグリーヴ,Higakure G Greaves
0x43df28@mhfdat-jp.bin,ヒガクレGXグリーヴ,Higakure GF Greaves
0x43df2c@mhfdat-jp.bin,ヒガクレＧレギンス,Higakure GX Greaves
0x43df30@mhfdat-jp.bin,ヒガクレGFレギンス,Higakure G Leggings
0x43df34@mhfdat-jp.bin,ヒガクレGXレギンス,Higakure GF Leggings
0x43df38@mhfdat-jp.bin,コンセルＧグリーヴ,Higakure GX Leggings
0x43df3c@mhfdat-jp.bin,コンセルGFグリーヴ,Konseru G Greaves
0x43df40@mhfdat-jp.bin,コンセルGXグリーヴ,Konseru GF Greaves
0x43df44@mhfdat-jp.bin,コンセルＧレギンス,Konseru GX Greaves
0x43df48@mhfdat-jp.bin,コンセルGFレギンス,Konseru G Leggings
0x43df4c@mhfdat-jp.bin,コンセルGXレギンス,Konseru GF Leggings
0x43df50@mhfdat-jp.bin,ディールＧグリーヴ,Konseru GX Leggings
0x43df54@mhfdat-jp.bin,ディールGFグリーヴ,Diru G Greaves
0x43df58@mhfdat-jp.bin,ディールGXグリーヴ,Diru GF Greaves
0x43df5c@mhfdat-jp.bin,ディールＧレギンス,Diru GX Greaves
0x43df60@mhfdat-jp.bin,ディールGFレギンス,Diru G Leggings
0x43df64@mhfdat-jp.bin,ディールGXレギンス,Diru GF Leggings
0x43df68@mhfdat-jp.bin,コルヌーブーツ,Diru GX Leggings
0x43df6c@mhfdat-jp.bin,コピアイブーツ,コルヌー Boots
0x43df70@mhfdat-jp.bin,コルヌーレギンス,コピアイ Boots
0x43df74@mhfdat-jp.bin,コピアイレギンス,コルヌー Leggings
0x43df78@mhfdat-jp.bin,メトリーフット・青,コピアイ Leggings
0x43df7c@mhfdat-jp.bin,メトリーＦフット・青,メトリー Feet・Blue
0x43df80@mhfdat-jp.bin,メトリーFZフット・青,メトリーF Feet・Blue
0x43df84@mhfdat-jp.bin,メトリーHCフット・青,メトリーFZ Feet・Blue
0x43df88@mhfdat-jp.bin,メトリーHSフット・青,メトリーHC Feet・Blue
0x43df8c@mhfdat-jp.bin,メトリーGSフット・青,メトリーHS Feet・Blue
0x43df90@mhfdat-jp.bin,メトリーブーツ・青,メトリーGS Feet・Blue
0x43df94@mhfdat-jp.bin,メトリーＦブーツ・青,メトリー Boots・Blue
0x43df98@mhfdat-jp.bin,メトリーFZブーツ・青,メトリーF Boots・Blue
0x43df9c@mhfdat-jp.bin,メトリーHCブーツ・青,メトリーFZ Boots・Blue
0x43dfa0@mhfdat-jp.bin,メトリーHSブーツ・青,メトリーHC Boots・Blue
0x43dfa4@mhfdat-jp.bin,メトリーGSブーツ・青,メトリーHS Boots・Blue
0x43dfa8@mhfdat-jp.bin,メトリーフット・白,メトリーGS Boots・Blue
0x43dfac@mhfdat-jp.bin,メトリーＦフット・白,メトリー Feet・White
0x43dfb0@mhfdat-jp.bin,メトリーFZフット・白,メトリーF Feet・White
0x43dfb4@mhfdat-jp.bin,メトリーHCフット・白,メトリーFZ Feet・White
0x43dfb8@mhfdat-jp.bin,メトリーHSフット・白,メトリーHC Feet・White
0x43dfbc@mhfdat-jp.bin,メトリーGSフット・白,メトリーHS Feet・White
0x43dfc0@mhfdat-jp.bin,メトリーブーツ・白,メトリーGS Feet・White
0x43dfc4@mhfdat-jp.bin,メトリーＦブーツ・白,メトリー Boots・White
0x43dfc8@mhfdat-jp.bin,メトリーFZブーツ・白,メトリーF Boots・White
0x43dfcc@mhfdat-jp.bin,メトリーHCブーツ・白,メトリーFZ Boots・White
0x43dfd0@mhfdat-jp.bin,メトリーHSブーツ・白,メトリーHC Boots・White
0x43dfd4@mhfdat-jp.bin,メトリーGSブーツ・白,メトリーHS Boots・White
0x43dfd8@mhfdat-jp.bin,メトリーフット・赤,メトリーGS Boots・White
0x43dfdc@mhfdat-jp.bin,メトリーＦフット・赤,メトリー Feet・Red
0x43dfe0@mhfdat-jp.bin,メトリーFZフット・赤,メトリーF Feet・Red
0x43dfe4@mhfdat-jp.bin,メトリーHCフット・赤,メトリーFZ Feet・Red
0x43dfe8@mhfdat-jp.bin,メトリーHSフット・赤,メトリーHC Feet・Red
0x43dfec@mhfdat-jp.bin,メトリーGSフット・赤,メトリーHS Feet・Red
0x43dff0@mhfdat-jp.bin,メトリーブーツ・赤,メトリーGS Feet・Red
0x43dff4@mhfdat-jp.bin,メトリーＦブーツ・赤,メトリー Boots・Red
0x43dff8@mhfdat-jp.bin,メトリーFZブーツ・赤,メトリーF Boots・Red
0x43dffc@mhfdat-jp.bin,メトリーHCブーツ・赤,メトリーFZ Boots・Red
0x43e000@mhfdat-jp.bin,メトリーHSブーツ・赤,メトリーHC Boots・Red
0x43e004@mhfdat-jp.bin,メトリーGSブーツ・赤,メトリーHS Boots・Red
0x43e008@mhfdat-jp.bin,メトリーフット・緑,メトリーGS Boots・Red
0x43e00c@mhfdat-jp.bin,メトリーＦフット・緑,メトリー Feet・Green
0x43e010@mhfdat-jp.bin,メトリーFZフット・緑,メトリーF Feet・Green
0x43e014@mhfdat-jp.bin,メトリーHCフット・緑,メトリーFZ Feet・Green
0x43e018@mhfdat-jp.bin,メトリーHSフット・緑,メトリーHC Feet・Green
0x43e01c@mhfdat-jp.bin,メトリーGSフット・緑,メトリーHS Feet・Green
0x43e020@mhfdat-jp.bin,メトリーブーツ・緑,メトリーGS Feet・Green
0x43e024@mhfdat-jp.bin,メトリーＦブーツ・緑,メトリー Boots・Green
0x43e028@mhfdat-jp.bin,メトリーFZブーツ・緑,メトリーF Boots・Green
0x43e02c@mhfdat-jp.bin,メトリーHCブーツ・緑,メトリーFZ Boots・Green
0x43e030@mhfdat-jp.bin,メトリーHSブーツ・緑,メトリーHC Boots・Green
0x43e034@mhfdat-jp.bin,メトリーGSブーツ・緑,メトリーHS Boots・Green
0x43e038@mhfdat-jp.bin,ノヴィーフット,メトリーGS Boots・Green
0x43e03c@mhfdat-jp.bin,ノヴィーＦフット,ノヴィー Feet
0x43e040@mhfdat-jp.bin,ノヴィーFZフット,ノヴィーF Feet
0x43e044@mhfdat-jp.bin,ノヴィーHCフット,ノヴィーFZ Feet
0x43e048@mhfdat-jp.bin,ノヴィーHSフット,ノヴィーHC Feet
0x43e04c@mhfdat-jp.bin,ノヴィーGSフット,ノヴィーHS Feet
0x43e050@mhfdat-jp.bin,ノヴィーブーツ,ノヴィーGS Feet
0x43e054@mhfdat-jp.bin,ノヴィーＦブーツ,ノヴィー Boots
0x43e058@mhfdat-jp.bin,ノヴィーFZブーツ,ノヴィーF Boots
0x43e05c@mhfdat-jp.bin,ノヴィーHCブーツ,ノヴィーFZ Boots
0x43e060@mhfdat-jp.bin,ノヴィーHSブーツ,ノヴィーHC Boots
0x43e064@mhfdat-jp.bin,ノヴィーGSブーツ,ノヴィーHS Boots
0x43e068@mhfdat-jp.bin,フローラグリーヴ,ノヴィーGS Boots
0x43e06c@mhfdat-jp.bin,フラウフット,Flora Greaves
0x43e070@mhfdat-jp.bin,リアレッグ,Frau Feet
0x43e074@mhfdat-jp.bin,キースグリーヴ,Lea Leg
0x43e078@mhfdat-jp.bin,ギネルグリーヴ,Keith Greaves
0x43e07c@mhfdat-jp.bin,チルカフット,Guinelle Greaves
0x43e080@mhfdat-jp.bin,エドワードグリーヴ,Circa Feet
0x43e084@mhfdat-jp.bin,タイゾウグリーヴ,Edward Greaves
0x43e088@mhfdat-jp.bin,ティアラブーツ,Taizo Greaves
0x43e08c@mhfdat-jp.bin,ユウェルブーツ,Tiala Boots
0x43e090@mhfdat-jp.bin,ナターシャレギンス,Uwel Boots
0x43e094@mhfdat-jp.bin,ダミー,Natasha Leggings
0x43e098@mhfdat-jp.bin,アミロフット・青,ダミー
0x43e09c@mhfdat-jp.bin,アミロＦフット・青,アミロ Feet・Blue
0x43e0a0@mhfdat-jp.bin,アミロFZフット・青,アミロF Feet・Blue
0x43e0a4@mhfdat-jp.bin,アミロHCフット・青,アミロFZ Feet・Blue
0x43e0a8@mhfdat-jp.bin,アミロHSフット・青,アミロHC Feet・Blue
0x43e0ac@mhfdat-jp.bin,アミロGSフット・青,アミロHS Feet・Blue
0x43e0b0@mhfdat-jp.bin,アミロブーツ・青,アミロGS Feet・Blue
0x43e0b4@mhfdat-jp.bin,アミロＦブーツ・青,アミロ Boots・Blue
0x43e0b8@mhfdat-jp.bin,アミロFZブーツ・青,アミロF Boots・Blue
0x43e0bc@mhfdat-jp.bin,アミロHCブーツ・青,アミロFZ Boots・Blue
0x43e0c0@mhfdat-jp.bin,アミロHSブーツ・青,アミロHC Boots・Blue
0x43e0c4@mhfdat-jp.bin,アミロGSブーツ・青,アミロHS Boots・Blue
0x43e0c8@mhfdat-jp.bin,アミロフット・赤,アミロGS Boots・Blue
0x43e0cc@mhfdat-jp.bin,アミロＦフット・赤,アミロ Feet・Red
0x43e0d0@mhfdat-jp.bin,アミロFZフット・赤,アミロF Feet・Red
0x43e0d4@mhfdat-jp.bin,アミロHCフット・赤,アミロFZ Feet・Red
0x43e0d8@mhfdat-jp.bin,アミロHSフット・赤,アミロHC Feet・Red
0x43e0dc@mhfdat-jp.bin,アミロGSフット・赤,アミロHS Feet・Red
0x43e0e0@mhfdat-jp.bin,アミロブーツ・赤,アミロGS Feet・Red
0x43e0e4@mhfdat-jp.bin,アミロＦブーツ・赤,アミロ Boots・Red
0x43e0e8@mhfdat-jp.bin,アミロFZブーツ・赤,アミロF Boots・Red
0x43e0ec@mhfdat-jp.bin,アミロHCブーツ・赤,アミロFZ Boots・Red
0x43e0f0@mhfdat-jp.bin,アミロHSブーツ・赤,アミロHC Boots・Red
0x43e0f4@mhfdat-jp.bin,アミロGSブーツ・赤,アミロHS Boots・Red
0x43e0f8@mhfdat-jp.bin,アミロフット・黄,アミロGS Boots・Red
0x43e0fc@mhfdat-jp.bin,アミロＦフット・黄,アミロ Feet・Yellow
0x43e100@mhfdat-jp.bin,アミロFZフット・黄,アミロF Feet・Yellow
0x43e104@mhfdat-jp.bin,アミロHCフット・黄,アミロFZ Feet・Yellow
0x43e108@mhfdat-jp.bin,アミロHSフット・黄,アミロHC Feet・Yellow
0x43e10c@mhfdat-jp.bin,アミロGSフット・黄,アミロHS Feet・Yellow
0x43e110@mhfdat-jp.bin,アミロブーツ・黄,アミロGS Feet・Yellow
0x43e114@mhfdat-jp.bin,アミロＦブーツ・黄,アミロ Boots・Yellow
0x43e118@mhfdat-jp.bin,アミロFZブーツ・黄,アミロF Boots・Yellow
0x43e11c@mhfdat-jp.bin,アミロHCブーツ・黄,アミロFZ Boots・Yellow
0x43e120@mhfdat-jp.bin,アミロHSブーツ・黄,アミロHC Boots・Yellow
0x43e124@mhfdat-jp.bin,アミロGSブーツ・黄,アミロHS Boots・Yellow
0x43e128@mhfdat-jp.bin,アミロフット・黒,アミロGS Boots・Yellow
0x43e12c@mhfdat-jp.bin,アミロＦフット・黒,アミロ Feet・Black
0x43e130@mhfdat-jp.bin,アミロFZフット・黒,アミロF Feet・Black
0x43e134@mhfdat-jp.bin,アミロHCフット・黒,アミロFZ Feet・Black
0x43e138@mhfdat-jp.bin,アミロHSフット・黒,アミロHC Feet・Black
0x43e13c@mhfdat-jp.bin,アミロGSフット・黒,アミロHS Feet・Black
0x43e140@mhfdat-jp.bin,アミロブーツ・黒,アミロGS Feet・Black
0x43e144@mhfdat-jp.bin,アミロＦブーツ・黒,アミロ Boots・Black
0x43e148@mhfdat-jp.bin,アミロFZブーツ・黒,アミロF Boots・Black
0x43e14c@mhfdat-jp.bin,アミロHCブーツ・黒,アミロFZ Boots・Black
0x43e150@mhfdat-jp.bin,アミロHSブーツ・黒,アミロHC Boots・Black
0x43e154@mhfdat-jp.bin,アミロGSブーツ・黒,アミロHS Boots・Black
0x43e158@mhfdat-jp.bin,リグイフット,アミロGS Boots・Black
0x43e15c@mhfdat-jp.bin,リグイＦフット,Pisces Feet
0x43e160@mhfdat-jp.bin,リグイFZフット,Pisces F Feet
0x43e164@mhfdat-jp.bin,リグイHCフット,Pisces FZ Feet
0x43e168@mhfdat-jp.bin,リグイHSフット,Pisces HC Feet
0x43e16c@mhfdat-jp.bin,リグイGSフット,Pisces HS Feet
0x43e170@mhfdat-jp.bin,リグイブーツ,Pisces GS Feet
0x43e174@mhfdat-jp.bin,リグイＦブーツ,Pisces Boots
0x43e178@mhfdat-jp.bin,リグイFZブーツ,Pisces F Boots
0x43e17c@mhfdat-jp.bin,リグイHCブーツ,Pisces FZ Boots
0x43e180@mhfdat-jp.bin,リグイHSブーツ,Pisces HC Boots
0x43e184@mhfdat-jp.bin,リグイGSブーツ,Pisces HS Boots
0x43e188@mhfdat-jp.bin,アスールＧグリーヴ,Pisces GS Boots
0x43e18c@mhfdat-jp.bin,アスールGFグリーヴ,Azul G Greaves
0x43e190@mhfdat-jp.bin,アスールGXグリーヴ,Azul GF Greaves
0x43e194@mhfdat-jp.bin,アスールＧレギンス,Azul GX Greaves
0x43e198@mhfdat-jp.bin,アスールGFレギンス,Azul G Leggings
0x43e19c@mhfdat-jp.bin,アスールGXレギンス,Azul GF Leggings
0x43e1a0@mhfdat-jp.bin,エントラＧグリーヴ,Azul GX Leggings
0x43e1a4@mhfdat-jp.bin,エントラGFグリーヴ,Entora G Greaves
0x43e1a8@mhfdat-jp.bin,エントラGXグリーヴ,Entora GF Greaves
0x43e1ac@mhfdat-jp.bin,エントラＧレギンス,Entora GX Greaves
0x43e1b0@mhfdat-jp.bin,エントラGFレギンス,Entora G Leggings
0x43e1b4@mhfdat-jp.bin,エントラGXレギンス,Entora GF Leggings
0x43e1b8@mhfdat-jp.bin,聖王フット,Entora GX Leggings
0x43e1bc@mhfdat-jp.bin,聖王Ｆフット,Holy King Feet
0x43e1c0@mhfdat-jp.bin,聖王FZフット,Holy King F Feet
0x43e1c4@mhfdat-jp.bin,聖王HSフット,Holy King FZ Feet
0x43e1c8@mhfdat-jp.bin,聖王GSフット,Holy King HS Feet
0x43e1cc@mhfdat-jp.bin,聖王GPフット,Holy King GS Feet
0x43e1d0@mhfdat-jp.bin,聖王ブーツ,Holy King GP Feet
0x43e1d4@mhfdat-jp.bin,聖王Ｆブーツ,Holy King Boots
0x43e1d8@mhfdat-jp.bin,聖王FZブーツ,Holy King F Boots
0x43e1dc@mhfdat-jp.bin,聖王HSブーツ,Holy King FZ Boots
0x43e1e0@mhfdat-jp.bin,聖王GSブーツ,Holy King HS Boots
0x43e1e4@mhfdat-jp.bin,聖王GPブーツ,Holy King GS Boots
0x43e1e8@mhfdat-jp.bin,英雄王フット,Holy King GP Boots
0x43e1ec@mhfdat-jp.bin,英雄王Ｆフット,Hero King Feet
0x43e1f0@mhfdat-jp.bin,英雄王FZフット,Hero King F Feet
0x43e1f4@mhfdat-jp.bin,英雄王HSフット,Hero King FZ Feet
0x43e1f8@mhfdat-jp.bin,英雄王GSフット,Hero King HS Feet
0x43e1fc@mhfdat-jp.bin,英雄王GPフット,Hero King GS Feet
0x43e200@mhfdat-jp.bin,英雄王ブーツ,Hero King GP Feet
0x43e204@mhfdat-jp.bin,英雄王Ｆブーツ,Hero King Boots
0x43e208@mhfdat-jp.bin,英雄王FZブーツ,Hero King F Boots
0x43e20c@mhfdat-jp.bin,英雄王HSブーツ,Hero King FZ Boots
0x43e210@mhfdat-jp.bin,英雄王GSブーツ,Hero King HS Boots
0x43e214@mhfdat-jp.bin,英雄王GPブーツ,Hero King GS Boots
0x43e218@mhfdat-jp.bin,雷刃脚着,Hero King GP Boots
0x43e21c@mhfdat-jp.bin,雷刃Ｆ脚着,雷刃 Foot 着
0x43e220@mhfdat-jp.bin,雷刃FZ脚着,雷刃F Foot 着
0x43e224@mhfdat-jp.bin,雷刃HS脚着,雷刃FZ Foot 着
0x43e228@mhfdat-jp.bin,雷刃GS脚着,雷刃HS Foot 着
0x43e22c@mhfdat-jp.bin,雷刃GP脚着,雷刃GS Foot 着
0x43e230@mhfdat-jp.bin,迅雷脚着,雷刃GP Foot 着
0x43e234@mhfdat-jp.bin,迅雷Ｆ脚着,迅雷 Foot 着
0x43e238@mhfdat-jp.bin,迅雷FZ脚着,迅雷F Foot 着
0x43e23c@mhfdat-jp.bin,迅雷HS脚着,迅雷FZ Foot 着
0x43e240@mhfdat-jp.bin,迅雷GS脚着,迅雷HS Foot 着
0x43e244@mhfdat-jp.bin,迅雷GP脚着,迅雷GS Foot 着
0x43e248@mhfdat-jp.bin,天星脚着,迅雷GP Foot 着
0x43e24c@mhfdat-jp.bin,天星Ｆ脚着, Heaven 星 Foot 着
0x43e250@mhfdat-jp.bin,天星FZ脚着, Heaven 星F Foot 着
0x43e254@mhfdat-jp.bin,天星HS脚着, Heaven 星FZ Foot 着
0x43e258@mhfdat-jp.bin,天星GS脚着, Heaven 星HS Foot 着
0x43e25c@mhfdat-jp.bin,天星GP脚着, Heaven 星GS Foot 着
0x43e260@mhfdat-jp.bin,飛燕脚着, Heaven 星GP Foot 着
0x43e264@mhfdat-jp.bin,飛燕Ｆ脚着,飛燕 Foot 着
0x43e268@mhfdat-jp.bin,飛燕FZ脚着,飛燕F Foot 着
0x43e26c@mhfdat-jp.bin,飛燕HS脚着,飛燕FZ Foot 着
0x43e270@mhfdat-jp.bin,飛燕GS脚着,飛燕HS Foot 着
0x43e274@mhfdat-jp.bin,飛燕GP脚着,飛燕GS Foot 着
0x43e278@mhfdat-jp.bin,バットグリーヴ,飛燕GP Foot 着
0x43e27c@mhfdat-jp.bin,バットＦグリーヴ,バット Greaves
0x43e280@mhfdat-jp.bin,バットFZグリーヴ,バットF Greaves
0x43e284@mhfdat-jp.bin,バットHSグリーヴ,バットFZ Greaves
0x43e288@mhfdat-jp.bin,バットGSグリーヴ,バットHS Greaves
0x43e28c@mhfdat-jp.bin,バットGPグリーヴ,バットGS Greaves
0x43e290@mhfdat-jp.bin,ナイトグリーヴ,バットGP Greaves
0x43e294@mhfdat-jp.bin,ナイトＦグリーヴ,Knight Greaves
0x43e298@mhfdat-jp.bin,ナイトFZグリーヴ,Knight F Greaves
0x43e29c@mhfdat-jp.bin,ナイトHSグリーヴ,Knight FZ Greaves
0x43e2a0@mhfdat-jp.bin,ナイトGSグリーヴ,Knight HS Greaves
0x43e2a4@mhfdat-jp.bin,ナイトGPグリーヴ,Knight GS Greaves
0x43e2a8@mhfdat-jp.bin,シェルブーツ,Knight GP Greaves
0x43e2ac@mhfdat-jp.bin,シェルＦブーツ,Shell Boots
0x43e2b0@mhfdat-jp.bin,シェルFZブーツ,Shell F Boots
0x43e2b4@mhfdat-jp.bin,シェルHSブーツ,Shell FZ Boots
0x43e2b8@mhfdat-jp.bin,シェルGSブーツ,Shell HS Boots
0x43e2bc@mhfdat-jp.bin,シェルGPブーツ,Shell GS Boots
0x43e2c0@mhfdat-jp.bin,ベクターブーツ,Shell GP Boots
0x43e2c4@mhfdat-jp.bin,ベクターＦブーツ,Vector Boots
0x43e2c8@mhfdat-jp.bin,ベクターFZブーツ,Vector F Boots
0x43e2cc@mhfdat-jp.bin,ベクターHSブーツ,Vector FZ Boots
0x43e2d0@mhfdat-jp.bin,ベクターGSブーツ,Vector HS Boots
0x43e2d4@mhfdat-jp.bin,ベクターGPブーツ,Vector GS Boots
0x43e2d8@mhfdat-jp.bin,サーブルフット,Vector GP Boots
0x43e2dc@mhfdat-jp.bin,サーブルＦフット,サーブル Feet
0x43e2e0@mhfdat-jp.bin,サーブルFZフット,サーブルF Feet
0x43e2e4@mhfdat-jp.bin,サーブルHSフット,サーブルFZ Feet
0x43e2e8@mhfdat-jp.bin,サーブルGSフット,サーブルHS Feet
0x43e2ec@mhfdat-jp.bin,サーブルGPフット,サーブルGS Feet
0x43e2f0@mhfdat-jp.bin,サーブルブーツ,サーブルGP Feet
0x43e2f4@mhfdat-jp.bin,サーブルＦブーツ,サーブル Boots
0x43e2f8@mhfdat-jp.bin,サーブルFZブーツ,サーブルF Boots
0x43e2fc@mhfdat-jp.bin,サーブルHSブーツ,サーブルFZ Boots
0x43e300@mhfdat-jp.bin,サーブルGSブーツ,サーブルHS Boots
0x43e304@mhfdat-jp.bin,サーブルGPブーツ,サーブルGS Boots
0x43e308@mhfdat-jp.bin,ルワージュレッグ,サーブルGP Boots
0x43e30c@mhfdat-jp.bin,ルワージュＦレッグ,ルワージュ Leg
0x43e310@mhfdat-jp.bin,ルワージュFZレッグ,ルワージュF Leg
0x43e314@mhfdat-jp.bin,ルワージュHSレッグ,ルワージュFZ Leg
0x43e318@mhfdat-jp.bin,ルワージュGSレッグ,ルワージュHS Leg
0x43e31c@mhfdat-jp.bin,ルワージュGPレッグ,ルワージュGS Leg
0x43e320@mhfdat-jp.bin,ルワージュブーツ,ルワージュGP Leg
0x43e324@mhfdat-jp.bin,ルワージュＦブーツ,ルワージュ Boots
0x43e328@mhfdat-jp.bin,ルワージュFZブーツ,ルワージュF Boots
0x43e32c@mhfdat-jp.bin,ルワージュHSブーツ,ルワージュFZ Boots
0x43e330@mhfdat-jp.bin,ルワージュGSブーツ,ルワージュHS Boots
0x43e334@mhfdat-jp.bin,ルワージュGPブーツ,ルワージュGS Boots
0x43e338@mhfdat-jp.bin,ノメルグリーヴ,ルワージュGP Boots
0x43e33c@mhfdat-jp.bin,ノメルＦグリーヴ,ノメル Greaves
0x43e340@mhfdat-jp.bin,ノメルFZグリーヴ,ノメルF Greaves
0x43e344@mhfdat-jp.bin,ノメルHSグリーヴ,ノメルFZ Greaves
0x43e348@mhfdat-jp.bin,ノメルGSグリーヴ,ノメルHS Greaves
0x43e34c@mhfdat-jp.bin,ノメルGPグリーヴ,ノメルGS Greaves
0x43e350@mhfdat-jp.bin,ノメルレギンス,ノメルGP Greaves
0x43e354@mhfdat-jp.bin,ノメルＦレギンス,ノメル Leggings
0x43e358@mhfdat-jp.bin,ノメルFZレギンス,ノメルF Leggings
0x43e35c@mhfdat-jp.bin,ノメルHSレギンス,ノメルFZ Leggings
0x43e360@mhfdat-jp.bin,ノメルGSレギンス,ノメルHS Leggings
0x43e364@mhfdat-jp.bin,ノメルGPレギンス,ノメルGS Leggings
0x43e368@mhfdat-jp.bin,英雄王の脚甲：剣金,ノメルGP Leggings
0x43e36c@mhfdat-jp.bin,英雄王の脚甲：剣Ｆ金,Hero King Legs BM Gold
0x43e370@mhfdat-jp.bin,英雄王の脚甲：剣FZ金,Hero King Legs BM F Gold
0x43e374@mhfdat-jp.bin,英雄王の脚甲：剣HS金,Hero King Legs BM FZ Gold
0x43e378@mhfdat-jp.bin,英雄王の脚甲：剣GS金,Hero King Legs BM HS Gold
0x43e37c@mhfdat-jp.bin,英雄王の脚甲：剣GP金,Hero King Legs BM GS Gold
0x43e380@mhfdat-jp.bin,英雄王の脚甲：銃金,Hero King Legs BM GP Gold
0x43e384@mhfdat-jp.bin,英雄王の脚甲：銃Ｆ金,Hero King Legs GN Gold
0x43e388@mhfdat-jp.bin,英雄王の脚甲：銃FZ金,Hero King Legs GN F Gold
0x43e38c@mhfdat-jp.bin,英雄王の脚甲：銃HS金,Hero King Legs GN FZ Gold
0x43e390@mhfdat-jp.bin,英雄王の脚甲：銃GS金,Hero King Legs GN HS Gold
0x43e394@mhfdat-jp.bin,英雄王の脚甲：銃GP金,Hero King Legs GN GS Gold
0x43e398@mhfdat-jp.bin,ゴルゴンフット・黒,Hero King Legs GN GP Gold
0x43e39c@mhfdat-jp.bin,ゴルゴンＦフット・黒,Gorgon Feet・Black
0x43e3a0@mhfdat-jp.bin,ゴルゴンFZフット・黒,Gorgon F Feet・Black
0x43e3a4@mhfdat-jp.bin,ゴルゴンHSフット・黒,Gorgon FZ Feet・Black
0x43e3a8@mhfdat-jp.bin,ゴルゴンGSフット・黒,Gorgon HS Feet・Black
0x43e3ac@mhfdat-jp.bin,ゴルゴンGPフット・黒,Gorgon GS Feet・Black
0x43e3b0@mhfdat-jp.bin,ゴルゴンブーツ・黒,Gorgon GP Feet・Black
0x43e3b4@mhfdat-jp.bin,ゴルゴンＦブーツ・黒,Gorgon Boots・Black
0x43e3b8@mhfdat-jp.bin,ゴルゴンFZブーツ・黒,Gorgon F Boots・Black
0x43e3bc@mhfdat-jp.bin,ゴルゴンHSブーツ・黒,Gorgon FZ Boots・Black
0x43e3c0@mhfdat-jp.bin,ゴルゴンGSブーツ・黒,Gorgon HS Boots・Black
0x43e3c4@mhfdat-jp.bin,ゴルゴンGPブーツ・黒,Gorgon GS Boots・Black
0x43e3c8@mhfdat-jp.bin,英雄王の脚甲：剣黒,Gorgon GP Boots・Black
0x43e3cc@mhfdat-jp.bin,英雄王の脚甲：剣Ｆ黒,Hero King Legs BM Black
0x43e3d0@mhfdat-jp.bin,英雄王の脚甲：剣FZ黒,Hero King Legs BM F Black
0x43e3d4@mhfdat-jp.bin,英雄王の脚甲：剣HS黒,Hero King Legs BM FZ Black
0x43e3d8@mhfdat-jp.bin,英雄王の脚甲：剣GS黒,Hero King Legs BM HS Black
0x43e3dc@mhfdat-jp.bin,英雄王の脚甲：剣GP黒,Hero King Legs BM GS Black
0x43e3e0@mhfdat-jp.bin,英雄王の脚甲：銃黒,Hero King Legs BM GP Black
0x43e3e4@mhfdat-jp.bin,英雄王の脚甲：銃Ｆ黒,Hero King Legs GN Black
0x43e3e8@mhfdat-jp.bin,英雄王の脚甲：銃FZ黒,Hero King Legs GN F Black
0x43e3ec@mhfdat-jp.bin,英雄王の脚甲：銃HS黒,Hero King Legs GN FZ Black
0x43e3f0@mhfdat-jp.bin,英雄王の脚甲：銃GS黒,Hero King Legs GN HS Black
0x43e3f4@mhfdat-jp.bin,英雄王の脚甲：銃GP黒,Hero King Legs GN GS Black
0x43e3f8@mhfdat-jp.bin,ゴルゴンフット・青,Hero King Legs GN GP Black
0x43e3fc@mhfdat-jp.bin,ゴルゴンＦフット・青,Gorgon Feet・Blue
0x43e400@mhfdat-jp.bin,ゴルゴンFZフット・青,Gorgon F Feet・Blue
0x43e404@mhfdat-jp.bin,ゴルゴンHSフット・青,Gorgon FZ Feet・Blue
0x43e408@mhfdat-jp.bin,ゴルゴンGSフット・青,Gorgon HS Feet・Blue
0x43e40c@mhfdat-jp.bin,ゴルゴンGPフット・青,Gorgon GS Feet・Blue
0x43e410@mhfdat-jp.bin,ゴルゴンブーツ・青,Gorgon GP Feet・Blue
0x43e414@mhfdat-jp.bin,ゴルゴンＦブーツ・青,Gorgon Boots・Blue
0x43e418@mhfdat-jp.bin,ゴルゴンFZブーツ・青,Gorgon F Boots・Blue
0x43e41c@mhfdat-jp.bin,ゴルゴンHSブーツ・青,Gorgon FZ Boots・Blue
0x43e420@mhfdat-jp.bin,ゴルゴンGSブーツ・青,Gorgon HS Boots・Blue
0x43e424@mhfdat-jp.bin,ゴルゴンGPブーツ・青,Gorgon GS Boots・Blue
0x43e428@mhfdat-jp.bin,英雄王の脚甲：剣白,Gorgon GP Boots・Blue
0x43e42c@mhfdat-jp.bin,英雄王の脚甲：剣Ｆ白,Hero King Legs BM White
0x43e430@mhfdat-jp.bin,英雄王の脚甲：剣FZ白,Hero King Legs BM F White
0x43e434@mhfdat-jp.bin,英雄王の脚甲：剣HS白,Hero King Legs BM FZ White
0x43e438@mhfdat-jp.bin,英雄王の脚甲：剣GS白,Hero King Legs BM HS White
0x43e43c@mhfdat-jp.bin,英雄王の脚甲：剣GP白,Hero King Legs BM GS White
0x43e440@mhfdat-jp.bin,英雄王の脚甲：銃白,Hero King Legs BM GP White
0x43e444@mhfdat-jp.bin,英雄王の脚甲：銃Ｆ白,Hero King Legs GN White
0x43e448@mhfdat-jp.bin,英雄王の脚甲：銃FZ白,Hero King Legs GN F White
0x43e44c@mhfdat-jp.bin,英雄王の脚甲：銃HS白,Hero King Legs GN FZ White
0x43e450@mhfdat-jp.bin,英雄王の脚甲：銃GS白,Hero King Legs GN HS White
0x43e454@mhfdat-jp.bin,英雄王の脚甲：銃GP白,Hero King Legs GN GS White
0x43e458@mhfdat-jp.bin,ゴルゴンフット・白,Hero King Legs GN GP White
0x43e45c@mhfdat-jp.bin,ゴルゴンＦフット・白,Gorgon Feet・White
0x43e460@mhfdat-jp.bin,ゴルゴンFZフット・白,Gorgon F Feet・White
0x43e464@mhfdat-jp.bin,ゴルゴンHSフット・白,Gorgon FZ Feet・White
0x43e468@mhfdat-jp.bin,ゴルゴンGSフット・白,Gorgon HS Feet・White
0x43e46c@mhfdat-jp.bin,ゴルゴンGPフット・白,Gorgon GS Feet・White
0x43e470@mhfdat-jp.bin,ゴルゴンブーツ・白,Gorgon GP Feet・White
0x43e474@mhfdat-jp.bin,ゴルゴンＦブーツ・白,Gorgon Boots・White
0x43e478@mhfdat-jp.bin,ゴルゴンFZブーツ・白,Gorgon F Boots・White
0x43e47c@mhfdat-jp.bin,ゴルゴンHSブーツ・白,Gorgon FZ Boots・White
0x43e480@mhfdat-jp.bin,ゴルゴンGSブーツ・白,Gorgon HS Boots・White
0x43e484@mhfdat-jp.bin,ゴルゴンGPブーツ・白,Gorgon GS Boots・White
0x43e488@mhfdat-jp.bin,英雄王の脚甲：剣赤,Gorgon GP Boots・White
0x43e48c@mhfdat-jp.bin,英雄王の脚甲：剣Ｆ赤,Hero King Legs BM Red
0x43e490@mhfdat-jp.bin,英雄王の脚甲：剣FZ赤,Hero King Legs BM F Red
0x43e494@mhfdat-jp.bin,英雄王の脚甲：剣HS赤,Hero King Legs BM FZ Red
0x43e498@mhfdat-jp.bin,英雄王の脚甲：剣GS赤,Hero King Legs BM HS Red
0x43e49c@mhfdat-jp.bin,英雄王の脚甲：剣GP赤,Hero King Legs BM GS Red
0x43e4a0@mhfdat-jp.bin,英雄王の脚甲：銃赤,Hero King Legs BM GP Red
0x43e4a4@mhfdat-jp.bin,英雄王の脚甲：銃Ｆ赤,Hero King Legs GN Red
0x43e4a8@mhfdat-jp.bin,英雄王の脚甲：銃FZ赤,Hero King Legs GN F Red
0x43e4ac@mhfdat-jp.bin,英雄王の脚甲：銃HS赤,Hero King Legs GN FZ Red
0x43e4b0@mhfdat-jp.bin,英雄王の脚甲：銃GS赤,Hero King Legs GN HS Red
0x43e4b4@mhfdat-jp.bin,英雄王の脚甲：銃GP赤,Hero King Legs GN GS Red
0x43e4b8@mhfdat-jp.bin,ゴルゴンフット・赤,Hero King Legs GN GP Red
0x43e4bc@mhfdat-jp.bin,ゴルゴンＦフット・赤,Gorgon Feet・Red
0x43e4c0@mhfdat-jp.bin,ゴルゴンFZフット・赤,Gorgon F Feet・Red
0x43e4c4@mhfdat-jp.bin,ゴルゴンHSフット・赤,Gorgon FZ Feet・Red
0x43e4c8@mhfdat-jp.bin,ゴルゴンGSフット・赤,Gorgon HS Feet・Red
0x43e4cc@mhfdat-jp.bin,ゴルゴンGPフット・赤,Gorgon GS Feet・Red
0x43e4d0@mhfdat-jp.bin,ゴルゴンブーツ・赤,Gorgon GP Feet・Red
0x43e4d4@mhfdat-jp.bin,ゴルゴンＦブーツ・赤,Gorgon Boots・Red
0x43e4d8@mhfdat-jp.bin,ゴルゴンFZブーツ・赤,Gorgon F Boots・Red
0x43e4dc@mhfdat-jp.bin,ゴルゴンHSブーツ・赤,Gorgon FZ Boots・Red
0x43e4e0@mhfdat-jp.bin,ゴルゴンGSブーツ・赤,Gorgon HS Boots・Red
0x43e4e4@mhfdat-jp.bin,ゴルゴンGPブーツ・赤,Gorgon GS Boots・Red
0x43e4e8@mhfdat-jp.bin,クリュスHSレッグ,Gorgon GP Boots・Red
0x43e4ec@mhfdat-jp.bin,クリュスGSレッグ,Kruss HS Leg
0x43e4f0@mhfdat-jp.bin,クリュスGPレッグ,Kruss GS Leg
0x43e4f4@mhfdat-jp.bin,クォートHSブーツ,Kruss GP Leg
0x43e4f8@mhfdat-jp.bin,クォートGSブーツ,Quote HS Boots
0x43e4fc@mhfdat-jp.bin,クォートGPブーツ,Quote GS Boots
0x43e500@mhfdat-jp.bin,スタリナHSレッグ,Quote GP Boots
0x43e504@mhfdat-jp.bin,スタリナGSレッグ,Starina HS Leg
0x43e508@mhfdat-jp.bin,スタリナGPレッグ,Starina GS Leg
0x43e50c@mhfdat-jp.bin,スタリナHSブーツ,Starina GP Leg
0x43e510@mhfdat-jp.bin,スタリナGSブーツ,Starina HS Boots
0x43e514@mhfdat-jp.bin,スタリナGPブーツ,Starina GS Boots
0x43e518@mhfdat-jp.bin,ルースHSレッグ,Starina GP Boots
0x43e51c@mhfdat-jp.bin,ルースGSレッグ,Loose HS Leg
0x43e520@mhfdat-jp.bin,ルースGPレッグ,Loose GS Leg
0x43e524@mhfdat-jp.bin,ルースHSブーツ,Loose GP Leg
0x43e528@mhfdat-jp.bin,ルースGSブーツ,Loose HS Boots
0x43e52c@mhfdat-jp.bin,ルースGPブーツ,Loose GS Boots
0x43e530@mhfdat-jp.bin,ミラドHSレッグ,Loose GP Boots
0x43e534@mhfdat-jp.bin,ミラドGSレッグ,Mirado HS Leg
0x43e538@mhfdat-jp.bin,ミラドGPレッグ,Mirado GS Leg
0x43e53c@mhfdat-jp.bin,ミラドHSブーツ,Mirado GP Leg
0x43e540@mhfdat-jp.bin,ミラドGSブーツ,Mirado HS Boots
0x43e544@mhfdat-jp.bin,ミラドGPブーツ,Mirado GS Boots
0x43e548@mhfdat-jp.bin,ピラータHSグリーヴ,Mirado GP Boots
0x43e54c@mhfdat-jp.bin,ピラータGSグリーヴ,Pirata HS Greaves
0x43e550@mhfdat-jp.bin,ピラータGPグリーヴ,Pirata GS Greaves
0x43e554@mhfdat-jp.bin,ピラータHSレギンス,Pirata GP Greaves
0x43e558@mhfdat-jp.bin,ピラータGSレギンス,Pirata HS Leggings
0x43e55c@mhfdat-jp.bin,ピラータGPレギンス,Pirata GS Leggings
0x43e560@mhfdat-jp.bin,ゼロイHSグリーヴ,Pirata GP Leggings
0x43e564@mhfdat-jp.bin,ゼロイGSグリーヴ,Zeroi HS Greaves
0x43e568@mhfdat-jp.bin,ゼロイGPグリーヴ,Zeroi GS Greaves
0x43e56c@mhfdat-jp.bin,ゼロイHSレギンス,Zeroi GP Greaves
0x43e570@mhfdat-jp.bin,ゼロイGSレギンス,Zeroi HS Leggings
0x43e574@mhfdat-jp.bin,ゼロイGPレギンス,Zeroi GS Leggings
0x43e578@mhfdat-jp.bin,デュールHSグリーヴ,Zeroi GP Leggings
0x43e57c@mhfdat-jp.bin,デュールGSグリーヴ,Deyuru HS Greaves
0x43e580@mhfdat-jp.bin,デュールGPグリーヴ,Deyuru GS Greaves
0x43e584@mhfdat-jp.bin,デュールHSレギンス,Deyuru GP Greaves
0x43e588@mhfdat-jp.bin,デュールGSレギンス,Deyuru HS Leggings
0x43e58c@mhfdat-jp.bin,デュールGPレギンス,Deyuru GS Leggings
0x43e590@mhfdat-jp.bin,ロバストHSペイル,Deyuru GP Leggings
0x43e594@mhfdat-jp.bin,ロバストGSペイル,Robust HSペイル
0x43e598@mhfdat-jp.bin,ロバストGPペイル,Robust GSペイル
0x43e59c@mhfdat-jp.bin,ロバストHSレグス,Robust GPペイル
0x43e5a0@mhfdat-jp.bin,ロバストGSレグス,Robust HS Legs
0x43e5a4@mhfdat-jp.bin,ロバストGPレグス,Robust GS Legs
0x43e5a8@mhfdat-jp.bin,花火GS【具足】,Robust GP Legs
0x43e5ac@mhfdat-jp.bin,花火GP【具足】,花火GS [Greaves 】
0x43e5b0@mhfdat-jp.bin,流星GS【具足】,花火GP [Greaves 】
0x43e5b4@mhfdat-jp.bin,流星GP【具足】,流星GS [Greaves 】
0x43e5b8@mhfdat-jp.bin,バーニーFZフット・黒,流星GP [Greaves 】
0x43e5bc@mhfdat-jp.bin,バーニーHSフット・黒,Bunny FZ Feet・Black
0x43e5c0@mhfdat-jp.bin,バーニーGSフット・黒,Bunny HS Feet・Black
0x43e5c4@mhfdat-jp.bin,バーニーGPフット・黒,Bunny GS Feet・Black
0x43e5c8@mhfdat-jp.bin,バーニーFZフット・白,Bunny GP Feet・Black
0x43e5cc@mhfdat-jp.bin,バーニーHSフット・白,Bunny FZ Feet・White
0x43e5d0@mhfdat-jp.bin,バーニーGSフット・白,Bunny HS Feet・White
0x43e5d4@mhfdat-jp.bin,バーニーGPフット・白,Bunny GS Feet・White
0x43e5d8@mhfdat-jp.bin,バーニーFZフット・赤,Bunny GP Feet・White
0x43e5dc@mhfdat-jp.bin,バーニーHSフット・赤,Bunny FZ Feet・Red
0x43e5e0@mhfdat-jp.bin,バーニーGSフット・赤,Bunny HS Feet・Red
0x43e5e4@mhfdat-jp.bin,バーニーGPフット・赤,Bunny GS Feet・Red
0x43e5e8@mhfdat-jp.bin,バーニーFZフット・紫,Bunny GP Feet・Red
0x43e5ec@mhfdat-jp.bin,バーニーHSフット・紫,Bunny FZ Feet・Purple
0x43e5f0@mhfdat-jp.bin,バーニーGSフット・紫,Bunny HS Feet・Purple
0x43e5f4@mhfdat-jp.bin,バーニーGPフット・紫,Bunny GS Feet・Purple
0x43e5f8@mhfdat-jp.bin,バーニーFZブーツ・黒,Bunny GP Feet・Purple
0x43e5fc@mhfdat-jp.bin,バーニーHSブーツ・黒,Bunny FZ Boots・Black
0x43e600@mhfdat-jp.bin,バーニーGSブーツ・黒,Bunny HS Boots・Black
0x43e604@mhfdat-jp.bin,バーニーGPブーツ・黒,Bunny GS Boots・Black
0x43e608@mhfdat-jp.bin,バーニーFZブーツ・白,Bunny GP Boots・Black
0x43e60c@mhfdat-jp.bin,バーニーHSブーツ・白,Bunny FZ Boots・White
0x43e610@mhfdat-jp.bin,バーニーGSブーツ・白,Bunny HS Boots・White
0x43e614@mhfdat-jp.bin,バーニーGPブーツ・白,Bunny GS Boots・White
0x43e618@mhfdat-jp.bin,バーニーFZブーツ・赤,Bunny GP Boots・White
0x43e61c@mhfdat-jp.bin,バーニーHSブーツ・赤,Bunny FZ Boots・Red
0x43e620@mhfdat-jp.bin,バーニーGSブーツ・赤,Bunny HS Boots・Red
0x43e624@mhfdat-jp.bin,バーニーGPブーツ・赤,Bunny GS Boots・Red
0x43e628@mhfdat-jp.bin,バーニーFZブーツ・紫,Bunny GP Boots・Red
0x43e62c@mhfdat-jp.bin,バーニーHSブーツ・紫,Bunny FZ Boots・Purple
0x43e630@mhfdat-jp.bin,バーニーGSブーツ・紫,Bunny HS Boots・Purple
0x43e634@mhfdat-jp.bin,バーニーGPブーツ・紫,Bunny GS Boots・Purple
0x43e638@mhfdat-jp.bin,ミクGPフット,Bunny GP Boots・Purple
0x43e63c@mhfdat-jp.bin,ミクGPブーツ,Miku GP Feet
0x43e640@mhfdat-jp.bin,赤原礼装・脚：剣GP赤,Miku GP Boots
0x43e644@mhfdat-jp.bin,赤原礼装・脚：弓GP赤,Akahara Reisou BM Legs GP Red
0x43e648@mhfdat-jp.bin,赤原礼装・脚：剣GP青,Akahara Reisou GN Legs GP Red
0x43e64c@mhfdat-jp.bin,赤原礼装・脚：弓GP青,Akahara Reisou BM Legs GP Blue
0x43e650@mhfdat-jp.bin,赤原礼装・脚：剣GP黒,Akahara Reisou GN Legs GP Blue
0x43e654@mhfdat-jp.bin,赤原礼装・脚：弓GP黒,Akahara Reisou BM Legs GP Black
0x43e658@mhfdat-jp.bin,赤原礼装・脚：剣GP白,Akahara Reisou GN Legs GP Black
0x43e65c@mhfdat-jp.bin,赤原礼装・脚：弓GP白,Akahara Reisou BM Legs GP White
0x43e660@mhfdat-jp.bin,騎士王の脚甲：剣GP青,Akahara Reisou GN Legs GP White
0x43e664@mhfdat-jp.bin,騎士王の脚甲：弓GP青,Knight King Legs BM GP Blue
0x43e668@mhfdat-jp.bin,騎士王の脚甲：剣GP赤,Knight King Legs GN GP Blue
0x43e66c@mhfdat-jp.bin,騎士王の脚甲：弓GP赤,Knight King Legs BM GP Red
0x43e670@mhfdat-jp.bin,騎士王の脚甲：剣GP黒,Knight King Legs GN GP Red
0x43e674@mhfdat-jp.bin,騎士王の脚甲：弓GP黒,Knight King Legs BM GP Black
0x43e678@mhfdat-jp.bin,騎士王の脚甲：剣GP白,Knight King Legs GN GP Black
0x43e67c@mhfdat-jp.bin,騎士王の脚甲：弓GP白,Knight King Legs BM GP White
0x43e680@mhfdat-jp.bin,蒼竜ノ具足GP【脛当】,Knight King Legs GN GP White
0x43e684@mhfdat-jp.bin,蒼竜ノ羽織GP【脛当】,Green 竜ノ Greaves GP [Legs 】
0x43e688@mhfdat-jp.bin,赤備ノ具足GP【脛当】, Green 竜ノ Haori GP [Legs 】
0x43e68c@mhfdat-jp.bin,赤備ノ羽織GP【脛当】, Red 備ノ Greaves GP [Legs 】
0x43e690@mhfdat-jp.bin,レアルGPフット・白, Red 備ノ Haori GP [Legs 】
0x43e694@mhfdat-jp.bin,レアルGPフット・金,Real GP Feet・White
0x43e698@mhfdat-jp.bin,レアルGPフット・青,Real GP Feet・Gold
0x43e69c@mhfdat-jp.bin,レアルGPフット・赤,Real GP Feet・Blue
0x43e6a0@mhfdat-jp.bin,レアルGPブーツ・白,Real GP Feet・Red
0x43e6a4@mhfdat-jp.bin,レアルGPブーツ・金,Real GP Boots・White
0x43e6a8@mhfdat-jp.bin,レアルGPブーツ・青,Real GP Boots・Gold
0x43e6ac@mhfdat-jp.bin,レアルGPブーツ・赤,Real GP Boots・Blue
0x43e6b0@mhfdat-jp.bin,リゲリアGPフット・白,Real GP Boots・Red
0x43e6b4@mhfdat-jp.bin,リゲリアGPフット・赤,Regelia GP Feet・White
0x43e6b8@mhfdat-jp.bin,リゲリアGPフット・緑,Regelia GP Feet・Red
0x43e6bc@mhfdat-jp.bin,リゲリアGPフット・青,Regelia GP Feet・Green
0x43e6c0@mhfdat-jp.bin,リゲリアGPブーツ・白,Regelia GP Feet・Blue
0x43e6c4@mhfdat-jp.bin,リゲリアGPブーツ・赤,Regelia GP Boots・White
0x43e6c8@mhfdat-jp.bin,リゲリアGPブーツ・緑,Regelia GP Boots・Red
0x43e6cc@mhfdat-jp.bin,リゲリアGPブーツ・青,Regelia GP Boots・Green
0x43e6d0@mhfdat-jp.bin,エディオGPフット・青,Regelia GP Boots・Blue
0x43e6d4@mhfdat-jp.bin,エディオGPフット・赤,Edio GP Feet・Blue
0x43e6d8@mhfdat-jp.bin,エディオGPフット・黄,Edio GP Feet・Red
0x43e6dc@mhfdat-jp.bin,エディオGPフット・黒,Edio GP Feet・Yellow
0x43e6e0@mhfdat-jp.bin,エディオGPブーツ・青,Edio GP Feet・Black
0x43e6e4@mhfdat-jp.bin,エディオGPブーツ・赤,Edio GP Boots・Blue
0x43e6e8@mhfdat-jp.bin,エディオGPブーツ・黄,Edio GP Boots・Red
0x43e6ec@mhfdat-jp.bin,エディオGPブーツ・黒,Edio GP Boots・Yellow
0x43e6f0@mhfdat-jp.bin,レイストGSフット・黒,Edio GP Boots・Black
0x43e6f4@mhfdat-jp.bin,レイストGPフット・黒,Rast GS Feet・Black
0x43e6f8@mhfdat-jp.bin,レイストGSブーツ・黒,Rast GP Feet・Black
0x43e6fc@mhfdat-jp.bin,レイストGPブーツ・黒,Rast GS Boots・Black
0x43e700@mhfdat-jp.bin,レイストGSフット・青,Rast GP Boots・Black
0x43e704@mhfdat-jp.bin,レイストGPフット・青,Rast GS Feet・Blue
0x43e708@mhfdat-jp.bin,レイストGSブーツ・青,Rast GP Feet・Blue
0x43e70c@mhfdat-jp.bin,レイストGPブーツ・青,Rast GS Boots・Blue
0x43e710@mhfdat-jp.bin,レイストGSフット・紅,Rast GP Boots・Blue
0x43e714@mhfdat-jp.bin,レイストGPフット・紅,Rast GS Feet・Crimson
0x43e718@mhfdat-jp.bin,レイストGSブーツ・紅,Rast GP Feet・Crimson
0x43e71c@mhfdat-jp.bin,レイストGPブーツ・紅,Rast GS Boots・Crimson
0x43e720@mhfdat-jp.bin,レイストGSフット・白,Rast GP Boots・Crimson
0x43e724@mhfdat-jp.bin,レイストGPフット・白,Rast GS Feet・White
0x43e728@mhfdat-jp.bin,レイストGSブーツ・白,Rast GP Feet・White
0x43e72c@mhfdat-jp.bin,レイストGPブーツ・白,Rast GS Boots・White
0x43e730@mhfdat-jp.bin,シエルFZディバイダー,Rast GP Boots・White
0x43e734@mhfdat-jp.bin,シエルHSディバイダー,Ciel FZ Divider
0x43e738@mhfdat-jp.bin,シエルGSディバイダー,Ciel HS Divider
0x43e73c@mhfdat-jp.bin,シエルGPディバイダー,Ciel GS Divider
0x43e740@mhfdat-jp.bin,オメットHSフット・黒,Ciel GP Divider
0x43e744@mhfdat-jp.bin,オメットGSフット・黒,Omet HS Feet・Black
0x43e748@mhfdat-jp.bin,オメットGPフット・黒,Omet GS Feet・Black
0x43e74c@mhfdat-jp.bin,オメットHSブーツ・黒,Omet GP Feet・Black
0x43e750@mhfdat-jp.bin,オメットGSブーツ・黒,Omet HS Boots・Black
0x43e754@mhfdat-jp.bin,オメットGPブーツ・黒,Omet GS Boots・Black
0x43e758@mhfdat-jp.bin,オメットHSフット・赤,Omet GP Boots・Black
0x43e75c@mhfdat-jp.bin,オメットGSフット・赤,Omet HS Feet・Red
0x43e760@mhfdat-jp.bin,オメットGPフット・赤,Omet GS Feet・Red
0x43e764@mhfdat-jp.bin,オメットHSブーツ・赤,Omet GP Feet・Red
0x43e768@mhfdat-jp.bin,オメットGSブーツ・赤,Omet HS Boots・Red
0x43e76c@mhfdat-jp.bin,オメットGPブーツ・赤,Omet GS Boots・Red
0x43e770@mhfdat-jp.bin,オメットHSフット・白,Omet GP Boots・Red
0x43e774@mhfdat-jp.bin,オメットGSフット・白,Omet HS Feet・White
0x43e778@mhfdat-jp.bin,オメットGPフット・白,Omet GS Feet・White
0x43e77c@mhfdat-jp.bin,オメットHSブーツ・白,Omet GP Feet・White
0x43e780@mhfdat-jp.bin,オメットGSブーツ・白,Omet HS Boots・White
0x43e784@mhfdat-jp.bin,オメットGPブーツ・白,Omet GS Boots・White
0x43e788@mhfdat-jp.bin,オメットHSフット・青,Omet GP Boots・White
0x43e78c@mhfdat-jp.bin,オメットGSフット・青,Omet HS Feet・Blue
0x43e790@mhfdat-jp.bin,オメットGPフット・青,Omet GS Feet・Blue
0x43e794@mhfdat-jp.bin,オメットHSブーツ・青,Omet GP Feet・Blue
0x43e798@mhfdat-jp.bin,オメットGSブーツ・青,Omet HS Boots・Blue
0x43e79c@mhfdat-jp.bin,オメットGPブーツ・青,Omet GS Boots・Blue
0x43e7a0@mhfdat-jp.bin,ゴルトFZフット・赤,Omet GP Boots・Blue
0x43e7a4@mhfdat-jp.bin,ゴルトHSフット・赤,Gold FZ Feet・Red
0x43e7a8@mhfdat-jp.bin,ゴルトGSフット・赤,Gold HS Feet・Red
0x43e7ac@mhfdat-jp.bin,ゴルトGPフット・赤,Gold GS Feet・Red
0x43e7b0@mhfdat-jp.bin,ゴルトFZフット・青,Gold GP Feet・Red
0x43e7b4@mhfdat-jp.bin,ゴルトHSフット・青,Gold FZ Feet・Blue
0x43e7b8@mhfdat-jp.bin,ゴルトGSフット・青,Gold HS Feet・Blue
0x43e7bc@mhfdat-jp.bin,ゴルトGPフット・青,Gold GS Feet・Blue
0x43e7c0@mhfdat-jp.bin,ゴルトFZフット・黄,Gold GP Feet・Blue
0x43e7c4@mhfdat-jp.bin,ゴルトHSフット・黄,Gold FZ Feet・Yellow
0x43e7c8@mhfdat-jp.bin,ゴルトGSフット・黄,Gold HS Feet・Yellow
0x43e7cc@mhfdat-jp.bin,ゴルトGPフット・黄,Gold GS Feet・Yellow
0x43e7d0@mhfdat-jp.bin,ゴルトFZフット・紫,Gold GP Feet・Yellow
0x43e7d4@mhfdat-jp.bin,ゴルトHSフット・紫,Gold FZ Feet・Purple
0x43e7d8@mhfdat-jp.bin,ゴルトGSフット・紫,Gold HS Feet・Purple
0x43e7dc@mhfdat-jp.bin,ゴルトGPフット・紫,Gold GS Feet・Purple
0x43e7e0@mhfdat-jp.bin,ゴルトFZブーツ・赤,Gold GP Feet・Purple
0x43e7e4@mhfdat-jp.bin,ゴルトHSブーツ・赤,Gold FZ Boots・Red
0x43e7e8@mhfdat-jp.bin,ゴルトGSブーツ・赤,Gold HS Boots・Red
0x43e7ec@mhfdat-jp.bin,ゴルトGPブーツ・赤,Gold GS Boots・Red
0x43e7f0@mhfdat-jp.bin,ゴルトFZブーツ・青,Gold GP Boots・Red
0x43e7f4@mhfdat-jp.bin,ゴルトHSブーツ・青,Gold FZ Boots・Blue
0x43e7f8@mhfdat-jp.bin,ゴルトGSブーツ・青,Gold HS Boots・Blue
0x43e7fc@mhfdat-jp.bin,ゴルトGPブーツ・青,Gold GS Boots・Blue
0x43e800@mhfdat-jp.bin,ゴルトFZブーツ・黄,Gold GP Boots・Blue
0x43e804@mhfdat-jp.bin,ゴルトHSブーツ・黄,Gold FZ Boots・Yellow
0x43e808@mhfdat-jp.bin,ゴルトGSブーツ・黄,Gold HS Boots・Yellow
0x43e80c@mhfdat-jp.bin,ゴルトGPブーツ・黄,Gold GS Boots・Yellow
0x43e810@mhfdat-jp.bin,ゴルトFZブーツ・紫,Gold GP Boots・Yellow
0x43e814@mhfdat-jp.bin,ゴルトHSブーツ・紫,Gold FZ Boots・Purple
0x43e818@mhfdat-jp.bin,ゴルトGSブーツ・紫,Gold HS Boots・Purple
0x43e81c@mhfdat-jp.bin,ゴルトGPブーツ・紫,Gold GS Boots・Purple
0x43e820@mhfdat-jp.bin,シャランHSフット・青,Gold GP Boots・Purple
0x43e824@mhfdat-jp.bin,シャランGSフット・青,Shaln HS Feet・Blue
0x43e828@mhfdat-jp.bin,シャランGPフット・青,Shaln GS Feet・Blue
0x43e82c@mhfdat-jp.bin,シャランHSフット・緑,Shaln GP Feet・Blue
0x43e830@mhfdat-jp.bin,シャランGSフット・緑,Shaln HS Feet・Green
0x43e834@mhfdat-jp.bin,シャランGPフット・緑,Shaln GS Feet・Green
0x43e838@mhfdat-jp.bin,シャランHSフット・紫,Shaln GP Feet・Green
0x43e83c@mhfdat-jp.bin,シャランGSフット・紫,Shaln HS Feet・Purple
0x43e840@mhfdat-jp.bin,シャランGPフット・紫,Shaln GS Feet・Purple
0x43e844@mhfdat-jp.bin,シャランHSフット・白,Shaln GP Feet・Purple
0x43e848@mhfdat-jp.bin,シャランGSフット・白,Shaln HS Feet・White
0x43e84c@mhfdat-jp.bin,シャランGPフット・白,Shaln GS Feet・White
0x43e850@mhfdat-jp.bin,シャランHSブーツ・青,Shaln GP Feet・White
0x43e854@mhfdat-jp.bin,シャランGSブーツ・青,Shaln HS Boots・Blue
0x43e858@mhfdat-jp.bin,シャランGPブーツ・青,Shaln GS Boots・Blue
0x43e85c@mhfdat-jp.bin,シャランHSブーツ・緑,Shaln GP Boots・Blue
0x43e860@mhfdat-jp.bin,シャランGSブーツ・緑,Shaln HS Boots・Green
0x43e864@mhfdat-jp.bin,シャランGPブーツ・緑,Shaln GS Boots・Green
0x43e868@mhfdat-jp.bin,シャランHSブーツ・紫,Shaln GP Boots・Green
0x43e86c@mhfdat-jp.bin,シャランGSブーツ・紫,Shaln HS Boots・Purple
0x43e870@mhfdat-jp.bin,シャランGPブーツ・紫,Shaln GS Boots・Purple
0x43e874@mhfdat-jp.bin,シャランHSブーツ・白,Shaln GP Boots・Purple
0x43e878@mhfdat-jp.bin,シャランGSブーツ・白,Shaln HS Boots・White
0x43e87c@mhfdat-jp.bin,シャランGPブーツ・白,Shaln GS Boots・White
0x43e880@mhfdat-jp.bin,アリストFZフット・青,Shaln GP Boots・White
0x43e884@mhfdat-jp.bin,アリストHSフット・青,Aristo FZ Feet・Blue
0x43e888@mhfdat-jp.bin,アリストGSフット・青,Aristo HS Feet・Blue
0x43e88c@mhfdat-jp.bin,アリストGPフット・青,Aristo GS Feet・Blue
0x43e890@mhfdat-jp.bin,アリストFZフット・白,Aristo GP Feet・Blue
0x43e894@mhfdat-jp.bin,アリストHSフット・白,Aristo FZ Feet・White
0x43e898@mhfdat-jp.bin,アリストGSフット・白,Aristo HS Feet・White
0x43e89c@mhfdat-jp.bin,アリストGPフット・白,Aristo GS Feet・White
0x43e8a0@mhfdat-jp.bin,アリストFZフット・紫,Aristo GP Feet・White
0x43e8a4@mhfdat-jp.bin,アリストHSフット・紫,Aristo FZ Feet・Purple
0x43e8a8@mhfdat-jp.bin,アリストGSフット・紫,Aristo HS Feet・Purple
0x43e8ac@mhfdat-jp.bin,アリストGPフット・紫,Aristo GS Feet・Purple
0x43e8b0@mhfdat-jp.bin,アリストFZフット・赤,Aristo GP Feet・Purple
0x43e8b4@mhfdat-jp.bin,アリストHSフット・赤,Aristo FZ Feet・Red
0x43e8b8@mhfdat-jp.bin,アリストGSフット・赤,Aristo HS Feet・Red
0x43e8bc@mhfdat-jp.bin,アリストGPフット・赤,Aristo GS Feet・Red
0x43e8c0@mhfdat-jp.bin,アリストFZブーツ・青,Aristo GP Feet・Red
0x43e8c4@mhfdat-jp.bin,アリストHSブーツ・青,Aristo FZ Boots・Blue
0x43e8c8@mhfdat-jp.bin,アリストGSブーツ・青,Aristo HS Boots・Blue
0x43e8cc@mhfdat-jp.bin,アリストGPブーツ・青,Aristo GS Boots・Blue
0x43e8d0@mhfdat-jp.bin,アリストFZブーツ・白,Aristo GP Boots・Blue
0x43e8d4@mhfdat-jp.bin,アリストHSブーツ・白,Aristo FZ Boots・White
0x43e8d8@mhfdat-jp.bin,アリストGSブーツ・白,Aristo HS Boots・White
0x43e8dc@mhfdat-jp.bin,アリストGPブーツ・白,Aristo GS Boots・White
0x43e8e0@mhfdat-jp.bin,アリストFZブーツ・紫,Aristo GP Boots・White
0x43e8e4@mhfdat-jp.bin,アリストHSブーツ・紫,Aristo FZ Boots・Purple
0x43e8e8@mhfdat-jp.bin,アリストGSブーツ・紫,Aristo HS Boots・Purple
0x43e8ec@mhfdat-jp.bin,アリストGPブーツ・紫,Aristo GS Boots・Purple
0x43e8f0@mhfdat-jp.bin,アリストFZブーツ・赤,Aristo GP Boots・Purple
0x43e8f4@mhfdat-jp.bin,アリストHSブーツ・赤,Aristo FZ Boots・Red
0x43e8f8@mhfdat-jp.bin,アリストGSブーツ・赤,Aristo HS Boots・Red
0x43e8fc@mhfdat-jp.bin,アリストGPブーツ・赤,Aristo GS Boots・Red
0x43e900@mhfdat-jp.bin,マギサFZフット・赤,Aristo GP Boots・Red
0x43e904@mhfdat-jp.bin,マギサHSフット・赤,Magisa FZ Feet・Red
0x43e908@mhfdat-jp.bin,マギサGSフット・赤,Magisa HS Feet・Red
0x43e90c@mhfdat-jp.bin,マギサGPフット・赤,Magisa GS Feet・Red
0x43e910@mhfdat-jp.bin,マギサFZフット・黒,Magisa GP Feet・Red
0x43e914@mhfdat-jp.bin,マギサHSフット・黒,Magisa FZ Feet・Black
0x43e918@mhfdat-jp.bin,マギサGSフット・黒,Magisa HS Feet・Black
0x43e91c@mhfdat-jp.bin,マギサGPフット・黒,Magisa GS Feet・Black
0x43e920@mhfdat-jp.bin,マギサFZフット・緑,Magisa GP Feet・Black
0x43e924@mhfdat-jp.bin,マギサHSフット・緑,Magisa FZ Feet・Green
0x43e928@mhfdat-jp.bin,マギサGSフット・緑,Magisa HS Feet・Green
0x43e92c@mhfdat-jp.bin,マギサGPフット・緑,Magisa GS Feet・Green
0x43e930@mhfdat-jp.bin,マギサFZフット・白,Magisa GP Feet・Green
0x43e934@mhfdat-jp.bin,マギサHSフット・白,Magisa FZ Feet・White
0x43e938@mhfdat-jp.bin,マギサGSフット・白,Magisa HS Feet・White
0x43e93c@mhfdat-jp.bin,マギサGPフット・白,Magisa GS Feet・White
0x43e940@mhfdat-jp.bin,ウィザーFZブーツ・赤,Magisa GP Feet・White
0x43e944@mhfdat-jp.bin,ウィザーHSブーツ・赤,Wizard FZ Boots・Red
0x43e948@mhfdat-jp.bin,ウィザーGSブーツ・赤,Wizard HS Boots・Red
0x43e94c@mhfdat-jp.bin,ウィザーGPブーツ・赤,Wizard GS Boots・Red
0x43e950@mhfdat-jp.bin,ウィザーFZブーツ・黒,Wizard GP Boots・Red
0x43e954@mhfdat-jp.bin,ウィザーHSブーツ・黒,Wizard FZ Boots・Black
0x43e958@mhfdat-jp.bin,ウィザーGSブーツ・黒,Wizard HS Boots・Black
0x43e95c@mhfdat-jp.bin,ウィザーGPブーツ・黒,Wizard GS Boots・Black
0x43e960@mhfdat-jp.bin,ウィザーFZブーツ・緑,Wizard GP Boots・Black
0x43e964@mhfdat-jp.bin,ウィザーHSブーツ・緑,Wizard FZ Boots・Green
0x43e968@mhfdat-jp.bin,ウィザーGSブーツ・緑,Wizard HS Boots・Green
0x43e96c@mhfdat-jp.bin,ウィザーGPブーツ・緑,Wizard GS Boots・Green
0x43e970@mhfdat-jp.bin,ウィザーFZブーツ・白,Wizard GP Boots・Green
0x43e974@mhfdat-jp.bin,ウィザーHSブーツ・白,Wizard FZ Boots・White
0x43e978@mhfdat-jp.bin,ウィザーGSブーツ・白,Wizard HS Boots・White
0x43e97c@mhfdat-jp.bin,ウィザーGPブーツ・白,Wizard GS Boots・White
0x43e980@mhfdat-jp.bin,抜胴GS【具足】,Wizard GP Boots・White
0x43e984@mhfdat-jp.bin,抜胴GP【具足】,抜胴GS [Greaves 】
0x43e988@mhfdat-jp.bin,長根GS【具足】,抜胴GP [Greaves 】
0x43e98c@mhfdat-jp.bin,長根GP【具足】,長根GS [Greaves 】
0x43e990@mhfdat-jp.bin,メラギグリーヴ,長根GP [Greaves 】
0x43e994@mhfdat-jp.bin,メラギＦグリーヴ,Meraginasu Greaves
0x43e998@mhfdat-jp.bin,メラギFXグリーヴ,Meraginasu F Greaves
0x43e99c@mhfdat-jp.bin,メラギＧグリーヴ,Meraginasu FX Greaves
0x43e9a0@mhfdat-jp.bin,メラギGFグリーヴ,Meraginasu G Greaves
0x43e9a4@mhfdat-jp.bin,メラギレギンス,Meraginasu GF Greaves
0x43e9a8@mhfdat-jp.bin,メラギＦレギンス,Meraginasu Leggings
0x43e9ac@mhfdat-jp.bin,メラギFXレギンス,Meraginasu F Leggings
0x43e9b0@mhfdat-jp.bin,メラギＧレギンス,Meraginasu FX Leggings
0x43e9b4@mhfdat-jp.bin,メラギGFレギンス,Meraginasu G Leggings
0x43e9b8@mhfdat-jp.bin,ストロマGFグリーヴ,Meraginasu GF Leggings
0x43e9bc@mhfdat-jp.bin,ストロマGFレギンス,Stroma GF Greaves
0x43e9c0@mhfdat-jp.bin,エミットGFグリーヴ,Stroma GF Leggings
0x43e9c4@mhfdat-jp.bin,エミットGFレギンス,エミットGF Greaves
0x43e9c8@mhfdat-jp.bin,ブリッツGFレガース,エミットGF Leggings
0x43e9cc@mhfdat-jp.bin,ブリッツGFブーツ,Blitz GFレガース
0x43e9d0@mhfdat-jp.bin,ワダツミGF【具足】,Blitz GF Boots
0x43e9d4@mhfdat-jp.bin,オカミGF【具足】,Wadatsumi GF [Greaves 】
0x43e9d8@mhfdat-jp.bin,ディボアGFグリーヴ,Okami GF [Greaves 】
0x43e9dc@mhfdat-jp.bin,ディボアGFレギンス,Diboa GF Greaves
0x43e9e0@mhfdat-jp.bin,若紅葉【足枷】,Diboa GF Leggings
0x43e9e4@mhfdat-jp.bin,若紅葉Ｆ【足枷】,若 Crimson 葉【足枷】
0x43e9e8@mhfdat-jp.bin,若紅葉FY【足枷】,若 Crimson 葉F【足枷】
0x43e9ec@mhfdat-jp.bin,若紅葉HS【足枷】,若 Crimson 葉FY【足枷】
0x43e9f0@mhfdat-jp.bin,若紅葉Ｇ【足枷】,若 Crimson 葉HS【足枷】
0x43e9f4@mhfdat-jp.bin,若紅葉GF【足枷】,若 Crimson 葉G【足枷】
0x43e9f8@mhfdat-jp.bin,若紅葉GX【足枷】,若 Crimson 葉GF【足枷】
0x43e9fc@mhfdat-jp.bin,翡戸隠【足枷】,若 Crimson 葉GX【足枷】
0x43ea00@mhfdat-jp.bin,翡戸隠Ｆ【足枷】,翡戸隠【足枷】
0x43ea04@mhfdat-jp.bin,翡戸隠FY【足枷】,翡戸隠F【足枷】
0x43ea08@mhfdat-jp.bin,翡戸隠HS【足枷】,翡戸隠FY【足枷】
0x43ea0c@mhfdat-jp.bin,翡戸隠Ｇ【足枷】,翡戸隠HS【足枷】
0x43ea10@mhfdat-jp.bin,翡戸隠GF【足枷】,翡戸隠G【足枷】
0x43ea14@mhfdat-jp.bin,翡戸隠GX【足枷】,翡戸隠GF【足枷】
0x43ea18@mhfdat-jp.bin,ブリゼグリーヴ,翡戸隠GX【足枷】
0x43ea1c@mhfdat-jp.bin,ブリゼＦグリーヴ,Blize Greaves
0x43ea20@mhfdat-jp.bin,ブリゼFYグリーヴ,Blize F Greaves
0x43ea24@mhfdat-jp.bin,ブリゼHSグリーヴ,Blize FY Greaves
0x43ea28@mhfdat-jp.bin,ブリゼＧグリーヴ,Blize HS Greaves
0x43ea2c@mhfdat-jp.bin,ブリゼGFグリーヴ,Blize G Greaves
0x43ea30@mhfdat-jp.bin,ブリゼGXグリーヴ,Blize GF Greaves
0x43ea34@mhfdat-jp.bin,ブリゼレギンス,Blize GX Greaves
0x43ea38@mhfdat-jp.bin,ブリゼＦレギンス,Blize Leggings
0x43ea3c@mhfdat-jp.bin,ブリゼFYレギンス,Blize F Leggings
0x43ea40@mhfdat-jp.bin,ブリゼHSレギンス,Blize FY Leggings
0x43ea44@mhfdat-jp.bin,ブリゼＧレギンス,Blize HS Leggings
0x43ea48@mhfdat-jp.bin,ブリゼGFレギンス,Blize G Leggings
0x43ea4c@mhfdat-jp.bin,ブリゼGXレギンス,Blize GF Leggings
0x43ea50@mhfdat-jp.bin,ミクセスFYグリーヴ,Blize GX Leggings
0x43ea54@mhfdat-jp.bin,ミクセスHSグリーヴ,Mixes FY Greaves
0x43ea58@mhfdat-jp.bin,ミクセスＧグリーヴ,Mixes HS Greaves
0x43ea5c@mhfdat-jp.bin,ミクセスGFグリーヴ,Mixes G Greaves
0x43ea60@mhfdat-jp.bin,ミクセスGXグリーヴ,Mixes GF Greaves
0x43ea64@mhfdat-jp.bin,ミクセスFYレギンス,Mixes GX Greaves
0x43ea68@mhfdat-jp.bin,ミクセスHSレギンス,Mixes FY Leggings
0x43ea6c@mhfdat-jp.bin,ミクセスＧレギンス,Mixes HS Leggings
0x43ea70@mhfdat-jp.bin,ミクセスGFレギンス,Mixes G Leggings
0x43ea74@mhfdat-jp.bin,ミクセスGXレギンス,Mixes GF Leggings
0x43ea78@mhfdat-jp.bin,ザイラフット・緑,Mixes GX Leggings
0x43ea7c@mhfdat-jp.bin,ザイラＦフット・緑,Zyra Feet・Green
0x43ea80@mhfdat-jp.bin,ザイラFZフット・緑,Zyra F Feet・Green
0x43ea84@mhfdat-jp.bin,ザイラHSフット・緑,Zyra FZ Feet・Green
0x43ea88@mhfdat-jp.bin,ザイラGSフット・緑,Zyra HS Feet・Green
0x43ea8c@mhfdat-jp.bin,ザイラGPフット・緑,Zyra GS Feet・Green
0x43ea90@mhfdat-jp.bin,ザイラブーツ・緑,Zyra GP Feet・Green
0x43ea94@mhfdat-jp.bin,ザイラＦブーツ・緑,Zyra Boots・Green
0x43ea98@mhfdat-jp.bin,ザイラFZブーツ・緑,Zyra F Boots・Green
0x43ea9c@mhfdat-jp.bin,ザイラHSブーツ・緑,Zyra FZ Boots・Green
0x43eaa0@mhfdat-jp.bin,ザイラGSブーツ・緑,Zyra HS Boots・Green
0x43eaa4@mhfdat-jp.bin,ザイラGPブーツ・緑,Zyra GS Boots・Green
0x43eaa8@mhfdat-jp.bin,ザイラフット・水,Zyra GP Boots・Green
0x43eaac@mhfdat-jp.bin,ザイラＦフット・水,Zyra Feet・Water
0x43eab0@mhfdat-jp.bin,ザイラFZフット・水,Zyra F Feet・Water
0x43eab4@mhfdat-jp.bin,ザイラHSフット・水,Zyra FZ Feet・Water
0x43eab8@mhfdat-jp.bin,ザイラGSフット・水,Zyra HS Feet・Water
0x43eabc@mhfdat-jp.bin,ザイラGPフット・水,Zyra GS Feet・Water
0x43eac0@mhfdat-jp.bin,ザイラブーツ・水,Zyra GP Feet・Water
0x43eac4@mhfdat-jp.bin,ザイラＦブーツ・水,Zyra Boots・Water
0x43eac8@mhfdat-jp.bin,ザイラFZブーツ・水,Zyra F Boots・Water
0x43eacc@mhfdat-jp.bin,ザイラHSブーツ・水,Zyra FZ Boots・Water
0x43ead0@mhfdat-jp.bin,ザイラGSブーツ・水,Zyra HS Boots・Water
0x43ead4@mhfdat-jp.bin,ザイラGPブーツ・水,Zyra GS Boots・Water
0x43ead8@mhfdat-jp.bin,ザイラフット・赤,Zyra GP Boots・Water
0x43eadc@mhfdat-jp.bin,ザイラＦフット・赤,Zyra Feet・Red
0x43eae0@mhfdat-jp.bin,ザイラFZフット・赤,Zyra F Feet・Red
0x43eae4@mhfdat-jp.bin,ザイラHSフット・赤,Zyra FZ Feet・Red
0x43eae8@mhfdat-jp.bin,ザイラGSフット・赤,Zyra HS Feet・Red
0x43eaec@mhfdat-jp.bin,ザイラGPフット・赤,Zyra GS Feet・Red
0x43eaf0@mhfdat-jp.bin,ザイラブーツ・赤,Zyra GP Feet・Red
0x43eaf4@mhfdat-jp.bin,ザイラＦブーツ・赤,Zyra Boots・Red
0x43eaf8@mhfdat-jp.bin,ザイラFZブーツ・赤,Zyra F Boots・Red
0x43eafc@mhfdat-jp.bin,ザイラHSブーツ・赤,Zyra FZ Boots・Red
0x43eb00@mhfdat-jp.bin,ザイラGSブーツ・赤,Zyra HS Boots・Red
0x43eb04@mhfdat-jp.bin,ザイラGPブーツ・赤,Zyra GS Boots・Red
0x43eb08@mhfdat-jp.bin,ザイラフット・碧,Zyra GP Boots・Red
0x43eb0c@mhfdat-jp.bin,ザイラＦフット・碧,Zyra Feet・Blue
0x43eb10@mhfdat-jp.bin,ザイラFZフット・碧,Zyra F Feet・Blue
0x43eb14@mhfdat-jp.bin,ザイラHSフット・碧,Zyra FZ Feet・Blue
0x43eb18@mhfdat-jp.bin,ザイラGSフット・碧,Zyra HS Feet・Blue
0x43eb1c@mhfdat-jp.bin,ザイラGPフット・碧,Zyra GS Feet・Blue
0x43eb20@mhfdat-jp.bin,ザイラブーツ・碧,Zyra GP Feet・Blue
0x43eb24@mhfdat-jp.bin,ザイラＦブーツ・碧,Zyra Boots・Blue
0x43eb28@mhfdat-jp.bin,ザイラFZブーツ・碧,Zyra F Boots・Blue
0x43eb2c@mhfdat-jp.bin,ザイラHSブーツ・碧,Zyra FZ Boots・Blue
0x43eb30@mhfdat-jp.bin,ザイラGSブーツ・碧,Zyra HS Boots・Blue
0x43eb34@mhfdat-jp.bin,ザイラGPブーツ・碧,Zyra GS Boots・Blue
0x43eb38@mhfdat-jp.bin,キャロルフット・黒,Zyra GP Boots・Blue
0x43eb3c@mhfdat-jp.bin,キャロルＦフット・黒,Carrol Feet・Black
0x43eb40@mhfdat-jp.bin,キャロルFZフット・黒,Carrol F Feet・Black
0x43eb44@mhfdat-jp.bin,キャロルHSフット・黒,Carrol FZ Feet・Black
0x43eb48@mhfdat-jp.bin,キャロルGSフット・黒,Carrol HS Feet・Black
0x43eb4c@mhfdat-jp.bin,キャロルGPフット・黒,Carrol GS Feet・Black
0x43eb50@mhfdat-jp.bin,キャロルブーツ・黒,Carrol GP Feet・Black
0x43eb54@mhfdat-jp.bin,キャロルＦブーツ・黒,Carrol Boots・Black
0x43eb58@mhfdat-jp.bin,キャロルFZブーツ・黒,Carrol F Boots・Black
0x43eb5c@mhfdat-jp.bin,キャロルHSブーツ・黒,Carrol FZ Boots・Black
0x43eb60@mhfdat-jp.bin,キャロルGSブーツ・黒,Carrol HS Boots・Black
0x43eb64@mhfdat-jp.bin,キャロルGPブーツ・黒,Carrol GS Boots・Black
0x43eb68@mhfdat-jp.bin,キャロルフット・青,Carrol GP Boots・Black
0x43eb6c@mhfdat-jp.bin,キャロルＦフット・青,Carrol Feet・Blue
0x43eb70@mhfdat-jp.bin,キャロルFZフット・青,Carrol F Feet・Blue
0x43eb74@mhfdat-jp.bin,キャロルHSフット・青,Carrol FZ Feet・Blue
0x43eb78@mhfdat-jp.bin,キャロルGSフット・青,Carrol HS Feet・Blue
0x43eb7c@mhfdat-jp.bin,キャロルGPフット・青,Carrol GS Feet・Blue
0x43eb80@mhfdat-jp.bin,キャロルブーツ・青,Carrol GP Feet・Blue
0x43eb84@mhfdat-jp.bin,キャロルＦブーツ・青,Carrol Boots・Blue
0x43eb88@mhfdat-jp.bin,キャロルFZブーツ・青,Carrol F Boots・Blue
0x43eb8c@mhfdat-jp.bin,キャロルHSブーツ・青,Carrol FZ Boots・Blue
0x43eb90@mhfdat-jp.bin,キャロルGSブーツ・青,Carrol HS Boots・Blue
0x43eb94@mhfdat-jp.bin,キャロルGPブーツ・青,Carrol GS Boots・Blue
0x43eb98@mhfdat-jp.bin,キャロルフット・白,Carrol GP Boots・Blue
0x43eb9c@mhfdat-jp.bin,キャロルＦフット・白,Carrol Feet・White
0x43eba0@mhfdat-jp.bin,キャロルFZフット・白,Carrol F Feet・White
0x43eba4@mhfdat-jp.bin,キャロルHSフット・白,Carrol FZ Feet・White
0x43eba8@mhfdat-jp.bin,キャロルGSフット・白,Carrol HS Feet・White
0x43ebac@mhfdat-jp.bin,キャロルGPフット・白,Carrol GS Feet・White
0x43ebb0@mhfdat-jp.bin,キャロルブーツ・白,Carrol GP Feet・White
0x43ebb4@mhfdat-jp.bin,キャロルＦブーツ・白,Carrol Boots・White
0x43ebb8@mhfdat-jp.bin,キャロルFZブーツ・白,Carrol F Boots・White
0x43ebbc@mhfdat-jp.bin,キャロルHSブーツ・白,Carrol FZ Boots・White
0x43ebc0@mhfdat-jp.bin,キャロルGSブーツ・白,Carrol HS Boots・White
0x43ebc4@mhfdat-jp.bin,キャロルGPブーツ・白,Carrol GS Boots・White
0x43ebc8@mhfdat-jp.bin,キャロルフット・赤,Carrol GP Boots・White
0x43ebcc@mhfdat-jp.bin,キャロルＦフット・赤,Carrol Feet・Red
0x43ebd0@mhfdat-jp.bin,キャロルFZフット・赤,Carrol F Feet・Red
0x43ebd4@mhfdat-jp.bin,キャロルHSフット・赤,Carrol FZ Feet・Red
0x43ebd8@mhfdat-jp.bin,キャロルGSフット・赤,Carrol HS Feet・Red
0x43ebdc@mhfdat-jp.bin,キャロルGPフット・赤,Carrol GS Feet・Red
0x43ebe0@mhfdat-jp.bin,キャロルブーツ・赤,Carrol GP Feet・Red
0x43ebe4@mhfdat-jp.bin,キャロルＦブーツ・赤,Carrol Boots・Red
0x43ebe8@mhfdat-jp.bin,キャロルFZブーツ・赤,Carrol F Boots・Red
0x43ebec@mhfdat-jp.bin,キャロルHSブーツ・赤,Carrol FZ Boots・Red
0x43ebf0@mhfdat-jp.bin,キャロルGSブーツ・赤,Carrol HS Boots・Red
0x43ebf4@mhfdat-jp.bin,キャロルGPブーツ・赤,Carrol GS Boots・Red
0x43ebf8@mhfdat-jp.bin,セレナフット・紫,Carrol GP Boots・Red
0x43ebfc@mhfdat-jp.bin,セレナＦフット・紫,Serena Feet・Purple
0x43ec00@mhfdat-jp.bin,セレナFZフット・紫,Serena F Feet・Purple
0x43ec04@mhfdat-jp.bin,セレナHSフット・紫,Serena FZ Feet・Purple
0x43ec08@mhfdat-jp.bin,セレナGSフット・紫,Serena HS Feet・Purple
0x43ec0c@mhfdat-jp.bin,セレナGPフット・紫,Serena GS Feet・Purple
0x43ec10@mhfdat-jp.bin,セレナブーツ・紫,Serena GP Feet・Purple
0x43ec14@mhfdat-jp.bin,セレナＦブーツ・紫,Serena Boots・Purple
0x43ec18@mhfdat-jp.bin,セレナFZブーツ・紫,Serena F Boots・Purple
0x43ec1c@mhfdat-jp.bin,セレナHSブーツ・紫,Serena FZ Boots・Purple
0x43ec20@mhfdat-jp.bin,セレナGSブーツ・紫,Serena HS Boots・Purple
0x43ec24@mhfdat-jp.bin,セレナGPブーツ・紫,Serena GS Boots・Purple
0x43ec28@mhfdat-jp.bin,セレナフット・青,Serena GP Boots・Purple
0x43ec2c@mhfdat-jp.bin,セレナＦフット・青,Serena Feet・Blue
0x43ec30@mhfdat-jp.bin,セレナFZフット・青,Serena F Feet・Blue
0x43ec34@mhfdat-jp.bin,セレナHSフット・青,Serena FZ Feet・Blue
0x43ec38@mhfdat-jp.bin,セレナGSフット・青,Serena HS Feet・Blue
0x43ec3c@mhfdat-jp.bin,セレナGPフット・青,Serena GS Feet・Blue
0x43ec40@mhfdat-jp.bin,セレナブーツ・青,Serena GP Feet・Blue
0x43ec44@mhfdat-jp.bin,セレナＦブーツ・青,Serena Boots・Blue
0x43ec48@mhfdat-jp.bin,セレナFZブーツ・青,Serena F Boots・Blue
0x43ec4c@mhfdat-jp.bin,セレナHSブーツ・青,Serena FZ Boots・Blue
0x43ec50@mhfdat-jp.bin,セレナGSブーツ・青,Serena HS Boots・Blue
0x43ec54@mhfdat-jp.bin,セレナGPブーツ・青,Serena GS Boots・Blue
0x43ec58@mhfdat-jp.bin,セレナフット・白,Serena GP Boots・Blue
0x43ec5c@mhfdat-jp.bin,セレナＦフット・白,Serena Feet・White
0x43ec60@mhfdat-jp.bin,セレナFZフット・白,Serena F Feet・White
0x43ec64@mhfdat-jp.bin,セレナHSフット・白,Serena FZ Feet・White
0x43ec68@mhfdat-jp.bin,セレナGSフット・白,Serena HS Feet・White
0x43ec6c@mhfdat-jp.bin,セレナGPフット・白,Serena GS Feet・White
0x43ec70@mhfdat-jp.bin,セレナブーツ・白,Serena GP Feet・White
0x43ec74@mhfdat-jp.bin,セレナＦブーツ・白,Serena Boots・White
0x43ec78@mhfdat-jp.bin,セレナFZブーツ・白,Serena F Boots・White
0x43ec7c@mhfdat-jp.bin,セレナHSブーツ・白,Serena FZ Boots・White
0x43ec80@mhfdat-jp.bin,セレナGSブーツ・白,Serena HS Boots・White
0x43ec84@mhfdat-jp.bin,セレナGPブーツ・白,Serena GS Boots・White
0x43ec88@mhfdat-jp.bin,セレナフット・赤,Serena GP Boots・White
0x43ec8c@mhfdat-jp.bin,セレナＦフット・赤,Serena Feet・Red
0x43ec90@mhfdat-jp.bin,セレナFZフット・赤,Serena F Feet・Red
0x43ec94@mhfdat-jp.bin,セレナHSフット・赤,Serena FZ Feet・Red
0x43ec98@mhfdat-jp.bin,セレナGSフット・赤,Serena HS Feet・Red
0x43ec9c@mhfdat-jp.bin,セレナGPフット・赤,Serena GS Feet・Red
0x43eca0@mhfdat-jp.bin,セレナブーツ・赤,Serena GP Feet・Red
0x43eca4@mhfdat-jp.bin,セレナＦブーツ・赤,Serena Boots・Red
0x43eca8@mhfdat-jp.bin,セレナFZブーツ・赤,Serena F Boots・Red
0x43ecac@mhfdat-jp.bin,セレナHSブーツ・赤,Serena FZ Boots・Red
0x43ecb0@mhfdat-jp.bin,セレナGSブーツ・赤,Serena HS Boots・Red
0x43ecb4@mhfdat-jp.bin,セレナGPブーツ・赤,Serena GS Boots・Red
0x43ecb8@mhfdat-jp.bin,ニンバスレッグ,Serena GP Boots・Red
0x43ecbc@mhfdat-jp.bin,ニンバスＦレッグ,Nimbus Leg
0x43ecc0@mhfdat-jp.bin,ニンバスFZレッグ,Nimbus F Leg
0x43ecc4@mhfdat-jp.bin,ニンバスHSレッグ,Nimbus FZ Leg
0x43ecc8@mhfdat-jp.bin,ニンバスGSレッグ,Nimbus HS Leg
0x43eccc@mhfdat-jp.bin,ニンバスGPレッグ,Nimbus GS Leg
0x43ecd0@mhfdat-jp.bin,ニンバスブーツ,Nimbus GP Leg
0x43ecd4@mhfdat-jp.bin,ニンバスＦブーツ,Nimbus Boots
0x43ecd8@mhfdat-jp.bin,ニンバスFZブーツ,Nimbus F Boots
0x43ecdc@mhfdat-jp.bin,ニンバスHSブーツ,Nimbus FZ Boots
0x43ece0@mhfdat-jp.bin,ニンバスGSブーツ,Nimbus HS Boots
0x43ece4@mhfdat-jp.bin,ニンバスGPブーツ,Nimbus GS Boots
0x43ece8@mhfdat-jp.bin,イクスFZフット・白,Nimbus GP Boots
0x43ecec@mhfdat-jp.bin,イクスHSフット・白,Ex FZ Feet・White
0x43ecf0@mhfdat-jp.bin,イクスGSフット・白,Ex HS Feet・White
0x43ecf4@mhfdat-jp.bin,イクスGPフット・白,Ex GS Feet・White
0x43ecf8@mhfdat-jp.bin,イクスFZブーツ・白,Ex GP Feet・White
0x43ecfc@mhfdat-jp.bin,イクスHSブーツ・白,Ex FZ Boots・White
0x43ed00@mhfdat-jp.bin,イクスGSブーツ・白,Ex HS Boots・White
0x43ed04@mhfdat-jp.bin,イクスGPブーツ・白,Ex GS Boots・White
0x43ed08@mhfdat-jp.bin,イクスFZフット・赤,Ex GP Boots・White
0x43ed0c@mhfdat-jp.bin,イクスHSフット・赤,Ex FZ Feet・Red
0x43ed10@mhfdat-jp.bin,イクスGSフット・赤,Ex HS Feet・Red
0x43ed14@mhfdat-jp.bin,イクスGPフット・赤,Ex GS Feet・Red
0x43ed18@mhfdat-jp.bin,イクスFZブーツ・赤,Ex GP Feet・Red
0x43ed1c@mhfdat-jp.bin,イクスHSブーツ・赤,Ex FZ Boots・Red
0x43ed20@mhfdat-jp.bin,イクスGSブーツ・赤,Ex HS Boots・Red
0x43ed24@mhfdat-jp.bin,イクスGPブーツ・赤,Ex GS Boots・Red
0x43ed28@mhfdat-jp.bin,イクスFZフット・青,Ex GP Boots・Red
0x43ed2c@mhfdat-jp.bin,イクスHSフット・青,Ex FZ Feet・Blue
0x43ed30@mhfdat-jp.bin,イクスGSフット・青,Ex HS Feet・Blue
0x43ed34@mhfdat-jp.bin,イクスGPフット・青,Ex GS Feet・Blue
0x43ed38@mhfdat-jp.bin,イクスFZブーツ・青,Ex GP Feet・Blue
0x43ed3c@mhfdat-jp.bin,イクスHSブーツ・青,Ex FZ Boots・Blue
0x43ed40@mhfdat-jp.bin,イクスGSブーツ・青,Ex HS Boots・Blue
0x43ed44@mhfdat-jp.bin,イクスGPブーツ・青,Ex GS Boots・Blue
0x43ed48@mhfdat-jp.bin,イクスFZフット・黒,Ex GP Boots・Blue
0x43ed4c@mhfdat-jp.bin,イクスHSフット・黒,Ex FZ Feet・Black
0x43ed50@mhfdat-jp.bin,イクスGSフット・黒,Ex HS Feet・Black
0x43ed54@mhfdat-jp.bin,イクスGPフット・黒,Ex GS Feet・Black
0x43ed58@mhfdat-jp.bin,イクスFZブーツ・黒,Ex GP Feet・Black
0x43ed5c@mhfdat-jp.bin,イクスHSブーツ・黒,Ex FZ Boots・Black
0x43ed60@mhfdat-jp.bin,イクスGSブーツ・黒,Ex HS Boots・Black
0x43ed64@mhfdat-jp.bin,イクスGPブーツ・黒,Ex GS Boots・Black
0x43ed68@mhfdat-jp.bin,きんねこ服FZフット,Ex GP Boots・Black
0x43ed6c@mhfdat-jp.bin,きんねこ服HSフット,Gold Cat FZ Feet
0x43ed70@mhfdat-jp.bin,きんねこ服GSフット,Gold Cat HS Feet
0x43ed74@mhfdat-jp.bin,きんねこ服GPフット,Gold Cat GS Feet
0x43ed78@mhfdat-jp.bin,きんねこ服FZブーツ,Gold Cat GP Feet
0x43ed7c@mhfdat-jp.bin,きんねこ服HSブーツ,Gold Cat FZ Boots
0x43ed80@mhfdat-jp.bin,きんねこ服GSブーツ,Gold Cat HS Boots
0x43ed84@mhfdat-jp.bin,きんねこ服GPブーツ,Gold Cat GS Boots
0x43ed88@mhfdat-jp.bin,ぎんねこ服FZフット,Gold Cat GP Boots
0x43ed8c@mhfdat-jp.bin,ぎんねこ服HSフット,Silver Cat FZ Feet
0x43ed90@mhfdat-jp.bin,ぎんねこ服GSフット,Silver Cat HS Feet
0x43ed94@mhfdat-jp.bin,ぎんねこ服GPフット,Silver Cat GS Feet
0x43ed98@mhfdat-jp.bin,ぎんねこ服FZブーツ,Silver Cat GP Feet
0x43ed9c@mhfdat-jp.bin,ぎんねこ服HSブーツ,Silver Cat FZ Boots
0x43eda0@mhfdat-jp.bin,ぎんねこ服GSブーツ,Silver Cat HS Boots
0x43eda4@mhfdat-jp.bin,ぎんねこ服GPブーツ,Silver Cat GS Boots
0x43eda8@mhfdat-jp.bin,クレールFZフット・紫,Silver Cat GP Boots
0x43edac@mhfdat-jp.bin,クレールHSフット・紫,Claire FZ Feet・Purple
0x43edb0@mhfdat-jp.bin,クレールGSフット・紫,Claire HS Feet・Purple
0x43edb4@mhfdat-jp.bin,クレールGPフット・紫,Claire GS Feet・Purple
0x43edb8@mhfdat-jp.bin,クレールFZブーツ・紫,Claire GP Feet・Purple
0x43edbc@mhfdat-jp.bin,クレールHSブーツ・紫,Claire FZ Boots・Purple
0x43edc0@mhfdat-jp.bin,クレールGSブーツ・紫,Claire HS Boots・Purple
0x43edc4@mhfdat-jp.bin,クレールGPブーツ・紫,Claire GS Boots・Purple
0x43edc8@mhfdat-jp.bin,クレールFZフット・水,Claire GP Boots・Purple
0x43edcc@mhfdat-jp.bin,クレールHSフット・水,Claire FZ Feet・Water
0x43edd0@mhfdat-jp.bin,クレールGSフット・水,Claire HS Feet・Water
0x43edd4@mhfdat-jp.bin,クレールGPフット・水,Claire GS Feet・Water
0x43edd8@mhfdat-jp.bin,クレールFZブーツ・水,Claire GP Feet・Water
0x43eddc@mhfdat-jp.bin,クレールHSブーツ・水,Claire FZ Boots・Water
0x43ede0@mhfdat-jp.bin,クレールGSブーツ・水,Claire HS Boots・Water
0x43ede4@mhfdat-jp.bin,クレールGPブーツ・水,Claire GS Boots・Water
0x43ede8@mhfdat-jp.bin,クレールFZフット・赤,Claire GP Boots・Water
0x43edec@mhfdat-jp.bin,クレールHSフット・赤,Claire FZ Feet・Red
0x43edf0@mhfdat-jp.bin,クレールGSフット・赤,Claire HS Feet・Red
0x43edf4@mhfdat-jp.bin,クレールGPフット・赤,Claire GS Feet・Red
0x43edf8@mhfdat-jp.bin,クレールFZブーツ・赤,Claire GP Feet・Red
0x43edfc@mhfdat-jp.bin,クレールHSブーツ・赤,Claire FZ Boots・Red
0x43ee00@mhfdat-jp.bin,クレールGSブーツ・赤,Claire HS Boots・Red
0x43ee04@mhfdat-jp.bin,クレールGPブーツ・赤,Claire GS Boots・Red
0x43ee08@mhfdat-jp.bin,クレールFZフット・黒,Claire GP Boots・Red
0x43ee0c@mhfdat-jp.bin,クレールHSフット・黒,Claire FZ Feet・Black
0x43ee10@mhfdat-jp.bin,クレールGSフット・黒,Claire HS Feet・Black
0x43ee14@mhfdat-jp.bin,クレールGPフット・黒,Claire GS Feet・Black
0x43ee18@mhfdat-jp.bin,クレールFZブーツ・黒,Claire GP Feet・Black
0x43ee1c@mhfdat-jp.bin,クレールHSブーツ・黒,Claire FZ Boots・Black
0x43ee20@mhfdat-jp.bin,クレールGSブーツ・黒,Claire HS Boots・Black
0x43ee24@mhfdat-jp.bin,クレールGPブーツ・黒,Claire GS Boots・Black
0x43ee28@mhfdat-jp.bin,テクストHSフット・紫,Claire GP Boots・Black
0x43ee2c@mhfdat-jp.bin,テクストGSフット・紫,Text HS Feet・Purple
0x43ee30@mhfdat-jp.bin,テクストGPフット・紫,Text GS Feet・Purple
0x43ee34@mhfdat-jp.bin,テクストHSブーツ・紫,Text GP Feet・Purple
0x43ee38@mhfdat-jp.bin,テクストGSブーツ・紫,Text HS Boots・Purple
0x43ee3c@mhfdat-jp.bin,テクストGPブーツ・紫,Text GS Boots・Purple
0x43ee40@mhfdat-jp.bin,テクストHSフット・緑,Text GP Boots・Purple
0x43ee44@mhfdat-jp.bin,テクストGSフット・緑,Text HS Feet・Green
0x43ee48@mhfdat-jp.bin,テクストGPフット・緑,Text GS Feet・Green
0x43ee4c@mhfdat-jp.bin,テクストHSブーツ・緑,Text GP Feet・Green
0x43ee50@mhfdat-jp.bin,テクストGSブーツ・緑,Text HS Boots・Green
0x43ee54@mhfdat-jp.bin,テクストGPブーツ・緑,Text GS Boots・Green
0x43ee58@mhfdat-jp.bin,テクストHSフット・青,Text GP Boots・Green
0x43ee5c@mhfdat-jp.bin,テクストGSフット・青,Text HS Feet・Blue
0x43ee60@mhfdat-jp.bin,テクストGPフット・青,Text GS Feet・Blue
0x43ee64@mhfdat-jp.bin,テクストHSブーツ・青,Text GP Feet・Blue
0x43ee68@mhfdat-jp.bin,テクストGSブーツ・青,Text HS Boots・Blue
0x43ee6c@mhfdat-jp.bin,テクストGPブーツ・青,Text GS Boots・Blue
0x43ee70@mhfdat-jp.bin,テクストHSフット・黒,Text GP Boots・Blue
0x43ee74@mhfdat-jp.bin,テクストGSフット・黒,Text HS Feet・Black
0x43ee78@mhfdat-jp.bin,テクストGPフット・黒,Text GS Feet・Black
0x43ee7c@mhfdat-jp.bin,テクストHSブーツ・黒,Text GP Feet・Black
0x43ee80@mhfdat-jp.bin,テクストGSブーツ・黒,Text HS Boots・Black
0x43ee84@mhfdat-jp.bin,テクストGPブーツ・黒,Text GS Boots・Black
0x43ee88@mhfdat-jp.bin,カウチュHSフット・灰,Text GP Boots・Black
0x43ee8c@mhfdat-jp.bin,カウチュGSフット・灰,Cultu HS Feet・Ash
0x43ee90@mhfdat-jp.bin,カウチュGPフット・灰,Cultu GS Feet・Ash
0x43ee94@mhfdat-jp.bin,カウチュHSブーツ・灰,Cultu GP Feet・Ash
0x43ee98@mhfdat-jp.bin,カウチュGSブーツ・灰,Cultu HS Boots・Ash
0x43ee9c@mhfdat-jp.bin,カウチュGPブーツ・灰,Cultu GS Boots・Ash
0x43eea0@mhfdat-jp.bin,カウチュHSフット・青,Cultu GP Boots・Ash
0x43eea4@mhfdat-jp.bin,カウチュGSフット・青,Cultu HS Feet・Blue
0x43eea8@mhfdat-jp.bin,カウチュGPフット・青,Cultu GS Feet・Blue
0x43eeac@mhfdat-jp.bin,カウチュHSブーツ・青,Cultu GP Feet・Blue
0x43eeb0@mhfdat-jp.bin,カウチュGSブーツ・青,Cultu HS Boots・Blue
0x43eeb4@mhfdat-jp.bin,カウチュGPブーツ・青,Cultu GS Boots・Blue
0x43eeb8@mhfdat-jp.bin,カウチュHSフット・橙,Cultu GP Boots・Blue
0x43eebc@mhfdat-jp.bin,カウチュGSフット・橙,Cultu HS Feet・Orange
0x43eec0@mhfdat-jp.bin,カウチュGPフット・橙,Cultu GS Feet・Orange
0x43eec4@mhfdat-jp.bin,カウチュHSブーツ・橙,Cultu GP Feet・Orange
0x43eec8@mhfdat-jp.bin,カウチュGSブーツ・橙,Cultu HS Boots・Orange
0x43eecc@mhfdat-jp.bin,カウチュGPブーツ・橙,Cultu GS Boots・Orange
0x43eed0@mhfdat-jp.bin,カウチュHSフット・緑,Cultu GP Boots・Orange
0x43eed4@mhfdat-jp.bin,カウチュGSフット・緑,Cultu HS Feet・Green
0x43eed8@mhfdat-jp.bin,カウチュGPフット・緑,Cultu GS Feet・Green
0x43eedc@mhfdat-jp.bin,カウチュHSブーツ・緑,Cultu GP Feet・Green
0x43eee0@mhfdat-jp.bin,カウチュGSブーツ・緑,Cultu HS Boots・Green
0x43eee4@mhfdat-jp.bin,カウチュGPブーツ・緑,Cultu GS Boots・Green
0x43eee8@mhfdat-jp.bin,アルマFZフット・黒,Cultu GP Boots・Green
0x43eeec@mhfdat-jp.bin,アルマHSフット・黒,Arma FZ Feet・Black
0x43eef0@mhfdat-jp.bin,アルマGSフット・黒,Arma HS Feet・Black
0x43eef4@mhfdat-jp.bin,アルマGPフット・黒,Arma GS Feet・Black
0x43eef8@mhfdat-jp.bin,アルマFZブーツ・黒,Arma GP Feet・Black
0x43eefc@mhfdat-jp.bin,アルマHSブーツ・黒,Arma FZ Boots・Black
0x43ef00@mhfdat-jp.bin,アルマGSブーツ・黒,Arma HS Boots・Black
0x43ef04@mhfdat-jp.bin,アルマGPブーツ・黒,Arma GS Boots・Black
0x43ef08@mhfdat-jp.bin,アルマFZフット・白,Arma GP Boots・Black
0x43ef0c@mhfdat-jp.bin,アルマHSフット・白,Arma FZ Feet・White
0x43ef10@mhfdat-jp.bin,アルマGSフット・白,Arma HS Feet・White
0x43ef14@mhfdat-jp.bin,アルマGPフット・白,Arma GS Feet・White
0x43ef18@mhfdat-jp.bin,アルマFZブーツ・白,Arma GP Feet・White
0x43ef1c@mhfdat-jp.bin,アルマHSブーツ・白,Arma FZ Boots・White
0x43ef20@mhfdat-jp.bin,アルマGSブーツ・白,Arma HS Boots・White
0x43ef24@mhfdat-jp.bin,アルマGPブーツ・白,Arma GS Boots・White
0x43ef28@mhfdat-jp.bin,アルマFZフット・青,Arma GP Boots・White
0x43ef2c@mhfdat-jp.bin,アルマHSフット・青,Arma FZ Feet・Blue
0x43ef30@mhfdat-jp.bin,アルマGSフット・青,Arma HS Feet・Blue
0x43ef34@mhfdat-jp.bin,アルマGPフット・青,Arma GS Feet・Blue
0x43ef38@mhfdat-jp.bin,アルマFZブーツ・青,Arma GP Feet・Blue
0x43ef3c@mhfdat-jp.bin,アルマHSブーツ・青,Arma FZ Boots・Blue
0x43ef40@mhfdat-jp.bin,アルマGSブーツ・青,Arma HS Boots・Blue
0x43ef44@mhfdat-jp.bin,アルマGPブーツ・青,Arma GS Boots・Blue
0x43ef48@mhfdat-jp.bin,アルマFZフット・茶,Arma GP Boots・Blue
0x43ef4c@mhfdat-jp.bin,アルマHSフット・茶,Arma FZ Feet・Tea
0x43ef50@mhfdat-jp.bin,アルマGSフット・茶,Arma HS Feet・Tea
0x43ef54@mhfdat-jp.bin,アルマGPフット・茶,Arma GS Feet・Tea
0x43ef58@mhfdat-jp.bin,アルマFZブーツ・茶,Arma GP Feet・Tea
0x43ef5c@mhfdat-jp.bin,アルマHSブーツ・茶,Arma FZ Boots・Tea
0x43ef60@mhfdat-jp.bin,アルマGSブーツ・茶,Arma HS Boots・Tea
0x43ef64@mhfdat-jp.bin,アルマGPブーツ・茶,Arma GS Boots・Tea
0x43ef68@mhfdat-jp.bin,シエナHSグリーヴ・銀,Arma GP Boots・Tea
0x43ef6c@mhfdat-jp.bin,シエナGSグリーヴ・銀,Siena HS Greaves・Silver
0x43ef70@mhfdat-jp.bin,シエナGPグリーヴ・銀,Siena GS Greaves・Silver
0x43ef74@mhfdat-jp.bin,シエナHSレギンス・銀,Siena GP Greaves・Silver
0x43ef78@mhfdat-jp.bin,シエナGSレギンス・銀,Siena HS Leggings・Silver
0x43ef7c@mhfdat-jp.bin,シエナGPレギンス・銀,Siena GS Leggings・Silver
0x43ef80@mhfdat-jp.bin,シエナHSグリーヴ・黒,Siena GP Leggings・Silver
0x43ef84@mhfdat-jp.bin,シエナGSグリーヴ・黒,Siena HS Greaves・Black
0x43ef88@mhfdat-jp.bin,シエナGPグリーヴ・黒,Siena GS Greaves・Black
0x43ef8c@mhfdat-jp.bin,シエナHSレギンス・黒,Siena GP Greaves・Black
0x43ef90@mhfdat-jp.bin,シエナGSレギンス・黒,Siena HS Leggings・Black
0x43ef94@mhfdat-jp.bin,シエナGPレギンス・黒,Siena GS Leggings・Black
0x43ef98@mhfdat-jp.bin,シエナHSグリーヴ・赤,Siena GP Leggings・Black
0x43ef9c@mhfdat-jp.bin,シエナGSグリーヴ・赤,Siena HS Greaves・Red
0x43efa0@mhfdat-jp.bin,シエナGPグリーヴ・赤,Siena GS Greaves・Red
0x43efa4@mhfdat-jp.bin,シエナHSレギンス・赤,Siena GP Greaves・Red
0x43efa8@mhfdat-jp.bin,シエナGSレギンス・赤,Siena HS Leggings・Red
0x43efac@mhfdat-jp.bin,シエナGPレギンス・赤,Siena GS Leggings・Red
0x43efb0@mhfdat-jp.bin,シエナHSグリーヴ・青,Siena GP Leggings・Red
0x43efb4@mhfdat-jp.bin,シエナGSグリーヴ・青,Siena HS Greaves・Blue
0x43efb8@mhfdat-jp.bin,シエナGPグリーヴ・青,Siena GS Greaves・Blue
0x43efbc@mhfdat-jp.bin,シエナHSレギンス・青,Siena GP Greaves・Blue
0x43efc0@mhfdat-jp.bin,シエナGSレギンス・青,Siena HS Leggings・Blue
0x43efc4@mhfdat-jp.bin,シエナGPレギンス・青,Siena GS Leggings・Blue
0x43efc8@mhfdat-jp.bin,クロースGSフット・赤,Siena GP Leggings・Blue
0x43efcc@mhfdat-jp.bin,クロースGPフット・赤,Cloth GS Feet・Red
0x43efd0@mhfdat-jp.bin,クロースGSブーツ・赤,Cloth GP Feet・Red
0x43efd4@mhfdat-jp.bin,クロースGPブーツ・赤,Cloth GS Boots・Red
0x43efd8@mhfdat-jp.bin,クロースGSフット・青,Cloth GP Boots・Red
0x43efdc@mhfdat-jp.bin,クロースGPフット・青,Cloth GS Feet・Blue
0x43efe0@mhfdat-jp.bin,クロースGSブーツ・青,Cloth GP Feet・Blue
0x43efe4@mhfdat-jp.bin,クロースGPブーツ・青,Cloth GS Boots・Blue
0x43efe8@mhfdat-jp.bin,クロースGSフット・紫,Cloth GP Boots・Blue
0x43efec@mhfdat-jp.bin,クロースGPフット・紫,Cloth GS Feet・Purple
0x43eff0@mhfdat-jp.bin,クロースGSブーツ・紫,Cloth GP Feet・Purple
0x43eff4@mhfdat-jp.bin,クロースGPブーツ・紫,Cloth GS Boots・Purple
0x43eff8@mhfdat-jp.bin,クロースGSフット・緑,Cloth GP Boots・Purple
0x43effc@mhfdat-jp.bin,クロースGPフット・緑,Cloth GS Feet・Green
0x43f000@mhfdat-jp.bin,クロースGSブーツ・緑,Cloth GP Feet・Green
0x43f004@mhfdat-jp.bin,クロースGPブーツ・緑,Cloth GS Boots・Green
0x43f008@mhfdat-jp.bin,マイストFZフット・紅,Cloth GP Boots・Green
0x43f00c@mhfdat-jp.bin,マイストHSフット・紅,Maisto FZ Feet・Crimson
0x43f010@mhfdat-jp.bin,マイストGSフット・紅,Maisto HS Feet・Crimson
0x43f014@mhfdat-jp.bin,マイストGPフット・紅,Maisto GS Feet・Crimson
0x43f018@mhfdat-jp.bin,マイストFZブーツ・紅,Maisto GP Feet・Crimson
0x43f01c@mhfdat-jp.bin,マイストHSブーツ・紅,Maisto FZ Boots・Crimson
0x43f020@mhfdat-jp.bin,マイストGSブーツ・紅,Maisto HS Boots・Crimson
0x43f024@mhfdat-jp.bin,マイストGPブーツ・紅,Maisto GS Boots・Crimson
0x43f028@mhfdat-jp.bin,マイストFZフット・緑,Maisto GP Boots・Crimson
0x43f02c@mhfdat-jp.bin,マイストHSフット・緑,Maisto FZ Feet・Green
0x43f030@mhfdat-jp.bin,マイストGSフット・緑,Maisto HS Feet・Green
0x43f034@mhfdat-jp.bin,マイストGPフット・緑,Maisto GS Feet・Green
0x43f038@mhfdat-jp.bin,マイストFZブーツ・緑,Maisto GP Feet・Green
0x43f03c@mhfdat-jp.bin,マイストHSブーツ・緑,Maisto FZ Boots・Green
0x43f040@mhfdat-jp.bin,マイストGSブーツ・緑,Maisto HS Boots・Green
0x43f044@mhfdat-jp.bin,マイストGPブーツ・緑,Maisto GS Boots・Green
0x43f048@mhfdat-jp.bin,マイストFZフット・蒼,Maisto GP Boots・Green
0x43f04c@mhfdat-jp.bin,マイストHSフット・蒼,Maisto FZ Feet・Green
0x43f050@mhfdat-jp.bin,マイストGSフット・蒼,Maisto HS Feet・Green
0x43f054@mhfdat-jp.bin,マイストGPフット・蒼,Maisto GS Feet・Green
0x43f058@mhfdat-jp.bin,マイストFZブーツ・蒼,Maisto GP Feet・Green
0x43f05c@mhfdat-jp.bin,マイストHSブーツ・蒼,Maisto FZ Boots・Green
0x43f060@mhfdat-jp.bin,マイストGSブーツ・蒼,Maisto HS Boots・Green
0x43f064@mhfdat-jp.bin,マイストGPブーツ・蒼,Maisto GS Boots・Green
0x43f068@mhfdat-jp.bin,マイストFZフット・桜,Maisto GP Boots・Green
0x43f06c@mhfdat-jp.bin,マイストHSフット・桜,Maisto FZ Feet・Pink
0x43f070@mhfdat-jp.bin,マイストGSフット・桜,Maisto HS Feet・Pink
0x43f074@mhfdat-jp.bin,マイストGPフット・桜,Maisto GS Feet・Pink
0x43f078@mhfdat-jp.bin,マイストFZブーツ・桜,Maisto GP Feet・Pink
0x43f07c@mhfdat-jp.bin,マイストHSブーツ・桜,Maisto FZ Boots・Pink
0x43f080@mhfdat-jp.bin,マイストGSブーツ・桜,Maisto HS Boots・Pink
0x43f084@mhfdat-jp.bin,マイストGPブーツ・桜,Maisto GS Boots・Pink
0x43f088@mhfdat-jp.bin,カエシスHSフット水,Maisto GP Boots・Pink
0x43f08c@mhfdat-jp.bin,カエシスGSフット水,Cayssis HS Feet Water
0x43f090@mhfdat-jp.bin,カエシスGPフット水,Cayssis GS Feet Water
0x43f094@mhfdat-jp.bin,カエシスHSレギンス水,Cayssis GP Feet Water
0x43f098@mhfdat-jp.bin,カエシスGSレギンス水,Cayssis HS Leggings Water
0x43f09c@mhfdat-jp.bin,カエシスGPレギンス水,Cayssis GS Leggings Water
0x43f0a0@mhfdat-jp.bin,カエシスHSフット赤,Cayssis GP Leggings Water
0x43f0a4@mhfdat-jp.bin,カエシスGSフット赤,Cayssis HS Feet Red
0x43f0a8@mhfdat-jp.bin,カエシスGPフット赤,Cayssis GS Feet Red
0x43f0ac@mhfdat-jp.bin,カエシスHSレギンス赤,Cayssis GP Feet Red
0x43f0b0@mhfdat-jp.bin,カエシスGSレギンス赤,Cayssis HS Leggings Red
0x43f0b4@mhfdat-jp.bin,カエシスGPレギンス赤,Cayssis GS Leggings Red
0x43f0b8@mhfdat-jp.bin,カエシスHSフット青,Cayssis GP Leggings Red
0x43f0bc@mhfdat-jp.bin,カエシスGSフット青,Cayssis HS Feet Blue
0x43f0c0@mhfdat-jp.bin,カエシスGPフット青,Cayssis GS Feet Blue
0x43f0c4@mhfdat-jp.bin,カエシスHSレギンス青,Cayssis GP Feet Blue
0x43f0c8@mhfdat-jp.bin,カエシスGSレギンス青,Cayssis HS Leggings Blue
0x43f0cc@mhfdat-jp.bin,カエシスGPレギンス青,Cayssis GS Leggings Blue
0x43f0d0@mhfdat-jp.bin,カエシスHSフット橙,Cayssis GP Leggings Blue
0x43f0d4@mhfdat-jp.bin,カエシスGSフット橙,Cayssis HS Feet Orange
0x43f0d8@mhfdat-jp.bin,カエシスGPフット橙,Cayssis GS Feet Orange
0x43f0dc@mhfdat-jp.bin,カエシスHSレギンス橙,Cayssis GP Feet Orange
0x43f0e0@mhfdat-jp.bin,カエシスGSレギンス橙,Cayssis HS Leggings Orange
0x43f0e4@mhfdat-jp.bin,カエシスGPレギンス橙,Cayssis GS Leggings Orange
0x43f0e8@mhfdat-jp.bin,パンデウムHSレッグ,Cayssis GP Leggings Orange
0x43f0ec@mhfdat-jp.bin,パンデウムGSレッグ,Pandeum HS Leg
0x43f0f0@mhfdat-jp.bin,パンデウムGPレッグ,Pandeum GS Leg
0x43f0f4@mhfdat-jp.bin,パンデウムHSブーツ,Pandeum GP Leg
0x43f0f8@mhfdat-jp.bin,パンデウムGSブーツ,Pandeum HS Boots
0x43f0fc@mhfdat-jp.bin,パンデウムGPブーツ,Pandeum GS Boots
0x43f100@mhfdat-jp.bin,ディアンHSレッグ,Pandeum GP Boots
0x43f104@mhfdat-jp.bin,ディアンGSレッグ,Dian HS Leg
0x43f108@mhfdat-jp.bin,ディアンGPレッグ,Dian GS Leg
0x43f10c@mhfdat-jp.bin,ディアンHSブーツ,Dian GP Leg
0x43f110@mhfdat-jp.bin,ディアンGSブーツ,Dian HS Boots
0x43f114@mhfdat-jp.bin,ディアンGPブーツ,Dian GS Boots
0x43f118@mhfdat-jp.bin,ワイルドHSレッグ,Dian GP Boots
0x43f11c@mhfdat-jp.bin,ワイルドGSレッグ,Wild HS Leg
0x43f120@mhfdat-jp.bin,ワイルドGPレッグ,Wild GS Leg
0x43f124@mhfdat-jp.bin,ワイルドHSブーツ,Wild GP Leg
0x43f128@mhfdat-jp.bin,ワイルドGSブーツ,Wild HS Boots
0x43f12c@mhfdat-jp.bin,ワイルドGPブーツ,Wild GS Boots
0x43f130@mhfdat-jp.bin,フラウアHSレッグ,Wild GP Boots
0x43f134@mhfdat-jp.bin,フラウアGSレッグ,Flower HS Leg
0x43f138@mhfdat-jp.bin,フラウアGPレッグ,Flower GS Leg
0x43f13c@mhfdat-jp.bin,フラウアHSブーツ,Flower GP Leg
0x43f140@mhfdat-jp.bin,フラウアGSブーツ,Flower HS Boots
0x43f144@mhfdat-jp.bin,フラウアGPブーツ,Flower GS Boots
0x43f148@mhfdat-jp.bin,テューンHSレッグ,Flower GP Boots
0x43f14c@mhfdat-jp.bin,テューンGSレッグ,Tune HS Leg
0x43f150@mhfdat-jp.bin,テューンGPレッグ,Tune GS Leg
0x43f154@mhfdat-jp.bin,シュナイトHSブーツ,Tune GP Leg
0x43f158@mhfdat-jp.bin,シュナイトGSブーツ,Schnite HS Boots
0x43f15c@mhfdat-jp.bin,シュナイトGPブーツ,Schnite GS Boots
0x43f160@mhfdat-jp.bin,ディクトHSレッグ,Schnite GP Boots
0x43f164@mhfdat-jp.bin,ディクトGSレッグ,Dicto HS Leg
0x43f168@mhfdat-jp.bin,ディクトGPレッグ,Dicto GS Leg
0x43f16c@mhfdat-jp.bin,ディレットHSブーツ,Dicto GP Leg
0x43f170@mhfdat-jp.bin,ディレットGSブーツ,Diletto HS Boots
0x43f174@mhfdat-jp.bin,ディレットGPブーツ,Diletto GS Boots
0x43f178@mhfdat-jp.bin,キュビィHSフット,Diletto GP Boots
0x43f17c@mhfdat-jp.bin,キュビィGSフット,Cubie HS Feet
0x43f180@mhfdat-jp.bin,キュビィGPフット,Cubie GS Feet
0x43f184@mhfdat-jp.bin,キュビィHSレギンス,Cubie GP Feet
0x43f188@mhfdat-jp.bin,キュビィGSレギンス,Cubie HS Leggings
0x43f18c@mhfdat-jp.bin,キュビィGPレギンス,Cubie GS Leggings
0x43f190@mhfdat-jp.bin,ケモルHSフット,Cubie GP Leggings
0x43f194@mhfdat-jp.bin,ケモルGSフット,Kemor HS Feet
0x43f198@mhfdat-jp.bin,ケモルGPフット,Kemor GS Feet
0x43f19c@mhfdat-jp.bin,ケモルHSレギンス,Kemor GP Feet
0x43f1a0@mhfdat-jp.bin,ケモルGSレギンス,Kemor HS Leggings
0x43f1a4@mhfdat-jp.bin,ケモルGPレギンス,Kemor GS Leggings
0x43f1a8@mhfdat-jp.bin,スリートGPフット・黄,Kemor GP Leggings
0x43f1ac@mhfdat-jp.bin,スリートGPブーツ・黄,Suriito GP Feet・Yellow
0x43f1b0@mhfdat-jp.bin,スリートGPフット・銀,Suriito GP Boots・Yellow
0x43f1b4@mhfdat-jp.bin,スリートGPブーツ・銀,Suriito GP Feet・Silver
0x43f1b8@mhfdat-jp.bin,スリートGPフット・赤,Suriito GP Boots・Silver
0x43f1bc@mhfdat-jp.bin,スリートGPブーツ・赤,Suriito GP Feet・Red
0x43f1c0@mhfdat-jp.bin,スリートGPフット・青,Suriito GP Boots・Red
0x43f1c4@mhfdat-jp.bin,スリートGPブーツ・青,Suriito GP Feet・Blue
0x43f1c8@mhfdat-jp.bin,ガリトスGPフット・茶,Suriito GP Boots・Blue
0x43f1cc@mhfdat-jp.bin,ガリトスGPブーツ・茶,Galitos GP Feet・Tea
0x43f1d0@mhfdat-jp.bin,ガリトスGPフット・赤,Galitos GP Boots・Tea
0x43f1d4@mhfdat-jp.bin,ガリトスGPブーツ・赤,Galitos GP Feet・Red
0x43f1d8@mhfdat-jp.bin,ガリトスGPフット・黒,Galitos GP Boots・Red
0x43f1dc@mhfdat-jp.bin,ガリトスGPブーツ・黒,Galitos GP Feet・Black
0x43f1e0@mhfdat-jp.bin,ガリトスGPフット・水,Galitos GP Boots・Black
0x43f1e4@mhfdat-jp.bin,ガリトスGPブーツ・水,Galitos GP Feet・Water
0x43f1e8@mhfdat-jp.bin,リアンGPフット・青,Galitos GP Boots・Water
0x43f1ec@mhfdat-jp.bin,リアンGPブーツ・青,Lien GP Feet・Blue
0x43f1f0@mhfdat-jp.bin,リアンGPフット・赤,Lien GP Boots・Blue
0x43f1f4@mhfdat-jp.bin,リアンGPブーツ・赤,Lien GP Feet・Red
0x43f1f8@mhfdat-jp.bin,リアンGPフット・黒,Lien GP Boots・Red
0x43f1fc@mhfdat-jp.bin,リアンGPブーツ・黒,Lien GP Feet・Black
0x43f200@mhfdat-jp.bin,リアンGPフット・白,Lien GP Boots・Black
0x43f204@mhfdat-jp.bin,リアンGPブーツ・白,Lien GP Feet・White
0x43f208@mhfdat-jp.bin,メレティGPフット・白,Lien GP Boots・White
0x43f20c@mhfdat-jp.bin,メレティGPブーツ・白,Melety GP Feet・White
0x43f210@mhfdat-jp.bin,メレティGPフット・赤,Melety GP Boots・White
0x43f214@mhfdat-jp.bin,メレティGPブーツ・赤,Melety GP Feet・Red
0x43f218@mhfdat-jp.bin,メレティGPフット・青,Melety GP Boots・Red
0x43f21c@mhfdat-jp.bin,メレティGPブーツ・青,Melety GP Feet・Blue
0x43f220@mhfdat-jp.bin,メレティGPフット・黒,Melety GP Boots・Blue
0x43f224@mhfdat-jp.bin,メレティGPブーツ・黒,Melety GP Feet・Black
0x43f228@mhfdat-jp.bin,ステノGPグリーヴ・橙,Melety GP Boots・Black
0x43f22c@mhfdat-jp.bin,ステノGPレギンス・橙,Steno GP Greaves・Orange
0x43f230@mhfdat-jp.bin,ステノGPグリーヴ・桃,Steno GP Leggings・Orange
0x43f234@mhfdat-jp.bin,ステノGPレギンス・桃,Steno GP Greaves・Peach
0x43f238@mhfdat-jp.bin,ステノGPグリーヴ・青,Steno GP Leggings・Peach
0x43f23c@mhfdat-jp.bin,ステノGPレギンス・青,Steno GP Greaves・Blue
0x43f240@mhfdat-jp.bin,ステノGPグリーヴ・赤,Steno GP Leggings・Blue
0x43f244@mhfdat-jp.bin,ステノGPレギンス・赤,Steno GP Greaves・Red
0x43f248@mhfdat-jp.bin,星祭GP足袋【赤】,Steno GP Leggings・Red
0x43f24c@mhfdat-jp.bin,七夕GP足袋【赤】,Star Festival GP Tabi [Red 】
0x43f250@mhfdat-jp.bin,星祭GP足袋【青】,Tanabata GP Tabi [Red 】
0x43f254@mhfdat-jp.bin,七夕GP足袋【青】,Star Festival GP Tabi [Blue 】
0x43f258@mhfdat-jp.bin,星祭GP足袋【黒】,Tanabata GP Tabi [Blue 】
0x43f25c@mhfdat-jp.bin,七夕GP足袋【黒】,Star Festival GP Tabi [Black 】
0x43f260@mhfdat-jp.bin,星祭GP足袋【白】,Tanabata GP Tabi [Black 】
0x43f264@mhfdat-jp.bin,七夕GP足袋【白】,Star Festival GP Tabi [White 】
0x43f268@mhfdat-jp.bin,ダミー,Tanabata GP Tabi [White 】
0x43f26c@mhfdat-jp.bin,ダミー,ダミー
0x43f270@mhfdat-jp.bin,ダミー,ダミー
0x43f274@mhfdat-jp.bin,ダミー,ダミー
0x43f278@mhfdat-jp.bin,ダミー,ダミー
0x43f27c@mhfdat-jp.bin,ダミー,ダミー
0x43f280@mhfdat-jp.bin,ヒストリアグリーヴ,ダミー
0x43f284@mhfdat-jp.bin,ヒストリアＦグリーヴ,Historia Greaves
0x43f288@mhfdat-jp.bin,ヒストリアFZグリーヴ,Historia F Greaves
0x43f28c@mhfdat-jp.bin,ヒストリアHSグリーヴ,Historia FZ Greaves
0x43f290@mhfdat-jp.bin,ヒストリアGSグリーヴ,Historia HS Greaves
0x43f294@mhfdat-jp.bin,ヒストリアGPグリーヴ,Historia GS Greaves
0x43f298@mhfdat-jp.bin,ヒストリアレギンス,Historia GP Greaves
0x43f29c@mhfdat-jp.bin,ヒストリアＦレギンス,Historia Leggings
0x43f2a0@mhfdat-jp.bin,ヒストリアFZレギンス,Historia F Leggings
0x43f2a4@mhfdat-jp.bin,ヒストリアHSレギンス,Historia FZ Leggings
0x43f2a8@mhfdat-jp.bin,ヒストリアGSレギンス,Historia HS Leggings
0x43f2ac@mhfdat-jp.bin,ヒストリアGPレギンス,Historia GS Leggings
0x43f2b0@mhfdat-jp.bin,フロルレッグ,Historia GP Leggings
0x43f2b4@mhfdat-jp.bin,フロルＦレッグ,Furoru Leg
0x43f2b8@mhfdat-jp.bin,フロルFXレッグ,Furoru F Leg
0x43f2bc@mhfdat-jp.bin,フロルＧレッグ,Furoru FX Leg
0x43f2c0@mhfdat-jp.bin,フロルGFレッグ,Furoru G Leg
0x43f2c4@mhfdat-jp.bin,フロルブーツ,Furoru GF Leg
0x43f2c8@mhfdat-jp.bin,フロルＦブーツ,Furoru Boots
0x43f2cc@mhfdat-jp.bin,フロルFXブーツ,Furoru F Boots
0x43f2d0@mhfdat-jp.bin,フロルＧブーツ,Furoru FX Boots
0x43f2d4@mhfdat-jp.bin,フロルGFブーツ,Furoru G Boots
0x43f2d8@mhfdat-jp.bin,フランキーＧレッグ,Furoru GF Boots
0x43f2dc@mhfdat-jp.bin,フランキーGFレッグ,Franky G Leg
0x43f2e0@mhfdat-jp.bin,フランキーGXレッグ,Franky GF Leg
0x43f2e4@mhfdat-jp.bin,フランキーＧブーツ,Franky GX Leg
0x43f2e8@mhfdat-jp.bin,フランキーGFブーツ,Franky G Boots
0x43f2ec@mhfdat-jp.bin,フランキーGXブーツ,Franky GF Boots
0x43f2f0@mhfdat-jp.bin,ディオレグリーヴ,Franky GX Boots
0x43f2f4@mhfdat-jp.bin,ディオレＦグリーヴ,Diore Greaves
0x43f2f8@mhfdat-jp.bin,ディオレFXグリーヴ,Diore F Greaves
0x43f2fc@mhfdat-jp.bin,ディオレＧグリーヴ,Diore FX Greaves
0x43f300@mhfdat-jp.bin,ディオレGFグリーヴ,Diore G Greaves
0x43f304@mhfdat-jp.bin,ディオレレギンス,Diore GF Greaves
0x43f308@mhfdat-jp.bin,ディオレＦレギンス,Diore Leggings
0x43f30c@mhfdat-jp.bin,ディオレFXレギンス,Diore F Leggings
0x43f310@mhfdat-jp.bin,ディオレＧレギンス,Diore FX Leggings
0x43f314@mhfdat-jp.bin,ディオレGFレギンス,Diore G Leggings
0x43f318@mhfdat-jp.bin,神楽Ｇ【袴】,Diore GF Leggings
0x43f31c@mhfdat-jp.bin,神楽GF【袴】,Kagura G [Hakama 】
0x43f320@mhfdat-jp.bin,神楽GX【袴】,Kagura GF [Hakama 】
0x43f324@mhfdat-jp.bin,神座Ｇ【袴】,Kagura GX [Hakama 】
0x43f328@mhfdat-jp.bin,神座GF【袴】,Kamiza G [Hakama 】
0x43f32c@mhfdat-jp.bin,神座GX【袴】,Kamiza GF [Hakama 】
0x43f330@mhfdat-jp.bin,ジェビアＧグリーヴ,Kamiza GX [Hakama 】
0x43f334@mhfdat-jp.bin,ジェビアGFグリーヴ,Jebia G Greaves
0x43f338@mhfdat-jp.bin,ジェビアGXグリーヴ,Jebia GF Greaves
0x43f33c@mhfdat-jp.bin,ジェビアＧレギンス,Jebia GX Greaves
0x43f340@mhfdat-jp.bin,ジェビアGFレギンス,Jebia G Leggings
0x43f344@mhfdat-jp.bin,ジェビアGXレギンス,Jebia GF Leggings
0x43f348@mhfdat-jp.bin,ソルＧグリーヴ,Jebia GX Leggings
0x43f34c@mhfdat-jp.bin,ソルGFグリーヴ,Sol G Greaves
0x43f350@mhfdat-jp.bin,ソルGXグリーヴ,Sol GF Greaves
0x43f354@mhfdat-jp.bin,ソルＧレギンス,Sol GX Greaves
0x43f358@mhfdat-jp.bin,ソルGFレギンス,Sol G Leggings
0x43f35c@mhfdat-jp.bin,ソルGXレギンス,Sol GF Leggings
0x43f360@mhfdat-jp.bin,バルカンＧフット,Sol GX Leggings
0x43f364@mhfdat-jp.bin,バルカンGFフット,Vulcan G Feet
0x43f368@mhfdat-jp.bin,バルカンGXフット,Vulcan GF Feet
0x43f36c@mhfdat-jp.bin,バルカンＧレグス,Vulcan GX Feet
0x43f370@mhfdat-jp.bin,バルカンGFレグス,Vulcan G Legs
0x43f374@mhfdat-jp.bin,バルカンGXレグス,Vulcan GF Legs
0x43f378@mhfdat-jp.bin,アルゴルGFグリーヴ,Vulcan GX Legs
0x43f37c@mhfdat-jp.bin,アルゴルGFレギンス,Algol GF Greaves
0x43f380@mhfdat-jp.bin,オディバGFグリーヴ,Algol GF Leggings
0x43f384@mhfdat-jp.bin,オディバGFレギンス,Odiva GF Greaves
0x43f388@mhfdat-jp.bin,白虎・剣聖GXフット,Odiva GF Leggings
0x43f38c@mhfdat-jp.bin,朱雀・剣聖GXフット,Byakko・Kensei GX Feet
0x43f390@mhfdat-jp.bin,玄武・剣聖GXフット,Suzaku・Kensei GX Feet
0x43f394@mhfdat-jp.bin,青龍・剣聖GXフット,Genbu・Kensei GX Feet
0x43f398@mhfdat-jp.bin,白虎・双龍GXフット,Seiryu・Kensei GX Feet
0x43f39c@mhfdat-jp.bin,朱雀・双龍GXフット,Byakko・双龍GX Feet
0x43f3a0@mhfdat-jp.bin,玄武・双龍GXフット,Suzaku・双龍GX Feet
0x43f3a4@mhfdat-jp.bin,青龍・双龍GXフット,Genbu・双龍GX Feet
0x43f3a8@mhfdat-jp.bin,白虎・剣王GXフット,Seiryu・双龍GX Feet
0x43f3ac@mhfdat-jp.bin,朱雀・剣王GXフット,Byakko・Blade 王GX Feet
0x43f3b0@mhfdat-jp.bin,玄武・剣王GXフット,Suzaku・Blade 王GX Feet
0x43f3b4@mhfdat-jp.bin,青龍・剣王GXフット,Genbu・Blade 王GX Feet
0x43f3b8@mhfdat-jp.bin,白虎・刀神GXフット,Seiryu・Blade 王GX Feet
0x43f3bc@mhfdat-jp.bin,朱雀・刀神GXフット,Byakko・刀神GX Feet
0x43f3c0@mhfdat-jp.bin,玄武・刀神GXフット,Suzaku・刀神GX Feet
0x43f3c4@mhfdat-jp.bin,青龍・刀神GXフット,Genbu・刀神GX Feet
0x43f3c8@mhfdat-jp.bin,白虎・天槍GXフット,Seiryu・刀神GX Feet
0x43f3cc@mhfdat-jp.bin,朱雀・天槍GXフット,Byakko・Heaven 槍GX Feet
0x43f3d0@mhfdat-jp.bin,玄武・天槍GXフット,Suzaku・Heaven 槍GX Feet
0x43f3d4@mhfdat-jp.bin,青龍・天槍GXフット,Genbu・Heaven 槍GX Feet
0x43f3d8@mhfdat-jp.bin,白虎・砲皇GXフット,Seiryu・Heaven 槍GX Feet
0x43f3dc@mhfdat-jp.bin,朱雀・砲皇GXフット,Byakko・砲皇GX Feet
0x43f3e0@mhfdat-jp.bin,玄武・砲皇GXフット,Suzaku・砲皇GX Feet
0x43f3e4@mhfdat-jp.bin,青龍・砲皇GXフット,Genbu・砲皇GX Feet
0x43f3e8@mhfdat-jp.bin,白虎・鈍器獣GXフット,Seiryu・砲皇GX Feet
0x43f3ec@mhfdat-jp.bin,朱雀・鈍器獣GXフット,Byakko・鈍器獣GX Feet
0x43f3f0@mhfdat-jp.bin,玄武・鈍器獣GXフット,Suzaku・鈍器獣GX Feet
0x43f3f4@mhfdat-jp.bin,青龍・鈍器獣GXフット,Genbu・鈍器獣GX Feet
0x43f3f8@mhfdat-jp.bin,白虎・奏帝GXフット,Seiryu・鈍器獣GX Feet
0x43f3fc@mhfdat-jp.bin,朱雀・奏帝GXフット,Byakko・奏帝GX Feet
0x43f400@mhfdat-jp.bin,玄武・奏帝GXフット,Suzaku・奏帝GX Feet
0x43f404@mhfdat-jp.bin,青龍・奏帝GXフット,Genbu・奏帝GX Feet
0x43f408@mhfdat-jp.bin,白虎・銃傑GXブーツ,Seiryu・奏帝GX Feet
0x43f40c@mhfdat-jp.bin,朱雀・銃傑GXブーツ,Byakko・銃傑GX Boots
0x43f410@mhfdat-jp.bin,玄武・銃傑GXブーツ,Suzaku・銃傑GX Boots
0x43f414@mhfdat-jp.bin,青龍・銃傑GXブーツ,Genbu・銃傑GX Boots
0x43f418@mhfdat-jp.bin,白虎・銃仙GXブーツ,Seiryu・銃傑GX Boots
0x43f41c@mhfdat-jp.bin,朱雀・銃仙GXブーツ,Byakko・銃仙GX Boots
0x43f420@mhfdat-jp.bin,玄武・銃仙GXブーツ,Suzaku・銃仙GX Boots
0x43f424@mhfdat-jp.bin,青龍・銃仙GXブーツ,Genbu・銃仙GX Boots
0x43f428@mhfdat-jp.bin,白虎・弓鬼GXブーツ,Seiryu・銃仙GX Boots
0x43f42c@mhfdat-jp.bin,朱雀・弓鬼GXブーツ,Byakko・Bow 鬼GX Boots
0x43f430@mhfdat-jp.bin,玄武・弓鬼GXブーツ,Suzaku・Bow 鬼GX Boots
0x43f434@mhfdat-jp.bin,青龍・弓鬼GXブーツ,Genbu・Bow 鬼GX Boots
0x43f438@mhfdat-jp.bin,ヒスイグリーヴ,Seiryu・Bow 鬼GX Boots
0x43f43c@mhfdat-jp.bin,ヒスイＦグリーヴ,Hisui Greaves
0x43f440@mhfdat-jp.bin,ヒスイFXグリーヴ,Hisui F Greaves
0x43f444@mhfdat-jp.bin,ブラッドグリーヴ,Hisui FX Greaves
0x43f448@mhfdat-jp.bin,ブラッドＦグリーヴ,Blood Greaves
0x43f44c@mhfdat-jp.bin,ブラッドFXグリーヴ,Blood F Greaves
0x43f450@mhfdat-jp.bin,白虎・穿凰Ｇフット,Blood FX Greaves
0x43f454@mhfdat-jp.bin,白虎・穿凰GFフット,Byakko・穿凰G Feet
0x43f458@mhfdat-jp.bin,白虎・穿凰GXフット,Byakko・穿凰GF Feet
0x43f45c@mhfdat-jp.bin,朱雀・穿凰Ｇフット,Byakko・穿凰GX Feet
0x43f460@mhfdat-jp.bin,朱雀・穿凰GFフット,Suzaku・穿凰G Feet
0x43f464@mhfdat-jp.bin,朱雀・穿凰GXフット,Suzaku・穿凰GF Feet
0x43f468@mhfdat-jp.bin,玄武・穿凰Ｇフット,Suzaku・穿凰GX Feet
0x43f46c@mhfdat-jp.bin,玄武・穿凰GFフット,Genbu・穿凰G Feet
0x43f470@mhfdat-jp.bin,玄武・穿凰GXフット,Genbu・穿凰GF Feet
0x43f474@mhfdat-jp.bin,青龍・穿凰Ｇフット,Genbu・穿凰GX Feet
0x43f478@mhfdat-jp.bin,青龍・穿凰GFフット,Seiryu・穿凰G Feet
0x43f47c@mhfdat-jp.bin,青龍・穿凰GXフット,Seiryu・穿凰GF Feet
0x43f480@mhfdat-jp.bin,オナブルフット・赤,Seiryu・穿凰GX Feet
0x43f484@mhfdat-jp.bin,オナブルＦフット・赤,Honour Feet・Red
0x43f488@mhfdat-jp.bin,オナブルFZフット・赤,Honour F Feet・Red
0x43f48c@mhfdat-jp.bin,オナブルHSフット・赤,Honour FZ Feet・Red
0x43f490@mhfdat-jp.bin,オナブルGSフット・赤,Honour HS Feet・Red
0x43f494@mhfdat-jp.bin,オナブルGPフット・赤,Honour GS Feet・Red
0x43f498@mhfdat-jp.bin,オナブルブーツ・赤,Honour GP Feet・Red
0x43f49c@mhfdat-jp.bin,オナブルＦブーツ・赤,Honour Boots・Red
0x43f4a0@mhfdat-jp.bin,オナブルFZブーツ・赤,Honour F Boots・Red
0x43f4a4@mhfdat-jp.bin,オナブルHSブーツ・赤,Honour FZ Boots・Red
0x43f4a8@mhfdat-jp.bin,オナブルGSブーツ・赤,Honour HS Boots・Red
0x43f4ac@mhfdat-jp.bin,オナブルGPブーツ・赤,Honour GS Boots・Red
0x43f4b0@mhfdat-jp.bin,オナブルフット・青,Honour GP Boots・Red
0x43f4b4@mhfdat-jp.bin,オナブルＦフット・青,Honour Feet・Blue
0x43f4b8@mhfdat-jp.bin,オナブルFZフット・青,Honour F Feet・Blue
0x43f4bc@mhfdat-jp.bin,オナブルHSフット・青,Honour FZ Feet・Blue
0x43f4c0@mhfdat-jp.bin,オナブルGSフット・青,Honour HS Feet・Blue
0x43f4c4@mhfdat-jp.bin,オナブルGPフット・青,Honour GS Feet・Blue
0x43f4c8@mhfdat-jp.bin,オナブルブーツ・青,Honour GP Feet・Blue
0x43f4cc@mhfdat-jp.bin,オナブルＦブーツ・青,Honour Boots・Blue
0x43f4d0@mhfdat-jp.bin,オナブルFZブーツ・青,Honour F Boots・Blue
0x43f4d4@mhfdat-jp.bin,オナブルHSブーツ・青,Honour FZ Boots・Blue
0x43f4d8@mhfdat-jp.bin,オナブルGSブーツ・青,Honour HS Boots・Blue
0x43f4dc@mhfdat-jp.bin,オナブルGPブーツ・青,Honour GS Boots・Blue
0x43f4e0@mhfdat-jp.bin,オナブルフット・緑,Honour GP Boots・Blue
0x43f4e4@mhfdat-jp.bin,オナブルＦフット・緑,Honour Feet・Green
0x43f4e8@mhfdat-jp.bin,オナブルFZフット・緑,Honour F Feet・Green
0x43f4ec@mhfdat-jp.bin,オナブルHSフット・緑,Honour FZ Feet・Green
0x43f4f0@mhfdat-jp.bin,オナブルGSフット・緑,Honour HS Feet・Green
0x43f4f4@mhfdat-jp.bin,オナブルGPフット・緑,Honour GS Feet・Green
0x43f4f8@mhfdat-jp.bin,オナブルブーツ・緑,Honour GP Feet・Green
0x43f4fc@mhfdat-jp.bin,オナブルＦブーツ・緑,Honour Boots・Green
0x43f500@mhfdat-jp.bin,オナブルFZブーツ・緑,Honour F Boots・Green
0x43f504@mhfdat-jp.bin,オナブルHSブーツ・緑,Honour FZ Boots・Green
0x43f508@mhfdat-jp.bin,オナブルGSブーツ・緑,Honour HS Boots・Green
0x43f50c@mhfdat-jp.bin,オナブルGPブーツ・緑,Honour GS Boots・Green
0x43f510@mhfdat-jp.bin,オナブルフット・紺,Honour GP Boots・Green
0x43f514@mhfdat-jp.bin,オナブルＦフット・紺,Honour Feet・紺
0x43f518@mhfdat-jp.bin,オナブルFZフット・紺,Honour F Feet・紺
0x43f51c@mhfdat-jp.bin,オナブルHSフット・紺,Honour FZ Feet・紺
0x43f520@mhfdat-jp.bin,オナブルGSフット・紺,Honour HS Feet・紺
0x43f524@mhfdat-jp.bin,オナブルGPフット・紺,Honour GS Feet・紺
0x43f528@mhfdat-jp.bin,オナブルブーツ・紺,Honour GP Feet・紺
0x43f52c@mhfdat-jp.bin,オナブルＦブーツ・紺,Honour Boots・紺
0x43f530@mhfdat-jp.bin,オナブルFZブーツ・紺,Honour F Boots・紺
0x43f534@mhfdat-jp.bin,オナブルHSブーツ・紺,Honour FZ Boots・紺
0x43f538@mhfdat-jp.bin,オナブルGSブーツ・紺,Honour HS Boots・紺
0x43f53c@mhfdat-jp.bin,オナブルGPブーツ・紺,Honour GS Boots・紺
0x43f540@mhfdat-jp.bin,シェリフフット・茶,Honour GP Boots・紺
0x43f544@mhfdat-jp.bin,シェリフＦフット・茶,Sheriff Feet・Tea
0x43f548@mhfdat-jp.bin,シェリフFZフット・茶,Sheriff F Feet・Tea
0x43f54c@mhfdat-jp.bin,シェリフHSフット・茶,Sheriff FZ Feet・Tea
0x43f550@mhfdat-jp.bin,シェリフGSフット・茶,Sheriff HS Feet・Tea
0x43f554@mhfdat-jp.bin,シェリフGPフット・茶,Sheriff GS Feet・Tea
0x43f558@mhfdat-jp.bin,シェリフブーツ・茶,Sheriff GP Feet・Tea
0x43f55c@mhfdat-jp.bin,シェリフＦブーツ・茶,Sheriff Boots・Tea
0x43f560@mhfdat-jp.bin,シェリフFZブーツ・茶,Sheriff F Boots・Tea
0x43f564@mhfdat-jp.bin,シェリフHSブーツ・茶,Sheriff FZ Boots・Tea
0x43f568@mhfdat-jp.bin,シェリフGSブーツ・茶,Sheriff HS Boots・Tea
0x43f56c@mhfdat-jp.bin,シェリフGPブーツ・茶,Sheriff GS Boots・Tea
0x43f570@mhfdat-jp.bin,シェリフフット・黒,Sheriff GP Boots・Tea
0x43f574@mhfdat-jp.bin,シェリフＦフット・黒,Sheriff Feet・Black
0x43f578@mhfdat-jp.bin,シェリフFZフット・黒,Sheriff F Feet・Black
0x43f57c@mhfdat-jp.bin,シェリフHSフット・黒,Sheriff FZ Feet・Black
0x43f580@mhfdat-jp.bin,シェリフGSフット・黒,Sheriff HS Feet・Black
0x43f584@mhfdat-jp.bin,シェリフGPフット・黒,Sheriff GS Feet・Black
0x43f588@mhfdat-jp.bin,シェリフブーツ・黒,Sheriff GP Feet・Black
0x43f58c@mhfdat-jp.bin,シェリフＦブーツ・黒,Sheriff Boots・Black
0x43f590@mhfdat-jp.bin,シェリフFZブーツ・黒,Sheriff F Boots・Black
0x43f594@mhfdat-jp.bin,シェリフHSブーツ・黒,Sheriff FZ Boots・Black
0x43f598@mhfdat-jp.bin,シェリフGSブーツ・黒,Sheriff HS Boots・Black
0x43f59c@mhfdat-jp.bin,シェリフGPブーツ・黒,Sheriff GS Boots・Black
0x43f5a0@mhfdat-jp.bin,シェリフフット・青,Sheriff GP Boots・Black
0x43f5a4@mhfdat-jp.bin,シェリフＦフット・青,Sheriff Feet・Blue
0x43f5a8@mhfdat-jp.bin,シェリフFZフット・青,Sheriff F Feet・Blue
0x43f5ac@mhfdat-jp.bin,シェリフHSフット・青,Sheriff FZ Feet・Blue
0x43f5b0@mhfdat-jp.bin,シェリフGSフット・青,Sheriff HS Feet・Blue
0x43f5b4@mhfdat-jp.bin,シェリフGPフット・青,Sheriff GS Feet・Blue
0x43f5b8@mhfdat-jp.bin,シェリフブーツ・青,Sheriff GP Feet・Blue
0x43f5bc@mhfdat-jp.bin,シェリフＦブーツ・青,Sheriff Boots・Blue
0x43f5c0@mhfdat-jp.bin,シェリフFZブーツ・青,Sheriff F Boots・Blue
0x43f5c4@mhfdat-jp.bin,シェリフHSブーツ・青,Sheriff FZ Boots・Blue
0x43f5c8@mhfdat-jp.bin,シェリフGSブーツ・青,Sheriff HS Boots・Blue
0x43f5cc@mhfdat-jp.bin,シェリフGPブーツ・青,Sheriff GS Boots・Blue
0x43f5d0@mhfdat-jp.bin,シェリフフット・白,Sheriff GP Boots・Blue
0x43f5d4@mhfdat-jp.bin,シェリフＦフット・白,Sheriff Feet・White
0x43f5d8@mhfdat-jp.bin,シェリフFZフット・白,Sheriff F Feet・White
0x43f5dc@mhfdat-jp.bin,シェリフHSフット・白,Sheriff FZ Feet・White
0x43f5e0@mhfdat-jp.bin,シェリフGSフット・白,Sheriff HS Feet・White
0x43f5e4@mhfdat-jp.bin,シェリフGPフット・白,Sheriff GS Feet・White
0x43f5e8@mhfdat-jp.bin,シェリフブーツ・白,Sheriff GP Feet・White
0x43f5ec@mhfdat-jp.bin,シェリフＦブーツ・白,Sheriff Boots・White
0x43f5f0@mhfdat-jp.bin,シェリフFZブーツ・白,Sheriff F Boots・White
0x43f5f4@mhfdat-jp.bin,シェリフHSブーツ・白,Sheriff FZ Boots・White
0x43f5f8@mhfdat-jp.bin,シェリフGSブーツ・白,Sheriff HS Boots・White
0x43f5fc@mhfdat-jp.bin,シェリフGPブーツ・白,Sheriff GS Boots・White
0x43f600@mhfdat-jp.bin,月陽ノ袴,Sheriff GP Boots・White
0x43f604@mhfdat-jp.bin,月陽ノ袴・Ｆ,Moonlight Hakama
0x43f608@mhfdat-jp.bin,月陽ノ袴・FZ,Moonlight Hakama・F
0x43f60c@mhfdat-jp.bin,月陽ノ袴・HS,Moonlight Hakama・FZ
0x43f610@mhfdat-jp.bin,月陽ノ袴・GS,Moonlight Hakama・HS
0x43f614@mhfdat-jp.bin,月陽ノ袴・GP,Moonlight Hakama・GS
0x43f618@mhfdat-jp.bin,月陽ノ足袋,Moonlight Hakama・GP
0x43f61c@mhfdat-jp.bin,月陽ノ足袋・Ｆ,Moonlight Tabi
0x43f620@mhfdat-jp.bin,月陽ノ足袋・FZ,Moonlight Tabi・F
0x43f624@mhfdat-jp.bin,月陽ノ足袋・HS,Moonlight Tabi・FZ
0x43f628@mhfdat-jp.bin,月陽ノ足袋・GS,Moonlight Tabi・HS
0x43f62c@mhfdat-jp.bin,月陽ノ足袋・GP,Moonlight Tabi・GS
0x43f630@mhfdat-jp.bin,ゾデックGSフット・青,Moonlight Tabi・GP
0x43f634@mhfdat-jp.bin,ゾデックGPフット・青,Zodic GS Feet・Blue
0x43f638@mhfdat-jp.bin,ゾデックGSブーツ・青,Zodic GP Feet・Blue
0x43f63c@mhfdat-jp.bin,ゾデックGPブーツ・青,Zodic GS Boots・Blue
0x43f640@mhfdat-jp.bin,ゾデックGSフット・茶,Zodic GP Boots・Blue
0x43f644@mhfdat-jp.bin,ゾデックGPフット・茶,Zodic GS Feet・Tea
0x43f648@mhfdat-jp.bin,ゾデックGSブーツ・茶,Zodic GP Feet・Tea
0x43f64c@mhfdat-jp.bin,ゾデックGPブーツ・茶,Zodic GS Boots・Tea
0x43f650@mhfdat-jp.bin,ゾデックGSフット・緑,Zodic GP Boots・Tea
0x43f654@mhfdat-jp.bin,ゾデックGPフット・緑,Zodic GS Feet・Green
0x43f658@mhfdat-jp.bin,ゾデックGSブーツ・緑,Zodic GP Feet・Green
0x43f65c@mhfdat-jp.bin,ゾデックGPブーツ・緑,Zodic GS Boots・Green
0x43f660@mhfdat-jp.bin,ゾデックGSフット・桜,Zodic GP Boots・Green
0x43f664@mhfdat-jp.bin,ゾデックGPフット・桜,Zodic GS Feet・Pink
0x43f668@mhfdat-jp.bin,ゾデックGSブーツ・桜,Zodic GP Feet・Pink
0x43f66c@mhfdat-jp.bin,ゾデックGPブーツ・桜,Zodic GS Boots・Pink
0x43f670@mhfdat-jp.bin,ブリスFZブーツ【白】,Zodic GP Boots・Pink
0x43f674@mhfdat-jp.bin,ブリスHSブーツ【白】,Bliss FZ Boots [White 】
0x43f678@mhfdat-jp.bin,ブリスGSブーツ【白】,Bliss HS Boots [White 】
0x43f67c@mhfdat-jp.bin,ブリスGPブーツ【白】,Bliss GS Boots [White 】
0x43f680@mhfdat-jp.bin,ブリスFZブーツ【青】,Bliss GP Boots [White 】
0x43f684@mhfdat-jp.bin,ブリスHSブーツ【青】,Bliss FZ Boots [Blue 】
0x43f688@mhfdat-jp.bin,ブリスGSブーツ【青】,Bliss HS Boots [Blue 】
0x43f68c@mhfdat-jp.bin,ブリスGPブーツ【青】,Bliss GS Boots [Blue 】
0x43f690@mhfdat-jp.bin,ブリスFZブーツ【紫】,Bliss GP Boots [Blue 】
0x43f694@mhfdat-jp.bin,ブリスHSブーツ【紫】,Bliss FZ Boots [Purple 】
0x43f698@mhfdat-jp.bin,ブリスGSブーツ【紫】,Bliss HS Boots [Purple 】
0x43f69c@mhfdat-jp.bin,ブリスGPブーツ【紫】,Bliss GS Boots [Purple 】
0x43f6a0@mhfdat-jp.bin,ブリスFZブーツ【黄】,Bliss GP Boots [Purple 】
0x43f6a4@mhfdat-jp.bin,ブリスHSブーツ【黄】,Bliss FZ Boots [Yellow 】
0x43f6a8@mhfdat-jp.bin,ブリスGSブーツ【黄】,Bliss HS Boots [Yellow 】
0x43f6ac@mhfdat-jp.bin,ブリスGPブーツ【黄】,Bliss GS Boots [Yellow 】
0x43f6b0@mhfdat-jp.bin,しろねこ服FZブーツ,Bliss GP Boots [Yellow 】
0x43f6b4@mhfdat-jp.bin,しろねこ服HSブーツ,White Cat FZ Boots
0x43f6b8@mhfdat-jp.bin,しろねこ服GSブーツ,White Cat HS Boots
0x43f6bc@mhfdat-jp.bin,しろねこ服GPブーツ,White Cat GS Boots
0x43f6c0@mhfdat-jp.bin,ファランHSフット・白,White Cat GP Boots
0x43f6c4@mhfdat-jp.bin,ファランGSフット・白,Pharan HS Feet・White
0x43f6c8@mhfdat-jp.bin,ファランGPフット・白,Pharan GS Feet・White
0x43f6cc@mhfdat-jp.bin,ファランHSブーツ・白,Pharan GP Feet・White
0x43f6d0@mhfdat-jp.bin,ファランGSブーツ・白,Pharan HS Boots・White
0x43f6d4@mhfdat-jp.bin,ファランGPブーツ・白,Pharan GS Boots・White
0x43f6d8@mhfdat-jp.bin,ファランHSフット・黒,Pharan GP Boots・White
0x43f6dc@mhfdat-jp.bin,ファランGSフット・黒,Pharan HS Feet・Black
0x43f6e0@mhfdat-jp.bin,ファランGPフット・黒,Pharan GS Feet・Black
0x43f6e4@mhfdat-jp.bin,ファランHSブーツ・黒,Pharan GP Feet・Black
0x43f6e8@mhfdat-jp.bin,ファランGSブーツ・黒,Pharan HS Boots・Black
0x43f6ec@mhfdat-jp.bin,ファランGPブーツ・黒,Pharan GS Boots・Black
0x43f6f0@mhfdat-jp.bin,ファランHSフット・赤,Pharan GP Boots・Black
0x43f6f4@mhfdat-jp.bin,ファランGSフット・赤,Pharan HS Feet・Red
0x43f6f8@mhfdat-jp.bin,ファランGPフット・赤,Pharan GS Feet・Red
0x43f6fc@mhfdat-jp.bin,ファランHSブーツ・赤,Pharan GP Feet・Red
0x43f700@mhfdat-jp.bin,ファランGSブーツ・赤,Pharan HS Boots・Red
0x43f704@mhfdat-jp.bin,ファランGPブーツ・赤,Pharan GS Boots・Red
0x43f708@mhfdat-jp.bin,ファランHSフット・青,Pharan GP Boots・Red
0x43f70c@mhfdat-jp.bin,ファランGSフット・青,Pharan HS Feet・Blue
0x43f710@mhfdat-jp.bin,ファランGPフット・青,Pharan GS Feet・Blue
0x43f714@mhfdat-jp.bin,ファランHSブーツ・青,Pharan GP Feet・Blue
0x43f718@mhfdat-jp.bin,ファランGSブーツ・青,Pharan HS Boots・Blue
0x43f71c@mhfdat-jp.bin,ファランGPブーツ・青,Pharan GS Boots・Blue
0x43f720@mhfdat-jp.bin,グロリアGSフット・金,Pharan GP Boots・Blue
0x43f724@mhfdat-jp.bin,グロリアGPフット・金,Gloria GS Feet・Gold
0x43f728@mhfdat-jp.bin,グロリアGSブーツ・金,Gloria GP Feet・Gold
0x43f72c@mhfdat-jp.bin,グロリアGPブーツ・金,Gloria GS Boots・Gold
0x43f730@mhfdat-jp.bin,グロリアGSフット・青,Gloria GP Boots・Gold
0x43f734@mhfdat-jp.bin,グロリアGPフット・青,Gloria GS Feet・Blue
0x43f738@mhfdat-jp.bin,グロリアGSブーツ・青,Gloria GP Feet・Blue
0x43f73c@mhfdat-jp.bin,グロリアGPブーツ・青,Gloria GS Boots・Blue
0x43f740@mhfdat-jp.bin,グロリアGSフット・水,Gloria GP Boots・Blue
0x43f744@mhfdat-jp.bin,グロリアGPフット・水,Gloria GS Feet・Water
0x43f748@mhfdat-jp.bin,グロリアGSブーツ・水,Gloria GP Feet・Water
0x43f74c@mhfdat-jp.bin,グロリアGPブーツ・水,Gloria GS Boots・Water
0x43f750@mhfdat-jp.bin,グロリアGSフット・赤,Gloria GP Boots・Water
0x43f754@mhfdat-jp.bin,グロリアGPフット・赤,Gloria GS Feet・Red
0x43f758@mhfdat-jp.bin,グロリアGSブーツ・赤,Gloria GP Feet・Red
0x43f75c@mhfdat-jp.bin,グロリアGPブーツ・赤,Gloria GS Boots・Red
0x43f760@mhfdat-jp.bin,蘭蛮の袴・FZ黄,Gloria GP Boots・Red
0x43f764@mhfdat-jp.bin,蘭蛮の袴・HS黄,蘭蛮の Hakama・FZ Yellow
0x43f768@mhfdat-jp.bin,蘭蛮の袴・GS黄,蘭蛮の Hakama・HS Yellow
0x43f76c@mhfdat-jp.bin,蘭蛮の袴・GP黄,蘭蛮の Hakama・GS Yellow
0x43f770@mhfdat-jp.bin,蘭蛮の履・FZ黄,蘭蛮の Hakama・GP Yellow
0x43f774@mhfdat-jp.bin,蘭蛮の履・HS黄,蘭蛮の履・FZ Yellow
0x43f778@mhfdat-jp.bin,蘭蛮の履・GS黄,蘭蛮の履・HS Yellow
0x43f77c@mhfdat-jp.bin,蘭蛮の履・GP黄,蘭蛮の履・GS Yellow
0x43f780@mhfdat-jp.bin,蘭蛮の袴・FZ赤,蘭蛮の履・GP Yellow
0x43f784@mhfdat-jp.bin,蘭蛮の袴・HS赤,蘭蛮の Hakama・FZ Red
0x43f788@mhfdat-jp.bin,蘭蛮の袴・GS赤,蘭蛮の Hakama・HS Red
0x43f78c@mhfdat-jp.bin,蘭蛮の袴・GP赤,蘭蛮の Hakama・GS Red
0x43f790@mhfdat-jp.bin,蘭蛮の履・FZ赤,蘭蛮の Hakama・GP Red
0x43f794@mhfdat-jp.bin,蘭蛮の履・HS赤,蘭蛮の履・FZ Red
0x43f798@mhfdat-jp.bin,蘭蛮の履・GS赤,蘭蛮の履・HS Red
0x43f79c@mhfdat-jp.bin,蘭蛮の履・GP赤,蘭蛮の履・GS Red
0x43f7a0@mhfdat-jp.bin,蘭蛮の袴・FZ紫,蘭蛮の履・GP Red
0x43f7a4@mhfdat-jp.bin,蘭蛮の袴・HS紫,蘭蛮の Hakama・FZ Purple
0x43f7a8@mhfdat-jp.bin,蘭蛮の袴・GS紫,蘭蛮の Hakama・HS Purple
0x43f7ac@mhfdat-jp.bin,蘭蛮の袴・GP紫,蘭蛮の Hakama・GS Purple
0x43f7b0@mhfdat-jp.bin,蘭蛮の履・FZ紫,蘭蛮の Hakama・GP Purple
0x43f7b4@mhfdat-jp.bin,蘭蛮の履・HS紫,蘭蛮の履・FZ Purple
0x43f7b8@mhfdat-jp.bin,蘭蛮の履・GS紫,蘭蛮の履・HS Purple
0x43f7bc@mhfdat-jp.bin,蘭蛮の履・GP紫,蘭蛮の履・GS Purple
0x43f7c0@mhfdat-jp.bin,蘭蛮の袴・FZ金,蘭蛮の履・GP Purple
0x43f7c4@mhfdat-jp.bin,蘭蛮の袴・HS金,蘭蛮の Hakama・FZ Gold
0x43f7c8@mhfdat-jp.bin,蘭蛮の袴・GS金,蘭蛮の Hakama・HS Gold
0x43f7cc@mhfdat-jp.bin,蘭蛮の袴・GP金,蘭蛮の Hakama・GS Gold
0x43f7d0@mhfdat-jp.bin,蘭蛮の履・FZ金,蘭蛮の Hakama・GP Gold
0x43f7d4@mhfdat-jp.bin,蘭蛮の履・HS金,蘭蛮の履・FZ Gold
0x43f7d8@mhfdat-jp.bin,蘭蛮の履・GS金,蘭蛮の履・HS Gold
0x43f7dc@mhfdat-jp.bin,蘭蛮の履・GP金,蘭蛮の履・GS Gold
0x43f7e0@mhfdat-jp.bin,フェルムFZフット・黒,蘭蛮の履・GP Gold
0x43f7e4@mhfdat-jp.bin,フェルムHSフット・黒,Ferme FZ Feet・Black
0x43f7e8@mhfdat-jp.bin,フェルムGSフット・黒,Ferme HS Feet・Black
0x43f7ec@mhfdat-jp.bin,フェルムGPフット・黒,Ferme GS Feet・Black
0x43f7f0@mhfdat-jp.bin,フェルムFZブーツ・黒,Ferme GP Feet・Black
0x43f7f4@mhfdat-jp.bin,フェルムHSブーツ・黒,Ferme FZ Boots・Black
0x43f7f8@mhfdat-jp.bin,フェルムGSブーツ・黒,Ferme HS Boots・Black
0x43f7fc@mhfdat-jp.bin,フェルムGPブーツ・黒,Ferme GS Boots・Black
0x43f800@mhfdat-jp.bin,フェルムFZフット・赤,Ferme GP Boots・Black
0x43f804@mhfdat-jp.bin,フェルムHSフット・赤,Ferme FZ Feet・Red
0x43f808@mhfdat-jp.bin,フェルムGSフット・赤,Ferme HS Feet・Red
0x43f80c@mhfdat-jp.bin,フェルムGPフット・赤,Ferme GS Feet・Red
0x43f810@mhfdat-jp.bin,フェルムFZブーツ・赤,Ferme GP Feet・Red
0x43f814@mhfdat-jp.bin,フェルムHSブーツ・赤,Ferme FZ Boots・Red
0x43f818@mhfdat-jp.bin,フェルムGSブーツ・赤,Ferme HS Boots・Red
0x43f81c@mhfdat-jp.bin,フェルムGPブーツ・赤,Ferme GS Boots・Red
0x43f820@mhfdat-jp.bin,フェルムFZフット・白,Ferme GP Boots・Red
0x43f824@mhfdat-jp.bin,フェルムHSフット・白,Ferme FZ Feet・White
0x43f828@mhfdat-jp.bin,フェルムGSフット・白,Ferme HS Feet・White
0x43f82c@mhfdat-jp.bin,フェルムGPフット・白,Ferme GS Feet・White
0x43f830@mhfdat-jp.bin,フェルムFZブーツ・白,Ferme GP Feet・White
0x43f834@mhfdat-jp.bin,フェルムHSブーツ・白,Ferme FZ Boots・White
0x43f838@mhfdat-jp.bin,フェルムGSブーツ・白,Ferme HS Boots・White
0x43f83c@mhfdat-jp.bin,フェルムGPブーツ・白,Ferme GS Boots・White
0x43f840@mhfdat-jp.bin,フェルムFZフット・青,Ferme GP Boots・White
0x43f844@mhfdat-jp.bin,フェルムHSフット・青,Ferme FZ Feet・Blue
0x43f848@mhfdat-jp.bin,フェルムGSフット・青,Ferme HS Feet・Blue
0x43f84c@mhfdat-jp.bin,フェルムGPフット・青,Ferme GS Feet・Blue
0x43f850@mhfdat-jp.bin,フェルムFZブーツ・青,Ferme GP Feet・Blue
0x43f854@mhfdat-jp.bin,フェルムHSブーツ・青,Ferme FZ Boots・Blue
0x43f858@mhfdat-jp.bin,フェルムGSブーツ・青,Ferme HS Boots・Blue
0x43f85c@mhfdat-jp.bin,フェルムGPブーツ・青,Ferme GS Boots・Blue
0x43f860@mhfdat-jp.bin,トラスFZレギンス青,Ferme GP Boots・Blue
0x43f864@mhfdat-jp.bin,トラスHSレギンス青,Truss FZ Leggings Blue
0x43f868@mhfdat-jp.bin,トラスGSレギンス青,Truss HS Leggings Blue
0x43f86c@mhfdat-jp.bin,トラスGPレギンス青,Truss GS Leggings Blue
0x43f870@mhfdat-jp.bin,トラスFZシューズ青,Truss GP Leggings Blue
0x43f874@mhfdat-jp.bin,トラスHSシューズ青,Truss FZシューズ Blue
0x43f878@mhfdat-jp.bin,トラスGSシューズ青,Truss HSシューズ Blue
0x43f87c@mhfdat-jp.bin,トラスGPシューズ青,Truss GSシューズ Blue
0x43f880@mhfdat-jp.bin,トラスFZレギンス赤,Truss GPシューズ Blue
0x43f884@mhfdat-jp.bin,トラスHSレギンス赤,Truss FZ Leggings Red
0x43f888@mhfdat-jp.bin,トラスGSレギンス赤,Truss HS Leggings Red
0x43f88c@mhfdat-jp.bin,トラスGPレギンス赤,Truss GS Leggings Red
0x43f890@mhfdat-jp.bin,トラスFZシューズ赤,Truss GP Leggings Red
0x43f894@mhfdat-jp.bin,トラスHSシューズ赤,Truss FZシューズ Red
0x43f898@mhfdat-jp.bin,トラスGSシューズ赤,Truss HSシューズ Red
0x43f89c@mhfdat-jp.bin,トラスGPシューズ赤,Truss GSシューズ Red
0x43f8a0@mhfdat-jp.bin,トラスFZレギンス白,Truss GPシューズ Red
0x43f8a4@mhfdat-jp.bin,トラスHSレギンス白,Truss FZ Leggings White
0x43f8a8@mhfdat-jp.bin,トラスGSレギンス白,Truss HS Leggings White
0x43f8ac@mhfdat-jp.bin,トラスGPレギンス白,Truss GS Leggings White
0x43f8b0@mhfdat-jp.bin,トラスFZシューズ白,Truss GP Leggings White
0x43f8b4@mhfdat-jp.bin,トラスHSシューズ白,Truss FZシューズ White
0x43f8b8@mhfdat-jp.bin,トラスGSシューズ白,Truss HSシューズ White
0x43f8bc@mhfdat-jp.bin,トラスGPシューズ白,Truss GSシューズ White
0x43f8c0@mhfdat-jp.bin,トラスFZレギンス紫,Truss GPシューズ White
0x43f8c4@mhfdat-jp.bin,トラスHSレギンス紫,Truss FZ Leggings Purple
0x43f8c8@mhfdat-jp.bin,トラスGSレギンス紫,Truss HS Leggings Purple
0x43f8cc@mhfdat-jp.bin,トラスGPレギンス紫,Truss GS Leggings Purple
0x43f8d0@mhfdat-jp.bin,トラスFZシューズ紫,Truss GP Leggings Purple
0x43f8d4@mhfdat-jp.bin,トラスHSシューズ紫,Truss FZシューズ Purple
0x43f8d8@mhfdat-jp.bin,トラスGSシューズ紫,Truss HSシューズ Purple
0x43f8dc@mhfdat-jp.bin,トラスGPシューズ紫,Truss GSシューズ Purple
0x43f8e0@mhfdat-jp.bin,レイルHSグリーヴ,Truss GPシューズ Purple
0x43f8e4@mhfdat-jp.bin,レイルGSグリーヴ,Rail HS Greaves
0x43f8e8@mhfdat-jp.bin,レイルGPグリーヴ,Rail GS Greaves
0x43f8ec@mhfdat-jp.bin,レイルHSレギンス,Rail GP Greaves
0x43f8f0@mhfdat-jp.bin,レイルGSレギンス,Rail HS Leggings
0x43f8f4@mhfdat-jp.bin,レイルGPレギンス,Rail GS Leggings
0x43f8f8@mhfdat-jp.bin,リーデレHSグリーヴ,Rail GP Leggings
0x43f8fc@mhfdat-jp.bin,リーデレGSグリーヴ,Ridere HS Greaves
0x43f900@mhfdat-jp.bin,リーデレGPグリーヴ,Ridere GS Greaves
0x43f904@mhfdat-jp.bin,リーデレHSレギンス,Ridere GP Greaves
0x43f908@mhfdat-jp.bin,リーデレGSレギンス,Ridere HS Leggings
0x43f90c@mhfdat-jp.bin,リーデレGPレギンス,Ridere GS Leggings
0x43f910@mhfdat-jp.bin,リエットHSグリーヴ,Ridere GP Leggings
0x43f914@mhfdat-jp.bin,リエットGSグリーヴ,Riot HS Greaves
0x43f918@mhfdat-jp.bin,リエットGPグリーヴ,Riot GS Greaves
0x43f91c@mhfdat-jp.bin,リエットHSレギンス,Riot GP Greaves
0x43f920@mhfdat-jp.bin,リエットGSレギンス,Riot HS Leggings
0x43f924@mhfdat-jp.bin,リエットGPレギンス,Riot GS Leggings
0x43f928@mhfdat-jp.bin,ルターレHSグリーヴ,Riot GP Leggings
0x43f92c@mhfdat-jp.bin,ルターレGSグリーヴ,Rutare HS Greaves
0x43f930@mhfdat-jp.bin,ルターレGPグリーヴ,Rutare GS Greaves
0x43f934@mhfdat-jp.bin,ルターレHSレギンス,Rutare GP Greaves
0x43f938@mhfdat-jp.bin,ルターレGSレギンス,Rutare HS Leggings
0x43f93c@mhfdat-jp.bin,ルターレGPレギンス,Rutare GS Leggings
0x43f940@mhfdat-jp.bin,流転の具足・HS,Rutare GP Leggings
0x43f944@mhfdat-jp.bin,流転の具足・GS,Rolling Flow の Greaves・HS
0x43f948@mhfdat-jp.bin,流転の具足・GP,Rolling Flow の Greaves・GS
0x43f94c@mhfdat-jp.bin,旋転の具足・HS,Rolling Flow の Greaves・GP
0x43f950@mhfdat-jp.bin,旋転の具足・GS,旋転の Greaves・HS
0x43f954@mhfdat-jp.bin,旋転の具足・GP,旋転の Greaves・GS
0x43f958@mhfdat-jp.bin,嵐転の具足・HS,旋転の Greaves・GP
0x43f95c@mhfdat-jp.bin,嵐転の具足・GS,Rolling Sky の Greaves・HS
0x43f960@mhfdat-jp.bin,嵐転の具足・GP,Rolling Sky の Greaves・GS
0x43f964@mhfdat-jp.bin,地転の具足・HS,Rolling Sky の Greaves・GP
0x43f968@mhfdat-jp.bin,地転の具足・GS,Rolling Earth の Greaves・HS
0x43f96c@mhfdat-jp.bin,地転の具足・GP,Rolling Earth の Greaves・GS
0x43f970@mhfdat-jp.bin,ラトリアHSフット,Rolling Earth の Greaves・GP
0x43f974@mhfdat-jp.bin,ラトリアGSフット,Latria HS Feet
0x43f978@mhfdat-jp.bin,ラトリアGPフット,Latria GS Feet
0x43f97c@mhfdat-jp.bin,ラトリアHSブーツ,Latria GP Feet
0x43f980@mhfdat-jp.bin,ラトリアGSブーツ,Latria HS Boots
0x43f984@mhfdat-jp.bin,ラトリアGPブーツ,Latria GS Boots
0x43f988@mhfdat-jp.bin,コンタオHSフット,Latria GP Boots
0x43f98c@mhfdat-jp.bin,コンタオGSフット,Kontao HS Feet
0x43f990@mhfdat-jp.bin,コンタオGPフット,Kontao GS Feet
0x43f994@mhfdat-jp.bin,コンタオHSブーツ,Kontao GP Feet
0x43f998@mhfdat-jp.bin,コンタオGSブーツ,Kontao HS Boots
0x43f99c@mhfdat-jp.bin,コンタオGPブーツ,Kontao GS Boots
0x43f9a0@mhfdat-jp.bin,デリヴグリーヴ,Kontao GP Boots
0x43f9a4@mhfdat-jp.bin,デリヴＦグリーヴ,Deliver Greaves
0x43f9a8@mhfdat-jp.bin,デリヴFYグリーヴ,Deliver F Greaves
0x43f9ac@mhfdat-jp.bin,デリヴHSグリーヴ,Deliver FY Greaves
0x43f9b0@mhfdat-jp.bin,デリヴＧグリーヴ,Deliver HS Greaves
0x43f9b4@mhfdat-jp.bin,デリヴGFグリーヴ,Deliver G Greaves
0x43f9b8@mhfdat-jp.bin,デリヴGXグリーヴ,Deliver GF Greaves
0x43f9bc@mhfdat-jp.bin,デリヴレギンス,Deliver GX Greaves
0x43f9c0@mhfdat-jp.bin,デリヴＦレギンス,Deliver Leggings
0x43f9c4@mhfdat-jp.bin,デリヴFYレギンス,Deliver F Leggings
0x43f9c8@mhfdat-jp.bin,デリヴHSレギンス,Deliver FY Leggings
0x43f9cc@mhfdat-jp.bin,デリヴＧレギンス,Deliver HS Leggings
0x43f9d0@mhfdat-jp.bin,デリヴGFレギンス,Deliver G Leggings
0x43f9d4@mhfdat-jp.bin,デリヴGXレギンス,Deliver GF Leggings
0x43f9d8@mhfdat-jp.bin,アサークグリーヴ,Deliver GX Leggings
0x43f9dc@mhfdat-jp.bin,アサークＦグリーヴ,Asaku Greaves
0x43f9e0@mhfdat-jp.bin,アサークFYグリーヴ,Asaku F Greaves
0x43f9e4@mhfdat-jp.bin,アサークHSグリーヴ,Asaku FY Greaves
0x43f9e8@mhfdat-jp.bin,アサークＧグリーヴ,Asaku HS Greaves
0x43f9ec@mhfdat-jp.bin,アサークGFグリーヴ,Asaku G Greaves
0x43f9f0@mhfdat-jp.bin,アサークGXグリーヴ,Asaku GF Greaves
0x43f9f4@mhfdat-jp.bin,アサークレギンス,Asaku GX Greaves
0x43f9f8@mhfdat-jp.bin,アサークＦレギンス,Asaku Leggings
0x43f9fc@mhfdat-jp.bin,アサークFYレギンス,Asaku F Leggings
0x43fa00@mhfdat-jp.bin,アサークHSレギンス,Asaku FY Leggings
0x43fa04@mhfdat-jp.bin,アサークＧレギンス,Asaku HS Leggings
0x43fa08@mhfdat-jp.bin,アサークGFレギンス,Asaku G Leggings
0x43fa0c@mhfdat-jp.bin,アサークGXレギンス,Asaku GF Leggings
0x43fa10@mhfdat-jp.bin,ニスルグリーヴ,Asaku GX Leggings
0x43fa14@mhfdat-jp.bin,ニスルＦグリーヴ,Nisuru Greaves
0x43fa18@mhfdat-jp.bin,ニスルFYグリーヴ,Nisuru F Greaves
0x43fa1c@mhfdat-jp.bin,ニスルHSグリーヴ,Nisuru FY Greaves
0x43fa20@mhfdat-jp.bin,ニスルＧグリーヴ,Nisuru HS Greaves
0x43fa24@mhfdat-jp.bin,ニスルGFグリーヴ,Nisuru G Greaves
0x43fa28@mhfdat-jp.bin,ニスルGXグリーヴ,Nisuru GF Greaves
0x43fa2c@mhfdat-jp.bin,ニスルレギンス,Nisuru GX Greaves
0x43fa30@mhfdat-jp.bin,ニスルＦレギンス,Nisuru Leggings
0x43fa34@mhfdat-jp.bin,ニスルFYレギンス,Nisuru F Leggings
0x43fa38@mhfdat-jp.bin,ニスルHSレギンス,Nisuru FY Leggings
0x43fa3c@mhfdat-jp.bin,ニスルＧレギンス,Nisuru HS Leggings
0x43fa40@mhfdat-jp.bin,ニスルGFレギンス,Nisuru G Leggings
0x43fa44@mhfdat-jp.bin,ニスルGXレギンス,Nisuru GF Leggings
0x43fa48@mhfdat-jp.bin,コルーデグリーヴ,Nisuru GX Leggings
0x43fa4c@mhfdat-jp.bin,コルーデＦグリーヴ,Coord Greaves
0x43fa50@mhfdat-jp.bin,コルーデFYグリーヴ,Coord F Greaves
0x43fa54@mhfdat-jp.bin,コルーデHSグリーヴ,Coord FY Greaves
0x43fa58@mhfdat-jp.bin,コルーデＧグリーヴ,Coord HS Greaves
0x43fa5c@mhfdat-jp.bin,コルーデGFグリーヴ,Coord G Greaves
0x43fa60@mhfdat-jp.bin,コルーデGXグリーヴ,Coord GF Greaves
0x43fa64@mhfdat-jp.bin,コルーデレギンス,Coord GX Greaves
0x43fa68@mhfdat-jp.bin,コルーデＦレギンス,Coord Leggings
0x43fa6c@mhfdat-jp.bin,コルーデFYレギンス,Coord F Leggings
0x43fa70@mhfdat-jp.bin,コルーデHSレギンス,Coord FY Leggings
0x43fa74@mhfdat-jp.bin,コルーデＧレギンス,Coord HS Leggings
0x43fa78@mhfdat-jp.bin,コルーデGFレギンス,Coord G Leggings
0x43fa7c@mhfdat-jp.bin,コルーデGXレギンス,Coord GF Leggings
0x43fa80@mhfdat-jp.bin,レセーガグリーヴ,Coord GX Leggings
0x43fa84@mhfdat-jp.bin,レセーガＦグリーヴ,Resega Greaves
0x43fa88@mhfdat-jp.bin,レセーガFYグリーヴ,Resega F Greaves
0x43fa8c@mhfdat-jp.bin,レセーガHSグリーヴ,Resega FY Greaves
0x43fa90@mhfdat-jp.bin,レセーガＧグリーヴ,Resega HS Greaves
0x43fa94@mhfdat-jp.bin,レセーガGFグリーヴ,Resega G Greaves
0x43fa98@mhfdat-jp.bin,レセーガGXグリーヴ,Resega GF Greaves
0x43fa9c@mhfdat-jp.bin,レセーガレギンス,Resega GX Greaves
0x43faa0@mhfdat-jp.bin,レセーガＦレギンス,Resega Leggings
0x43faa4@mhfdat-jp.bin,レセーガFYレギンス,Resega F Leggings
0x43faa8@mhfdat-jp.bin,レセーガHSレギンス,Resega FY Leggings
0x43faac@mhfdat-jp.bin,レセーガＧレギンス,Resega HS Leggings
0x43fab0@mhfdat-jp.bin,レセーガGFレギンス,Resega G Leggings
0x43fab4@mhfdat-jp.bin,レセーガGXレギンス,Resega GF Leggings
0x43fab8@mhfdat-jp.bin,スフォルグリーヴ,Resega GX Leggings
0x43fabc@mhfdat-jp.bin,スフォルＦグリーヴ,Suforu Greaves
0x43fac0@mhfdat-jp.bin,スフォルFYグリーヴ,Suforu F Greaves
0x43fac4@mhfdat-jp.bin,スフォルHSグリーヴ,Suforu FY Greaves
0x43fac8@mhfdat-jp.bin,スフォルＧグリーヴ,Suforu HS Greaves
0x43facc@mhfdat-jp.bin,スフォルGFグリーヴ,Suforu G Greaves
0x43fad0@mhfdat-jp.bin,スフォルGXグリーヴ,Suforu GF Greaves
0x43fad4@mhfdat-jp.bin,スフォルレギンス,Suforu GX Greaves
0x43fad8@mhfdat-jp.bin,スフォルＦレギンス,Suforu Leggings
0x43fadc@mhfdat-jp.bin,スフォルFYレギンス,Suforu F Leggings
0x43fae0@mhfdat-jp.bin,スフォルHSレギンス,Suforu FY Leggings
0x43fae4@mhfdat-jp.bin,スフォルＧレギンス,Suforu HS Leggings
0x43fae8@mhfdat-jp.bin,スフォルGFレギンス,Suforu G Leggings
0x43faec@mhfdat-jp.bin,スフォルGXレギンス,Suforu GF Leggings
0x43faf0@mhfdat-jp.bin,ペルセグリーヴ,Suforu GX Leggings
0x43faf4@mhfdat-jp.bin,ペルセＦグリーヴ,Perce Greaves
0x43faf8@mhfdat-jp.bin,ペルセFYグリーヴ,Perce F Greaves
0x43fafc@mhfdat-jp.bin,ペルセHSグリーヴ,Perce FY Greaves
0x43fb00@mhfdat-jp.bin,ペルセＧグリーヴ,Perce HS Greaves
0x43fb04@mhfdat-jp.bin,ペルセGFグリーヴ,Perce G Greaves
0x43fb08@mhfdat-jp.bin,ペルセGXグリーヴ,Perce GF Greaves
0x43fb0c@mhfdat-jp.bin,ペルセレギンス,Perce GX Greaves
0x43fb10@mhfdat-jp.bin,ペルセＦレギンス,Perce Leggings
0x43fb14@mhfdat-jp.bin,ペルセFYレギンス,Perce F Leggings
0x43fb18@mhfdat-jp.bin,ペルセHSレギンス,Perce FY Leggings
0x43fb1c@mhfdat-jp.bin,ペルセＧレギンス,Perce HS Leggings
0x43fb20@mhfdat-jp.bin,ペルセGFレギンス,Perce G Leggings
0x43fb24@mhfdat-jp.bin,ペルセGXレギンス,Perce GF Leggings
0x43fb28@mhfdat-jp.bin,調査兵団フット,Perce GX Leggings
0x43fb2c@mhfdat-jp.bin,調査兵団Ｆフット,Survey Corps Feet
0x43fb30@mhfdat-jp.bin,調査兵団FZフット,Survey Corps F Feet
0x43fb34@mhfdat-jp.bin,調査兵団HSフット,Survey Corps FZ Feet
0x43fb38@mhfdat-jp.bin,調査兵団GSフット,Survey Corps HS Feet
0x43fb3c@mhfdat-jp.bin,調査兵団GPフット,Survey Corps GS Feet
0x43fb40@mhfdat-jp.bin,調査兵団ブーツ,Survey Corps GP Feet
0x43fb44@mhfdat-jp.bin,調査兵団Ｆブーツ,Survey Corps Boots
0x43fb48@mhfdat-jp.bin,調査兵団FZブーツ,Survey Corps F Boots
0x43fb4c@mhfdat-jp.bin,調査兵団HSブーツ,Survey Corps FZ Boots
0x43fb50@mhfdat-jp.bin,調査兵団GSブーツ,Survey Corps HS Boots
0x43fb54@mhfdat-jp.bin,調査兵団GPブーツ,Survey Corps GS Boots
0x43fb58@mhfdat-jp.bin,訓練兵団フット,Survey Corps GP Boots
0x43fb5c@mhfdat-jp.bin,訓練兵団Ｆフット,Training Corps Feet
0x43fb60@mhfdat-jp.bin,訓練兵団FZフット,Training Corps F Feet
0x43fb64@mhfdat-jp.bin,訓練兵団HSフット,Training Corps FZ Feet
0x43fb68@mhfdat-jp.bin,訓練兵団GSフット,Training Corps HS Feet
0x43fb6c@mhfdat-jp.bin,訓練兵団GPフット,Training Corps GS Feet
0x43fb70@mhfdat-jp.bin,訓練兵団ブーツ,Training Corps GP Feet
0x43fb74@mhfdat-jp.bin,訓練兵団Ｆブーツ,Training Corps Boots
0x43fb78@mhfdat-jp.bin,訓練兵団FZブーツ,Training Corps F Boots
0x43fb7c@mhfdat-jp.bin,訓練兵団HSブーツ,Training Corps FZ Boots
0x43fb80@mhfdat-jp.bin,訓練兵団GSブーツ,Training Corps HS Boots
0x43fb84@mhfdat-jp.bin,訓練兵団GPブーツ,Training Corps GS Boots
0x43fb88@mhfdat-jp.bin,ダミー,Training Corps GP Boots
0x43fb8c@mhfdat-jp.bin,ダミー,ダミー
0x43fb90@mhfdat-jp.bin,ダミー,ダミー
0x43fb94@mhfdat-jp.bin,ダミー,ダミー
0x43fb98@mhfdat-jp.bin,ダミー,ダミー
0x43fb9c@mhfdat-jp.bin,ダミー,ダミー
0x43fba0@mhfdat-jp.bin,ダミー,ダミー
0x43fba4@mhfdat-jp.bin,ダミー,ダミー
0x43fba8@mhfdat-jp.bin,ダミー,ダミー
0x43fbac@mhfdat-jp.bin,ダミー,ダミー
0x43fbb0@mhfdat-jp.bin,ダミー,ダミー
0x43fbb4@mhfdat-jp.bin,ダミー,ダミー
0x43fbb8@mhfdat-jp.bin,ダミー,ダミー
0x43fbbc@mhfdat-jp.bin,ダミー,ダミー
0x43fbc0@mhfdat-jp.bin,ダミー,ダミー
0x43fbc4@mhfdat-jp.bin,ダミー,ダミー
0x43fbc8@mhfdat-jp.bin,ダミー,ダミー
0x43fbcc@mhfdat-jp.bin,ダミー,ダミー
0x43fbd0@mhfdat-jp.bin,ダミー,ダミー
0x43fbd4@mhfdat-jp.bin,ダミー,ダミー
0x43fbd8@mhfdat-jp.bin,ダミー,ダミー
0x43fbdc@mhfdat-jp.bin,ダミー,ダミー
0x43fbe0@mhfdat-jp.bin,キャロルフット・金,ダミー
0x43fbe4@mhfdat-jp.bin,レイラフット,Carrol Feet・Gold
0x43fbe8@mhfdat-jp.bin,IS学園ブーツ・白,Leila Feet
0x43fbec@mhfdat-jp.bin,IS学園Ｆブーツ・白,IS Academy Boots・White
0x43fbf0@mhfdat-jp.bin,IS学園FZブーツ・白,IS Academy F Boots・White
0x43fbf4@mhfdat-jp.bin,IS学園HSブーツ・白,IS Academy FZ Boots・White
0x43fbf8@mhfdat-jp.bin,IS学園GSブーツ・白,IS Academy HS Boots・White
0x43fbfc@mhfdat-jp.bin,IS学園GPブーツ・白,IS Academy GS Boots・White
0x43fc00@mhfdat-jp.bin,IS学園レギンス・白,IS Academy GP Boots・White
0x43fc04@mhfdat-jp.bin,IS学園Ｆレギンス・白,IS Academy Leggings・White
0x43fc08@mhfdat-jp.bin,IS学園FZレギンス・白,IS Academy F Leggings・White
0x43fc0c@mhfdat-jp.bin,IS学園HSレギンス・白,IS Academy FZ Leggings・White
0x43fc10@mhfdat-jp.bin,IS学園GSレギンス・白,IS Academy HS Leggings・White
0x43fc14@mhfdat-jp.bin,IS学園GPレギンス・白,IS Academy GS Leggings・White
0x43fc18@mhfdat-jp.bin,IS学園ブーツ・青,IS Academy GP Leggings・White
0x43fc1c@mhfdat-jp.bin,IS学園Ｆブーツ・青,IS Academy Boots・Blue
0x43fc20@mhfdat-jp.bin,IS学園FZブーツ・青,IS Academy F Boots・Blue
0x43fc24@mhfdat-jp.bin,IS学園HSブーツ・青,IS Academy FZ Boots・Blue
0x43fc28@mhfdat-jp.bin,IS学園GSブーツ・青,IS Academy HS Boots・Blue
0x43fc2c@mhfdat-jp.bin,IS学園GPブーツ・青,IS Academy GS Boots・Blue
0x43fc30@mhfdat-jp.bin,IS学園レギンス・青,IS Academy GP Boots・Blue
0x43fc34@mhfdat-jp.bin,IS学園Ｆレギンス・青,IS Academy Leggings・Blue
0x43fc38@mhfdat-jp.bin,IS学園FZレギンス・青,IS Academy F Leggings・Blue
0x43fc3c@mhfdat-jp.bin,IS学園HSレギンス・青,IS Academy FZ Leggings・Blue
0x43fc40@mhfdat-jp.bin,IS学園GSレギンス・青,IS Academy HS Leggings・Blue
0x43fc44@mhfdat-jp.bin,IS学園GPレギンス・青,IS Academy GS Leggings・Blue
0x43fc48@mhfdat-jp.bin,IS学園ブーツ・黒,IS Academy GP Leggings・Blue
0x43fc4c@mhfdat-jp.bin,IS学園Ｆブーツ・黒,IS Academy Boots・Black
0x43fc50@mhfdat-jp.bin,IS学園FZブーツ・黒,IS Academy F Boots・Black
0x43fc54@mhfdat-jp.bin,IS学園HSブーツ・黒,IS Academy FZ Boots・Black
0x43fc58@mhfdat-jp.bin,IS学園GSブーツ・黒,IS Academy HS Boots・Black
0x43fc5c@mhfdat-jp.bin,IS学園GPブーツ・黒,IS Academy GS Boots・Black
0x43fc60@mhfdat-jp.bin,IS学園レギンス・黒,IS Academy GP Boots・Black
0x43fc64@mhfdat-jp.bin,IS学園Ｆレギンス・黒,IS Academy Leggings・Black
0x43fc68@mhfdat-jp.bin,IS学園FZレギンス・黒,IS Academy F Leggings・Black
0x43fc6c@mhfdat-jp.bin,IS学園HSレギンス・黒,IS Academy FZ Leggings・Black
0x43fc70@mhfdat-jp.bin,IS学園GSレギンス・黒,IS Academy HS Leggings・Black
0x43fc74@mhfdat-jp.bin,IS学園GPレギンス・黒,IS Academy GS Leggings・Black
0x43fc78@mhfdat-jp.bin,IS学園ブーツ・緑,IS Academy GP Leggings・Black
0x43fc7c@mhfdat-jp.bin,IS学園Ｆブーツ・緑,IS Academy Boots・Green
0x43fc80@mhfdat-jp.bin,IS学園FZブーツ・緑,IS Academy F Boots・Green
0x43fc84@mhfdat-jp.bin,IS学園HSブーツ・緑,IS Academy FZ Boots・Green
0x43fc88@mhfdat-jp.bin,IS学園GSブーツ・緑,IS Academy HS Boots・Green
0x43fc8c@mhfdat-jp.bin,IS学園GPブーツ・緑,IS Academy GS Boots・Green
0x43fc90@mhfdat-jp.bin,IS学園レギンス・緑,IS Academy GP Boots・Green
0x43fc94@mhfdat-jp.bin,IS学園Ｆレギンス・緑,IS Academy Leggings・Green
0x43fc98@mhfdat-jp.bin,IS学園FZレギンス・緑,IS Academy F Leggings・Green
0x43fc9c@mhfdat-jp.bin,IS学園HSレギンス・緑,IS Academy FZ Leggings・Green
0x43fca0@mhfdat-jp.bin,IS学園GSレギンス・緑,IS Academy HS Leggings・Green
0x43fca4@mhfdat-jp.bin,IS学園GPレギンス・緑,IS Academy GS Leggings・Green
0x43fca8@mhfdat-jp.bin,コムラダＧフット・赤,IS Academy GP Leggings・Green
0x43fcac@mhfdat-jp.bin,コムラダGFフット・赤,Comrade G Feet・Red
0x43fcb0@mhfdat-jp.bin,コムラダGXフット・赤,Comrade GF Feet・Red
0x43fcb4@mhfdat-jp.bin,コムラダＧブーツ・赤,Comrade GX Feet・Red
0x43fcb8@mhfdat-jp.bin,コムラダGFブーツ・赤,Comrade G Boots・Red
0x43fcbc@mhfdat-jp.bin,コムラダGXブーツ・赤,Comrade GF Boots・Red
0x43fcc0@mhfdat-jp.bin,コムラダＧフット・青,Comrade GX Boots・Red
0x43fcc4@mhfdat-jp.bin,コムラダGFフット・青,Comrade G Feet・Blue
0x43fcc8@mhfdat-jp.bin,コムラダGXフット・青,Comrade GF Feet・Blue
0x43fccc@mhfdat-jp.bin,コムラダＧブーツ・青,Comrade GX Feet・Blue
0x43fcd0@mhfdat-jp.bin,コムラダGFブーツ・青,Comrade G Boots・Blue
0x43fcd4@mhfdat-jp.bin,コムラダGXブーツ・青,Comrade GF Boots・Blue
0x43fcd8@mhfdat-jp.bin,コムラダＧフット・緑,Comrade GX Boots・Blue
0x43fcdc@mhfdat-jp.bin,コムラダGFフット・緑,Comrade G Feet・Green
0x43fce0@mhfdat-jp.bin,コムラダGXフット・緑,Comrade GF Feet・Green
0x43fce4@mhfdat-jp.bin,コムラダＧブーツ・緑,Comrade GX Feet・Green
0x43fce8@mhfdat-jp.bin,コムラダGFブーツ・緑,Comrade G Boots・Green
0x43fcec@mhfdat-jp.bin,コムラダGXブーツ・緑,Comrade GF Boots・Green
0x43fcf0@mhfdat-jp.bin,コムラダＧフット・橙,Comrade GX Boots・Green
0x43fcf4@mhfdat-jp.bin,コムラダGFフット・橙,Comrade G Feet・Orange
0x43fcf8@mhfdat-jp.bin,コムラダGXフット・橙,Comrade GF Feet・Orange
0x43fcfc@mhfdat-jp.bin,コムラダＧブーツ・橙,Comrade GX Feet・Orange
0x43fd00@mhfdat-jp.bin,コムラダGFブーツ・橙,Comrade G Boots・Orange
0x43fd04@mhfdat-jp.bin,コムラダGXブーツ・橙,Comrade GF Boots・Orange
0x43fd08@mhfdat-jp.bin,メランＧグリーヴ,Comrade GX Boots・Orange
0x43fd0c@mhfdat-jp.bin,メランGFグリーヴ,Melan G Greaves
0x43fd10@mhfdat-jp.bin,メランGXグリーヴ,Melan GF Greaves
0x43fd14@mhfdat-jp.bin,メランＧレギンス,Melan GX Greaves
0x43fd18@mhfdat-jp.bin,メランGFレギンス,Melan G Leggings
0x43fd1c@mhfdat-jp.bin,メランGXレギンス,Melan GF Leggings
0x43fd20@mhfdat-jp.bin,ルージュFYグリーヴ,Melan GX Leggings
0x43fd24@mhfdat-jp.bin,ルージュHCグリーヴ,Rouge FY Greaves
0x43fd28@mhfdat-jp.bin,ルージュＧグリーヴ,Rouge HC Greaves
0x43fd2c@mhfdat-jp.bin,ルージュGFグリーヴ,Rouge G Greaves
0x43fd30@mhfdat-jp.bin,ルージュGXグリーヴ,Rouge GF Greaves
0x43fd34@mhfdat-jp.bin,レギュクスGPフット,Rouge GX Greaves
0x43fd38@mhfdat-jp.bin,レギュクスGPブーツ,Regyukusu GP Feet
0x43fd3c@mhfdat-jp.bin,ベイルGPディバイダー,Regyukusu GP Boots
0x43fd40@mhfdat-jp.bin,ヴェルフGPグリーヴ,Beil GP Divider
0x43fd44@mhfdat-jp.bin,ヴェルフGPレギンス,ヴェルフGP Greaves
0x43fd48@mhfdat-jp.bin,テリオグGPグリーヴ,ヴェルフGP Leggings
0x43fd4c@mhfdat-jp.bin,テリオグGPレギンス,テリオグGP Greaves
0x43fd50@mhfdat-jp.bin,ぺたぺたグーク・白,テリオグGP Leggings
0x43fd54@mhfdat-jp.bin,ぺたぺたグークＦ・白,Patapatagook・White
0x43fd58@mhfdat-jp.bin,ぺたぺたグークFZ・白,Patapatagook F・White
0x43fd5c@mhfdat-jp.bin,ぺたぺたグークHS・白,Patapatagook FZ・White
0x43fd60@mhfdat-jp.bin,ぺたぺたグークGS・白,Patapatagook HS・White
0x43fd64@mhfdat-jp.bin,ぺたぺたグークGP・白,Patapatagook GS・White
0x43fd68@mhfdat-jp.bin,ぺたぺたグーク・灰,Patapatagook GP・White
0x43fd6c@mhfdat-jp.bin,ぺたぺたグークＦ・灰,Patapatagook・Ash
0x43fd70@mhfdat-jp.bin,ぺたぺたグークFZ・灰,Patapatagook F・Ash
0x43fd74@mhfdat-jp.bin,ぺたぺたグークHS・灰,Patapatagook FZ・Ash
0x43fd78@mhfdat-jp.bin,ぺたぺたグークGS・灰,Patapatagook HS・Ash
0x43fd7c@mhfdat-jp.bin,ぺたぺたグークGP・灰,Patapatagook GS・Ash
0x43fd80@mhfdat-jp.bin,ぺたぺたグーク・赤,Patapatagook GP・Ash
0x43fd84@mhfdat-jp.bin,ぺたぺたグークＦ・赤,Patapatagook・Red
0x43fd88@mhfdat-jp.bin,ぺたぺたグークFZ・赤,Patapatagook F・Red
0x43fd8c@mhfdat-jp.bin,ぺたぺたグークHS・赤,Patapatagook FZ・Red
0x43fd90@mhfdat-jp.bin,ぺたぺたグークGS・赤,Patapatagook HS・Red
0x43fd94@mhfdat-jp.bin,ぺたぺたグークGP・赤,Patapatagook GS・Red
0x43fd98@mhfdat-jp.bin,ヒプノＧグリーヴ,Patapatagook GP・Red
0x43fd9c@mhfdat-jp.bin,ヒプノGFグリーヴ,Hypnoc G Greaves
0x43fda0@mhfdat-jp.bin,ヒプノGXグリーヴ,Hypnoc GF Greaves
0x43fda4@mhfdat-jp.bin,ヒプノＧレギンス,Hypnoc GX Greaves
0x43fda8@mhfdat-jp.bin,ヒプノGFレギンス,Hypnoc G Leggings
0x43fdac@mhfdat-jp.bin,ヒプノGXレギンス,Hypnoc GF Leggings
0x43fdb0@mhfdat-jp.bin,フルンＧグリーヴ,Hypnoc GX Leggings
0x43fdb4@mhfdat-jp.bin,フルンGFグリーヴ,Red Khezu G Greaves
0x43fdb8@mhfdat-jp.bin,フルンGXグリーヴ,Red Khezu GF Greaves
0x43fdbc@mhfdat-jp.bin,フルンＧレギンス,Red Khezu GX Greaves
0x43fdc0@mhfdat-jp.bin,フルンGFレギンス,Red Khezu G Leggings
0x43fdc4@mhfdat-jp.bin,フルンGXレギンス,Red Khezu GF Leggings
0x43fdc8@mhfdat-jp.bin,モノブロスＧグリーヴ,Red Khezu GX Leggings
0x43fdcc@mhfdat-jp.bin,モノブロスGFグリーヴ,Monoblos G Greaves
0x43fdd0@mhfdat-jp.bin,モノブロスGXグリーヴ,Monoblos GF Greaves
0x43fdd4@mhfdat-jp.bin,モノブロスＧレギンス,Monoblos GX Greaves
0x43fdd8@mhfdat-jp.bin,モノブロスGFレギンス,Monoblos G Leggings
0x43fddc@mhfdat-jp.bin,モノブロスGXレギンス,Monoblos GF Leggings
0x43fde0@mhfdat-jp.bin,ヴァイスＧフェルゼ,Monoblos GX Leggings
0x43fde4@mhfdat-jp.bin,ヴァイスGFフェルゼ,Weiss G Heel
0x43fde8@mhfdat-jp.bin,ヴァイスGXフェルゼ,Weiss GF Heel
0x43fdec@mhfdat-jp.bin,ヴァイスＧアヴィレ,Weiss GX Heel
0x43fdf0@mhfdat-jp.bin,ヴァイスGFアヴィレ,Weiss G March
0x43fdf4@mhfdat-jp.bin,ヴァイスGXアヴィレ,Weiss GF March
0x43fdf8@mhfdat-jp.bin,ヴェノムＧグリーヴ,Weiss GX March
0x43fdfc@mhfdat-jp.bin,ヴェノムGFグリーヴ,Venom G Greaves
0x43fe00@mhfdat-jp.bin,ヴェノムGXグリーヴ,Venom GF Greaves
0x43fe04@mhfdat-jp.bin,ヴェノムＧレギンス,Venom GX Greaves
0x43fe08@mhfdat-jp.bin,ヴェノムGFレギンス,Venom G Leggings
0x43fe0c@mhfdat-jp.bin,ヴェノムGXレギンス,Venom GF Leggings
0x43fe10@mhfdat-jp.bin,雅孔【具足】,Venom GX Leggings
0x43fe14@mhfdat-jp.bin,雅孔Ｆ【具足】,Elegance [Greaves 】
0x43fe18@mhfdat-jp.bin,雅孔FX【具足】,Elegance F [Greaves 】
0x43fe1c@mhfdat-jp.bin,雅孔Ｇ【具足】,Elegance FX [Greaves 】
0x43fe20@mhfdat-jp.bin,雅孔GF【具足】,Elegance G [Greaves 】
0x43fe24@mhfdat-jp.bin,雅穿【具足】,Elegance GF [Greaves 】
0x43fe28@mhfdat-jp.bin,雅穿Ｆ【具足】,Grace [Greaves 】
0x43fe2c@mhfdat-jp.bin,雅穿FX【具足】,Grace F [Greaves 】
0x43fe30@mhfdat-jp.bin,雅穿Ｇ【具足】,Grace FX [Greaves 】
0x43fe34@mhfdat-jp.bin,雅穿GF【具足】,Grace G [Greaves 】
0x43fe38@mhfdat-jp.bin,雅深Ｇ【具足】,Grace GF [Greaves 】
0x43fe3c@mhfdat-jp.bin,雅深GF【具足】,Elegance G [Greaves 】
0x43fe40@mhfdat-jp.bin,雅深GX【具足】,Elegance GF [Greaves 】
0x43fe44@mhfdat-jp.bin,雅淵Ｇ【具足】,Elegance GX [Greaves 】
0x43fe48@mhfdat-jp.bin,雅淵GF【具足】,Grace G [Greaves 】
0x43fe4c@mhfdat-jp.bin,雅淵GX【具足】,Grace GF [Greaves 】
0x43fe50@mhfdat-jp.bin,ガルバペイル,Grace GX [Greaves 】
0x43fe54@mhfdat-jp.bin,ガルバＦペイル,Garuba ペイル
0x43fe58@mhfdat-jp.bin,ガルバFXペイル,Garuba Fペイル
0x43fe5c@mhfdat-jp.bin,ガルバＧペイル,Garuba FXペイル
0x43fe60@mhfdat-jp.bin,ガルバGFペイル,Garuba Gペイル
0x43fe64@mhfdat-jp.bin,ガルバハディ,Garuba GFペイル
0x43fe68@mhfdat-jp.bin,ガルバＦハディ,Garuba ハディ
0x43fe6c@mhfdat-jp.bin,ガルバFXハディ,Garuba Fハディ
0x43fe70@mhfdat-jp.bin,ガルバＧハディ,Garuba FXハディ
0x43fe74@mhfdat-jp.bin,ガルバGFハディ,Garuba Gハディ
0x43fe78@mhfdat-jp.bin,ウィンドGFペイル,Garuba GFハディ
0x43fe7c@mhfdat-jp.bin,ウィンドGFハディ,Wind GFペイル
0x43fe80@mhfdat-jp.bin,武者GF【具足】,Wind GFハディ
0x43fe84@mhfdat-jp.bin,日光GF【具足】,武者GF [Greaves 】
0x43fe88@mhfdat-jp.bin,白蘭・剣聖フット,日光GF [Greaves 】
0x43fe8c@mhfdat-jp.bin,白蘭・剣聖Ｆフット, White 蘭・Kensei Feet
0x43fe90@mhfdat-jp.bin,白蘭・剣聖FXフット,White 蘭・Kensei F Feet
0x43fe94@mhfdat-jp.bin,紅霞・剣聖フット,White 蘭・Kensei FX Feet
0x43fe98@mhfdat-jp.bin,紅霞・剣聖Ｆフット,Crimson 霞・Kensei Feet
0x43fe9c@mhfdat-jp.bin,紅霞・剣聖FXフット,Crimson 霞・Kensei F Feet
0x43fea0@mhfdat-jp.bin,白蘭・剣聖Ｇフット,Crimson 霞・Kensei FX Feet
0x43fea4@mhfdat-jp.bin,白蘭・剣聖GFフット,White 蘭・Kensei G Feet
0x43fea8@mhfdat-jp.bin,白蘭・剣聖GXフット,White 蘭・Kensei GF Feet
0x43feac@mhfdat-jp.bin,月夜・剣聖Ｇフット,White 蘭・Kensei GX Feet
0x43feb0@mhfdat-jp.bin,月夜・剣聖GFフット,月夜・Kensei G Feet
0x43feb4@mhfdat-jp.bin,月夜・剣聖GXフット,月夜・Kensei GF Feet
0x43feb8@mhfdat-jp.bin,紅霞・剣聖Ｇフット,月夜・Kensei GX Feet
0x43febc@mhfdat-jp.bin,紅霞・剣聖GFフット,Crimson 霞・Kensei G Feet
0x43fec0@mhfdat-jp.bin,紅霞・剣聖GXフット,Crimson 霞・Kensei GF Feet
0x43fec4@mhfdat-jp.bin,蒼穹・剣聖Ｇフット,Crimson 霞・Kensei GX Feet
0x43fec8@mhfdat-jp.bin,蒼穹・剣聖GFフット,Green 穹・Kensei G Feet
0x43fecc@mhfdat-jp.bin,蒼穹・剣聖GXフット,Green 穹・Kensei GF Feet
0x43fed0@mhfdat-jp.bin,白蘭・双龍フット,Green 穹・Kensei GX Feet
0x43fed4@mhfdat-jp.bin,白蘭・双龍Ｆフット,White 蘭・双龍 Feet
0x43fed8@mhfdat-jp.bin,白蘭・双龍FXフット,White 蘭・双龍F Feet
0x43fedc@mhfdat-jp.bin,紅霞・双龍フット,White 蘭・双龍FX Feet
0x43fee0@mhfdat-jp.bin,紅霞・双龍Ｆフット,Crimson 霞・双龍 Feet
0x43fee4@mhfdat-jp.bin,紅霞・双龍FXフット,Crimson 霞・双龍F Feet
0x43fee8@mhfdat-jp.bin,白蘭・双龍Ｇフット,Crimson 霞・双龍FX Feet
0x43feec@mhfdat-jp.bin,白蘭・双龍GFフット,White 蘭・双龍G Feet
0x43fef0@mhfdat-jp.bin,白蘭・双龍GXフット,White 蘭・双龍GF Feet
0x43fef4@mhfdat-jp.bin,月夜・双龍Ｇフット,White 蘭・双龍GX Feet
0x43fef8@mhfdat-jp.bin,月夜・双龍GFフット,月夜・双龍G Feet
0x43fefc@mhfdat-jp.bin,月夜・双龍GXフット,月夜・双龍GF Feet
0x43ff00@mhfdat-jp.bin,紅霞・双龍Ｇフット,月夜・双龍GX Feet
0x43ff04@mhfdat-jp.bin,紅霞・双龍GFフット,Crimson 霞・双龍G Feet
0x43ff08@mhfdat-jp.bin,紅霞・双龍GXフット,Crimson 霞・双龍GF Feet
0x43ff0c@mhfdat-jp.bin,蒼穹・双龍Ｇフット,Crimson 霞・双龍GX Feet
0x43ff10@mhfdat-jp.bin,蒼穹・双龍GFフット,Green 穹・双龍G Feet
0x43ff14@mhfdat-jp.bin,蒼穹・双龍GXフット,Green 穹・双龍GF Feet
0x43ff18@mhfdat-jp.bin,白蘭・剣王フット,Green 穹・双龍GX Feet
0x43ff1c@mhfdat-jp.bin,白蘭・剣王Ｆフット,White 蘭・Blade 王 Feet
0x43ff20@mhfdat-jp.bin,白蘭・剣王FXフット,White 蘭・Blade 王F Feet
0x43ff24@mhfdat-jp.bin,紅霞・剣王フット,White 蘭・Blade 王FX Feet
0x43ff28@mhfdat-jp.bin,紅霞・剣王Ｆフット,Crimson 霞・Blade 王 Feet
0x43ff2c@mhfdat-jp.bin,紅霞・剣王FXフット,Crimson 霞・Blade 王F Feet
0x43ff30@mhfdat-jp.bin,白蘭・剣王Ｇフット,Crimson 霞・Blade 王FX Feet
0x43ff34@mhfdat-jp.bin,白蘭・剣王GFフット,White 蘭・Blade 王G Feet
0x43ff38@mhfdat-jp.bin,白蘭・剣王GXフット,White 蘭・Blade 王GF Feet
0x43ff3c@mhfdat-jp.bin,月夜・剣王Ｇフット,White 蘭・Blade 王GX Feet
0x43ff40@mhfdat-jp.bin,月夜・剣王GFフット,月夜・Blade 王G Feet
0x43ff44@mhfdat-jp.bin,月夜・剣王GXフット,月夜・Blade 王GF Feet
0x43ff48@mhfdat-jp.bin,紅霞・剣王Ｇフット,月夜・Blade 王GX Feet
0x43ff4c@mhfdat-jp.bin,紅霞・剣王GFフット,Crimson 霞・Blade 王G Feet
0x43ff50@mhfdat-jp.bin,紅霞・剣王GXフット,Crimson 霞・Blade 王GF Feet
0x43ff54@mhfdat-jp.bin,蒼穹・剣王Ｇフット,Crimson 霞・Blade 王GX Feet
0x43ff58@mhfdat-jp.bin,蒼穹・剣王GFフット,Green 穹・Blade 王G Feet
0x43ff5c@mhfdat-jp.bin,蒼穹・剣王GXフット,Green 穹・Blade 王GF Feet
0x43ff60@mhfdat-jp.bin,白蘭・刀神フット,Green 穹・Blade 王GX Feet
0x43ff64@mhfdat-jp.bin,白蘭・刀神Ｆフット,White 蘭・刀神 Feet
0x43ff68@mhfdat-jp.bin,白蘭・刀神FXフット,White 蘭・刀神F Feet
0x43ff6c@mhfdat-jp.bin,紅霞・刀神フット,White 蘭・刀神FX Feet
0x43ff70@mhfdat-jp.bin,紅霞・刀神Ｆフット,Crimson 霞・刀神 Feet
0x43ff74@mhfdat-jp.bin,紅霞・刀神FXフット,Crimson 霞・刀神F Feet
0x43ff78@mhfdat-jp.bin,白蘭・刀神Ｇフット,Crimson 霞・刀神FX Feet
0x43ff7c@mhfdat-jp.bin,白蘭・刀神GFフット,White 蘭・刀神G Feet
0x43ff80@mhfdat-jp.bin,白蘭・刀神GXフット,White 蘭・刀神GF Feet
0x43ff84@mhfdat-jp.bin,月夜・刀神Ｇフット,White 蘭・刀神GX Feet
0x43ff88@mhfdat-jp.bin,月夜・刀神GFフット,月夜・刀神G Feet
0x43ff8c@mhfdat-jp.bin,月夜・刀神GXフット,月夜・刀神GF Feet
0x43ff90@mhfdat-jp.bin,紅霞・刀神Ｇフット,月夜・刀神GX Feet
0x43ff94@mhfdat-jp.bin,紅霞・刀神GFフット,Crimson 霞・刀神G Feet
0x43ff98@mhfdat-jp.bin,紅霞・刀神GXフット,Crimson 霞・刀神GF Feet
0x43ff9c@mhfdat-jp.bin,蒼穹・刀神Ｇフット,Crimson 霞・刀神GX Feet
0x43ffa0@mhfdat-jp.bin,蒼穹・刀神GFフット,Green 穹・刀神G Feet
0x43ffa4@mhfdat-jp.bin,蒼穹・刀神GXフット,Green 穹・刀神GF Feet
0x43ffa8@mhfdat-jp.bin,白蘭・鈍器獣フット,Green 穹・刀神GX Feet
0x43ffac@mhfdat-jp.bin,白蘭・鈍器獣Ｆフット,White 蘭・鈍器獣 Feet
0x43ffb0@mhfdat-jp.bin,白蘭・鈍器獣FXフット,White 蘭・鈍器獣F Feet
0x43ffb4@mhfdat-jp.bin,紅霞・鈍器獣フット,White 蘭・鈍器獣FX Feet
0x43ffb8@mhfdat-jp.bin,紅霞・鈍器獣Ｆフット,Crimson 霞・鈍器獣 Feet
0x43ffbc@mhfdat-jp.bin,紅霞・鈍器獣FXフット,Crimson 霞・鈍器獣F Feet
0x43ffc0@mhfdat-jp.bin,白蘭・鈍器獣Ｇフット,Crimson 霞・鈍器獣FX Feet
0x43ffc4@mhfdat-jp.bin,白蘭・鈍器獣GFフット,White 蘭・鈍器獣G Feet
0x43ffc8@mhfdat-jp.bin,白蘭・鈍器獣GXフット,White 蘭・鈍器獣GF Feet
0x43ffcc@mhfdat-jp.bin,月夜・鈍器獣Ｇフット,White 蘭・鈍器獣GX Feet
0x43ffd0@mhfdat-jp.bin,月夜・鈍器獣GFフット,月夜・鈍器獣G Feet
0x43ffd4@mhfdat-jp.bin,月夜・鈍器獣GXフット,月夜・鈍器獣GF Feet
0x43ffd8@mhfdat-jp.bin,紅霞・鈍器獣Ｇフット,月夜・鈍器獣GX Feet
0x43ffdc@mhfdat-jp.bin,紅霞・鈍器獣GFフット,Crimson 霞・鈍器獣G Feet
0x43ffe0@mhfdat-jp.bin,紅霞・鈍器獣GXフット,Crimson 霞・鈍器獣GF Feet
0x43ffe4@mhfdat-jp.bin,蒼穹・鈍器獣Ｇフット,Crimson 霞・鈍器獣GX Feet
0x43ffe8@mhfdat-jp.bin,蒼穹・鈍器獣GFフット,Green 穹・鈍器獣G Feet
0x43ffec@mhfdat-jp.bin,蒼穹・鈍器獣GXフット,Green 穹・鈍器獣GF Feet
0x43fff0@mhfdat-jp.bin,白蘭・奏帝フット,Green 穹・鈍器獣GX Feet
0x43fff4@mhfdat-jp.bin,白蘭・奏帝Ｆフット,White 蘭・奏帝 Feet
0x43fff8@mhfdat-jp.bin,白蘭・奏帝FXフット,White 蘭・奏帝F Feet
0x43fffc@mhfdat-jp.bin,紅霞・奏帝フット,White 蘭・奏帝FX Feet
0x440000@mhfdat-jp.bin,紅霞・奏帝Ｆフット,Crimson 霞・奏帝 Feet
0x440004@mhfdat-jp.bin,紅霞・奏帝FXフット,Crimson 霞・奏帝F Feet
0x440008@mhfdat-jp.bin,白蘭・奏帝Ｇフット,Crimson 霞・奏帝FX Feet
0x44000c@mhfdat-jp.bin,白蘭・奏帝GFフット,White 蘭・奏帝G Feet
0x440010@mhfdat-jp.bin,白蘭・奏帝GXフット,White 蘭・奏帝GF Feet
0x440014@mhfdat-jp.bin,月夜・奏帝Ｇフット,White 蘭・奏帝GX Feet
0x440018@mhfdat-jp.bin,月夜・奏帝GFフット,月夜・奏帝G Feet
0x44001c@mhfdat-jp.bin,月夜・奏帝GXフット,月夜・奏帝GF Feet
0x440020@mhfdat-jp.bin,紅霞・奏帝Ｇフット,月夜・奏帝GX Feet
0x440024@mhfdat-jp.bin,紅霞・奏帝GFフット,Crimson 霞・奏帝G Feet
0x440028@mhfdat-jp.bin,紅霞・奏帝GXフット,Crimson 霞・奏帝GF Feet
0x44002c@mhfdat-jp.bin,蒼穹・奏帝Ｇフット,Crimson 霞・奏帝GX Feet
0x440030@mhfdat-jp.bin,蒼穹・奏帝GFフット,Green 穹・奏帝G Feet
0x440034@mhfdat-jp.bin,蒼穹・奏帝GXフット,Green 穹・奏帝GF Feet
0x440038@mhfdat-jp.bin,白蘭・天槍フット,Green 穹・奏帝GX Feet
0x44003c@mhfdat-jp.bin,白蘭・天槍Ｆフット,White 蘭・Heaven 槍 Feet
0x440040@mhfdat-jp.bin,白蘭・天槍FXフット,White 蘭・Heaven 槍F Feet
0x440044@mhfdat-jp.bin,紅霞・天槍フット,White 蘭・Heaven 槍FX Feet
0x440048@mhfdat-jp.bin,紅霞・天槍Ｆフット,Crimson 霞・Heaven 槍 Feet
0x44004c@mhfdat-jp.bin,紅霞・天槍FXフット,Crimson 霞・Heaven 槍F Feet
0x440050@mhfdat-jp.bin,白蘭・天槍Ｇフット,Crimson 霞・Heaven 槍FX Feet
0x440054@mhfdat-jp.bin,白蘭・天槍GFフット,White 蘭・Heaven 槍G Feet
0x440058@mhfdat-jp.bin,白蘭・天槍GXフット,White 蘭・Heaven 槍GF Feet
0x44005c@mhfdat-jp.bin,月夜・天槍Ｇフット,White 蘭・Heaven 槍GX Feet
0x440060@mhfdat-jp.bin,月夜・天槍GFフット,月夜・Heaven 槍G Feet
0x440064@mhfdat-jp.bin,月夜・天槍GXフット,月夜・Heaven 槍GF Feet
0x440068@mhfdat-jp.bin,紅霞・天槍Ｇフット,月夜・Heaven 槍GX Feet
0x44006c@mhfdat-jp.bin,紅霞・天槍GFフット,Crimson 霞・Heaven 槍G Feet
0x440070@mhfdat-jp.bin,紅霞・天槍GXフット,Crimson 霞・Heaven 槍GF Feet
0x440074@mhfdat-jp.bin,蒼穹・天槍Ｇフット,Crimson 霞・Heaven 槍GX Feet
0x440078@mhfdat-jp.bin,蒼穹・天槍GFフット,Green 穹・Heaven 槍G Feet
0x44007c@mhfdat-jp.bin,蒼穹・天槍GXフット,Green 穹・Heaven 槍GF Feet
0x440080@mhfdat-jp.bin,白蘭・砲皇フット,Green 穹・Heaven 槍GX Feet
0x440084@mhfdat-jp.bin,白蘭・砲皇Ｆフット,White 蘭・砲皇 Feet
0x440088@mhfdat-jp.bin,白蘭・砲皇FXフット,White 蘭・砲皇F Feet
0x44008c@mhfdat-jp.bin,紅霞・砲皇フット,White 蘭・砲皇FX Feet
0x440090@mhfdat-jp.bin,紅霞・砲皇Ｆフット,Crimson 霞・砲皇 Feet
0x440094@mhfdat-jp.bin,紅霞・砲皇FXフット,Crimson 霞・砲皇F Feet
0x440098@mhfdat-jp.bin,白蘭・砲皇Ｇフット,Crimson 霞・砲皇FX Feet
0x44009c@mhfdat-jp.bin,白蘭・砲皇GFフット,White 蘭・砲皇G Feet
0x4400a0@mhfdat-jp.bin,白蘭・砲皇GXフット,White 蘭・砲皇GF Feet
0x4400a4@mhfdat-jp.bin,月夜・砲皇Ｇフット,White 蘭・砲皇GX Feet
0x4400a8@mhfdat-jp.bin,月夜・砲皇GFフット,月夜・砲皇G Feet
0x4400ac@mhfdat-jp.bin,月夜・砲皇GXフット,月夜・砲皇GF Feet
0x4400b0@mhfdat-jp.bin,紅霞・砲皇Ｇフット,月夜・砲皇GX Feet
0x4400b4@mhfdat-jp.bin,紅霞・砲皇GFフット,Crimson 霞・砲皇G Feet
0x4400b8@mhfdat-jp.bin,紅霞・砲皇GXフット,Crimson 霞・砲皇GF Feet
0x4400bc@mhfdat-jp.bin,蒼穹・砲皇Ｇフット,Crimson 霞・砲皇GX Feet
0x4400c0@mhfdat-jp.bin,蒼穹・砲皇GFフット,Green 穹・砲皇G Feet
0x4400c4@mhfdat-jp.bin,蒼穹・砲皇GXフット,Green 穹・砲皇GF Feet
0x4400c8@mhfdat-jp.bin,白蘭・穿凰フット,Green 穹・砲皇GX Feet
0x4400cc@mhfdat-jp.bin,白蘭・穿凰Ｆフット,White 蘭・穿凰 Feet
0x4400d0@mhfdat-jp.bin,白蘭・穿凰FXフット,White 蘭・穿凰F Feet
0x4400d4@mhfdat-jp.bin,紅霞・穿凰フット,White 蘭・穿凰FX Feet
0x4400d8@mhfdat-jp.bin,紅霞・穿凰Ｆフット,Crimson 霞・穿凰 Feet
0x4400dc@mhfdat-jp.bin,紅霞・穿凰FXフット,Crimson 霞・穿凰F Feet
0x4400e0@mhfdat-jp.bin,白蘭・穿凰Ｇフット,Crimson 霞・穿凰FX Feet
0x4400e4@mhfdat-jp.bin,白蘭・穿凰GFフット,White 蘭・穿凰G Feet
0x4400e8@mhfdat-jp.bin,白蘭・穿凰GXフット,White 蘭・穿凰GF Feet
0x4400ec@mhfdat-jp.bin,月夜・穿凰Ｇフット,White 蘭・穿凰GX Feet
0x4400f0@mhfdat-jp.bin,月夜・穿凰GFフット,月夜・穿凰G Feet
0x4400f4@mhfdat-jp.bin,月夜・穿凰GXフット,月夜・穿凰GF Feet
0x4400f8@mhfdat-jp.bin,紅霞・穿凰Ｇフット,月夜・穿凰GX Feet
0x4400fc@mhfdat-jp.bin,紅霞・穿凰GFフット,Crimson 霞・穿凰G Feet
0x440100@mhfdat-jp.bin,紅霞・穿凰GXフット,Crimson 霞・穿凰GF Feet
0x440104@mhfdat-jp.bin,蒼穹・穿凰Ｇフット,Crimson 霞・穿凰GX Feet
0x440108@mhfdat-jp.bin,蒼穹・穿凰GFフット,Green 穹・穿凰G Feet
0x44010c@mhfdat-jp.bin,蒼穹・穿凰GXフット,Green 穹・穿凰GF Feet
0x440110@mhfdat-jp.bin,白蘭・銃仙ブーツ,Green 穹・穿凰GX Feet
0x440114@mhfdat-jp.bin,白蘭・銃仙Ｆブーツ,White 蘭・銃仙 Boots
0x440118@mhfdat-jp.bin,白蘭・銃仙FXブーツ,White 蘭・銃仙F Boots
0x44011c@mhfdat-jp.bin,紅霞・銃仙ブーツ,White 蘭・銃仙FX Boots
0x440120@mhfdat-jp.bin,紅霞・銃仙Ｆブーツ,Crimson 霞・銃仙 Boots
0x440124@mhfdat-jp.bin,紅霞・銃仙FXブーツ,Crimson 霞・銃仙F Boots
0x440128@mhfdat-jp.bin,白蘭・銃仙Ｇブーツ,Crimson 霞・銃仙FX Boots
0x44012c@mhfdat-jp.bin,白蘭・銃仙GFブーツ,White 蘭・銃仙G Boots
0x440130@mhfdat-jp.bin,白蘭・銃仙GXブーツ,White 蘭・銃仙GF Boots
0x440134@mhfdat-jp.bin,月夜・銃仙Ｇブーツ,White 蘭・銃仙GX Boots
0x440138@mhfdat-jp.bin,月夜・銃仙GFブーツ,月夜・銃仙G Boots
0x44013c@mhfdat-jp.bin,月夜・銃仙GXブーツ,月夜・銃仙GF Boots
0x440140@mhfdat-jp.bin,紅霞・銃仙Ｇブーツ,月夜・銃仙GX Boots
0x440144@mhfdat-jp.bin,紅霞・銃仙GFブーツ,Crimson 霞・銃仙G Boots
0x440148@mhfdat-jp.bin,紅霞・銃仙GXブーツ,Crimson 霞・銃仙GF Boots
0x44014c@mhfdat-jp.bin,蒼穹・銃仙Ｇブーツ,Crimson 霞・銃仙GX Boots
0x440150@mhfdat-jp.bin,蒼穹・銃仙GFブーツ,Green 穹・銃仙G Boots
0x440154@mhfdat-jp.bin,蒼穹・銃仙GXブーツ,Green 穹・銃仙GF Boots
0x440158@mhfdat-jp.bin,白蘭・銃傑ブーツ,Green 穹・銃仙GX Boots
0x44015c@mhfdat-jp.bin,白蘭・銃傑Ｆブーツ,White 蘭・銃傑 Boots
0x440160@mhfdat-jp.bin,白蘭・銃傑FXブーツ,White 蘭・銃傑F Boots
0x440164@mhfdat-jp.bin,紅霞・銃傑ブーツ,White 蘭・銃傑FX Boots
0x440168@mhfdat-jp.bin,紅霞・銃傑Ｆブーツ,Crimson 霞・銃傑 Boots
0x44016c@mhfdat-jp.bin,紅霞・銃傑FXブーツ,Crimson 霞・銃傑F Boots
0x440170@mhfdat-jp.bin,白蘭・銃傑Ｇブーツ,Crimson 霞・銃傑FX Boots
0x440174@mhfdat-jp.bin,白蘭・銃傑GFブーツ,White 蘭・銃傑G Boots
0x440178@mhfdat-jp.bin,白蘭・銃傑GXブーツ,White 蘭・銃傑GF Boots
0x44017c@mhfdat-jp.bin,月夜・銃傑Ｇブーツ,White 蘭・銃傑GX Boots
0x440180@mhfdat-jp.bin,月夜・銃傑GFブーツ,月夜・銃傑G Boots
0x440184@mhfdat-jp.bin,月夜・銃傑GXブーツ,月夜・銃傑GF Boots
0x440188@mhfdat-jp.bin,紅霞・銃傑Ｇブーツ,月夜・銃傑GX Boots
0x44018c@mhfdat-jp.bin,紅霞・銃傑GFブーツ,Crimson 霞・銃傑G Boots
0x440190@mhfdat-jp.bin,紅霞・銃傑GXブーツ,Crimson 霞・銃傑GF Boots
0x440194@mhfdat-jp.bin,蒼穹・銃傑Ｇブーツ,Crimson 霞・銃傑GX Boots
0x440198@mhfdat-jp.bin,蒼穹・銃傑GFブーツ,Green 穹・銃傑G Boots
0x44019c@mhfdat-jp.bin,蒼穹・銃傑GXブーツ,Green 穹・銃傑GF Boots
0x4401a0@mhfdat-jp.bin,白蘭・弓鬼ブーツ,Green 穹・銃傑GX Boots
0x4401a4@mhfdat-jp.bin,白蘭・弓鬼Ｆブーツ,White 蘭・Bow 鬼 Boots
0x4401a8@mhfdat-jp.bin,白蘭・弓鬼FXブーツ,White 蘭・Bow 鬼F Boots
0x4401ac@mhfdat-jp.bin,紅霞・弓鬼ブーツ,White 蘭・Bow 鬼FX Boots
0x4401b0@mhfdat-jp.bin,紅霞・弓鬼Ｆブーツ,Crimson 霞・Bow 鬼 Boots
0x4401b4@mhfdat-jp.bin,紅霞・弓鬼FXブーツ,Crimson 霞・Bow 鬼F Boots
0x4401b8@mhfdat-jp.bin,白蘭・弓鬼Ｇブーツ,Crimson 霞・Bow 鬼FX Boots
0x4401bc@mhfdat-jp.bin,白蘭・弓鬼GFブーツ,White 蘭・Bow 鬼G Boots
0x4401c0@mhfdat-jp.bin,白蘭・弓鬼GXブーツ,White 蘭・Bow 鬼GF Boots
0x4401c4@mhfdat-jp.bin,月夜・弓鬼Ｇブーツ,White 蘭・Bow 鬼GX Boots
0x4401c8@mhfdat-jp.bin,月夜・弓鬼GFブーツ,月夜・Bow 鬼G Boots
0x4401cc@mhfdat-jp.bin,月夜・弓鬼GXブーツ,月夜・Bow 鬼GF Boots
0x4401d0@mhfdat-jp.bin,紅霞・弓鬼Ｇブーツ,月夜・Bow 鬼GX Boots
0x4401d4@mhfdat-jp.bin,紅霞・弓鬼GFブーツ,Crimson 霞・Bow 鬼G Boots
0x4401d8@mhfdat-jp.bin,紅霞・弓鬼GXブーツ,Crimson 霞・Bow 鬼GF Boots
0x4401dc@mhfdat-jp.bin,蒼穹・弓鬼Ｇブーツ,Crimson 霞・Bow 鬼GX Boots
0x4401e0@mhfdat-jp.bin,蒼穹・弓鬼GFブーツ,Green 穹・Bow 鬼G Boots
0x4401e4@mhfdat-jp.bin,蒼穹・弓鬼GXブーツ,Green 穹・Bow 鬼GF Boots
0x4401e8@mhfdat-jp.bin,飛天ノ具足・白,Green 穹・Bow 鬼GX Boots
0x4401ec@mhfdat-jp.bin,飛天ノ具足Ｆ・白,Flight Greaves・White
0x4401f0@mhfdat-jp.bin,飛天ノ具足FZ・白,Flight Greaves F・White
0x4401f4@mhfdat-jp.bin,飛天ノ具足HS・白,Flight Greaves FZ・White
0x4401f8@mhfdat-jp.bin,飛天ノ具足GS・白,Flight Greaves HS・White
0x4401fc@mhfdat-jp.bin,飛天ノ具足GP・白,Flight Greaves GS・White
0x440200@mhfdat-jp.bin,飛天ノ足袋・白,Flight Greaves GP・White
0x440204@mhfdat-jp.bin,飛天ノ足袋Ｆ・白,Flight Tabi・White
0x440208@mhfdat-jp.bin,飛天ノ足袋FZ・白,Flight Tabi F・White
0x44020c@mhfdat-jp.bin,飛天ノ足袋HS・白,Flight Tabi FZ・White
0x440210@mhfdat-jp.bin,飛天ノ足袋GS・白,Flight Tabi HS・White
0x440214@mhfdat-jp.bin,飛天ノ足袋GP・白,Flight Tabi GS・White
0x440218@mhfdat-jp.bin,飛天ノ具足・赤,Flight Tabi GP・White
0x44021c@mhfdat-jp.bin,飛天ノ具足Ｆ・赤,Flight Greaves・Red
0x440220@mhfdat-jp.bin,飛天ノ具足FZ・赤,Flight Greaves F・Red
0x440224@mhfdat-jp.bin,飛天ノ具足HS・赤,Flight Greaves FZ・Red
0x440228@mhfdat-jp.bin,飛天ノ具足GS・赤,Flight Greaves HS・Red
0x44022c@mhfdat-jp.bin,飛天ノ具足GP・赤,Flight Greaves GS・Red
0x440230@mhfdat-jp.bin,飛天ノ足袋・赤,Flight Greaves GP・Red
0x440234@mhfdat-jp.bin,飛天ノ足袋Ｆ・赤,Flight Tabi・Red
0x440238@mhfdat-jp.bin,飛天ノ足袋FZ・赤,Flight Tabi F・Red
0x44023c@mhfdat-jp.bin,飛天ノ足袋HS・赤,Flight Tabi FZ・Red
0x440240@mhfdat-jp.bin,飛天ノ足袋GS・赤,Flight Tabi HS・Red
0x440244@mhfdat-jp.bin,飛天ノ足袋GP・赤,Flight Tabi GS・Red
0x440248@mhfdat-jp.bin,飛天ノ具足・茶,Flight Tabi GP・Red
0x44024c@mhfdat-jp.bin,飛天ノ具足Ｆ・茶,Flight Greaves・Tea
0x440250@mhfdat-jp.bin,飛天ノ具足FZ・茶,Flight Greaves F・Tea
0x440254@mhfdat-jp.bin,飛天ノ具足HS・茶,Flight Greaves FZ・Tea
0x440258@mhfdat-jp.bin,飛天ノ具足GS・茶,Flight Greaves HS・Tea
0x44025c@mhfdat-jp.bin,飛天ノ具足GP・茶,Flight Greaves GS・Tea
0x440260@mhfdat-jp.bin,飛天ノ足袋・茶,Flight Greaves GP・Tea
0x440264@mhfdat-jp.bin,飛天ノ足袋Ｆ・茶,Flight Tabi・Tea
0x440268@mhfdat-jp.bin,飛天ノ足袋FZ・茶,Flight Tabi F・Tea
0x44026c@mhfdat-jp.bin,飛天ノ足袋HS・茶,Flight Tabi FZ・Tea
0x440270@mhfdat-jp.bin,飛天ノ足袋GS・茶,Flight Tabi HS・Tea
0x440274@mhfdat-jp.bin,飛天ノ足袋GP・茶,Flight Tabi GS・Tea
0x440278@mhfdat-jp.bin,飛天ノ具足・青,Flight Tabi GP・Tea
0x44027c@mhfdat-jp.bin,飛天ノ具足Ｆ・青,Flight Greaves・Blue
0x440280@mhfdat-jp.bin,飛天ノ具足FZ・青,Flight Greaves F・Blue
0x440284@mhfdat-jp.bin,飛天ノ具足HS・青,Flight Greaves FZ・Blue
0x440288@mhfdat-jp.bin,飛天ノ具足GS・青,Flight Greaves HS・Blue
0x44028c@mhfdat-jp.bin,飛天ノ具足GP・青,Flight Greaves GS・Blue
0x440290@mhfdat-jp.bin,飛天ノ足袋・青,Flight Greaves GP・Blue
0x440294@mhfdat-jp.bin,飛天ノ足袋Ｆ・青,Flight Tabi・Blue
0x440298@mhfdat-jp.bin,飛天ノ足袋FZ・青,Flight Tabi F・Blue
0x44029c@mhfdat-jp.bin,飛天ノ足袋HS・青,Flight Tabi FZ・Blue
0x4402a0@mhfdat-jp.bin,飛天ノ足袋GS・青,Flight Tabi HS・Blue
0x4402a4@mhfdat-jp.bin,飛天ノ足袋GP・青,Flight Tabi GS・Blue
0x4402a8@mhfdat-jp.bin,ナーガフット・青,Flight Tabi GP・Blue
0x4402ac@mhfdat-jp.bin,ナーガＦフット・青,Naga Feet・Blue
0x4402b0@mhfdat-jp.bin,ナーガFZフット・青,Naga F Feet・Blue
0x4402b4@mhfdat-jp.bin,ナーガHSフット・青,Naga FZ Feet・Blue
0x4402b8@mhfdat-jp.bin,ナーガGSフット・青,Naga HS Feet・Blue
0x4402bc@mhfdat-jp.bin,ナーガGPフット・青,Naga GS Feet・Blue
0x4402c0@mhfdat-jp.bin,ナーガブーツ・青,Naga GP Feet・Blue
0x4402c4@mhfdat-jp.bin,ナーガＦブーツ・青,Naga Boots・Blue
0x4402c8@mhfdat-jp.bin,ナーガFZブーツ・青,Naga F Boots・Blue
0x4402cc@mhfdat-jp.bin,ナーガHSブーツ・青,Naga FZ Boots・Blue
0x4402d0@mhfdat-jp.bin,ナーガGSブーツ・青,Naga HS Boots・Blue
0x4402d4@mhfdat-jp.bin,ナーガGPブーツ・青,Naga GS Boots・Blue
0x4402d8@mhfdat-jp.bin,ナーガフット・赤,Naga GP Boots・Blue
0x4402dc@mhfdat-jp.bin,ナーガＦフット・赤,Naga Feet・Red
0x4402e0@mhfdat-jp.bin,ナーガFZフット・赤,Naga F Feet・Red
0x4402e4@mhfdat-jp.bin,ナーガHSフット・赤,Naga FZ Feet・Red
0x4402e8@mhfdat-jp.bin,ナーガGSフット・赤,Naga HS Feet・Red
0x4402ec@mhfdat-jp.bin,ナーガGPフット・赤,Naga GS Feet・Red
0x4402f0@mhfdat-jp.bin,ナーガブーツ・赤,Naga GP Feet・Red
0x4402f4@mhfdat-jp.bin,ナーガＦブーツ・赤,Naga Boots・Red
0x4402f8@mhfdat-jp.bin,ナーガFZブーツ・赤,Naga F Boots・Red
0x4402fc@mhfdat-jp.bin,ナーガHSブーツ・赤,Naga FZ Boots・Red
0x440300@mhfdat-jp.bin,ナーガGSブーツ・赤,Naga HS Boots・Red
0x440304@mhfdat-jp.bin,ナーガGPブーツ・赤,Naga GS Boots・Red
0x440308@mhfdat-jp.bin,ナーガフット・白,Naga GP Boots・Red
0x44030c@mhfdat-jp.bin,ナーガＦフット・白,Naga Feet・White
0x440310@mhfdat-jp.bin,ナーガFZフット・白,Naga F Feet・White
0x440314@mhfdat-jp.bin,ナーガHSフット・白,Naga FZ Feet・White
0x440318@mhfdat-jp.bin,ナーガGSフット・白,Naga HS Feet・White
0x44031c@mhfdat-jp.bin,ナーガGPフット・白,Naga GS Feet・White
0x440320@mhfdat-jp.bin,ナーガブーツ・白,Naga GP Feet・White
0x440324@mhfdat-jp.bin,ナーガＦブーツ・白,Naga Boots・White
0x440328@mhfdat-jp.bin,ナーガFZブーツ・白,Naga F Boots・White
0x44032c@mhfdat-jp.bin,ナーガHSブーツ・白,Naga FZ Boots・White
0x440330@mhfdat-jp.bin,ナーガGSブーツ・白,Naga HS Boots・White
0x440334@mhfdat-jp.bin,ナーガGPブーツ・白,Naga GS Boots・White
0x440338@mhfdat-jp.bin,ナーガフット・黒,Naga GP Boots・White
0x44033c@mhfdat-jp.bin,ナーガＦフット・黒,Naga Feet・Black
0x440340@mhfdat-jp.bin,ナーガFZフット・黒,Naga F Feet・Black
0x440344@mhfdat-jp.bin,ナーガHSフット・黒,Naga FZ Feet・Black
0x440348@mhfdat-jp.bin,ナーガGSフット・黒,Naga HS Feet・Black
0x44034c@mhfdat-jp.bin,ナーガGPフット・黒,Naga GS Feet・Black
0x440350@mhfdat-jp.bin,ナーガブーツ・黒,Naga GP Feet・Black
0x440354@mhfdat-jp.bin,ナーガＦブーツ・黒,Naga Boots・Black
0x440358@mhfdat-jp.bin,ナーガFZブーツ・黒,Naga F Boots・Black
0x44035c@mhfdat-jp.bin,ナーガHSブーツ・黒,Naga FZ Boots・Black
0x440360@mhfdat-jp.bin,ナーガGSブーツ・黒,Naga HS Boots・Black
0x440364@mhfdat-jp.bin,ナーガGPブーツ・黒,Naga GS Boots・Black
0x440368@mhfdat-jp.bin,曙光ノ袴,Naga GP Boots・Black
0x44036c@mhfdat-jp.bin,曙光ノ袴・Ｆ,Dawnbreak Hakama
0x440370@mhfdat-jp.bin,曙光ノ袴・FZ,Dawnbreak Hakama・F
0x440374@mhfdat-jp.bin,曙光ノ袴・HS,Dawnbreak Hakama・FZ
0x440378@mhfdat-jp.bin,曙光ノ袴・GS,Dawnbreak Hakama・HS
0x44037c@mhfdat-jp.bin,曙光ノ袴・GP,Dawnbreak Hakama・GS
0x440380@mhfdat-jp.bin,曙光ノ足袋,Dawnbreak Hakama・GP
0x440384@mhfdat-jp.bin,曙光ノ足袋・Ｆ,Dawnbreak Tabi
0x440388@mhfdat-jp.bin,曙光ノ足袋・FZ,Dawnbreak Tabi・F
0x44038c@mhfdat-jp.bin,曙光ノ足袋・HS,Dawnbreak Tabi・FZ
0x440390@mhfdat-jp.bin,曙光ノ足袋・GS,Dawnbreak Tabi・HS
0x440394@mhfdat-jp.bin,曙光ノ足袋・GP,Dawnbreak Tabi・GS
0x440398@mhfdat-jp.bin,ズィベイフェルゼ,Dawnbreak Tabi・GP
0x44039c@mhfdat-jp.bin,ズィベイＦフェルゼ,Zuibei Heel
0x4403a0@mhfdat-jp.bin,ズィベイFZフェルゼ,Zuibei F Heel
0x4403a4@mhfdat-jp.bin,ズィベイHSフェルゼ,Zuibei FZ Heel
0x4403a8@mhfdat-jp.bin,ズィベイGSフェルゼ,Zuibei HS Heel
0x4403ac@mhfdat-jp.bin,ズィベイGPフェルゼ,Zuibei GS Heel
0x4403b0@mhfdat-jp.bin,ズィベイアヴィレ,Zuibei GP Heel
0x4403b4@mhfdat-jp.bin,ズィベイＦアヴィレ,Zuibei March
0x4403b8@mhfdat-jp.bin,ズィベイFZアヴィレ,Zuibei F March
0x4403bc@mhfdat-jp.bin,ズィベイHSアヴィレ,Zuibei FZ March
0x4403c0@mhfdat-jp.bin,ズィベイGSアヴィレ,Zuibei HS March
0x4403c4@mhfdat-jp.bin,ズィベイGPアヴィレ,Zuibei GS March
0x4403c8@mhfdat-jp.bin,オユングリーヴ・青,Zuibei GP March
0x4403cc@mhfdat-jp.bin,オユンＦグリーヴ・青,Oyun Greaves・Blue
0x4403d0@mhfdat-jp.bin,オユンFZグリーヴ・青,Oyun F Greaves・Blue
0x4403d4@mhfdat-jp.bin,オユンHSグリーヴ・青,Oyun FZ Greaves・Blue
0x4403d8@mhfdat-jp.bin,オユンGSグリーヴ・青,Oyun HS Greaves・Blue
0x4403dc@mhfdat-jp.bin,オユンGPグリーヴ・青,Oyun GS Greaves・Blue
0x4403e0@mhfdat-jp.bin,オユンレギンス・青,Oyun GP Greaves・Blue
0x4403e4@mhfdat-jp.bin,オユンＦレギンス・青,Oyun Leggings・Blue
0x4403e8@mhfdat-jp.bin,オユンFZレギンス・青,Oyun F Leggings・Blue
0x4403ec@mhfdat-jp.bin,オユンHSレギンス・青,Oyun FZ Leggings・Blue
0x4403f0@mhfdat-jp.bin,オユンGSレギンス・青,Oyun HS Leggings・Blue
0x4403f4@mhfdat-jp.bin,オユンGPレギンス・青,Oyun GS Leggings・Blue
0x4403f8@mhfdat-jp.bin,オユングリーヴ・赤,Oyun GP Leggings・Blue
0x4403fc@mhfdat-jp.bin,オユンＦグリーヴ・赤,Oyun Greaves・Red
0x440400@mhfdat-jp.bin,オユンFZグリーヴ・赤,Oyun F Greaves・Red
0x440404@mhfdat-jp.bin,オユンHSグリーヴ・赤,Oyun FZ Greaves・Red
0x440408@mhfdat-jp.bin,オユンGSグリーヴ・赤,Oyun HS Greaves・Red
0x44040c@mhfdat-jp.bin,オユンGPグリーヴ・赤,Oyun GS Greaves・Red
0x440410@mhfdat-jp.bin,オユンレギンス・赤,Oyun GP Greaves・Red
0x440414@mhfdat-jp.bin,オユンＦレギンス・赤,Oyun Leggings・Red
0x440418@mhfdat-jp.bin,オユンFZレギンス・赤,Oyun F Leggings・Red
0x44041c@mhfdat-jp.bin,オユンHSレギンス・赤,Oyun FZ Leggings・Red
0x440420@mhfdat-jp.bin,オユンGSレギンス・赤,Oyun HS Leggings・Red
0x440424@mhfdat-jp.bin,オユンGPレギンス・赤,Oyun GS Leggings・Red
0x440428@mhfdat-jp.bin,オユングリーヴ・黒,Oyun GP Leggings・Red
0x44042c@mhfdat-jp.bin,オユンＦグリーヴ・黒,Oyun Greaves・Black
0x440430@mhfdat-jp.bin,オユンFZグリーヴ・黒,Oyun F Greaves・Black
0x440434@mhfdat-jp.bin,オユンHSグリーヴ・黒,Oyun FZ Greaves・Black
0x440438@mhfdat-jp.bin,オユンGSグリーヴ・黒,Oyun HS Greaves・Black
0x44043c@mhfdat-jp.bin,オユンGPグリーヴ・黒,Oyun GS Greaves・Black
0x440440@mhfdat-jp.bin,オユンレギンス・黒,Oyun GP Greaves・Black
0x440444@mhfdat-jp.bin,オユンＦレギンス・黒,Oyun Leggings・Black
0x440448@mhfdat-jp.bin,オユンFZレギンス・黒,Oyun F Leggings・Black
0x44044c@mhfdat-jp.bin,オユンHSレギンス・黒,Oyun FZ Leggings・Black
0x440450@mhfdat-jp.bin,オユンGSレギンス・黒,Oyun HS Leggings・Black
0x440454@mhfdat-jp.bin,オユンGPレギンス・黒,Oyun GS Leggings・Black
0x440458@mhfdat-jp.bin,オユングリーヴ・白,Oyun GP Leggings・Black
0x44045c@mhfdat-jp.bin,オユンＦグリーヴ・白,Oyun Greaves・White
0x440460@mhfdat-jp.bin,オユンFZグリーヴ・白,Oyun F Greaves・White
0x440464@mhfdat-jp.bin,オユンHSグリーヴ・白,Oyun FZ Greaves・White
0x440468@mhfdat-jp.bin,オユンGSグリーヴ・白,Oyun HS Greaves・White
0x44046c@mhfdat-jp.bin,オユンGPグリーヴ・白,Oyun GS Greaves・White
0x440470@mhfdat-jp.bin,オユンレギンス・白,Oyun GP Greaves・White
0x440474@mhfdat-jp.bin,オユンＦレギンス・白,Oyun Leggings・White
0x440478@mhfdat-jp.bin,オユンFZレギンス・白,Oyun F Leggings・White
0x44047c@mhfdat-jp.bin,オユンHSレギンス・白,Oyun FZ Leggings・White
0x440480@mhfdat-jp.bin,オユンGSレギンス・白,Oyun HS Leggings・White
0x440484@mhfdat-jp.bin,オユンGPレギンス・白,Oyun GS Leggings・White
0x440488@mhfdat-jp.bin,アッシュフット・赤,Oyun GP Leggings・White
0x44048c@mhfdat-jp.bin,アッシュＦフット・赤,Ash Feet・Red
0x440490@mhfdat-jp.bin,アッシュFZフット・赤,Ash F Feet・Red
0x440494@mhfdat-jp.bin,アッシュHSフット・赤,Ash FZ Feet・Red
0x440498@mhfdat-jp.bin,アッシュGSフット・赤,Ash HS Feet・Red
0x44049c@mhfdat-jp.bin,アッシュGPフット・赤,Ash GS Feet・Red
0x4404a0@mhfdat-jp.bin,アッシュブーツ・赤,Ash GP Feet・Red
0x4404a4@mhfdat-jp.bin,アッシュＦブーツ・赤,Ash Boots・Red
0x4404a8@mhfdat-jp.bin,アッシュFZブーツ・赤,Ash F Boots・Red
0x4404ac@mhfdat-jp.bin,アッシュHSブーツ・赤,Ash FZ Boots・Red
0x4404b0@mhfdat-jp.bin,アッシュGSブーツ・赤,Ash HS Boots・Red
0x4404b4@mhfdat-jp.bin,アッシュGPブーツ・赤,Ash GS Boots・Red
0x4404b8@mhfdat-jp.bin,アッシュフット・青,Ash GP Boots・Red
0x4404bc@mhfdat-jp.bin,アッシュＦフット・青,Ash Feet・Blue
0x4404c0@mhfdat-jp.bin,アッシュFZフット・青,Ash F Feet・Blue
0x4404c4@mhfdat-jp.bin,アッシュHSフット・青,Ash FZ Feet・Blue
0x4404c8@mhfdat-jp.bin,アッシュGSフット・青,Ash HS Feet・Blue
0x4404cc@mhfdat-jp.bin,アッシュGPフット・青,Ash GS Feet・Blue
0x4404d0@mhfdat-jp.bin,アッシュブーツ・青,Ash GP Feet・Blue
0x4404d4@mhfdat-jp.bin,アッシュＦブーツ・青,Ash Boots・Blue
0x4404d8@mhfdat-jp.bin,アッシュFZブーツ・青,Ash F Boots・Blue
0x4404dc@mhfdat-jp.bin,アッシュHSブーツ・青,Ash FZ Boots・Blue
0x4404e0@mhfdat-jp.bin,アッシュGSブーツ・青,Ash HS Boots・Blue
0x4404e4@mhfdat-jp.bin,アッシュGPブーツ・青,Ash GS Boots・Blue
0x4404e8@mhfdat-jp.bin,アッシュフット・白,Ash GP Boots・Blue
0x4404ec@mhfdat-jp.bin,アッシュＦフット・白,Ash Feet・White
0x4404f0@mhfdat-jp.bin,アッシュFZフット・白,Ash F Feet・White
0x4404f4@mhfdat-jp.bin,アッシュHSフット・白,Ash FZ Feet・White
0x4404f8@mhfdat-jp.bin,アッシュGSフット・白,Ash HS Feet・White
0x4404fc@mhfdat-jp.bin,アッシュGPフット・白,Ash GS Feet・White
0x440500@mhfdat-jp.bin,アッシュブーツ・白,Ash GP Feet・White
0x440504@mhfdat-jp.bin,アッシュＦブーツ・白,Ash Boots・White
0x440508@mhfdat-jp.bin,アッシュFZブーツ・白,Ash F Boots・White
0x44050c@mhfdat-jp.bin,アッシュHSブーツ・白,Ash FZ Boots・White
0x440510@mhfdat-jp.bin,アッシュGSブーツ・白,Ash HS Boots・White
0x440514@mhfdat-jp.bin,アッシュGPブーツ・白,Ash GS Boots・White
0x440518@mhfdat-jp.bin,アッシュフット・黒,Ash GP Boots・White
0x44051c@mhfdat-jp.bin,アッシュＦフット・黒,Ash Feet・Black
0x440520@mhfdat-jp.bin,アッシュFZフット・黒,Ash F Feet・Black
0x440524@mhfdat-jp.bin,アッシュHSフット・黒,Ash FZ Feet・Black
0x440528@mhfdat-jp.bin,アッシュGSフット・黒,Ash HS Feet・Black
0x44052c@mhfdat-jp.bin,アッシュGPフット・黒,Ash GS Feet・Black
0x440530@mhfdat-jp.bin,アッシュブーツ・黒,Ash GP Feet・Black
0x440534@mhfdat-jp.bin,アッシュＦブーツ・黒,Ash Boots・Black
0x440538@mhfdat-jp.bin,アッシュFZブーツ・黒,Ash F Boots・Black
0x44053c@mhfdat-jp.bin,アッシュHSブーツ・黒,Ash FZ Boots・Black
0x440540@mhfdat-jp.bin,アッシュGSブーツ・黒,Ash HS Boots・Black
0x440544@mhfdat-jp.bin,アッシュGPブーツ・黒,Ash GS Boots・Black
0x440548@mhfdat-jp.bin,ピスティスGPフット,Ash GP Boots・Black
0x44054c@mhfdat-jp.bin,ピスティスGPブーツ,Pistis GP Feet
0x440550@mhfdat-jp.bin,ブリンクHSフット,Pistis GP Boots
0x440554@mhfdat-jp.bin,ブリンクGSフット,Blink HS Feet
0x440558@mhfdat-jp.bin,ブリンクGPフット,Blink GS Feet
0x44055c@mhfdat-jp.bin,ブリンクHSブーツ,Blink GP Feet
0x440560@mhfdat-jp.bin,ブリンクGSブーツ,Blink HS Boots
0x440564@mhfdat-jp.bin,ブリンクGPブーツ,Blink GS Boots
0x440568@mhfdat-jp.bin,オービスGPキック,Blink GP Boots
0x44056c@mhfdat-jp.bin,オービスGPブーツ,Ukon GPキック
0x440570@mhfdat-jp.bin,ロットGPキック,Ukon GP Boots
0x440574@mhfdat-jp.bin,ロットGPブーツ,ロットGPキック
0x440578@mhfdat-jp.bin,アージェHSフット,ロットGP Boots
0x44057c@mhfdat-jp.bin,アージェGSフット,Arge HS Feet
0x440580@mhfdat-jp.bin,アージェGPフット,Arge GS Feet
0x440584@mhfdat-jp.bin,アージェHSブーツ,Arge GP Feet
0x440588@mhfdat-jp.bin,アージェGSブーツ,Arge HS Boots
0x44058c@mhfdat-jp.bin,アージェGPブーツ,Arge GS Boots
0x440590@mhfdat-jp.bin,カマレラHSフット,Arge GP Boots
0x440594@mhfdat-jp.bin,カマレラGSフット,Camarera HS Feet
0x440598@mhfdat-jp.bin,カマレラGPフット,Camarera GS Feet
0x44059c@mhfdat-jp.bin,カマレラHSブーツ,Camarera GP Feet
0x4405a0@mhfdat-jp.bin,カマレラGSブーツ,Camarera HS Boots
0x4405a4@mhfdat-jp.bin,カマレラGPブーツ,Camarera GS Boots
0x4405a8@mhfdat-jp.bin,メテネラHSフット,Camarera GP Boots
0x4405ac@mhfdat-jp.bin,メテネラGSフット,Metenera HS Feet
0x4405b0@mhfdat-jp.bin,メテネラGPフット,Metenera GS Feet
0x4405b4@mhfdat-jp.bin,メテネラHSブーツ,Metenera GP Feet
0x4405b8@mhfdat-jp.bin,メテネラGSブーツ,Metenera HS Boots
0x4405bc@mhfdat-jp.bin,メテネラGPブーツ,Metenera GS Boots
0x4405c0@mhfdat-jp.bin,アビットHSフット,Metenera GP Boots
0x4405c4@mhfdat-jp.bin,アビットGSフット,Abitto HS Feet
0x4405c8@mhfdat-jp.bin,アビットGPフット,Abitto GS Feet
0x4405cc@mhfdat-jp.bin,アビットHSブーツ,Abitto GP Feet
0x4405d0@mhfdat-jp.bin,アビットGSブーツ,Abitto HS Boots
0x4405d4@mhfdat-jp.bin,アビットGPブーツ,Abitto GS Boots
0x4405d8@mhfdat-jp.bin,リブリーHSフット,Abitto GP Boots
0x4405dc@mhfdat-jp.bin,リブリーGSフット,Riburi HS Feet
0x4405e0@mhfdat-jp.bin,リブリーGPフット,Riburi GS Feet
0x4405e4@mhfdat-jp.bin,リブリーHSブーツ,Riburi GP Feet
0x4405e8@mhfdat-jp.bin,リブリーGSブーツ,Riburi HS Boots
0x4405ec@mhfdat-jp.bin,リブリーGPブーツ,Riburi GS Boots
0x4405f0@mhfdat-jp.bin,ジェスＧグリーヴ,Riburi GP Boots
0x4405f4@mhfdat-jp.bin,ジェスGFグリーヴ,Jess G Greaves
0x4405f8@mhfdat-jp.bin,ジェスGXグリーヴ,Jess GF Greaves
0x4405fc@mhfdat-jp.bin,ジェスＧレギンス,Jess GX Greaves
0x440600@mhfdat-jp.bin,ジェスGFレギンス,Jess G Leggings
0x440604@mhfdat-jp.bin,ジェスGXレギンス,Jess GF Leggings
0x440608@mhfdat-jp.bin,タングスＧグリーヴ,Jess GX Leggings
0x44060c@mhfdat-jp.bin,タングスGFグリーヴ,Tangusu G Greaves
0x440610@mhfdat-jp.bin,タングスGXグリーヴ,Tangusu GF Greaves
0x440614@mhfdat-jp.bin,コバルタＧレギンス,Tangusu GX Greaves
0x440618@mhfdat-jp.bin,コバルタGFレギンス,Kobaruta G Leggings
0x44061c@mhfdat-jp.bin,コバルタGXレギンス,Kobaruta GF Leggings
0x440620@mhfdat-jp.bin,ブレオＧグリーヴ,Kobaruta GX Leggings
0x440624@mhfdat-jp.bin,ブレオGFグリーヴ,Breo G Greaves
0x440628@mhfdat-jp.bin,ブレオGXグリーヴ,Breo GF Greaves
0x44062c@mhfdat-jp.bin,ハロキュフット,Breo GX Greaves
0x440630@mhfdat-jp.bin,ハロキュＦフット,Harokyu Feet
0x440634@mhfdat-jp.bin,ハロキュFYフット,Harokyu F Feet
0x440638@mhfdat-jp.bin,ハロキュHSフット,Harokyu FY Feet
0x44063c@mhfdat-jp.bin,ハロキュＧフット,Harokyu HS Feet
0x440640@mhfdat-jp.bin,ハロキュGFフット,Harokyu G Feet
0x440644@mhfdat-jp.bin,ハロキュGXフット,Harokyu GF Feet
0x440648@mhfdat-jp.bin,ブルックフット,Harokyu GX Feet
0x44064c@mhfdat-jp.bin,ブルックＦフット,Brooke Feet
0x440650@mhfdat-jp.bin,ブルックFYフット,Brooke F Feet
0x440654@mhfdat-jp.bin,ブルックHSフット,Brooke FY Feet
0x440658@mhfdat-jp.bin,ブルックＧフット,Brooke HS Feet
0x44065c@mhfdat-jp.bin,ブルックGFフット,Brooke G Feet
0x440660@mhfdat-jp.bin,ブルックGXフット,Brooke GF Feet
0x440664@mhfdat-jp.bin,ブルックブーツ,Brooke GX Feet
0x440668@mhfdat-jp.bin,ブルックＦブーツ,Brooke Boots
0x44066c@mhfdat-jp.bin,ブルックFYブーツ,Brooke F Boots
0x440670@mhfdat-jp.bin,ブルックHSブーツ,Brooke FY Boots
0x440674@mhfdat-jp.bin,ブルックＧブーツ,Brooke HS Boots
0x440678@mhfdat-jp.bin,ブルックGFブーツ,Brooke G Boots
0x44067c@mhfdat-jp.bin,ブルックGXブーツ,Brooke GF Boots
0x440680@mhfdat-jp.bin,淡桜【袴】,Brooke GX Boots
0x440684@mhfdat-jp.bin,淡桜Ｆ【袴】,Pale Sakura [Hakama 】
0x440688@mhfdat-jp.bin,淡桜FY【袴】,Pale Sakura F [Hakama 】
0x44068c@mhfdat-jp.bin,淡桜HS【袴】,Pale Sakura FY [Hakama 】
0x440690@mhfdat-jp.bin,淡桜Ｇ【袴】,Pale Sakura HS [Hakama 】
0x440694@mhfdat-jp.bin,淡桜GF【袴】,Pale Sakura G [Hakama 】
0x440698@mhfdat-jp.bin,淡桜GX【袴】,Pale Sakura GF [Hakama 】
0x44069c@mhfdat-jp.bin,桜雲【袴】,Pale Sakura GX [Hakama 】
0x4406a0@mhfdat-jp.bin,桜雲Ｆ【袴】,Sakura Cloud [Hakama 】
0x4406a4@mhfdat-jp.bin,桜雲FY【袴】,Sakura Cloud F [Hakama 】
0x4406a8@mhfdat-jp.bin,桜雲HS【袴】,Sakura Cloud FY [Hakama 】
0x4406ac@mhfdat-jp.bin,桜雲Ｇ【袴】,Sakura Cloud HS [Hakama 】
0x4406b0@mhfdat-jp.bin,桜雲GF【袴】,Sakura Cloud G [Hakama 】
0x4406b4@mhfdat-jp.bin,桜雲GX【袴】,Sakura Cloud GF [Hakama 】
0x4406b8@mhfdat-jp.bin,キニオルグリーヴ,Sakura Cloud GX [Hakama 】
0x4406bc@mhfdat-jp.bin,キニオルＦグリーヴ,Kinioru Greaves
0x4406c0@mhfdat-jp.bin,キニオルFYグリーヴ,Kinioru F Greaves
0x4406c4@mhfdat-jp.bin,キニオルHSグリーヴ,Kinioru FY Greaves
0x4406c8@mhfdat-jp.bin,キニオルＧグリーヴ,Kinioru HS Greaves
0x4406cc@mhfdat-jp.bin,キニオルGFグリーヴ,Kinioru G Greaves
0x4406d0@mhfdat-jp.bin,キニオルGXグリーヴ,Kinioru GF Greaves
0x4406d4@mhfdat-jp.bin,キニオルレギンス,Kinioru GX Greaves
0x4406d8@mhfdat-jp.bin,キニオルＦレギンス,Kinioru Leggings
0x4406dc@mhfdat-jp.bin,キニオルFYレギンス,Kinioru F Leggings
0x4406e0@mhfdat-jp.bin,キニオルHSレギンス,Kinioru FY Leggings
0x4406e4@mhfdat-jp.bin,キニオルＧレギンス,Kinioru HS Leggings
0x4406e8@mhfdat-jp.bin,キニオルGFレギンス,Kinioru G Leggings
0x4406ec@mhfdat-jp.bin,キニオルGXレギンス,Kinioru GF Leggings
0x4406f0@mhfdat-jp.bin,カイオルグリーヴ,Kinioru GX Leggings
0x4406f4@mhfdat-jp.bin,カイオルＦグリーヴ,Kaioru Greaves
0x4406f8@mhfdat-jp.bin,カイオルFYグリーヴ,Kaioru F Greaves
0x4406fc@mhfdat-jp.bin,カイオルHSグリーヴ,Kaioru FY Greaves
0x440700@mhfdat-jp.bin,カイオルＧグリーヴ,Kaioru HS Greaves
0x440704@mhfdat-jp.bin,カイオルGFグリーヴ,Kaioru G Greaves
0x440708@mhfdat-jp.bin,カイオルGXグリーヴ,Kaioru GF Greaves
0x44070c@mhfdat-jp.bin,カイオルレギンス,Kaioru GX Greaves
0x440710@mhfdat-jp.bin,カイオルＦレギンス,Kaioru Leggings
0x440714@mhfdat-jp.bin,カイオルFYレギンス,Kaioru F Leggings
0x440718@mhfdat-jp.bin,カイオルHSレギンス,Kaioru FY Leggings
0x44071c@mhfdat-jp.bin,カイオルＧレギンス,Kaioru HS Leggings
0x440720@mhfdat-jp.bin,カイオルGFレギンス,Kaioru G Leggings
0x440724@mhfdat-jp.bin,カイオルGXレギンス,Kaioru GF Leggings
0x440728@mhfdat-jp.bin,ユーリスグリーヴ,Kaioru GX Leggings
0x44072c@mhfdat-jp.bin,ユーリスＦグリーヴ,Yurisu Greaves
0x440730@mhfdat-jp.bin,ユーリスFYグリーヴ,Yurisu F Greaves
0x440734@mhfdat-jp.bin,ユーリスHSグリーヴ,Yurisu FY Greaves
0x440738@mhfdat-jp.bin,ユーリスＧグリーヴ,Yurisu HS Greaves
0x44073c@mhfdat-jp.bin,ユーリスGFグリーヴ,Yurisu G Greaves
0x440740@mhfdat-jp.bin,ユーリスGXグリーヴ,Yurisu GF Greaves
0x440744@mhfdat-jp.bin,ユーリスレギンス,Yurisu GX Greaves
0x440748@mhfdat-jp.bin,ユーリスＦレギンス,Yurisu Leggings
0x44074c@mhfdat-jp.bin,ユーリスFYレギンス,Yurisu F Leggings
0x440750@mhfdat-jp.bin,ユーリスHSレギンス,Yurisu FY Leggings
0x440754@mhfdat-jp.bin,ユーリスＧレギンス,Yurisu HS Leggings
0x440758@mhfdat-jp.bin,ユーリスGFレギンス,Yurisu G Leggings
0x44075c@mhfdat-jp.bin,ユーリスGXレギンス,Yurisu GF Leggings
0x440760@mhfdat-jp.bin,デゾルトグリーヴ,Yurisu GX Leggings
0x440764@mhfdat-jp.bin,デゾルトＦグリーヴ,Desordre Greaves
0x440768@mhfdat-jp.bin,デゾルトFYグリーヴ,Desordre F Greaves
0x44076c@mhfdat-jp.bin,デゾルトHSグリーヴ,Desordre FY Greaves
0x440770@mhfdat-jp.bin,デゾルトＧグリーヴ,Desordre HS Greaves
0x440774@mhfdat-jp.bin,デゾルトGFグリーヴ,Desordre G Greaves
0x440778@mhfdat-jp.bin,デゾルトGXグリーヴ,Desordre GF Greaves
0x44077c@mhfdat-jp.bin,デゾルトレギンス,Desordre GX Greaves
0x440780@mhfdat-jp.bin,デゾルトＦレギンス,Desordre Leggings
0x440784@mhfdat-jp.bin,デゾルトFYレギンス,Desordre F Leggings
0x440788@mhfdat-jp.bin,デゾルトHSレギンス,Desordre FY Leggings
0x44078c@mhfdat-jp.bin,デゾルトＧレギンス,Desordre HS Leggings
0x440790@mhfdat-jp.bin,デゾルトGFレギンス,Desordre G Leggings
0x440794@mhfdat-jp.bin,デゾルトGXレギンス,Desordre GF Leggings
0x440798@mhfdat-jp.bin,カーマインフット黒,Desordre GX Leggings
0x44079c@mhfdat-jp.bin,カーマインＦフット黒,Carmine Feet Black
0x4407a0@mhfdat-jp.bin,カーマインFZフット黒,Carmine F Feet Black
0x4407a4@mhfdat-jp.bin,カーマインHSフット黒,Carmine FZ Feet Black
0x4407a8@mhfdat-jp.bin,カーマインGSフット黒,Carmine HS Feet Black
0x4407ac@mhfdat-jp.bin,カーマインGPフット黒,Carmine GS Feet Black
0x4407b0@mhfdat-jp.bin,カーマインブーツ黒,Carmine GP Feet Black
0x4407b4@mhfdat-jp.bin,カーマインＦブーツ黒,Carmine Boots Black
0x4407b8@mhfdat-jp.bin,カーマインFZブーツ黒,Carmine F Boots Black
0x4407bc@mhfdat-jp.bin,カーマインHSブーツ黒,Carmine FZ Boots Black
0x4407c0@mhfdat-jp.bin,カーマインGSブーツ黒,Carmine HS Boots Black
0x4407c4@mhfdat-jp.bin,カーマインGPブーツ黒,Carmine GS Boots Black
0x4407c8@mhfdat-jp.bin,カーマインフット青,Carmine GP Boots Black
0x4407cc@mhfdat-jp.bin,カーマインＦフット青,Carmine Feet Blue
0x4407d0@mhfdat-jp.bin,カーマインFZフット青,Carmine F Feet Blue
0x4407d4@mhfdat-jp.bin,カーマインHSフット青,Carmine FZ Feet Blue
0x4407d8@mhfdat-jp.bin,カーマインGSフット青,Carmine HS Feet Blue
0x4407dc@mhfdat-jp.bin,カーマインGPフット青,Carmine GS Feet Blue
0x4407e0@mhfdat-jp.bin,カーマインブーツ青,Carmine GP Feet Blue
0x4407e4@mhfdat-jp.bin,カーマインＦブーツ青,Carmine Boots Blue
0x4407e8@mhfdat-jp.bin,カーマインFZブーツ青,Carmine F Boots Blue
0x4407ec@mhfdat-jp.bin,カーマインHSブーツ青,Carmine FZ Boots Blue
0x4407f0@mhfdat-jp.bin,カーマインGSブーツ青,Carmine HS Boots Blue
0x4407f4@mhfdat-jp.bin,カーマインGPブーツ青,Carmine GS Boots Blue
0x4407f8@mhfdat-jp.bin,カーマインフット紫,Carmine GP Boots Blue
0x4407fc@mhfdat-jp.bin,カーマインＦフット紫,Carmine Feet Purple
0x440800@mhfdat-jp.bin,カーマインFZフット紫,Carmine F Feet Purple
0x440804@mhfdat-jp.bin,カーマインHSフット紫,Carmine FZ Feet Purple
0x440808@mhfdat-jp.bin,カーマインGSフット紫,Carmine HS Feet Purple
0x44080c@mhfdat-jp.bin,カーマインGPフット紫,Carmine GS Feet Purple
0x440810@mhfdat-jp.bin,カーマインブーツ紫,Carmine GP Feet Purple
0x440814@mhfdat-jp.bin,カーマインＦブーツ紫,Carmine Boots Purple
0x440818@mhfdat-jp.bin,カーマインFZブーツ紫,Carmine F Boots Purple
0x44081c@mhfdat-jp.bin,カーマインHSブーツ紫,Carmine FZ Boots Purple
0x440820@mhfdat-jp.bin,カーマインGSブーツ紫,Carmine HS Boots Purple
0x440824@mhfdat-jp.bin,カーマインGPブーツ紫,Carmine GS Boots Purple
0x440828@mhfdat-jp.bin,カーマインフット白,Carmine GP Boots Purple
0x44082c@mhfdat-jp.bin,カーマインＦフット白,Carmine Feet White
0x440830@mhfdat-jp.bin,カーマインFZフット白,Carmine F Feet White
0x440834@mhfdat-jp.bin,カーマインHSフット白,Carmine FZ Feet White
0x440838@mhfdat-jp.bin,カーマインGSフット白,Carmine HS Feet White
0x44083c@mhfdat-jp.bin,カーマインGPフット白,Carmine GS Feet White
0x440840@mhfdat-jp.bin,カーマインブーツ白,Carmine GP Feet White
0x440844@mhfdat-jp.bin,カーマインＦブーツ白,Carmine Boots White
0x440848@mhfdat-jp.bin,カーマインFZブーツ白,Carmine F Boots White
0x44084c@mhfdat-jp.bin,カーマインHSブーツ白,Carmine FZ Boots White
0x440850@mhfdat-jp.bin,カーマインGSブーツ白,Carmine HS Boots White
0x440854@mhfdat-jp.bin,カーマインGPブーツ白,Carmine GS Boots White
0x440858@mhfdat-jp.bin,リュウフット・赤,Carmine GP Boots White
0x44085c@mhfdat-jp.bin,リュウＦフット・赤,Ryu Feet・Red
0x440860@mhfdat-jp.bin,リュウFZフット・赤,Ryu F Feet・Red
0x440864@mhfdat-jp.bin,リュウHSフット・赤,Ryu FZ Feet・Red
0x440868@mhfdat-jp.bin,リュウGSフット・赤,Ryu HS Feet・Red
0x44086c@mhfdat-jp.bin,リュウGPフット・赤,Ryu GS Feet・Red
0x440870@mhfdat-jp.bin,リュウブーツ・赤,Ryu GP Feet・Red
0x440874@mhfdat-jp.bin,リュウＦブーツ・赤,Ryu Boots・Red
0x440878@mhfdat-jp.bin,リュウFZブーツ・赤,Ryu F Boots・Red
0x44087c@mhfdat-jp.bin,リュウHSブーツ・赤,Ryu FZ Boots・Red
0x440880@mhfdat-jp.bin,リュウGSブーツ・赤,Ryu HS Boots・Red
0x440884@mhfdat-jp.bin,リュウGPブーツ・赤,Ryu GS Boots・Red
0x440888@mhfdat-jp.bin,リュウフット・青,Ryu GP Boots・Red
0x44088c@mhfdat-jp.bin,リュウＦフット・青,Ryu Feet・Blue
0x440890@mhfdat-jp.bin,リュウFZフット・青,Ryu F Feet・Blue
0x440894@mhfdat-jp.bin,リュウHSフット・青,Ryu FZ Feet・Blue
0x440898@mhfdat-jp.bin,リュウGSフット・青,Ryu HS Feet・Blue
0x44089c@mhfdat-jp.bin,リュウGPフット・青,Ryu GS Feet・Blue
0x4408a0@mhfdat-jp.bin,リュウブーツ・青,Ryu GP Feet・Blue
0x4408a4@mhfdat-jp.bin,リュウＦブーツ・青,Ryu Boots・Blue
0x4408a8@mhfdat-jp.bin,リュウFZブーツ・青,Ryu F Boots・Blue
0x4408ac@mhfdat-jp.bin,リュウHSブーツ・青,Ryu FZ Boots・Blue
0x4408b0@mhfdat-jp.bin,リュウGSブーツ・青,Ryu HS Boots・Blue
0x4408b4@mhfdat-jp.bin,リュウGPブーツ・青,Ryu GS Boots・Blue
0x4408b8@mhfdat-jp.bin,リュウフット・橙,Ryu GP Boots・Blue
0x4408bc@mhfdat-jp.bin,リュウＦフット・橙,Ryu Feet・Orange
0x4408c0@mhfdat-jp.bin,リュウFZフット・橙,Ryu F Feet・Orange
0x4408c4@mhfdat-jp.bin,リュウHSフット・橙,Ryu FZ Feet・Orange
0x4408c8@mhfdat-jp.bin,リュウGSフット・橙,Ryu HS Feet・Orange
0x4408cc@mhfdat-jp.bin,リュウGPフット・橙,Ryu GS Feet・Orange
0x4408d0@mhfdat-jp.bin,リュウブーツ・橙,Ryu GP Feet・Orange
0x4408d4@mhfdat-jp.bin,リュウＦブーツ・橙,Ryu Boots・Orange
0x4408d8@mhfdat-jp.bin,リュウFZブーツ・橙,Ryu F Boots・Orange
0x4408dc@mhfdat-jp.bin,リュウHSブーツ・橙,Ryu FZ Boots・Orange
0x4408e0@mhfdat-jp.bin,リュウGSブーツ・橙,Ryu HS Boots・Orange
0x4408e4@mhfdat-jp.bin,リュウGPブーツ・橙,Ryu GS Boots・Orange
0x4408e8@mhfdat-jp.bin,リュウフット・黄,Ryu GP Boots・Orange
0x4408ec@mhfdat-jp.bin,リュウＦフット・黄,Ryu Feet・Yellow
0x4408f0@mhfdat-jp.bin,リュウFZフット・黄,Ryu F Feet・Yellow
0x4408f4@mhfdat-jp.bin,リュウHSフット・黄,Ryu FZ Feet・Yellow
0x4408f8@mhfdat-jp.bin,リュウGSフット・黄,Ryu HS Feet・Yellow
0x4408fc@mhfdat-jp.bin,リュウGPフット・黄,Ryu GS Feet・Yellow
0x440900@mhfdat-jp.bin,リュウブーツ・黄,Ryu GP Feet・Yellow
0x440904@mhfdat-jp.bin,リュウＦブーツ・黄,Ryu Boots・Yellow
0x440908@mhfdat-jp.bin,リュウFZブーツ・黄,Ryu F Boots・Yellow
0x44090c@mhfdat-jp.bin,リュウHSブーツ・黄,Ryu FZ Boots・Yellow
0x440910@mhfdat-jp.bin,リュウGSブーツ・黄,Ryu HS Boots・Yellow
0x440914@mhfdat-jp.bin,リュウGPブーツ・黄,Ryu GS Boots・Yellow
0x440918@mhfdat-jp.bin,キャリッジフット,Ryu GP Boots・Yellow
0x44091c@mhfdat-jp.bin,キャリッジＦフット,Carriage Feet
0x440920@mhfdat-jp.bin,キャリッジFZフット,Carriage F Feet
0x440924@mhfdat-jp.bin,キャリッジHSフット,Carriage FZ Feet
0x440928@mhfdat-jp.bin,キャリッジGSフット,Carriage HS Feet
0x44092c@mhfdat-jp.bin,キャリッジGPフット,Carriage GS Feet
0x440930@mhfdat-jp.bin,マーブルフット,Carriage GP Feet
0x440934@mhfdat-jp.bin,マーブルＦフット,Marble Feet
0x440938@mhfdat-jp.bin,マーブルFZフット,Marble F Feet
0x44093c@mhfdat-jp.bin,マーブルHSフット,Marble FZ Feet
0x440940@mhfdat-jp.bin,マーブルGSフット,Marble HS Feet
0x440944@mhfdat-jp.bin,マーブルGPフット,Marble GS Feet
0x440948@mhfdat-jp.bin,シャンディフット,Marble GP Feet
0x44094c@mhfdat-jp.bin,シャンディＦフット,Shandy Feet
0x440950@mhfdat-jp.bin,シャンディFZフット,Shandy F Feet
0x440954@mhfdat-jp.bin,シャンディHSフット,Shandy FZ Feet
0x440958@mhfdat-jp.bin,シャンディGSフット,Shandy HS Feet
0x44095c@mhfdat-jp.bin,シャンディGPフット,Shandy GS Feet
0x440960@mhfdat-jp.bin,シャンディブーツ,Shandy GP Feet
0x440964@mhfdat-jp.bin,シャンディＦブーツ,Shandy Boots
0x440968@mhfdat-jp.bin,シャンディFZブーツ,Shandy F Boots
0x44096c@mhfdat-jp.bin,シャンディHSブーツ,Shandy FZ Boots
0x440970@mhfdat-jp.bin,シャンディGSブーツ,Shandy HS Boots
0x440974@mhfdat-jp.bin,シャンディGPブーツ,Shandy GS Boots
0x440978@mhfdat-jp.bin,バンケットフット,Shandy GP Boots
0x44097c@mhfdat-jp.bin,バンケットＦフット,Banquet Feet
0x440980@mhfdat-jp.bin,バンケットFZフット,Banquet F Feet
0x440984@mhfdat-jp.bin,バンケットHSフット,Banquet FZ Feet
0x440988@mhfdat-jp.bin,バンケットGSフット,Banquet HS Feet
0x44098c@mhfdat-jp.bin,バンケットGPフット,Banquet GS Feet
0x440990@mhfdat-jp.bin,ヴェランフット,Banquet GP Feet
0x440994@mhfdat-jp.bin,ヴェランＦフット,ヴェラン Feet
0x440998@mhfdat-jp.bin,ヴェランFZフット,ヴェランF Feet
0x44099c@mhfdat-jp.bin,ヴェランHSフット,ヴェランFZ Feet
0x4409a0@mhfdat-jp.bin,ヴェランGSフット,ヴェランHS Feet
0x4409a4@mhfdat-jp.bin,ヴェランGPフット,ヴェランGS Feet
0x4409a8@mhfdat-jp.bin,ランデグフット,ヴェランGP Feet
0x4409ac@mhfdat-jp.bin,ランデグＦフット,ランデグ Feet
0x4409b0@mhfdat-jp.bin,ランデグFZフット,ランデグF Feet
0x4409b4@mhfdat-jp.bin,ランデグHSフット,ランデグFZ Feet
0x4409b8@mhfdat-jp.bin,ランデグGSフット,ランデグHS Feet
0x4409bc@mhfdat-jp.bin,ランデグGPフット,ランデグGS Feet
0x4409c0@mhfdat-jp.bin,ランデグブーツ,ランデグGP Feet
0x4409c4@mhfdat-jp.bin,ランデグＦブーツ,ランデグ Boots
0x4409c8@mhfdat-jp.bin,ランデグFZブーツ,ランデグF Boots
0x4409cc@mhfdat-jp.bin,ランデグHSブーツ,ランデグFZ Boots
0x4409d0@mhfdat-jp.bin,ランデグGSブーツ,ランデグHS Boots
0x4409d4@mhfdat-jp.bin,ランデグGPブーツ,ランデグGS Boots
0x4409d8@mhfdat-jp.bin,エンドレフット,ランデグGP Boots
0x4409dc@mhfdat-jp.bin,エンドレＦフット,Endre Feet
0x4409e0@mhfdat-jp.bin,エンドレFZフット,Endre F Feet
0x4409e4@mhfdat-jp.bin,エンドレHSフット,Endre FZ Feet
0x4409e8@mhfdat-jp.bin,エンドレGSフット,Endre HS Feet
0x4409ec@mhfdat-jp.bin,エンドレGPフット,Endre GS Feet
0x4409f0@mhfdat-jp.bin,エンドレブーツ,Endre GP Feet
0x4409f4@mhfdat-jp.bin,エンドレＦブーツ,Endre Boots
0x4409f8@mhfdat-jp.bin,エンドレFZブーツ,Endre F Boots
0x4409fc@mhfdat-jp.bin,エンドレHSブーツ,Endre FZ Boots
0x440a00@mhfdat-jp.bin,エンドレGSブーツ,Endre HS Boots
0x440a04@mhfdat-jp.bin,エンドレGPブーツ,Endre GS Boots
0x440a08@mhfdat-jp.bin,サジタリオフット赤,Endre GP Boots
0x440a0c@mhfdat-jp.bin,サジタリオＦフット赤,Sagittario Feet Red
0x440a10@mhfdat-jp.bin,サジタリオFZフット赤,Sagittario F Feet Red
0x440a14@mhfdat-jp.bin,サジタリオHSフット赤,Sagittario FZ Feet Red
0x440a18@mhfdat-jp.bin,サジタリオGSフット赤,Sagittario HS Feet Red
0x440a1c@mhfdat-jp.bin,サジタリオGPフット赤,Sagittario GS Feet Red
0x440a20@mhfdat-jp.bin,サジタリオブーツ赤,Sagittario GP Feet Red
0x440a24@mhfdat-jp.bin,サジタリオＦブーツ赤,Sagittario Boots Red
0x440a28@mhfdat-jp.bin,サジタリオFZブーツ赤,Sagittario F Boots Red
0x440a2c@mhfdat-jp.bin,サジタリオHSブーツ赤,Sagittario FZ Boots Red
0x440a30@mhfdat-jp.bin,サジタリオGSブーツ赤,Sagittario HS Boots Red
0x440a34@mhfdat-jp.bin,サジタリオGPブーツ赤,Sagittario GS Boots Red
0x440a38@mhfdat-jp.bin,サジタリオフット青,Sagittario GP Boots Red
0x440a3c@mhfdat-jp.bin,サジタリオＦフット青,Sagittario Feet Blue
0x440a40@mhfdat-jp.bin,サジタリオFZフット青,Sagittario F Feet Blue
0x440a44@mhfdat-jp.bin,サジタリオHSフット青,Sagittario FZ Feet Blue
0x440a48@mhfdat-jp.bin,サジタリオGSフット青,Sagittario HS Feet Blue
0x440a4c@mhfdat-jp.bin,サジタリオGPフット青,Sagittario GS Feet Blue
0x440a50@mhfdat-jp.bin,サジタリオブーツ青,Sagittario GP Feet Blue
0x440a54@mhfdat-jp.bin,サジタリオＦブーツ青,Sagittario Boots Blue
0x440a58@mhfdat-jp.bin,サジタリオFZブーツ青,Sagittario F Boots Blue
0x440a5c@mhfdat-jp.bin,サジタリオHSブーツ青,Sagittario FZ Boots Blue
0x440a60@mhfdat-jp.bin,サジタリオGSブーツ青,Sagittario HS Boots Blue
0x440a64@mhfdat-jp.bin,サジタリオGPブーツ青,Sagittario GS Boots Blue
0x440a68@mhfdat-jp.bin,サジタリオフット紫,Sagittario GP Boots Blue
0x440a6c@mhfdat-jp.bin,サジタリオＦフット紫,Sagittario Feet Purple
0x440a70@mhfdat-jp.bin,サジタリオFZフット紫,Sagittario F Feet Purple
0x440a74@mhfdat-jp.bin,サジタリオHSフット紫,Sagittario FZ Feet Purple
0x440a78@mhfdat-jp.bin,サジタリオGSフット紫,Sagittario HS Feet Purple
0x440a7c@mhfdat-jp.bin,サジタリオGPフット紫,Sagittario GS Feet Purple
0x440a80@mhfdat-jp.bin,サジタリオブーツ紫,Sagittario GP Feet Purple
0x440a84@mhfdat-jp.bin,サジタリオＦブーツ紫,Sagittario Boots Purple
0x440a88@mhfdat-jp.bin,サジタリオFZブーツ紫,Sagittario F Boots Purple
0x440a8c@mhfdat-jp.bin,サジタリオHSブーツ紫,Sagittario FZ Boots Purple
0x440a90@mhfdat-jp.bin,サジタリオGSブーツ紫,Sagittario HS Boots Purple
0x440a94@mhfdat-jp.bin,サジタリオGPブーツ紫,Sagittario GS Boots Purple
0x440a98@mhfdat-jp.bin,サジタリオフット緑,Sagittario GP Boots Purple
0x440a9c@mhfdat-jp.bin,サジタリオＦフット緑,Sagittario Feet Green
0x440aa0@mhfdat-jp.bin,サジタリオFZフット緑,Sagittario F Feet Green
0x440aa4@mhfdat-jp.bin,サジタリオHSフット緑,Sagittario FZ Feet Green
0x440aa8@mhfdat-jp.bin,サジタリオGSフット緑,Sagittario HS Feet Green
0x440aac@mhfdat-jp.bin,サジタリオGPフット緑,Sagittario GS Feet Green
0x440ab0@mhfdat-jp.bin,サジタリオブーツ緑,Sagittario GP Feet Green
0x440ab4@mhfdat-jp.bin,サジタリオＦブーツ緑,Sagittario Boots Green
0x440ab8@mhfdat-jp.bin,サジタリオFZブーツ緑,Sagittario F Boots Green
0x440abc@mhfdat-jp.bin,サジタリオHSブーツ緑,Sagittario FZ Boots Green
0x440ac0@mhfdat-jp.bin,サジタリオGSブーツ緑,Sagittario HS Boots Green
0x440ac4@mhfdat-jp.bin,サジタリオGPブーツ緑,Sagittario GS Boots Green
0x440ac8@mhfdat-jp.bin,ニーナフット・赤,Sagittario GP Boots Green
0x440acc@mhfdat-jp.bin,ニーナＦフット・赤,Nina Feet・Red
0x440ad0@mhfdat-jp.bin,ニーナFZフット・赤,Nina F Feet・Red
0x440ad4@mhfdat-jp.bin,ニーナHSフット・赤,Nina FZ Feet・Red
0x440ad8@mhfdat-jp.bin,ニーナGSフット・赤,Nina HS Feet・Red
0x440adc@mhfdat-jp.bin,ニーナGPフット・赤,Nina GS Feet・Red
0x440ae0@mhfdat-jp.bin,ニーナブーツ・赤,Nina GP Feet・Red
0x440ae4@mhfdat-jp.bin,ニーナＦブーツ・赤,Nina Boots・Red
0x440ae8@mhfdat-jp.bin,ニーナFZブーツ・赤,Nina F Boots・Red
0x440aec@mhfdat-jp.bin,ニーナHSブーツ・赤,Nina FZ Boots・Red
0x440af0@mhfdat-jp.bin,ニーナGSブーツ・赤,Nina HS Boots・Red
0x440af4@mhfdat-jp.bin,ニーナGPブーツ・赤,Nina GS Boots・Red
0x440af8@mhfdat-jp.bin,ニーナフット・緑,Nina GP Boots・Red
0x440afc@mhfdat-jp.bin,ニーナＦフット・緑,Nina Feet・Green
0x440b00@mhfdat-jp.bin,ニーナFZフット・緑,Nina F Feet・Green
0x440b04@mhfdat-jp.bin,ニーナHSフット・緑,Nina FZ Feet・Green
0x440b08@mhfdat-jp.bin,ニーナGSフット・緑,Nina HS Feet・Green
0x440b0c@mhfdat-jp.bin,ニーナGPフット・緑,Nina GS Feet・Green
0x440b10@mhfdat-jp.bin,ニーナブーツ・緑,Nina GP Feet・Green
0x440b14@mhfdat-jp.bin,ニーナＦブーツ・緑,Nina Boots・Green
0x440b18@mhfdat-jp.bin,ニーナFZブーツ・緑,Nina F Boots・Green
0x440b1c@mhfdat-jp.bin,ニーナHSブーツ・緑,Nina FZ Boots・Green
0x440b20@mhfdat-jp.bin,ニーナGSブーツ・緑,Nina HS Boots・Green
0x440b24@mhfdat-jp.bin,ニーナGPブーツ・緑,Nina GS Boots・Green
0x440b28@mhfdat-jp.bin,ニーナフット・桃,Nina GP Boots・Green
0x440b2c@mhfdat-jp.bin,ニーナＦフット・桃,Nina Feet・Peach
0x440b30@mhfdat-jp.bin,ニーナFZフット・桃,Nina F Feet・Peach
0x440b34@mhfdat-jp.bin,ニーナHSフット・桃,Nina FZ Feet・Peach
0x440b38@mhfdat-jp.bin,ニーナGSフット・桃,Nina HS Feet・Peach
0x440b3c@mhfdat-jp.bin,ニーナGPフット・桃,Nina GS Feet・Peach
0x440b40@mhfdat-jp.bin,ニーナブーツ・桃,Nina GP Feet・Peach
0x440b44@mhfdat-jp.bin,ニーナＦブーツ・桃,Nina Boots・Peach
0x440b48@mhfdat-jp.bin,ニーナFZブーツ・桃,Nina F Boots・Peach
0x440b4c@mhfdat-jp.bin,ニーナHSブーツ・桃,Nina FZ Boots・Peach
0x440b50@mhfdat-jp.bin,ニーナGSブーツ・桃,Nina HS Boots・Peach
0x440b54@mhfdat-jp.bin,ニーナGPブーツ・桃,Nina GS Boots・Peach
0x440b58@mhfdat-jp.bin,ニーナフット・青,Nina GP Boots・Peach
0x440b5c@mhfdat-jp.bin,ニーナＦフット・青,Nina Feet・Blue
0x440b60@mhfdat-jp.bin,ニーナFZフット・青,Nina F Feet・Blue
0x440b64@mhfdat-jp.bin,ニーナHSフット・青,Nina FZ Feet・Blue
0x440b68@mhfdat-jp.bin,ニーナGSフット・青,Nina HS Feet・Blue
0x440b6c@mhfdat-jp.bin,ニーナGPフット・青,Nina GS Feet・Blue
0x440b70@mhfdat-jp.bin,ニーナブーツ・青,Nina GP Feet・Blue
0x440b74@mhfdat-jp.bin,ニーナＦブーツ・青,Nina Boots・Blue
0x440b78@mhfdat-jp.bin,ニーナFZブーツ・青,Nina F Boots・Blue
0x440b7c@mhfdat-jp.bin,ニーナHSブーツ・青,Nina FZ Boots・Blue
0x440b80@mhfdat-jp.bin,ニーナGSブーツ・青,Nina HS Boots・Blue
0x440b84@mhfdat-jp.bin,ニーナGPブーツ・青,Nina GS Boots・Blue
0x440b88@mhfdat-jp.bin,ハーゼフット,Nina GP Boots・Blue
0x440b8c@mhfdat-jp.bin,ハーゼＦフット,Harze Feet
0x440b90@mhfdat-jp.bin,ハーゼFZフット,Harze F Feet
0x440b94@mhfdat-jp.bin,ハーゼHSフット,Harze FZ Feet
0x440b98@mhfdat-jp.bin,ハーゼGSフット,Harze HS Feet
0x440b9c@mhfdat-jp.bin,ハーゼGPフット,Harze GS Feet
0x440ba0@mhfdat-jp.bin,ハーゼブーツ,Harze GP Feet
0x440ba4@mhfdat-jp.bin,ハーゼＦブーツ,Harze Boots
0x440ba8@mhfdat-jp.bin,ハーゼFZブーツ,Harze F Boots
0x440bac@mhfdat-jp.bin,ハーゼHSブーツ,Harze FZ Boots
0x440bb0@mhfdat-jp.bin,ハーゼGSブーツ,Harze HS Boots
0x440bb4@mhfdat-jp.bin,ハーゼGPブーツ,Harze GS Boots
0x440bb8@mhfdat-jp.bin,クアルＧグリーヴ,Harze GP Boots
0x440bbc@mhfdat-jp.bin,クアルGFグリーヴ,Kuaru G Greaves
0x440bc0@mhfdat-jp.bin,クアルGXグリーヴ,Kuaru GF Greaves
0x440bc4@mhfdat-jp.bin,クアルＧレギンス,Kuaru GX Greaves
0x440bc8@mhfdat-jp.bin,クアルGFレギンス,Kuaru G Leggings
0x440bcc@mhfdat-jp.bin,クアルGXレギンス,Kuaru GF Leggings
0x440bd0@mhfdat-jp.bin,エンプレスＧグリーヴ,Kuaru GX Leggings
0x440bd4@mhfdat-jp.bin,エンプレスGFグリーヴ,Empress G Greaves
0x440bd8@mhfdat-jp.bin,エンプレスGXグリーヴ,Empress GF Greaves
0x440bdc@mhfdat-jp.bin,エンプレスＧレギンス,Empress GX Greaves
0x440be0@mhfdat-jp.bin,エンプレスGFレギンス,Empress G Leggings
0x440be4@mhfdat-jp.bin,エンプレスGXレギンス,Empress GF Leggings
0x440be8@mhfdat-jp.bin,創音奏Ｇ【具足】,Empress GX Leggings
0x440bec@mhfdat-jp.bin,創音奏GF【具足】,Genesis G [Greaves 】
0x440bf0@mhfdat-jp.bin,創音奏GX【具足】,Genesis GF [Greaves 】
0x440bf4@mhfdat-jp.bin,音紡奏Ｇ【具足】,Genesis GX [Greaves 】
0x440bf8@mhfdat-jp.bin,音紡奏GF【具足】,Motion G [Greaves 】
0x440bfc@mhfdat-jp.bin,音紡奏GX【具足】,Motion GF [Greaves 】
0x440c00@mhfdat-jp.bin,ポボルムグリーヴ,Motion GX [Greaves 】
0x440c04@mhfdat-jp.bin,ポボルムＦグリーヴ,Pobo Greaves
0x440c08@mhfdat-jp.bin,ポボルムFXグリーヴ,Pobo F Greaves
0x440c0c@mhfdat-jp.bin,ポボルムＧグリーヴ,Pobo FX Greaves
0x440c10@mhfdat-jp.bin,ポボルムGFグリーヴ,Pobo G Greaves
0x440c14@mhfdat-jp.bin,ポボルムレギンス,Pobo GF Greaves
0x440c18@mhfdat-jp.bin,ポボルムＦレギンス,Pobo Leggings
0x440c1c@mhfdat-jp.bin,ポボルムFXレギンス,Pobo F Leggings
0x440c20@mhfdat-jp.bin,ポボルムＧレギンス,Pobo FX Leggings
0x440c24@mhfdat-jp.bin,ポボルムGFレギンス,Pobo G Leggings
0x440c28@mhfdat-jp.bin,リオソウルＧグリーヴ,Pobo GF Leggings
0x440c2c@mhfdat-jp.bin,リオソウルGFグリーヴ,Rath Soul G Greaves
0x440c30@mhfdat-jp.bin,リオソウルGXグリーヴ,Rath Soul GF Greaves
0x440c34@mhfdat-jp.bin,リオソウルＧレギンス,Rath Soul GX Greaves
0x440c38@mhfdat-jp.bin,リオソウルGFレギンス,Rath Soul G Leggings
0x440c3c@mhfdat-jp.bin,リオソウルGXレギンス,Rath Soul GF Leggings
0x440c40@mhfdat-jp.bin,リオハートＧグリーヴ,Rath Soul GX Leggings
0x440c44@mhfdat-jp.bin,リオハートGFグリーヴ,Rath Heart G Greaves
0x440c48@mhfdat-jp.bin,リオハートGXグリーヴ,Rath Heart GF Greaves
0x440c4c@mhfdat-jp.bin,リオハートＧレギンス,Rath Heart GX Greaves
0x440c50@mhfdat-jp.bin,リオハートGFレギンス,Rath Heart G Leggings
0x440c54@mhfdat-jp.bin,リオハートGXレギンス,Rath Heart GF Leggings
0x440c58@mhfdat-jp.bin,シャテムブーツ,Rath Heart GX Leggings
0x440c5c@mhfdat-jp.bin,シャテムＦブーツ,Shatemu Boots
0x440c60@mhfdat-jp.bin,シャテムFZブーツ,Shatemu F Boots
0x440c64@mhfdat-jp.bin,シャテムHSブーツ,Shatemu FZ Boots
0x440c68@mhfdat-jp.bin,シャテムGSブーツ,Shatemu HS Boots
0x440c6c@mhfdat-jp.bin,シャテムGPブーツ,Shatemu GS Boots
0x440c70@mhfdat-jp.bin,シャテムレギンス,Shatemu GP Boots
0x440c74@mhfdat-jp.bin,シャテムＦレギンス,Shatemu Leggings
0x440c78@mhfdat-jp.bin,シャテムFZレギンス,Shatemu F Leggings
0x440c7c@mhfdat-jp.bin,シャテムHSレギンス,Shatemu FZ Leggings
0x440c80@mhfdat-jp.bin,シャテムGSレギンス,Shatemu HS Leggings
0x440c84@mhfdat-jp.bin,シャテムGPレギンス,Shatemu GS Leggings
0x440c88@mhfdat-jp.bin,ヘヴリアブーツ,Shatemu GP Leggings
0x440c8c@mhfdat-jp.bin,ヘヴリアＦブーツ,Hevria Boots
0x440c90@mhfdat-jp.bin,ヘヴリアFZブーツ,Hevria F Boots
0x440c94@mhfdat-jp.bin,ヘヴリアHSブーツ,Hevria FZ Boots
0x440c98@mhfdat-jp.bin,ヘヴリアGSブーツ,Hevria HS Boots
0x440c9c@mhfdat-jp.bin,ヘヴリアGPブーツ,Hevria GS Boots
0x440ca0@mhfdat-jp.bin,ヘヴリアレギンス,Hevria GP Boots
0x440ca4@mhfdat-jp.bin,ヘヴリアＦレギンス,Hevria Leggings
0x440ca8@mhfdat-jp.bin,ヘヴリアFZレギンス,Hevria F Leggings
0x440cac@mhfdat-jp.bin,ヘヴリアHSレギンス,Hevria FZ Leggings
0x440cb0@mhfdat-jp.bin,ヘヴリアGSレギンス,Hevria HS Leggings
0x440cb4@mhfdat-jp.bin,ヘヴリアGPレギンス,Hevria GS Leggings
0x440cb8@mhfdat-jp.bin,ティルルブーツ,Hevria GP Leggings
0x440cbc@mhfdat-jp.bin,ティルルＦブーツ,Tiuru Boots
0x440cc0@mhfdat-jp.bin,ティルルFZブーツ,Tiuru F Boots
0x440cc4@mhfdat-jp.bin,ティルルHSブーツ,Tiuru FZ Boots
0x440cc8@mhfdat-jp.bin,ティルルGSブーツ,Tiuru HS Boots
0x440ccc@mhfdat-jp.bin,ティルルGPブーツ,Tiuru GS Boots
0x440cd0@mhfdat-jp.bin,ティルルレギンス,Tiuru GP Boots
0x440cd4@mhfdat-jp.bin,ティルルＦレギンス,Tiuru Leggings
0x440cd8@mhfdat-jp.bin,ティルルFZレギンス,Tiuru F Leggings
0x440cdc@mhfdat-jp.bin,ティルルHSレギンス,Tiuru FZ Leggings
0x440ce0@mhfdat-jp.bin,ティルルGSレギンス,Tiuru HS Leggings
0x440ce4@mhfdat-jp.bin,ティルルGPレギンス,Tiuru GS Leggings
0x440ce8@mhfdat-jp.bin,バンデフット・青,Tiuru GP Leggings
0x440cec@mhfdat-jp.bin,バンデＦフット・青,Bande Feet・Blue
0x440cf0@mhfdat-jp.bin,バンデFZフット・青,Bande F Feet・Blue
0x440cf4@mhfdat-jp.bin,バンデHSフット・青,Bande FZ Feet・Blue
0x440cf8@mhfdat-jp.bin,バンデGSフット・青,Bande HS Feet・Blue
0x440cfc@mhfdat-jp.bin,バンデGPフット・青,Bande GS Feet・Blue
0x440d00@mhfdat-jp.bin,バンデブーツ・青,Bande GP Feet・Blue
0x440d04@mhfdat-jp.bin,バンデＦブーツ・青,Bande Boots・Blue
0x440d08@mhfdat-jp.bin,バンデFZブーツ・青,Bande F Boots・Blue
0x440d0c@mhfdat-jp.bin,バンデHSブーツ・青,Bande FZ Boots・Blue
0x440d10@mhfdat-jp.bin,バンデGSブーツ・青,Bande HS Boots・Blue
0x440d14@mhfdat-jp.bin,バンデGPブーツ・青,Bande GS Boots・Blue
0x440d18@mhfdat-jp.bin,バンデフット・赤,Bande GP Boots・Blue
0x440d1c@mhfdat-jp.bin,バンデＦフット・赤,Bande Feet・Red
0x440d20@mhfdat-jp.bin,バンデFZフット・赤,Bande F Feet・Red
0x440d24@mhfdat-jp.bin,バンデHSフット・赤,Bande FZ Feet・Red
0x440d28@mhfdat-jp.bin,バンデGSフット・赤,Bande HS Feet・Red
0x440d2c@mhfdat-jp.bin,バンデGPフット・赤,Bande GS Feet・Red
0x440d30@mhfdat-jp.bin,バンデブーツ・赤,Bande GP Feet・Red
0x440d34@mhfdat-jp.bin,バンデＦブーツ・赤,Bande Boots・Red
0x440d38@mhfdat-jp.bin,バンデFZブーツ・赤,Bande F Boots・Red
0x440d3c@mhfdat-jp.bin,バンデHSブーツ・赤,Bande FZ Boots・Red
0x440d40@mhfdat-jp.bin,バンデGSブーツ・赤,Bande HS Boots・Red
0x440d44@mhfdat-jp.bin,バンデGPブーツ・赤,Bande GS Boots・Red
0x440d48@mhfdat-jp.bin,バンデフット・緑,Bande GP Boots・Red
0x440d4c@mhfdat-jp.bin,バンデＦフット・緑,Bande Feet・Green
0x440d50@mhfdat-jp.bin,バンデFZフット・緑,Bande F Feet・Green
0x440d54@mhfdat-jp.bin,バンデHSフット・緑,Bande FZ Feet・Green
0x440d58@mhfdat-jp.bin,バンデGSフット・緑,Bande HS Feet・Green
0x440d5c@mhfdat-jp.bin,バンデGPフット・緑,Bande GS Feet・Green
0x440d60@mhfdat-jp.bin,バンデブーツ・緑,Bande GP Feet・Green
0x440d64@mhfdat-jp.bin,バンデＦブーツ・緑,Bande Boots・Green
0x440d68@mhfdat-jp.bin,バンデFZブーツ・緑,Bande F Boots・Green
0x440d6c@mhfdat-jp.bin,バンデHSブーツ・緑,Bande FZ Boots・Green
0x440d70@mhfdat-jp.bin,バンデGSブーツ・緑,Bande HS Boots・Green
0x440d74@mhfdat-jp.bin,バンデGPブーツ・緑,Bande GS Boots・Green
0x440d78@mhfdat-jp.bin,バンデフット・黒,Bande GP Boots・Green
0x440d7c@mhfdat-jp.bin,バンデＦフット・黒,Bande Feet・Black
0x440d80@mhfdat-jp.bin,バンデFZフット・黒,Bande F Feet・Black
0x440d84@mhfdat-jp.bin,バンデHSフット・黒,Bande FZ Feet・Black
0x440d88@mhfdat-jp.bin,バンデGSフット・黒,Bande HS Feet・Black
0x440d8c@mhfdat-jp.bin,バンデGPフット・黒,Bande GS Feet・Black
0x440d90@mhfdat-jp.bin,バンデブーツ・黒,Bande GP Feet・Black
0x440d94@mhfdat-jp.bin,バンデＦブーツ・黒,Bande Boots・Black
0x440d98@mhfdat-jp.bin,バンデFZブーツ・黒,Bande F Boots・Black
0x440d9c@mhfdat-jp.bin,バンデHSブーツ・黒,Bande FZ Boots・Black
0x440da0@mhfdat-jp.bin,バンデGSブーツ・黒,Bande HS Boots・Black
0x440da4@mhfdat-jp.bin,バンデGPブーツ・黒,Bande GS Boots・Black
0x440da8@mhfdat-jp.bin,天日ノ脛当・赤,Bande GP Boots・Black
0x440dac@mhfdat-jp.bin,天日ノ脛当Ｆ・赤,Tenpi Legs・Red
0x440db0@mhfdat-jp.bin,天日ノ脛当FZ・赤,Tenpi Legs F・Red
0x440db4@mhfdat-jp.bin,天日ノ脛当HS・赤,Tenpi Legs FZ・Red
0x440db8@mhfdat-jp.bin,天日ノ脛当GS・赤,Tenpi Legs HS・Red
0x440dbc@mhfdat-jp.bin,天日ノ脛当GP・赤,Tenpi Legs GS・Red
0x440dc0@mhfdat-jp.bin,天日ノ具足・赤,Tenpi Legs GP・Red
0x440dc4@mhfdat-jp.bin,天日ノ具足Ｆ・赤,Tenpi Greaves・Red
0x440dc8@mhfdat-jp.bin,天日ノ具足FZ・赤,Tenpi Greaves F・Red
0x440dcc@mhfdat-jp.bin,天日ノ具足HS・赤,Tenpi Greaves FZ・Red
0x440dd0@mhfdat-jp.bin,天日ノ具足GS・赤,Tenpi Greaves HS・Red
0x440dd4@mhfdat-jp.bin,天日ノ具足GP・赤,Tenpi Greaves GS・Red
0x440dd8@mhfdat-jp.bin,天日ノ脛当・青,Tenpi Greaves GP・Red
0x440ddc@mhfdat-jp.bin,天日ノ脛当Ｆ・青,Tenpi Legs・Blue
0x440de0@mhfdat-jp.bin,天日ノ脛当FZ・青,Tenpi Legs F・Blue
0x440de4@mhfdat-jp.bin,天日ノ脛当HS・青,Tenpi Legs FZ・Blue
0x440de8@mhfdat-jp.bin,天日ノ脛当GS・青,Tenpi Legs HS・Blue
0x440dec@mhfdat-jp.bin,天日ノ脛当GP・青,Tenpi Legs GS・Blue
0x440df0@mhfdat-jp.bin,天日ノ具足・青,Tenpi Legs GP・Blue
0x440df4@mhfdat-jp.bin,天日ノ具足Ｆ・青,Tenpi Greaves・Blue
0x440df8@mhfdat-jp.bin,天日ノ具足FZ・青,Tenpi Greaves F・Blue
0x440dfc@mhfdat-jp.bin,天日ノ具足HS・青,Tenpi Greaves FZ・Blue
0x440e00@mhfdat-jp.bin,天日ノ具足GS・青,Tenpi Greaves HS・Blue
0x440e04@mhfdat-jp.bin,天日ノ具足GP・青,Tenpi Greaves GS・Blue
0x440e08@mhfdat-jp.bin,天日ノ脛当・黒,Tenpi Greaves GP・Blue
0x440e0c@mhfdat-jp.bin,天日ノ脛当Ｆ・黒,Tenpi Legs・Black
0x440e10@mhfdat-jp.bin,天日ノ脛当FZ・黒,Tenpi Legs F・Black
0x440e14@mhfdat-jp.bin,天日ノ脛当HS・黒,Tenpi Legs FZ・Black
0x440e18@mhfdat-jp.bin,天日ノ脛当GS・黒,Tenpi Legs HS・Black
0x440e1c@mhfdat-jp.bin,天日ノ脛当GP・黒,Tenpi Legs GS・Black
0x440e20@mhfdat-jp.bin,天日ノ具足・黒,Tenpi Legs GP・Black
0x440e24@mhfdat-jp.bin,天日ノ具足Ｆ・黒,Tenpi Greaves・Black
0x440e28@mhfdat-jp.bin,天日ノ具足FZ・黒,Tenpi Greaves F・Black
0x440e2c@mhfdat-jp.bin,天日ノ具足HS・黒,Tenpi Greaves FZ・Black
0x440e30@mhfdat-jp.bin,天日ノ具足GS・黒,Tenpi Greaves HS・Black
0x440e34@mhfdat-jp.bin,天日ノ具足GP・黒,Tenpi Greaves GS・Black
0x440e38@mhfdat-jp.bin,天日ノ脛当・白,Tenpi Greaves GP・Black
0x440e3c@mhfdat-jp.bin,天日ノ脛当Ｆ・白,Tenpi Legs・White
0x440e40@mhfdat-jp.bin,天日ノ脛当FZ・白,Tenpi Legs F・White
0x440e44@mhfdat-jp.bin,天日ノ脛当HS・白,Tenpi Legs FZ・White
0x440e48@mhfdat-jp.bin,天日ノ脛当GS・白,Tenpi Legs HS・White
0x440e4c@mhfdat-jp.bin,天日ノ脛当GP・白,Tenpi Legs GS・White
0x440e50@mhfdat-jp.bin,天日ノ具足・白,Tenpi Legs GP・White
0x440e54@mhfdat-jp.bin,天日ノ具足Ｆ・白,Tenpi Greaves・White
0x440e58@mhfdat-jp.bin,天日ノ具足FZ・白,Tenpi Greaves F・White
0x440e5c@mhfdat-jp.bin,天日ノ具足HS・白,Tenpi Greaves FZ・White
0x440e60@mhfdat-jp.bin,天日ノ具足GS・白,Tenpi Greaves HS・White
0x440e64@mhfdat-jp.bin,天日ノ具足GP・白,Tenpi Greaves GS・White
0x440e68@mhfdat-jp.bin,天日ノ鉄衣・赤,Tenpi Greaves GP・White
0x440e6c@mhfdat-jp.bin,天日ノ鉄衣Ｆ・赤,Tenpi ノ鉄衣・Red
0x440e70@mhfdat-jp.bin,天日ノ鉄衣FZ・赤,Tenpi ノ鉄衣F・Red
0x440e74@mhfdat-jp.bin,天日ノ鉄衣HS・赤,Tenpi ノ鉄衣FZ・Red
0x440e78@mhfdat-jp.bin,天日ノ鉄衣GS・赤,Tenpi ノ鉄衣HS・Red
0x440e7c@mhfdat-jp.bin,天日ノ鉄衣GP・赤,Tenpi ノ鉄衣GS・Red
0x440e80@mhfdat-jp.bin,天日ノ脚着・赤,Tenpi ノ鉄衣GP・Red
0x440e84@mhfdat-jp.bin,天日ノ脚着Ｆ・赤,Tenpi Foot 着・Red
0x440e88@mhfdat-jp.bin,天日ノ脚着FZ・赤,Tenpi Foot 着F・Red
0x440e8c@mhfdat-jp.bin,天日ノ脚着HS・赤,Tenpi Foot 着FZ・Red
0x440e90@mhfdat-jp.bin,天日ノ脚着GS・赤,Tenpi Foot 着HS・Red
0x440e94@mhfdat-jp.bin,天日ノ脚着GP・赤,Tenpi Foot 着GS・Red
0x440e98@mhfdat-jp.bin,天日ノ鉄衣・青,Tenpi Foot 着GP・Red
0x440e9c@mhfdat-jp.bin,天日ノ鉄衣Ｆ・青,Tenpi ノ鉄衣・Blue
0x440ea0@mhfdat-jp.bin,天日ノ鉄衣FZ・青,Tenpi ノ鉄衣F・Blue
0x440ea4@mhfdat-jp.bin,天日ノ鉄衣HS・青,Tenpi ノ鉄衣FZ・Blue
0x440ea8@mhfdat-jp.bin,天日ノ鉄衣GS・青,Tenpi ノ鉄衣HS・Blue
0x440eac@mhfdat-jp.bin,天日ノ鉄衣GP・青,Tenpi ノ鉄衣GS・Blue
0x440eb0@mhfdat-jp.bin,天日ノ脚着・青,Tenpi ノ鉄衣GP・Blue
0x440eb4@mhfdat-jp.bin,天日ノ脚着Ｆ・青,Tenpi Foot 着・Blue
0x440eb8@mhfdat-jp.bin,天日ノ脚着FZ・青,Tenpi Foot 着F・Blue
0x440ebc@mhfdat-jp.bin,天日ノ脚着HS・青,Tenpi Foot 着FZ・Blue
0x440ec0@mhfdat-jp.bin,天日ノ脚着GS・青,Tenpi Foot 着HS・Blue
0x440ec4@mhfdat-jp.bin,天日ノ脚着GP・青,Tenpi Foot 着GS・Blue
0x440ec8@mhfdat-jp.bin,天日ノ鉄衣・黒,Tenpi Foot 着GP・Blue
0x440ecc@mhfdat-jp.bin,天日ノ鉄衣Ｆ・黒,Tenpi ノ鉄衣・Black
0x440ed0@mhfdat-jp.bin,天日ノ鉄衣FZ・黒,Tenpi ノ鉄衣F・Black
0x440ed4@mhfdat-jp.bin,天日ノ鉄衣HS・黒,Tenpi ノ鉄衣FZ・Black
0x440ed8@mhfdat-jp.bin,天日ノ鉄衣GS・黒,Tenpi ノ鉄衣HS・Black
0x440edc@mhfdat-jp.bin,天日ノ鉄衣GP・黒,Tenpi ノ鉄衣GS・Black
0x440ee0@mhfdat-jp.bin,天日ノ脚着・黒,Tenpi ノ鉄衣GP・Black
0x440ee4@mhfdat-jp.bin,天日ノ脚着Ｆ・黒,Tenpi Foot 着・Black
0x440ee8@mhfdat-jp.bin,天日ノ脚着FZ・黒,Tenpi Foot 着F・Black
0x440eec@mhfdat-jp.bin,天日ノ脚着HS・黒,Tenpi Foot 着FZ・Black
0x440ef0@mhfdat-jp.bin,天日ノ脚着GS・黒,Tenpi Foot 着HS・Black
0x440ef4@mhfdat-jp.bin,天日ノ脚着GP・黒,Tenpi Foot 着GS・Black
0x440ef8@mhfdat-jp.bin,天日ノ鉄衣・白,Tenpi Foot 着GP・Black
0x440efc@mhfdat-jp.bin,天日ノ鉄衣Ｆ・白,Tenpi ノ鉄衣・White
0x440f00@mhfdat-jp.bin,天日ノ鉄衣FZ・白,Tenpi ノ鉄衣F・White
0x440f04@mhfdat-jp.bin,天日ノ鉄衣HS・白,Tenpi ノ鉄衣FZ・White
0x440f08@mhfdat-jp.bin,天日ノ鉄衣GS・白,Tenpi ノ鉄衣HS・White
0x440f0c@mhfdat-jp.bin,天日ノ鉄衣GP・白,Tenpi ノ鉄衣GS・White
0x440f10@mhfdat-jp.bin,天日ノ脚着・白,Tenpi ノ鉄衣GP・White
0x440f14@mhfdat-jp.bin,天日ノ脚着Ｆ・白,Tenpi Foot 着・White
0x440f18@mhfdat-jp.bin,天日ノ脚着FZ・白,Tenpi Foot 着F・White
0x440f1c@mhfdat-jp.bin,天日ノ脚着HS・白,Tenpi Foot 着FZ・White
0x440f20@mhfdat-jp.bin,天日ノ脚着GS・白,Tenpi Foot 着HS・White
0x440f24@mhfdat-jp.bin,天日ノ脚着GP・白,Tenpi Foot 着GS・White
0x440f28@mhfdat-jp.bin,リュバンフット,Tenpi Foot 着GP・White
0x440f2c@mhfdat-jp.bin,リュバンＦフット,Ruban Feet
0x440f30@mhfdat-jp.bin,リュバンFZフット,Ruban F Feet
0x440f34@mhfdat-jp.bin,リュバンHSフット,Ruban FZ Feet
0x440f38@mhfdat-jp.bin,リュバンGSフット,Ruban HS Feet
0x440f3c@mhfdat-jp.bin,リュバンGPフット,Ruban GS Feet
0x440f40@mhfdat-jp.bin,リュバンレッグ,Ruban GP Feet
0x440f44@mhfdat-jp.bin,リュバンＦレッグ,Ruban Leg
0x440f48@mhfdat-jp.bin,リュバンFZレッグ,Ruban F Leg
0x440f4c@mhfdat-jp.bin,リュバンHSレッグ,Ruban FZ Leg
0x440f50@mhfdat-jp.bin,リュバンGSレッグ,Ruban HS Leg
0x440f54@mhfdat-jp.bin,リュバンGPレッグ,Ruban GS Leg
0x440f58@mhfdat-jp.bin,オルロジュブーツ,Ruban GP Leg
0x440f5c@mhfdat-jp.bin,オルロジュＦブーツ,Orloj Boots
0x440f60@mhfdat-jp.bin,オルロジュFZブーツ,Orloj F Boots
0x440f64@mhfdat-jp.bin,オルロジュHSブーツ,Orloj FZ Boots
0x440f68@mhfdat-jp.bin,オルロジュGSブーツ,Orloj HS Boots
0x440f6c@mhfdat-jp.bin,オルロジュGPブーツ,Orloj GS Boots
0x440f70@mhfdat-jp.bin,オルロジュレギンス,Orloj GP Boots
0x440f74@mhfdat-jp.bin,オルロジュＦレギンス,Orloj Leggings
0x440f78@mhfdat-jp.bin,オルロジュFZレギンス,Orloj F Leggings
0x440f7c@mhfdat-jp.bin,オルロジュHSレギンス,Orloj FZ Leggings
0x440f80@mhfdat-jp.bin,オルロジュGSレギンス,Orloj HS Leggings
0x440f84@mhfdat-jp.bin,オルロジュGPレギンス,Orloj GS Leggings
0x440f88@mhfdat-jp.bin,ラモールフット,Orloj GP Leggings
0x440f8c@mhfdat-jp.bin,ラモールＦフット,L'Amore Feet
0x440f90@mhfdat-jp.bin,ラモールFZフット,L'Amore F Feet
0x440f94@mhfdat-jp.bin,ラモールHSフット,L'Amore FZ Feet
0x440f98@mhfdat-jp.bin,ラモールGSフット,L'Amore HS Feet
0x440f9c@mhfdat-jp.bin,ラモールGPフット,L'Amore GS Feet
0x440fa0@mhfdat-jp.bin,ラモールレッグ,L'Amore GP Feet
0x440fa4@mhfdat-jp.bin,ラモールＦレッグ,L'Amore Leg
0x440fa8@mhfdat-jp.bin,ラモールFZレッグ,L'Amore F Leg
0x440fac@mhfdat-jp.bin,ラモールHSレッグ,L'Amore FZ Leg
0x440fb0@mhfdat-jp.bin,ラモールGSレッグ,L'Amore HS Leg
0x440fb4@mhfdat-jp.bin,ラモールGPレッグ,L'Amore GS Leg
0x440fb8@mhfdat-jp.bin,ドルチェフット,L'Amore GP Leg
0x440fbc@mhfdat-jp.bin,ドルチェＦフット,Dolce Feet
0x440fc0@mhfdat-jp.bin,ドルチェFZフット,Dolce F Feet
0x440fc4@mhfdat-jp.bin,ドルチェHSフット,Dolce FZ Feet
0x440fc8@mhfdat-jp.bin,ドルチェGSフット,Dolce HS Feet
0x440fcc@mhfdat-jp.bin,ドルチェGPフット,Dolce GS Feet
0x440fd0@mhfdat-jp.bin,ドルチェレッグ,Dolce GP Feet
0x440fd4@mhfdat-jp.bin,ドルチェＦレッグ,Dolce Leg
0x440fd8@mhfdat-jp.bin,ドルチェFZレッグ,Dolce F Leg
0x440fdc@mhfdat-jp.bin,ドルチェHSレッグ,Dolce FZ Leg
0x440fe0@mhfdat-jp.bin,ドルチェGSレッグ,Dolce HS Leg
0x440fe4@mhfdat-jp.bin,ドルチェGPレッグ,Dolce GS Leg
0x440fe8@mhfdat-jp.bin,ベンディグリーヴ,Dolce GP Leg
0x440fec@mhfdat-jp.bin,ベンディＦグリーヴ,Bendi Greaves
0x440ff0@mhfdat-jp.bin,ベンディFZグリーヴ,Bendi F Greaves
0x440ff4@mhfdat-jp.bin,ベンディHSグリーヴ,Bendi FZ Greaves
0x440ff8@mhfdat-jp.bin,ベンディGSグリーヴ,Bendi HS Greaves
0x440ffc@mhfdat-jp.bin,ベンディGPグリーヴ,Bendi GS Greaves
0x441000@mhfdat-jp.bin,ベンディレギンス,Bendi GP Greaves
0x441004@mhfdat-jp.bin,ベンディＦレギンス,Bendi Leggings
0x441008@mhfdat-jp.bin,ベンディFZレギンス,Bendi F Leggings
0x44100c@mhfdat-jp.bin,ベンディHSレギンス,Bendi FZ Leggings
0x441010@mhfdat-jp.bin,ベンディGSレギンス,Bendi HS Leggings
0x441014@mhfdat-jp.bin,ベンディGPレギンス,Bendi GS Leggings
0x441018@mhfdat-jp.bin,ルヴナンフェルゼ,Bendi GP Leggings
0x44101c@mhfdat-jp.bin,ルヴナンＦフェルゼ,Revenants Heel
0x441020@mhfdat-jp.bin,ルヴナンFZフェルゼ,Revenants F Heel
0x441024@mhfdat-jp.bin,ルヴナンHSフェルゼ,Revenants FZ Heel
0x441028@mhfdat-jp.bin,ルヴナンGSフェルゼ,Revenants HS Heel
0x44102c@mhfdat-jp.bin,ルヴナンGPフェルゼ,Revenants GS Heel
0x441030@mhfdat-jp.bin,ルヴナンアヴィレ,Revenants GP Heel
0x441034@mhfdat-jp.bin,ルヴナンＦアヴィレ,Revenants March
0x441038@mhfdat-jp.bin,ルヴナンFZアヴィレ,Revenants F March
0x44103c@mhfdat-jp.bin,ルヴナンHSアヴィレ,Revenants FZ March
0x441040@mhfdat-jp.bin,ルヴナンGSアヴィレ,Revenants HS March
0x441044@mhfdat-jp.bin,ルヴナンGPアヴィレ,Revenants GS March
0x441048@mhfdat-jp.bin,ルキスＦフット,Revenants GP March
0x44104c@mhfdat-jp.bin,ルキスHSフット,Lucis F Feet
0x441050@mhfdat-jp.bin,ルキスGSフット,Lucis HS Feet
0x441054@mhfdat-jp.bin,ルキスGPフット,Lucis GS Feet
0x441058@mhfdat-jp.bin,ルキスＦブーツ,Lucis GP Feet
0x44105c@mhfdat-jp.bin,ルキスHSブーツ,Lucis F Boots
0x441060@mhfdat-jp.bin,ルキスGSブーツ,Lucis HS Boots
0x441064@mhfdat-jp.bin,ルキスGPブーツ,Lucis GS Boots
0x441068@mhfdat-jp.bin,リサーザHSフット,Lucis GP Boots
0x44106c@mhfdat-jp.bin,リサーザGSフット,Risaaza HS Feet
0x441070@mhfdat-jp.bin,リサーザGPフット,Risaaza GS Feet
0x441074@mhfdat-jp.bin,リサーザHSブーツ,Risaaza GP Feet
0x441078@mhfdat-jp.bin,リサーザGSブーツ,Risaaza HS Boots
0x44107c@mhfdat-jp.bin,リサーザGPブーツ,Risaaza GS Boots
0x441080@mhfdat-jp.bin,ガウシカフット,Risaaza GP Boots
0x441084@mhfdat-jp.bin,ガウシカＦフット,Anteka Feet
0x441088@mhfdat-jp.bin,ガウシカFYフット,Anteka F Feet
0x44108c@mhfdat-jp.bin,ガウシカHSフット,Anteka FY Feet
0x441090@mhfdat-jp.bin,ガウシカＧフット,Anteka HS Feet
0x441094@mhfdat-jp.bin,ガウシカGFフット,Anteka G Feet
0x441098@mhfdat-jp.bin,ガウシカGXフット,Anteka GF Feet
0x44109c@mhfdat-jp.bin,クオイズフット,Anteka GX Feet
0x4410a0@mhfdat-jp.bin,クオイズＦフット,Quoiz Feet
0x4410a4@mhfdat-jp.bin,クオイズFYフット,Quoiz F Feet
0x4410a8@mhfdat-jp.bin,クオイズHSフット,Quoiz FY Feet
0x4410ac@mhfdat-jp.bin,クオイズＧフット,Quoiz HS Feet
0x4410b0@mhfdat-jp.bin,クオイズGFフット,Quoiz G Feet
0x4410b4@mhfdat-jp.bin,クオイズGXフット,Quoiz GF Feet
0x4410b8@mhfdat-jp.bin,クオイズレギンス,Quoiz GX Feet
0x4410bc@mhfdat-jp.bin,クオイズＦレギンス,Quoiz Leggings
0x4410c0@mhfdat-jp.bin,クオイズFYレギンス,Quoiz F Leggings
0x4410c4@mhfdat-jp.bin,クオイズHSレギンス,Quoiz FY Leggings
0x4410c8@mhfdat-jp.bin,クオイズＧレギンス,Quoiz HS Leggings
0x4410cc@mhfdat-jp.bin,クオイズGFレギンス,Quoiz G Leggings
0x4410d0@mhfdat-jp.bin,クオイズGXレギンス,Quoiz GF Leggings
0x4410d4@mhfdat-jp.bin,カライスフット,Quoiz GX Leggings
0x4410d8@mhfdat-jp.bin,カライスＦフット,Kalais Feet
0x4410dc@mhfdat-jp.bin,カライスFYフット,Kalais F Feet
0x4410e0@mhfdat-jp.bin,カライスHSフット,Kalais FY Feet
0x4410e4@mhfdat-jp.bin,カライスＧフット,Kalais HS Feet
0x4410e8@mhfdat-jp.bin,カライスGFフット,Kalais G Feet
0x4410ec@mhfdat-jp.bin,カライスGXフット,Kalais GF Feet
0x4410f0@mhfdat-jp.bin,カライスレギンス,Kalais GX Feet
0x4410f4@mhfdat-jp.bin,カライスＦレギンス,Kalais Leggings
0x4410f8@mhfdat-jp.bin,カライスFYレギンス,Kalais F Leggings
0x4410fc@mhfdat-jp.bin,カライスHSレギンス,Kalais FY Leggings
0x441100@mhfdat-jp.bin,カライスＧレギンス,Kalais HS Leggings
0x441104@mhfdat-jp.bin,カライスGFレギンス,Kalais G Leggings
0x441108@mhfdat-jp.bin,カライスGXレギンス,Kalais GF Leggings
0x44110c@mhfdat-jp.bin,ヨルティグリーヴ,Kalais GX Leggings
0x441110@mhfdat-jp.bin,ヨルティＦグリーヴ,Yoruti Greaves
0x441114@mhfdat-jp.bin,ヨルティFYグリーヴ,Yoruti F Greaves
0x441118@mhfdat-jp.bin,ヨルティHSグリーヴ,Yoruti FY Greaves
0x44111c@mhfdat-jp.bin,ヨルティＧグリーヴ,Yoruti HS Greaves
0x441120@mhfdat-jp.bin,ヨルティGFグリーヴ,Yoruti G Greaves
0x441124@mhfdat-jp.bin,ヨルティGXグリーヴ,Yoruti GF Greaves
0x441128@mhfdat-jp.bin,ヨルティレギンス,Yoruti GX Greaves
0x44112c@mhfdat-jp.bin,ヨルティＦレギンス,Yoruti Leggings
0x441130@mhfdat-jp.bin,ヨルティFYレギンス,Yoruti F Leggings
0x441134@mhfdat-jp.bin,ヨルティHSレギンス,Yoruti FY Leggings
0x441138@mhfdat-jp.bin,ヨルティＧレギンス,Yoruti HS Leggings
0x44113c@mhfdat-jp.bin,ヨルティGFレギンス,Yoruti G Leggings
0x441140@mhfdat-jp.bin,ヨルティGXレギンス,Yoruti GF Leggings
0x441144@mhfdat-jp.bin,ハラガングリーヴ,Yoruti GX Leggings
0x441148@mhfdat-jp.bin,ハラガンＦグリーヴ,Haragan Greaves
0x44114c@mhfdat-jp.bin,ハラガンFYグリーヴ,Haragan F Greaves
0x441150@mhfdat-jp.bin,ハラガンHSグリーヴ,Haragan FY Greaves
0x441154@mhfdat-jp.bin,ハラガンＧグリーヴ,Haragan HS Greaves
0x441158@mhfdat-jp.bin,ハラガンGFグリーヴ,Haragan G Greaves
0x44115c@mhfdat-jp.bin,ハラガンGXグリーヴ,Haragan GF Greaves
0x441160@mhfdat-jp.bin,ハラガンレギンス,Haragan GX Greaves
0x441164@mhfdat-jp.bin,ハラガンＦレギンス,Haragan Leggings
0x441168@mhfdat-jp.bin,ハラガンFYレギンス,Haragan F Leggings
0x44116c@mhfdat-jp.bin,ハラガンHSレギンス,Haragan FY Leggings
0x441170@mhfdat-jp.bin,ハラガンＧレギンス,Haragan HS Leggings
0x441174@mhfdat-jp.bin,ハラガンGFレギンス,Haragan G Leggings
0x441178@mhfdat-jp.bin,ハラガンGXレギンス,Haragan GF Leggings
0x44117c@mhfdat-jp.bin,ライオスグリーヴ,Haragan GX Leggings
0x441180@mhfdat-jp.bin,ライオスＦグリーヴ,Rios Greaves
0x441184@mhfdat-jp.bin,ライオスFYグリーヴ,Rios F Greaves
0x441188@mhfdat-jp.bin,ライオスHSグリーヴ,Rios FY Greaves
0x44118c@mhfdat-jp.bin,ライオスＧグリーヴ,Rios HS Greaves
0x441190@mhfdat-jp.bin,ライオスGFグリーヴ,Rios G Greaves
0x441194@mhfdat-jp.bin,ライオスGXグリーヴ,Rios GF Greaves
0x441198@mhfdat-jp.bin,ライオスレギンス,Rios GX Greaves
0x44119c@mhfdat-jp.bin,ライオスＦレギンス,Rios Leggings
0x4411a0@mhfdat-jp.bin,ライオスFYレギンス,Rios F Leggings
0x4411a4@mhfdat-jp.bin,ライオスHSレギンス,Rios FY Leggings
0x4411a8@mhfdat-jp.bin,ライオスＧレギンス,Rios HS Leggings
0x4411ac@mhfdat-jp.bin,ライオスGFレギンス,Rios G Leggings
0x4411b0@mhfdat-jp.bin,ライオスGXレギンス,Rios GF Leggings
0x4411b4@mhfdat-jp.bin,崩霧【袴】,Rios GX Leggings
0x4411b8@mhfdat-jp.bin,崩霧Ｆ【袴】,Crushing Fog [Hakama 】
0x4411bc@mhfdat-jp.bin,崩霧FY【袴】,Crushing Fog F [Hakama 】
0x4411c0@mhfdat-jp.bin,崩霧HS【袴】,Crushing Fog FY [Hakama 】
0x4411c4@mhfdat-jp.bin,崩霧Ｇ【袴】,Crushing Fog HS [Hakama 】
0x4411c8@mhfdat-jp.bin,崩霧GF【袴】,Crushing Fog G [Hakama 】
0x4411cc@mhfdat-jp.bin,崩霧GX【袴】,Crushing Fog GF [Hakama 】
0x4411d0@mhfdat-jp.bin,迅霧【袴】,Crushing Fog GX [Hakama 】
0x4411d4@mhfdat-jp.bin,迅霧Ｆ【袴】,Fog [Hakama 】
0x4411d8@mhfdat-jp.bin,迅霧FY【袴】,Fog F [Hakama 】
0x4411dc@mhfdat-jp.bin,迅霧HS【袴】,Fog FY [Hakama 】
0x4411e0@mhfdat-jp.bin,迅霧Ｇ【袴】,Fog HS [Hakama 】
0x4411e4@mhfdat-jp.bin,迅霧GF【袴】,Fog G [Hakama 】
0x4411e8@mhfdat-jp.bin,迅霧GX【袴】,Fog GF [Hakama 】
0x4411ec@mhfdat-jp.bin,ロドクルグリーヴ,Fog GX [Hakama 】
0x4411f0@mhfdat-jp.bin,ロドクルＦグリーヴ,Rodokuru Greaves
0x4411f4@mhfdat-jp.bin,ロドクルFYグリーヴ,Rodokuru F Greaves
0x4411f8@mhfdat-jp.bin,ロドクルHSグリーヴ,Rodokuru FY Greaves
0x4411fc@mhfdat-jp.bin,ロドクルＧグリーヴ,Rodokuru HS Greaves
0x441200@mhfdat-jp.bin,ロドクルGFグリーヴ,Rodokuru G Greaves
0x441204@mhfdat-jp.bin,ロドクルGXグリーヴ,Rodokuru GF Greaves
0x441208@mhfdat-jp.bin,ノワールFYグリーヴ,Rodokuru GX Greaves
0x44120c@mhfdat-jp.bin,ノワールHSグリーヴ,Noir FY Greaves
0x441210@mhfdat-jp.bin,ノワールＧグリーヴ,Noir HS Greaves
0x441214@mhfdat-jp.bin,ノワールGFグリーヴ,Noir G Greaves
0x441218@mhfdat-jp.bin,ノワールGXグリーヴ,Noir GF Greaves
0x44121c@mhfdat-jp.bin,鬼神ノ足枷Ｇ,Noir GX Greaves
0x441220@mhfdat-jp.bin,鬼神ノ足枷GF,Demon Lord ノ足枷G
0x441224@mhfdat-jp.bin,鬼神ノ足枷GX,Demon Lord ノ足枷GF
0x441228@mhfdat-jp.bin,童子ノ足枷Ｇ,Demon Lord ノ足枷GX
0x44122c@mhfdat-jp.bin,童子ノ足枷GF,童子ノ足枷G
0x441230@mhfdat-jp.bin,童子ノ足枷GX,童子ノ足枷GF
0x441234@mhfdat-jp.bin,トゥールムグリーヴ,童子ノ足枷GX
0x441238@mhfdat-jp.bin,トゥールムＦグリーヴ,Trume Greaves
0x44123c@mhfdat-jp.bin,トゥールムFZグリーヴ,Trume F Greaves
0x441240@mhfdat-jp.bin,トゥールムHSグリーヴ,Trume FZ Greaves
0x441244@mhfdat-jp.bin,トゥールムGSグリーヴ,Trume HS Greaves
0x441248@mhfdat-jp.bin,トゥールムGPグリーヴ,Trume GS Greaves
0x44124c@mhfdat-jp.bin,トゥールムブーツ,Trume GP Greaves
0x441250@mhfdat-jp.bin,トゥールムＦブーツ,Trume Boots
0x441254@mhfdat-jp.bin,トゥールムFZブーツ,Trume F Boots
0x441258@mhfdat-jp.bin,トゥールムHSブーツ,Trume FZ Boots
0x44125c@mhfdat-jp.bin,トゥールムGSブーツ,Trume HS Boots
0x441260@mhfdat-jp.bin,トゥールムGPブーツ,Trume GS Boots
0x441264@mhfdat-jp.bin,ゴゴＧグリーヴ,Trume GP Boots
0x441268@mhfdat-jp.bin,ゴゴGFグリーヴ,Gogo G Greaves
0x44126c@mhfdat-jp.bin,ゴゴGXグリーヴ,Gogo GF Greaves
0x441270@mhfdat-jp.bin,ゴゴＧレギンス,Gogo GX Greaves
0x441274@mhfdat-jp.bin,ゴゴGFレギンス,Gogo G Leggings
0x441278@mhfdat-jp.bin,ゴゴGXレギンス,Gogo GF Leggings
0x44127c@mhfdat-jp.bin,ヴァルグリーヴ,Gogo GX Leggings
0x441280@mhfdat-jp.bin,ヴァルＦグリーヴ,Varusa Greaves
0x441284@mhfdat-jp.bin,ヴァルFXグリーヴ,Varusa F Greaves
0x441288@mhfdat-jp.bin,ヴァルＧグリーヴ,Varusa FX Greaves
0x44128c@mhfdat-jp.bin,ヴァルGFグリーヴ,Varusa G Greaves
0x441290@mhfdat-jp.bin,ヴァルレギンス,Varusa GF Greaves
0x441294@mhfdat-jp.bin,ヴァルＦレギンス,Varusa Leggings
0x441298@mhfdat-jp.bin,ヴァルFXレギンス,Varusa F Leggings
0x44129c@mhfdat-jp.bin,ヴァルＧレギンス,Varusa FX Leggings
0x4412a0@mhfdat-jp.bin,ヴァルGFレギンス,Varusa G Leggings
0x4412a4@mhfdat-jp.bin,フレイムGFグリーヴ,Varusa GF Leggings
0x4412a8@mhfdat-jp.bin,フレイムGFレギンス,Flame GF Greaves
0x4412ac@mhfdat-jp.bin,リルスGFグリーヴ,Flame GF Leggings
0x4412b0@mhfdat-jp.bin,リルスGFレギンス,Lils GF Greaves
0x4412b4@mhfdat-jp.bin,アステリフット・白,Lils GF Leggings
0x4412b8@mhfdat-jp.bin,アステリＦフット・白,Asteli Feet・White
0x4412bc@mhfdat-jp.bin,アステリFZフット・白,Asteli F Feet・White
0x4412c0@mhfdat-jp.bin,アステリHSフット・白,Asteli FZ Feet・White
0x4412c4@mhfdat-jp.bin,アステリGSフット・白,Asteli HS Feet・White
0x4412c8@mhfdat-jp.bin,アステリGPフット・白,Asteli GS Feet・White
0x4412cc@mhfdat-jp.bin,アステリブーツ・白,Asteli GP Feet・White
0x4412d0@mhfdat-jp.bin,アステリＦブーツ・白,Asteli Boots・White
0x4412d4@mhfdat-jp.bin,アステリFZブーツ・白,Asteli F Boots・White
0x4412d8@mhfdat-jp.bin,アステリHSブーツ・白,Asteli FZ Boots・White
0x4412dc@mhfdat-jp.bin,アステリGSブーツ・白,Asteli HS Boots・White
0x4412e0@mhfdat-jp.bin,アステリGPブーツ・白,Asteli GS Boots・White
0x4412e4@mhfdat-jp.bin,アステリフット・青,Asteli GP Boots・White
0x4412e8@mhfdat-jp.bin,アステリＦフット・青,Asteli Feet・Blue
0x4412ec@mhfdat-jp.bin,アステリFZフット・青,Asteli F Feet・Blue
0x4412f0@mhfdat-jp.bin,アステリHSフット・青,Asteli FZ Feet・Blue
0x4412f4@mhfdat-jp.bin,アステリGSフット・青,Asteli HS Feet・Blue
0x4412f8@mhfdat-jp.bin,アステリGPフット・青,Asteli GS Feet・Blue
0x4412fc@mhfdat-jp.bin,アステリブーツ・青,Asteli GP Feet・Blue
0x441300@mhfdat-jp.bin,アステリＦブーツ・青,Asteli Boots・Blue
0x441304@mhfdat-jp.bin,アステリFZブーツ・青,Asteli F Boots・Blue
0x441308@mhfdat-jp.bin,アステリHSブーツ・青,Asteli FZ Boots・Blue
0x44130c@mhfdat-jp.bin,アステリGSブーツ・青,Asteli HS Boots・Blue
0x441310@mhfdat-jp.bin,アステリGPブーツ・青,Asteli GS Boots・Blue
0x441314@mhfdat-jp.bin,アステリフット・赤,Asteli GP Boots・Blue
0x441318@mhfdat-jp.bin,アステリＦフット・赤,Asteli Feet・Red
0x44131c@mhfdat-jp.bin,アステリFZフット・赤,Asteli F Feet・Red
0x441320@mhfdat-jp.bin,アステリHSフット・赤,Asteli FZ Feet・Red
0x441324@mhfdat-jp.bin,アステリGSフット・赤,Asteli HS Feet・Red
0x441328@mhfdat-jp.bin,アステリGPフット・赤,Asteli GS Feet・Red
0x44132c@mhfdat-jp.bin,アステリブーツ・赤,Asteli GP Feet・Red
0x441330@mhfdat-jp.bin,アステリＦブーツ・赤,Asteli Boots・Red
0x441334@mhfdat-jp.bin,アステリFZブーツ・赤,Asteli F Boots・Red
0x441338@mhfdat-jp.bin,アステリHSブーツ・赤,Asteli FZ Boots・Red
0x44133c@mhfdat-jp.bin,アステリGSブーツ・赤,Asteli HS Boots・Red
0x441340@mhfdat-jp.bin,アステリGPブーツ・赤,Asteli GS Boots・Red
0x441344@mhfdat-jp.bin,アステリフット・黒,Asteli GP Boots・Red
0x441348@mhfdat-jp.bin,アステリＦフット・黒,Asteli Feet・Black
0x44134c@mhfdat-jp.bin,アステリFZフット・黒,Asteli F Feet・Black
0x441350@mhfdat-jp.bin,アステリHSフット・黒,Asteli FZ Feet・Black
0x441354@mhfdat-jp.bin,アステリGSフット・黒,Asteli HS Feet・Black
0x441358@mhfdat-jp.bin,アステリGPフット・黒,Asteli GS Feet・Black
0x44135c@mhfdat-jp.bin,アステリブーツ・黒,Asteli GP Feet・Black
0x441360@mhfdat-jp.bin,アステリＦブーツ・黒,Asteli Boots・Black
0x441364@mhfdat-jp.bin,アステリFZブーツ・黒,Asteli F Boots・Black
0x441368@mhfdat-jp.bin,アステリHSブーツ・黒,Asteli FZ Boots・Black
0x44136c@mhfdat-jp.bin,アステリGSブーツ・黒,Asteli HS Boots・Black
0x441370@mhfdat-jp.bin,アステリGPブーツ・黒,Asteli GS Boots・Black
0x441374@mhfdat-jp.bin,ルケーゼフット,Asteli GP Boots・Black
0x441378@mhfdat-jp.bin,ルケーゼＦフット,Lucchese Feet
0x44137c@mhfdat-jp.bin,ルケーゼFYフット,Lucchese F Feet
0x441380@mhfdat-jp.bin,ルケーゼHSフット,Lucchese FY Feet
0x441384@mhfdat-jp.bin,ルケーゼＧフット,Lucchese HS Feet
0x441388@mhfdat-jp.bin,ルケーゼGFフット,Lucchese G Feet
0x44138c@mhfdat-jp.bin,ルケーゼGXフット,Lucchese GF Feet
0x441390@mhfdat-jp.bin,ルケーゼレギンス,Lucchese GX Feet
0x441394@mhfdat-jp.bin,ルケーゼＦレギンス,Lucchese Leggings
0x441398@mhfdat-jp.bin,ルケーゼFYレギンス,Lucchese F Leggings
0x44139c@mhfdat-jp.bin,ルケーゼHSレギンス,Lucchese FY Leggings
0x4413a0@mhfdat-jp.bin,ルケーゼＧレギンス,Lucchese HS Leggings
0x4413a4@mhfdat-jp.bin,ルケーゼGFレギンス,Lucchese G Leggings
0x4413a8@mhfdat-jp.bin,ルケーゼGXレギンス,Lucchese GF Leggings
0x4413ac@mhfdat-jp.bin,オリクトＧグリーヴ,Lucchese GX Leggings
0x4413b0@mhfdat-jp.bin,オリクトGFグリーヴ,Orykto G Greaves
0x4413b4@mhfdat-jp.bin,オリクトGXグリーヴ,Orykto GF Greaves
0x4413b8@mhfdat-jp.bin,オリクトＧレギンス,Orykto GX Greaves
0x4413bc@mhfdat-jp.bin,オリクトGFレギンス,Orykto G Leggings
0x4413c0@mhfdat-jp.bin,オリクトGXレギンス,Orykto GF Leggings
0x4413c4@mhfdat-jp.bin,ボニトグリーヴ,Orykto GX Leggings
0x4413c8@mhfdat-jp.bin,ボニトＦグリーヴ,Bonito Greaves
0x4413cc@mhfdat-jp.bin,ボニトFYグリーヴ,Bonito F Greaves
0x4413d0@mhfdat-jp.bin,ボニトHSグリーヴ,Bonito FY Greaves
0x4413d4@mhfdat-jp.bin,ボニトＧグリーヴ,Bonito HS Greaves
0x4413d8@mhfdat-jp.bin,ボニトGFグリーヴ,Bonito G Greaves
0x4413dc@mhfdat-jp.bin,ボニトGXグリーヴ,Bonito GF Greaves
0x4413e0@mhfdat-jp.bin,ボニトレギンス,Bonito GX Greaves
0x4413e4@mhfdat-jp.bin,ボニトＦレギンス,Bonito Leggings
0x4413e8@mhfdat-jp.bin,ボニトFYレギンス,Bonito F Leggings
0x4413ec@mhfdat-jp.bin,ボニトHSレギンス,Bonito FY Leggings
0x4413f0@mhfdat-jp.bin,ボニトＧレギンス,Bonito HS Leggings
0x4413f4@mhfdat-jp.bin,ボニトGFレギンス,Bonito G Leggings
0x4413f8@mhfdat-jp.bin,ボニトGXレギンス,Bonito GF Leggings
0x4413fc@mhfdat-jp.bin,司銀Ｇ【袴】,Bonito GX Leggings
0x441400@mhfdat-jp.bin,司銀GF【袴】,Solv Rule G [Hakama 】
0x441404@mhfdat-jp.bin,司銀GX【袴】,Solv Rule GF [Hakama 】
0x441408@mhfdat-jp.bin,操銀Ｇ【袴】,Solv Rule GX [Hakama 】
0x44140c@mhfdat-jp.bin,操銀GF【袴】,Solv Lord G [Hakama 】
0x441410@mhfdat-jp.bin,操銀GX【袴】,Solv Lord GF [Hakama 】
0x441414@mhfdat-jp.bin,ハルドグリーヴ,Solv Lord GX [Hakama 】
0x441418@mhfdat-jp.bin,ハルドＦグリーヴ,Harudo Greaves
0x44141c@mhfdat-jp.bin,ハルドFXグリーヴ,Harudo F Greaves
0x441420@mhfdat-jp.bin,ハルドＧグリーヴ,Harudo FX Greaves
0x441424@mhfdat-jp.bin,ハルドGFグリーヴ,Harudo G Greaves
0x441428@mhfdat-jp.bin,ハルドレギンス,Harudo GF Greaves
0x44142c@mhfdat-jp.bin,ハルドＦレギンス,Harudo Leggings
0x441430@mhfdat-jp.bin,ハルドFXレギンス,Harudo F Leggings
0x441434@mhfdat-jp.bin,ハルドＧレギンス,Harudo FX Leggings
0x441438@mhfdat-jp.bin,ハルドGFレギンス,Harudo G Leggings
0x44143c@mhfdat-jp.bin,グレアグリーヴ,Harudo GF Leggings
0x441440@mhfdat-jp.bin,グレアＦグリーヴ,Gureado Greaves
0x441444@mhfdat-jp.bin,グレアFXグリーヴ,Gureado F Greaves
0x441448@mhfdat-jp.bin,グレアＧグリーヴ,Gureado FX Greaves
0x44144c@mhfdat-jp.bin,グレアGFグリーヴ,Gureado G Greaves
0x441450@mhfdat-jp.bin,グレアレギンス,Gureado GF Greaves
0x441454@mhfdat-jp.bin,グレアＦレギンス,Gureado Leggings
0x441458@mhfdat-jp.bin,グレアFXレギンス,Gureado F Leggings
0x44145c@mhfdat-jp.bin,グレアＧレギンス,Gureado FX Leggings
0x441460@mhfdat-jp.bin,グレアGFレギンス,Gureado G Leggings
0x441464@mhfdat-jp.bin,アカムトＧケマル,Gureado GF Leggings
0x441468@mhfdat-jp.bin,アカムトGFケマル,Akantor Gケマル
0x44146c@mhfdat-jp.bin,アカムトGXケマル,Akantor GFケマル
0x441470@mhfdat-jp.bin,アカムトＧチケル,Akantor GXケマル
0x441474@mhfdat-jp.bin,アカムトGFチケル,Akantor Gチケル
0x441478@mhfdat-jp.bin,アカムトGXチケル,Akantor GFチケル
0x44147c@mhfdat-jp.bin,ガノンＧグリーヴ,Akantor GXチケル
0x441480@mhfdat-jp.bin,ガノンGFグリーヴ,Green Plesi G Greaves
0x441484@mhfdat-jp.bin,ガノンGXグリーヴ,Green Plesi GF Greaves
0x441488@mhfdat-jp.bin,ガノンＧレギンス,Green Plesi GX Greaves
0x44148c@mhfdat-jp.bin,ガノンGFレギンス,Green Plesi G Leggings
0x441490@mhfdat-jp.bin,ガノンGXレギンス,Green Plesi GF Leggings
0x441494@mhfdat-jp.bin,ヒプックＧグリーヴ,Green Plesi GX Leggings
0x441498@mhfdat-jp.bin,ヒプックGFグリーヴ,Bright Hypnoc G Greaves
0x44149c@mhfdat-jp.bin,ヒプックGXグリーヴ,Bright Hypnoc GF Greaves
0x4414a0@mhfdat-jp.bin,ヒプックＧレギンス,Bright Hypnoc GX Greaves
0x4414a4@mhfdat-jp.bin,ヒプックGFレギンス,Bright Hypnoc G Leggings
0x4414a8@mhfdat-jp.bin,ヒプックGXレギンス,Bright Hypnoc GF Leggings
0x4414ac@mhfdat-jp.bin,ブリッツGXレガース,Bright Hypnoc GX Leggings
0x4414b0@mhfdat-jp.bin,ブリッツGXブーツ,Blitz GXレガース
0x4414b4@mhfdat-jp.bin,ストロマGXグリーヴ,Blitz GX Boots
0x4414b8@mhfdat-jp.bin,ストロマGXレギンス,Stroma GX Greaves
0x4414bc@mhfdat-jp.bin,ディボアGXグリーヴ,Stroma GX Leggings
0x4414c0@mhfdat-jp.bin,ディボアGXレギンス,Diboa GX Greaves
0x4414c4@mhfdat-jp.bin,レグヌムフット・白,Diboa GX Leggings
0x4414c8@mhfdat-jp.bin,レグヌムＦフット・白,Regnum Feet・White
0x4414cc@mhfdat-jp.bin,レグヌムFZフット・白,Regnum F Feet・White
0x4414d0@mhfdat-jp.bin,レグヌムHSフット・白,Regnum FZ Feet・White
0x4414d4@mhfdat-jp.bin,レグヌムGSフット・白,Regnum HS Feet・White
0x4414d8@mhfdat-jp.bin,レグヌムGPフット・白,Regnum GS Feet・White
0x4414dc@mhfdat-jp.bin,レグヌムブーツ・白,Regnum GP Feet・White
0x4414e0@mhfdat-jp.bin,レグヌムＦブーツ・白,Regnum Boots・White
0x4414e4@mhfdat-jp.bin,レグヌムFZブーツ・白,Regnum F Boots・White
0x4414e8@mhfdat-jp.bin,レグヌムHSブーツ・白,Regnum FZ Boots・White
0x4414ec@mhfdat-jp.bin,レグヌムGSブーツ・白,Regnum HS Boots・White
0x4414f0@mhfdat-jp.bin,レグヌムGPブーツ・白,Regnum GS Boots・White
0x4414f4@mhfdat-jp.bin,レグヌムフット・青,Regnum GP Boots・White
0x4414f8@mhfdat-jp.bin,レグヌムＦフット・青,Regnum Feet・Blue
0x4414fc@mhfdat-jp.bin,レグヌムFZフット・青,Regnum F Feet・Blue
0x441500@mhfdat-jp.bin,レグヌムHSフット・青,Regnum FZ Feet・Blue
0x441504@mhfdat-jp.bin,レグヌムGSフット・青,Regnum HS Feet・Blue
0x441508@mhfdat-jp.bin,レグヌムGPフット・青,Regnum GS Feet・Blue
0x44150c@mhfdat-jp.bin,レグヌムブーツ・青,Regnum GP Feet・Blue
0x441510@mhfdat-jp.bin,レグヌムＦブーツ・青,Regnum Boots・Blue
0x441514@mhfdat-jp.bin,レグヌムFZブーツ・青,Regnum F Boots・Blue
0x441518@mhfdat-jp.bin,レグヌムHSブーツ・青,Regnum FZ Boots・Blue
0x44151c@mhfdat-jp.bin,レグヌムGSブーツ・青,Regnum HS Boots・Blue
0x441520@mhfdat-jp.bin,レグヌムGPブーツ・青,Regnum GS Boots・Blue
0x441524@mhfdat-jp.bin,レグヌムフット・赤,Regnum GP Boots・Blue
0x441528@mhfdat-jp.bin,レグヌムＦフット・赤,Regnum Feet・Red
0x44152c@mhfdat-jp.bin,レグヌムFZフット・赤,Regnum F Feet・Red
0x441530@mhfdat-jp.bin,レグヌムHSフット・赤,Regnum FZ Feet・Red
0x441534@mhfdat-jp.bin,レグヌムGSフット・赤,Regnum HS Feet・Red
0x441538@mhfdat-jp.bin,レグヌムGPフット・赤,Regnum GS Feet・Red
0x44153c@mhfdat-jp.bin,レグヌムブーツ・赤,Regnum GP Feet・Red
0x441540@mhfdat-jp.bin,レグヌムＦブーツ・赤,Regnum Boots・Red
0x441544@mhfdat-jp.bin,レグヌムFZブーツ・赤,Regnum F Boots・Red
0x441548@mhfdat-jp.bin,レグヌムHSブーツ・赤,Regnum FZ Boots・Red
0x44154c@mhfdat-jp.bin,レグヌムGSブーツ・赤,Regnum HS Boots・Red
0x441550@mhfdat-jp.bin,レグヌムGPブーツ・赤,Regnum GS Boots・Red
0x441554@mhfdat-jp.bin,レグヌムフット・茶,Regnum GP Boots・Red
0x441558@mhfdat-jp.bin,レグヌムＦフット・茶,Regnum Feet・Tea
0x44155c@mhfdat-jp.bin,レグヌムFZフット・茶,Regnum F Feet・Tea
0x441560@mhfdat-jp.bin,レグヌムHSフット・茶,Regnum FZ Feet・Tea
0x441564@mhfdat-jp.bin,レグヌムGSフット・茶,Regnum HS Feet・Tea
0x441568@mhfdat-jp.bin,レグヌムGPフット・茶,Regnum GS Feet・Tea
0x44156c@mhfdat-jp.bin,レグヌムブーツ・茶,Regnum GP Feet・Tea
0x441570@mhfdat-jp.bin,レグヌムＦブーツ・茶,Regnum Boots・Tea
0x441574@mhfdat-jp.bin,レグヌムFZブーツ・茶,Regnum F Boots・Tea
0x441578@mhfdat-jp.bin,レグヌムHSブーツ・茶,Regnum FZ Boots・Tea
0x44157c@mhfdat-jp.bin,レグヌムGSブーツ・茶,Regnum HS Boots・Tea
0x441580@mhfdat-jp.bin,レグヌムGPブーツ・茶,Regnum GS Boots・Tea
0x441584@mhfdat-jp.bin,マリンフット・青,Regnum GP Boots・Tea
0x441588@mhfdat-jp.bin,マリンＦフット・青,Marin Feet・Blue
0x44158c@mhfdat-jp.bin,マリンFZフット・青,Marin F Feet・Blue
0x441590@mhfdat-jp.bin,マリンHSフット・青,Marin FZ Feet・Blue
0x441594@mhfdat-jp.bin,マリンGSフット・青,Marin HS Feet・Blue
0x441598@mhfdat-jp.bin,マリンGPフット・青,Marin GS Feet・Blue
0x44159c@mhfdat-jp.bin,マリンブーツ・青,Marin GP Feet・Blue
0x4415a0@mhfdat-jp.bin,マリンＦブーツ・青,Marin Boots・Blue
0x4415a4@mhfdat-jp.bin,マリンFZブーツ・青,Marin F Boots・Blue
0x4415a8@mhfdat-jp.bin,マリンHSブーツ・青,Marin FZ Boots・Blue
0x4415ac@mhfdat-jp.bin,マリンGSブーツ・青,Marin HS Boots・Blue
0x4415b0@mhfdat-jp.bin,マリンGPブーツ・青,Marin GS Boots・Blue
0x4415b4@mhfdat-jp.bin,マリンフット・桃,Marin GP Boots・Blue
0x4415b8@mhfdat-jp.bin,マリンＦフット・桃,Marin Feet・Peach
0x4415bc@mhfdat-jp.bin,マリンFZフット・桃,Marin F Feet・Peach
0x4415c0@mhfdat-jp.bin,マリンHSフット・桃,Marin FZ Feet・Peach
0x4415c4@mhfdat-jp.bin,マリンGSフット・桃,Marin HS Feet・Peach
0x4415c8@mhfdat-jp.bin,マリンGPフット・桃,Marin GS Feet・Peach
0x4415cc@mhfdat-jp.bin,マリンブーツ・桃,Marin GP Feet・Peach
0x4415d0@mhfdat-jp.bin,マリンＦブーツ・桃,Marin Boots・Peach
0x4415d4@mhfdat-jp.bin,マリンFZブーツ・桃,Marin F Boots・Peach
0x4415d8@mhfdat-jp.bin,マリンHSブーツ・桃,Marin FZ Boots・Peach
0x4415dc@mhfdat-jp.bin,マリンGSブーツ・桃,Marin HS Boots・Peach
0x4415e0@mhfdat-jp.bin,マリンGPブーツ・桃,Marin GS Boots・Peach
0x4415e4@mhfdat-jp.bin,マリンフット・白,Marin GP Boots・Peach
0x4415e8@mhfdat-jp.bin,マリンＦフット・白,Marin Feet・White
0x4415ec@mhfdat-jp.bin,マリンFZフット・白,Marin F Feet・White
0x4415f0@mhfdat-jp.bin,マリンHSフット・白,Marin FZ Feet・White
0x4415f4@mhfdat-jp.bin,マリンGSフット・白,Marin HS Feet・White
0x4415f8@mhfdat-jp.bin,マリンGPフット・白,Marin GS Feet・White
0x4415fc@mhfdat-jp.bin,マリンブーツ・白,Marin GP Feet・White
0x441600@mhfdat-jp.bin,マリンＦブーツ・白,Marin Boots・White
0x441604@mhfdat-jp.bin,マリンFZブーツ・白,Marin F Boots・White
0x441608@mhfdat-jp.bin,マリンHSブーツ・白,Marin FZ Boots・White
0x44160c@mhfdat-jp.bin,マリンGSブーツ・白,Marin HS Boots・White
0x441610@mhfdat-jp.bin,マリンGPブーツ・白,Marin GS Boots・White
0x441614@mhfdat-jp.bin,マリンフット・黒,Marin GP Boots・White
0x441618@mhfdat-jp.bin,マリンＦフット・黒,Marin Feet・Black
0x44161c@mhfdat-jp.bin,マリンFZフット・黒,Marin F Feet・Black
0x441620@mhfdat-jp.bin,マリンHSフット・黒,Marin FZ Feet・Black
0x441624@mhfdat-jp.bin,マリンGSフット・黒,Marin HS Feet・Black
0x441628@mhfdat-jp.bin,マリンGPフット・黒,Marin GS Feet・Black
0x44162c@mhfdat-jp.bin,マリンブーツ・黒,Marin GP Feet・Black
0x441630@mhfdat-jp.bin,マリンＦブーツ・黒,Marin Boots・Black
0x441634@mhfdat-jp.bin,マリンFZブーツ・黒,Marin F Boots・Black
0x441638@mhfdat-jp.bin,マリンHSブーツ・黒,Marin FZ Boots・Black
0x44163c@mhfdat-jp.bin,マリンGSブーツ・黒,Marin HS Boots・Black
0x441640@mhfdat-jp.bin,マリンGPブーツ・黒,Marin GS Boots・Black
0x441644@mhfdat-jp.bin,ルフレフット・青,Marin GP Boots・Black
0x441648@mhfdat-jp.bin,ルフレＦフット・青,Reflet Feet・Blue
0x44164c@mhfdat-jp.bin,ルフレFZフット・青,Reflet F Feet・Blue
0x441650@mhfdat-jp.bin,ルフレHSフット・青,Reflet FZ Feet・Blue
0x441654@mhfdat-jp.bin,ルフレGSフット・青,Reflet HS Feet・Blue
0x441658@mhfdat-jp.bin,ルフレGPフット・青,Reflet GS Feet・Blue
0x44165c@mhfdat-jp.bin,ルフレブーツ・青,Reflet GP Feet・Blue
0x441660@mhfdat-jp.bin,ルフレＦブーツ・青,Reflet Boots・Blue
0x441664@mhfdat-jp.bin,ルフレFZブーツ・青,Reflet F Boots・Blue
0x441668@mhfdat-jp.bin,ルフレHSブーツ・青,Reflet FZ Boots・Blue
0x44166c@mhfdat-jp.bin,ルフレGSブーツ・青,Reflet HS Boots・Blue
0x441670@mhfdat-jp.bin,ルフレGPブーツ・青,Reflet GS Boots・Blue
0x441674@mhfdat-jp.bin,ルフレフット・白,Reflet GP Boots・Blue
0x441678@mhfdat-jp.bin,ルフレＦフット・白,Reflet Feet・White
0x44167c@mhfdat-jp.bin,ルフレFZフット・白,Reflet F Feet・White
0x441680@mhfdat-jp.bin,ルフレHSフット・白,Reflet FZ Feet・White
0x441684@mhfdat-jp.bin,ルフレGSフット・白,Reflet HS Feet・White
0x441688@mhfdat-jp.bin,ルフレGPフット・白,Reflet GS Feet・White
0x44168c@mhfdat-jp.bin,ルフレブーツ・白,Reflet GP Feet・White
0x441690@mhfdat-jp.bin,ルフレＦブーツ・白,Reflet Boots・White
0x441694@mhfdat-jp.bin,ルフレFZブーツ・白,Reflet F Boots・White
0x441698@mhfdat-jp.bin,ルフレHSブーツ・白,Reflet FZ Boots・White
0x44169c@mhfdat-jp.bin,ルフレGSブーツ・白,Reflet HS Boots・White
0x4416a0@mhfdat-jp.bin,ルフレGPブーツ・白,Reflet GS Boots・White
0x4416a4@mhfdat-jp.bin,ルフレフット・赤,Reflet GP Boots・White
0x4416a8@mhfdat-jp.bin,ルフレＦフット・赤,Reflet Feet・Red
0x4416ac@mhfdat-jp.bin,ルフレFZフット・赤,Reflet F Feet・Red
0x4416b0@mhfdat-jp.bin,ルフレHSフット・赤,Reflet FZ Feet・Red
0x4416b4@mhfdat-jp.bin,ルフレGSフット・赤,Reflet HS Feet・Red
0x4416b8@mhfdat-jp.bin,ルフレGPフット・赤,Reflet GS Feet・Red
0x4416bc@mhfdat-jp.bin,ルフレブーツ・赤,Reflet GP Feet・Red
0x4416c0@mhfdat-jp.bin,ルフレＦブーツ・赤,Reflet Boots・Red
0x4416c4@mhfdat-jp.bin,ルフレFZブーツ・赤,Reflet F Boots・Red
0x4416c8@mhfdat-jp.bin,ルフレHSブーツ・赤,Reflet FZ Boots・Red
0x4416cc@mhfdat-jp.bin,ルフレGSブーツ・赤,Reflet HS Boots・Red
0x4416d0@mhfdat-jp.bin,ルフレGPブーツ・赤,Reflet GS Boots・Red
0x4416d4@mhfdat-jp.bin,ルフレフット・黒,Reflet GP Boots・Red
0x4416d8@mhfdat-jp.bin,ルフレＦフット・黒,Reflet Feet・Black
0x4416dc@mhfdat-jp.bin,ルフレFZフット・黒,Reflet F Feet・Black
0x4416e0@mhfdat-jp.bin,ルフレHSフット・黒,Reflet FZ Feet・Black
0x4416e4@mhfdat-jp.bin,ルフレGSフット・黒,Reflet HS Feet・Black
0x4416e8@mhfdat-jp.bin,ルフレGPフット・黒,Reflet GS Feet・Black
0x4416ec@mhfdat-jp.bin,ルフレブーツ・黒,Reflet GP Feet・Black
0x4416f0@mhfdat-jp.bin,ルフレＦブーツ・黒,Reflet Boots・Black
0x4416f4@mhfdat-jp.bin,ルフレFZブーツ・黒,Reflet F Boots・Black
0x4416f8@mhfdat-jp.bin,ルフレHSブーツ・黒,Reflet FZ Boots・Black
0x4416fc@mhfdat-jp.bin,ルフレGSブーツ・黒,Reflet HS Boots・Black
0x441700@mhfdat-jp.bin,ルフレGPブーツ・黒,Reflet GS Boots・Black
0x441704@mhfdat-jp.bin,CEケブラー脚：剣青,Reflet GP Boots・Black
0x441708@mhfdat-jp.bin,CEケブラーＦ脚：剣青,CE Kevlar BM Legs Blue
0x44170c@mhfdat-jp.bin,CEケブラーFZ脚：剣青,CE Kevlar F BM Legs Blue
0x441710@mhfdat-jp.bin,CEケブラーHS脚：剣青,CE Kevlar FZ BM Legs Blue
0x441714@mhfdat-jp.bin,CEケブラーGS脚：剣青,CE Kevlar HS BM Legs Blue
0x441718@mhfdat-jp.bin,CEケブラーGP脚：剣青,CE Kevlar GS BM Legs Blue
0x44171c@mhfdat-jp.bin,CEケブラー脚：弓青,CE Kevlar GP BM Legs Blue
0x441720@mhfdat-jp.bin,CEケブラーＦ脚：弓青,CE Kevlar GN Legs Blue
0x441724@mhfdat-jp.bin,CEケブラーFZ脚：弓青,CE Kevlar F GN Legs Blue
0x441728@mhfdat-jp.bin,CEケブラーHS脚：弓青,CE Kevlar FZ GN Legs Blue
0x44172c@mhfdat-jp.bin,CEケブラーGS脚：弓青,CE Kevlar HS GN Legs Blue
0x441730@mhfdat-jp.bin,CEケブラーGP脚：弓青,CE Kevlar GS GN Legs Blue
0x441734@mhfdat-jp.bin,CEケブラー脚：剣赤,CE Kevlar GP GN Legs Blue
0x441738@mhfdat-jp.bin,CEケブラーＦ脚：剣赤,CE Kevlar BM Legs Red
0x44173c@mhfdat-jp.bin,CEケブラーFZ脚：剣赤,CE Kevlar F BM Legs Red
0x441740@mhfdat-jp.bin,CEケブラーHS脚：剣赤,CE Kevlar FZ BM Legs Red
0x441744@mhfdat-jp.bin,CEケブラーGS脚：剣赤,CE Kevlar HS BM Legs Red
0x441748@mhfdat-jp.bin,CEケブラーGP脚：剣赤,CE Kevlar GS BM Legs Red
0x44174c@mhfdat-jp.bin,CEケブラー脚：弓赤,CE Kevlar GP BM Legs Red
0x441750@mhfdat-jp.bin,CEケブラーＦ脚：弓赤,CE Kevlar GN Legs Red
0x441754@mhfdat-jp.bin,CEケブラーFZ脚：弓赤,CE Kevlar F GN Legs Red
0x441758@mhfdat-jp.bin,CEケブラーHS脚：弓赤,CE Kevlar FZ GN Legs Red
0x44175c@mhfdat-jp.bin,CEケブラーGS脚：弓赤,CE Kevlar HS GN Legs Red
0x441760@mhfdat-jp.bin,CEケブラーGP脚：弓赤,CE Kevlar GS GN Legs Red
0x441764@mhfdat-jp.bin,CEケブラー脚：剣白,CE Kevlar GP GN Legs Red
0x441768@mhfdat-jp.bin,CEケブラーＦ脚：剣白,CE Kevlar BM Legs White
0x44176c@mhfdat-jp.bin,CEケブラーFZ脚：剣白,CE Kevlar F BM Legs White
0x441770@mhfdat-jp.bin,CEケブラーHS脚：剣白,CE Kevlar FZ BM Legs White
0x441774@mhfdat-jp.bin,CEケブラーGS脚：剣白,CE Kevlar HS BM Legs White
0x441778@mhfdat-jp.bin,CEケブラーGP脚：剣白,CE Kevlar GS BM Legs White
0x44177c@mhfdat-jp.bin,CEケブラー脚：弓白,CE Kevlar GP BM Legs White
0x441780@mhfdat-jp.bin,CEケブラーＦ脚：弓白,CE Kevlar GN Legs White
0x441784@mhfdat-jp.bin,CEケブラーFZ脚：弓白,CE Kevlar F GN Legs White
0x441788@mhfdat-jp.bin,CEケブラーHS脚：弓白,CE Kevlar FZ GN Legs White
0x44178c@mhfdat-jp.bin,CEケブラーGS脚：弓白,CE Kevlar HS GN Legs White
0x441790@mhfdat-jp.bin,CEケブラーGP脚：弓白,CE Kevlar GS GN Legs White
0x441794@mhfdat-jp.bin,CEケブラー脚：剣黒,CE Kevlar GP GN Legs White
0x441798@mhfdat-jp.bin,CEケブラーＦ脚：剣黒,CE Kevlar BM Legs Black
0x44179c@mhfdat-jp.bin,CEケブラーFZ脚：剣黒,CE Kevlar F BM Legs Black
0x4417a0@mhfdat-jp.bin,CEケブラーHS脚：剣黒,CE Kevlar FZ BM Legs Black
0x4417a4@mhfdat-jp.bin,CEケブラーGS脚：剣黒,CE Kevlar HS BM Legs Black
0x4417a8@mhfdat-jp.bin,CEケブラーGP脚：剣黒,CE Kevlar GS BM Legs Black
0x4417ac@mhfdat-jp.bin,CEケブラー脚：弓黒,CE Kevlar GP BM Legs Black
0x4417b0@mhfdat-jp.bin,CEケブラーＦ脚：弓黒,CE Kevlar GN Legs Black
0x4417b4@mhfdat-jp.bin,CEケブラーFZ脚：弓黒,CE Kevlar F GN Legs Black
0x4417b8@mhfdat-jp.bin,CEケブラーHS脚：弓黒,CE Kevlar FZ GN Legs Black
0x4417bc@mhfdat-jp.bin,CEケブラーGS脚：弓黒,CE Kevlar HS GN Legs Black
0x4417c0@mhfdat-jp.bin,CEケブラーGP脚：弓黒,CE Kevlar GS GN Legs Black
0x4417c4@mhfdat-jp.bin,ABレイヤー脚：剣赤,CE Kevlar GP GN Legs Black
0x4417c8@mhfdat-jp.bin,ABレイヤーＦ脚：剣赤,AB Layer BM Legs Red
0x4417cc@mhfdat-jp.bin,ABレイヤーFZ脚：剣赤,AB Layer F BM Legs Red
0x4417d0@mhfdat-jp.bin,ABレイヤーHS脚：剣赤,AB Layer FZ BM Legs Red
0x4417d4@mhfdat-jp.bin,ABレイヤーGS脚：剣赤,AB Layer HS BM Legs Red
0x4417d8@mhfdat-jp.bin,ABレイヤーGP脚：剣赤,AB Layer GS BM Legs Red
0x4417dc@mhfdat-jp.bin,ABレイヤー脚：弓赤,AB Layer GP BM Legs Red
0x4417e0@mhfdat-jp.bin,ABレイヤーＦ脚：弓赤,AB Layer GN Legs Red
0x4417e4@mhfdat-jp.bin,ABレイヤーFZ脚：弓赤,AB Layer F GN Legs Red
0x4417e8@mhfdat-jp.bin,ABレイヤーHS脚：弓赤,AB Layer FZ GN Legs Red
0x4417ec@mhfdat-jp.bin,ABレイヤーGS脚：弓赤,AB Layer HS GN Legs Red
0x4417f0@mhfdat-jp.bin,ABレイヤーGP脚：弓赤,AB Layer GS GN Legs Red
0x4417f4@mhfdat-jp.bin,ABレイヤー脚：剣青,AB Layer GP GN Legs Red
0x4417f8@mhfdat-jp.bin,ABレイヤーＦ脚：剣青,AB Layer BM Legs Blue
0x4417fc@mhfdat-jp.bin,ABレイヤーFZ脚：剣青,AB Layer F BM Legs Blue
0x441800@mhfdat-jp.bin,ABレイヤーHS脚：剣青,AB Layer FZ BM Legs Blue
0x441804@mhfdat-jp.bin,ABレイヤーGS脚：剣青,AB Layer HS BM Legs Blue
0x441808@mhfdat-jp.bin,ABレイヤーGP脚：剣青,AB Layer GS BM Legs Blue
0x44180c@mhfdat-jp.bin,ABレイヤー脚：弓青,AB Layer GP BM Legs Blue
0x441810@mhfdat-jp.bin,ABレイヤーＦ脚：弓青,AB Layer GN Legs Blue
0x441814@mhfdat-jp.bin,ABレイヤーFZ脚：弓青,AB Layer F GN Legs Blue
0x441818@mhfdat-jp.bin,ABレイヤーHS脚：弓青,AB Layer FZ GN Legs Blue
0x44181c@mhfdat-jp.bin,ABレイヤーGS脚：弓青,AB Layer HS GN Legs Blue
0x441820@mhfdat-jp.bin,ABレイヤーGP脚：弓青,AB Layer GS GN Legs Blue
0x441824@mhfdat-jp.bin,ABレイヤー脚：剣黒,AB Layer GP GN Legs Blue
0x441828@mhfdat-jp.bin,ABレイヤーＦ脚：剣黒,AB Layer BM Legs Black
0x44182c@mhfdat-jp.bin,ABレイヤーFZ脚：剣黒,AB Layer F BM Legs Black
0x441830@mhfdat-jp.bin,ABレイヤーHS脚：剣黒,AB Layer FZ BM Legs Black
0x441834@mhfdat-jp.bin,ABレイヤーGS脚：剣黒,AB Layer HS BM Legs Black
0x441838@mhfdat-jp.bin,ABレイヤーGP脚：剣黒,AB Layer GS BM Legs Black
0x44183c@mhfdat-jp.bin,ABレイヤー脚：弓黒,AB Layer GP BM Legs Black
0x441840@mhfdat-jp.bin,ABレイヤーＦ脚：弓黒,AB Layer GN Legs Black
0x441844@mhfdat-jp.bin,ABレイヤーFZ脚：弓黒,AB Layer F GN Legs Black
0x441848@mhfdat-jp.bin,ABレイヤーHS脚：弓黒,AB Layer FZ GN Legs Black
0x44184c@mhfdat-jp.bin,ABレイヤーGS脚：弓黒,AB Layer HS GN Legs Black
0x441850@mhfdat-jp.bin,ABレイヤーGP脚：弓黒,AB Layer GS GN Legs Black
0x441854@mhfdat-jp.bin,ABレイヤー脚：剣白,AB Layer GP GN Legs Black
0x441858@mhfdat-jp.bin,ABレイヤーＦ脚：剣白,AB Layer BM Legs White
0x44185c@mhfdat-jp.bin,ABレイヤーFZ脚：剣白,AB Layer F BM Legs White
0x441860@mhfdat-jp.bin,ABレイヤーHS脚：剣白,AB Layer FZ BM Legs White
0x441864@mhfdat-jp.bin,ABレイヤーGS脚：剣白,AB Layer HS BM Legs White
0x441868@mhfdat-jp.bin,ABレイヤーGP脚：剣白,AB Layer GS BM Legs White
0x44186c@mhfdat-jp.bin,ABレイヤー脚：弓白,AB Layer GP BM Legs White
0x441870@mhfdat-jp.bin,ABレイヤーＦ脚：弓白,AB Layer GN Legs White
0x441874@mhfdat-jp.bin,ABレイヤーFZ脚：弓白,AB Layer F GN Legs White
0x441878@mhfdat-jp.bin,ABレイヤーHS脚：弓白,AB Layer FZ GN Legs White
0x44187c@mhfdat-jp.bin,ABレイヤーGS脚：弓白,AB Layer HS GN Legs White
0x441880@mhfdat-jp.bin,ABレイヤーGP脚：弓白,AB Layer GS GN Legs White
0x441884@mhfdat-jp.bin,ブロンテフット,AB Layer GP GN Legs White
0x441888@mhfdat-jp.bin,ブロンテＦフット,Bronte Feet
0x44188c@mhfdat-jp.bin,ブロンテFZフット,Bronte F Feet
0x441890@mhfdat-jp.bin,ブロンテHSフット,Bronte FZ Feet
0x441894@mhfdat-jp.bin,ブロンテGSフット,Bronte HS Feet
0x441898@mhfdat-jp.bin,ブロンテGPフット,Bronte GS Feet
0x44189c@mhfdat-jp.bin,ブロンテブーツ,Bronte GP Feet
0x4418a0@mhfdat-jp.bin,ブロンテＦブーツ,Bronte Boots
0x4418a4@mhfdat-jp.bin,ブロンテFZブーツ,Bronte F Boots
0x4418a8@mhfdat-jp.bin,ブロンテHSブーツ,Bronte FZ Boots
0x4418ac@mhfdat-jp.bin,ブロンテGSブーツ,Bronte HS Boots
0x4418b0@mhfdat-jp.bin,ブロンテGPブーツ,Bronte GS Boots
0x4418b4@mhfdat-jp.bin,ソレーネフット,Bronte GP Boots
0x4418b8@mhfdat-jp.bin,ソレーネＦフット,Solene Feet
0x4418bc@mhfdat-jp.bin,ソレーネFZフット,Solene F Feet
0x4418c0@mhfdat-jp.bin,ソレーネHSフット,Solene FZ Feet
0x4418c4@mhfdat-jp.bin,ソレーネGSフット,Solene HS Feet
0x4418c8@mhfdat-jp.bin,ソレーネGPフット,Solene GS Feet
0x4418cc@mhfdat-jp.bin,ソレーネブーツ,Solene GP Feet
0x4418d0@mhfdat-jp.bin,ソレーネＦブーツ,Solene Boots
0x4418d4@mhfdat-jp.bin,ソレーネFZブーツ,Solene F Boots
0x4418d8@mhfdat-jp.bin,ソレーネHSブーツ,Solene FZ Boots
0x4418dc@mhfdat-jp.bin,ソレーネGSブーツ,Solene HS Boots
0x4418e0@mhfdat-jp.bin,ソレーネGPブーツ,Solene GS Boots
0x4418e4@mhfdat-jp.bin,ラピヌフット,Solene GP Boots
0x4418e8@mhfdat-jp.bin,ラピヌＦフット,Lapine Feet
0x4418ec@mhfdat-jp.bin,ラピヌFZフット,Lapine F Feet
0x4418f0@mhfdat-jp.bin,ラピヌHSフット,Lapine FZ Feet
0x4418f4@mhfdat-jp.bin,ラピヌGSフット,Lapine HS Feet
0x4418f8@mhfdat-jp.bin,ラピヌGPフット,Lapine GS Feet
0x4418fc@mhfdat-jp.bin,ラピヌブーツ,Lapine GP Feet
0x441900@mhfdat-jp.bin,ラピヌＦブーツ,Lapine Boots
0x441904@mhfdat-jp.bin,ラピヌFZブーツ,Lapine F Boots
0x441908@mhfdat-jp.bin,ラピヌHSブーツ,Lapine FZ Boots
0x44190c@mhfdat-jp.bin,ラピヌGSブーツ,Lapine HS Boots
0x441910@mhfdat-jp.bin,ラピヌGPブーツ,Lapine GS Boots
0x441914@mhfdat-jp.bin,マゴスGPフット・黄,Lapine GP Boots
0x441918@mhfdat-jp.bin,マゴスGPブーツ・黄,Magos GP Feet・Yellow
0x44191c@mhfdat-jp.bin,マゴスGPフット・赤,Magos GP Boots・Yellow
0x441920@mhfdat-jp.bin,マゴスGPブーツ・赤,Magos GP Feet・Red
0x441924@mhfdat-jp.bin,マゴスGPフット・水,Magos GP Boots・Red
0x441928@mhfdat-jp.bin,マゴスGPブーツ・水,Magos GP Feet・Water
0x44192c@mhfdat-jp.bin,マゴスGPフット・青,Magos GP Boots・Water
0x441930@mhfdat-jp.bin,マゴスGPブーツ・青,Magos GP Feet・Blue
0x441934@mhfdat-jp.bin,ユクモノハカマ・天,Magos GP Boots・Blue
0x441938@mhfdat-jp.bin,ユクモノハカマＧ・天,Yukumo ノハカマ・Heaven
0x44193c@mhfdat-jp.bin,ユクモノハカマGF・天,Yukumo ノハカマG・Heaven
0x441940@mhfdat-jp.bin,ユクモノハカマGX・天,Yukumo ノハカマGF・Heaven
0x441944@mhfdat-jp.bin,フロガダＧグリーヴ,Yukumo ノハカマGX・Heaven
0x441948@mhfdat-jp.bin,フロガダGFグリーヴ,Furogada G Greaves
0x44194c@mhfdat-jp.bin,フロガダGXグリーヴ,Furogada GF Greaves
0x441950@mhfdat-jp.bin,ユクモノハカマ・地,Furogada GX Greaves
0x441954@mhfdat-jp.bin,ユクモノハカマＧ・地,Yukumo ノハカマ・Earth
0x441958@mhfdat-jp.bin,ユクモノハカマGF・地,Yukumo ノハカマG・Earth
0x44195c@mhfdat-jp.bin,ユクモノハカマGX・地,Yukumo ノハカマGF・Earth
0x441960@mhfdat-jp.bin,フロガダＧレギンス,Yukumo ノハカマGX・Earth
0x441964@mhfdat-jp.bin,フロガダGFレギンス,Furogada G Leggings
0x441968@mhfdat-jp.bin,フロガダGXレギンス,Furogada GF Leggings
0x44196c@mhfdat-jp.bin,ダミー,Furogada GX Leggings
0x441970@mhfdat-jp.bin,ダミー,ダミー
0x441974@mhfdat-jp.bin,ダミー,ダミー
0x441978@mhfdat-jp.bin,ダミー,ダミー
0x44197c@mhfdat-jp.bin,ランセＧグリーヴ,ダミー
0x441980@mhfdat-jp.bin,ランセGFグリーヴ,Rance G Greaves
0x441984@mhfdat-jp.bin,ランセGXグリーヴ,Rance GF Greaves
0x441988@mhfdat-jp.bin,ダミー,Rance GX Greaves
0x44198c@mhfdat-jp.bin,ダミー,ダミー
0x441990@mhfdat-jp.bin,ダミー,ダミー
0x441994@mhfdat-jp.bin,ダミー,ダミー
0x441998@mhfdat-jp.bin,ランセＧレギンス,ダミー
0x44199c@mhfdat-jp.bin,ランセGFレギンス,Rance G Leggings
0x4419a0@mhfdat-jp.bin,ランセGXレギンス,Rance GF Leggings
0x4419a4@mhfdat-jp.bin,メイリダグリーヴ,Rance GX Leggings
0x4419a8@mhfdat-jp.bin,メイリダＦグリーヴ,Meirida Greaves
0x4419ac@mhfdat-jp.bin,メイリダFYグリーヴ,Meirida F Greaves
0x4419b0@mhfdat-jp.bin,メイリダHSグリーヴ,Meirida FY Greaves
0x4419b4@mhfdat-jp.bin,メイリダＧグリーヴ,Meirida HS Greaves
0x4419b8@mhfdat-jp.bin,メイリダGFグリーヴ,Meirida G Greaves
0x4419bc@mhfdat-jp.bin,メイリダGXグリーヴ,Meirida GF Greaves
0x4419c0@mhfdat-jp.bin,メイリダレギンス,Meirida GX Greaves
0x4419c4@mhfdat-jp.bin,メイリダＦレギンス,Meirida Leggings
0x4419c8@mhfdat-jp.bin,メイリダFYレギンス,Meirida F Leggings
0x4419cc@mhfdat-jp.bin,メイリダHSレギンス,Meirida FY Leggings
0x4419d0@mhfdat-jp.bin,メイリダＧレギンス,Meirida HS Leggings
0x4419d4@mhfdat-jp.bin,メイリダGFレギンス,Meirida G Leggings
0x4419d8@mhfdat-jp.bin,メイリダGXレギンス,Meirida GF Leggings
0x4419dc@mhfdat-jp.bin,マアデングリーヴ,Meirida GX Leggings
0x4419e0@mhfdat-jp.bin,マアデンＦグリーヴ,Maaden Greaves
0x4419e4@mhfdat-jp.bin,マアデンFYグリーヴ,Maaden F Greaves
0x4419e8@mhfdat-jp.bin,マアデンHSグリーヴ,Maaden FY Greaves
0x4419ec@mhfdat-jp.bin,マアデンＧグリーヴ,Maaden HS Greaves
0x4419f0@mhfdat-jp.bin,マアデンGFグリーヴ,Maaden G Greaves
0x4419f4@mhfdat-jp.bin,マアデンGXグリーヴ,Maaden GF Greaves
0x4419f8@mhfdat-jp.bin,マアデンレギンス,Maaden GX Greaves
0x4419fc@mhfdat-jp.bin,マアデンＦレギンス,Maaden Leggings
0x441a00@mhfdat-jp.bin,マアデンFYレギンス,Maaden F Leggings
0x441a04@mhfdat-jp.bin,マアデンHSレギンス,Maaden FY Leggings
0x441a08@mhfdat-jp.bin,マアデンＧレギンス,Maaden HS Leggings
0x441a0c@mhfdat-jp.bin,マアデンGFレギンス,Maaden G Leggings
0x441a10@mhfdat-jp.bin,マアデンGXレギンス,Maaden GF Leggings
0x441a14@mhfdat-jp.bin,紅昇【袴】,Maaden GX Leggings
0x441a18@mhfdat-jp.bin,紅昇Ｆ【袴】,Kosho [Hakama 】
0x441a1c@mhfdat-jp.bin,紅昇FY【袴】,Kosho F [Hakama 】
0x441a20@mhfdat-jp.bin,紅昇HS【袴】,Kosho FY [Hakama 】
0x441a24@mhfdat-jp.bin,紅昇Ｇ【袴】,Kosho HS [Hakama 】
0x441a28@mhfdat-jp.bin,紅昇GF【袴】,Kosho G [Hakama 】
0x441a2c@mhfdat-jp.bin,紅昇GX【袴】,Kosho GF [Hakama 】
0x441a30@mhfdat-jp.bin,紅楼【袴】,Kosho GX [Hakama 】
0x441a34@mhfdat-jp.bin,紅楼Ｆ【袴】,Koro [Hakama 】
0x441a38@mhfdat-jp.bin,紅楼FY【袴】,Koro F [Hakama 】
0x441a3c@mhfdat-jp.bin,紅楼HS【袴】,Koro FY [Hakama 】
0x441a40@mhfdat-jp.bin,紅楼Ｇ【袴】,Koro HS [Hakama 】
0x441a44@mhfdat-jp.bin,紅楼GF【袴】,Koro G [Hakama 】
0x441a48@mhfdat-jp.bin,紅楼GX【袴】,Koro GF [Hakama 】
0x441a4c@mhfdat-jp.bin,アブヤドグリーヴ,Koro GX [Hakama 】
0x441a50@mhfdat-jp.bin,アブヤドＦグリーヴ,Abuyado Greaves
0x441a54@mhfdat-jp.bin,アブヤドFYグリーヴ,Abuyado F Greaves
0x441a58@mhfdat-jp.bin,アブヤドHSグリーヴ,Abuyado FY Greaves
0x441a5c@mhfdat-jp.bin,アブヤドＧグリーヴ,Abuyado HS Greaves
0x441a60@mhfdat-jp.bin,アブヤドGFグリーヴ,Abuyado G Greaves
0x441a64@mhfdat-jp.bin,アブヤドGXグリーヴ,Abuyado GF Greaves
0x441a68@mhfdat-jp.bin,アブヤドレギンス,Abuyado GX Greaves
0x441a6c@mhfdat-jp.bin,アブヤドＦレギンス,Abuyado Leggings
0x441a70@mhfdat-jp.bin,アブヤドFYレギンス,Abuyado F Leggings
0x441a74@mhfdat-jp.bin,アブヤドHSレギンス,Abuyado FY Leggings
0x441a78@mhfdat-jp.bin,アブヤドＧレギンス,Abuyado HS Leggings
0x441a7c@mhfdat-jp.bin,アブヤドGFレギンス,Abuyado G Leggings
0x441a80@mhfdat-jp.bin,アブヤドGXレギンス,Abuyado GF Leggings
0x441a84@mhfdat-jp.bin,ゴルックフット,Abuyado GX Leggings
0x441a88@mhfdat-jp.bin,ゴルックＦフット,Gorukku Feet
0x441a8c@mhfdat-jp.bin,ゴルックFYフット,Gorukku F Feet
0x441a90@mhfdat-jp.bin,ゴルックHSフット,Gorukku FY Feet
0x441a94@mhfdat-jp.bin,ゴルックＧフット,Gorukku HS Feet
0x441a98@mhfdat-jp.bin,ゴルックGFフット,Gorukku G Feet
0x441a9c@mhfdat-jp.bin,ゴルックGXフット,Gorukku GF Feet
0x441aa0@mhfdat-jp.bin,ゴルックブーツ,Gorukku GX Feet
0x441aa4@mhfdat-jp.bin,ゴルックＦブーツ,Gorukku Boots
0x441aa8@mhfdat-jp.bin,ゴルックFYブーツ,Gorukku F Boots
0x441aac@mhfdat-jp.bin,ゴルックHSブーツ,Gorukku FY Boots
0x441ab0@mhfdat-jp.bin,ゴルックＧブーツ,Gorukku HS Boots
0x441ab4@mhfdat-jp.bin,ゴルックGFブーツ,Gorukku G Boots
0x441ab8@mhfdat-jp.bin,ゴルックGXブーツ,Gorukku GF Boots
0x441abc@mhfdat-jp.bin,しましまフット,Gorukku GX Boots
0x441ac0@mhfdat-jp.bin,しましまＦフット,Shimashima Feet
0x441ac4@mhfdat-jp.bin,しましまFYフット,Shimashima F Feet
0x441ac8@mhfdat-jp.bin,しましまHSフット,Shimashima FY Feet
0x441acc@mhfdat-jp.bin,しましまＧフット,Shimashima HS Feet
0x441ad0@mhfdat-jp.bin,しましまGFフット,Shimashima G Feet
0x441ad4@mhfdat-jp.bin,しましまGXフット,Shimashima GF Feet
0x441ad8@mhfdat-jp.bin,しましまブーツ,Shimashima GX Feet
0x441adc@mhfdat-jp.bin,しましまＦブーツ,Shimashima Boots
0x441ae0@mhfdat-jp.bin,しましまFYブーツ,Shimashima F Boots
0x441ae4@mhfdat-jp.bin,しましまHSブーツ,Shimashima FY Boots
0x441ae8@mhfdat-jp.bin,しましまＧブーツ,Shimashima HS Boots
0x441aec@mhfdat-jp.bin,しましまGFブーツ,Shimashima G Boots
0x441af0@mhfdat-jp.bin,しましまGXブーツ,Shimashima GF Boots
0x441af4@mhfdat-jp.bin,リオデュオFYグリーヴ,Shimashima GX Boots
0x441af8@mhfdat-jp.bin,リオデュオHSグリーヴ,Rath Duo FY Greaves
0x441afc@mhfdat-jp.bin,リオデュオＧグリーヴ,Rath Duo HS Greaves
0x441b00@mhfdat-jp.bin,リオデュオGFグリーヴ,Rath Duo G Greaves
0x441b04@mhfdat-jp.bin,リオデュオGXグリーヴ,Rath Duo GF Greaves
0x441b08@mhfdat-jp.bin,リオデュオFYレギンス,Rath Duo GX Greaves
0x441b0c@mhfdat-jp.bin,リオデュオHSレギンス,Rath Duo FY Leggings
0x441b10@mhfdat-jp.bin,リオデュオＧレギンス,Rath Duo HS Leggings
0x441b14@mhfdat-jp.bin,リオデュオGFレギンス,Rath Duo G Leggings
0x441b18@mhfdat-jp.bin,リオデュオGXレギンス,Rath Duo GF Leggings
0x441b1c@mhfdat-jp.bin,タンドレスHSフット,Rath Duo GX Leggings
0x441b20@mhfdat-jp.bin,タンドレスＧフット,Tandress HS Feet
0x441b24@mhfdat-jp.bin,タンドレスGFフット,Tandress G Feet
0x441b28@mhfdat-jp.bin,タンドレスGXフット,Tandress GF Feet
0x441b2c@mhfdat-jp.bin,タンドレスHSブーツ,Tandress GX Feet
0x441b30@mhfdat-jp.bin,タンドレスＧブーツ,Tandress HS Boots
0x441b34@mhfdat-jp.bin,タンドレスGFブーツ,Tandress G Boots
0x441b38@mhfdat-jp.bin,タンドレスGXブーツ,Tandress GF Boots
0x441b3c@mhfdat-jp.bin,ランヴォフット,Tandress GX Boots
0x441b40@mhfdat-jp.bin,ランヴォＦフット,Ranvuo Feet
0x441b44@mhfdat-jp.bin,ランヴォFYフット,Ranvuo F Feet
0x441b48@mhfdat-jp.bin,ランヴォHSフット,Ranvuo FY Feet
0x441b4c@mhfdat-jp.bin,ランヴォＧフット,Ranvuo HS Feet
0x441b50@mhfdat-jp.bin,ランヴォGFフット,Ranvuo G Feet
0x441b54@mhfdat-jp.bin,ランヴォGXフット,Ranvuo GF Feet
0x441b58@mhfdat-jp.bin,ランヴォブーツ,Ranvuo GX Feet
0x441b5c@mhfdat-jp.bin,ランヴォＦブーツ,Ranvuo Boots
0x441b60@mhfdat-jp.bin,ランヴォFYブーツ,Ranvuo F Boots
0x441b64@mhfdat-jp.bin,ランヴォHSブーツ,Ranvuo FY Boots
0x441b68@mhfdat-jp.bin,ランヴォＧブーツ,Ranvuo HS Boots
0x441b6c@mhfdat-jp.bin,ランヴォGFブーツ,Ranvuo G Boots
0x441b70@mhfdat-jp.bin,ランヴォGXブーツ,Ranvuo GF Boots
0x441b74@mhfdat-jp.bin,ニュイフット,Ranvuo GX Boots
0x441b78@mhfdat-jp.bin,ニュイＦフット,Nyui Feet
0x441b7c@mhfdat-jp.bin,ニュイFYフット,Nyui F Feet
0x441b80@mhfdat-jp.bin,ニュイHSフット,Nyui FY Feet
0x441b84@mhfdat-jp.bin,ニュイＧフット,Nyui HS Feet
0x441b88@mhfdat-jp.bin,ニュイGFフット,Nyui G Feet
0x441b8c@mhfdat-jp.bin,ニュイGXフット,Nyui GF Feet
0x441b90@mhfdat-jp.bin,ニュイブーツ,Nyui GX Feet
0x441b94@mhfdat-jp.bin,ニュイＦブーツ,Nyui Boots
0x441b98@mhfdat-jp.bin,ニュイFYブーツ,Nyui F Boots
0x441b9c@mhfdat-jp.bin,ニュイHSブーツ,Nyui FY Boots
0x441ba0@mhfdat-jp.bin,ニュイＧブーツ,Nyui HS Boots
0x441ba4@mhfdat-jp.bin,ニュイGFブーツ,Nyui G Boots
0x441ba8@mhfdat-jp.bin,ニュイGXブーツ,Nyui GF Boots
0x441bac@mhfdat-jp.bin,ダミー,Nyui GX Boots
0x441bb0@mhfdat-jp.bin,ダミー,ダミー
0x441bb4@mhfdat-jp.bin,ダミー,ダミー
0x441bb8@mhfdat-jp.bin,ダミー,ダミー
0x441bbc@mhfdat-jp.bin,ニンファＧグリーヴ,ダミー
0x441bc0@mhfdat-jp.bin,ニンファGFグリーヴ,Nympha G Greaves
0x441bc4@mhfdat-jp.bin,ニンファGXグリーヴ,Nympha GF Greaves
0x441bc8@mhfdat-jp.bin,ダミー,Nympha GX Greaves
0x441bcc@mhfdat-jp.bin,ダミー,ダミー
0x441bd0@mhfdat-jp.bin,ダミー,ダミー
0x441bd4@mhfdat-jp.bin,ダミー,ダミー
0x441bd8@mhfdat-jp.bin,ニンファＧレギンス,ダミー
0x441bdc@mhfdat-jp.bin,ニンファGFレギンス,Nympha G Leggings
0x441be0@mhfdat-jp.bin,ニンファGXレギンス,Nympha GF Leggings
0x441be4@mhfdat-jp.bin,ハルドGXグリーヴ,Nympha GX Leggings
0x441be8@mhfdat-jp.bin,ハルドGXレギンス,Harudo GX Greaves
0x441bec@mhfdat-jp.bin,グレアGXグリーヴ,Harudo GX Leggings
0x441bf0@mhfdat-jp.bin,グレアGXレギンス,Gureado GX Greaves
0x441bf4@mhfdat-jp.bin,ピクスGPフット・緑,Gureado GX Leggings
0x441bf8@mhfdat-jp.bin,ピクスGPブーツ・緑,Pics GP Feet・Green
0x441bfc@mhfdat-jp.bin,ピクスGPフット・紫,Pics GP Boots・Green
0x441c00@mhfdat-jp.bin,ピクスGPブーツ・紫,Pics GP Feet・Purple
0x441c04@mhfdat-jp.bin,ピクスGPフット・黒,Pics GP Boots・Purple
0x441c08@mhfdat-jp.bin,ピクスGPブーツ・黒,Pics GP Feet・Black
0x441c0c@mhfdat-jp.bin,ピクスGPフット・水,Pics GP Boots・Black
0x441c10@mhfdat-jp.bin,ピクスGPブーツ・水,Pics GP Feet・Water
0x441c14@mhfdat-jp.bin,ダミー,Pics GP Boots・Water
0x441c18@mhfdat-jp.bin,ダミー,ダミー
0x441c1c@mhfdat-jp.bin,スマートHSレッグ,ダミー
0x441c20@mhfdat-jp.bin,スマートGSレッグ,Smart HS Leg
0x441c24@mhfdat-jp.bin,ガスラグリーヴ,Smart GS Leg
0x441c28@mhfdat-jp.bin,ガスラＦグリーヴ,Gasura Greaves
0x441c2c@mhfdat-jp.bin,ガスラFXグリーヴ,Gasura F Greaves
0x441c30@mhfdat-jp.bin,ガスラＧグリーヴ,Gasura FX Greaves
0x441c34@mhfdat-jp.bin,ガスラGFグリーヴ,Gasura G Greaves
0x441c38@mhfdat-jp.bin,ガスラGXグリーヴ,Gasura GF Greaves
0x441c3c@mhfdat-jp.bin,ガスラレギンス,Gasura GX Greaves
0x441c40@mhfdat-jp.bin,ガスラＦレギンス,Gasura Leggings
0x441c44@mhfdat-jp.bin,ガスラFXレギンス,Gasura F Leggings
0x441c48@mhfdat-jp.bin,ガスラＧレギンス,Gasura FX Leggings
0x441c4c@mhfdat-jp.bin,ガスラGFレギンス,Gasura G Leggings
0x441c50@mhfdat-jp.bin,ガスラGXレギンス,Gasura GF Leggings
0x441c54@mhfdat-jp.bin,怒貌Ｇ【具足】,Gasura GX Leggings
0x441c58@mhfdat-jp.bin,怒貌GF【具足】,Wrath G [Greaves 】
0x441c5c@mhfdat-jp.bin,怒貌GX【具足】,Wrath GF [Greaves 】
0x441c60@mhfdat-jp.bin,怒面Ｇ【具足】,Wrath GX [Greaves 】
0x441c64@mhfdat-jp.bin,怒面GF【具足】,Anger G [Greaves 】
0x441c68@mhfdat-jp.bin,怒面GX【具足】,Anger GF [Greaves 】
0x441c6c@mhfdat-jp.bin,アビＧグリーヴ,Anger GX [Greaves 】
0x441c70@mhfdat-jp.bin,アビGFグリーヴ,Abi G Greaves
0x441c74@mhfdat-jp.bin,アビGXグリーヴ,Abi GF Greaves
0x441c78@mhfdat-jp.bin,アビＧレギンス,Abi GX Greaves
0x441c7c@mhfdat-jp.bin,アビGFレギンス,Abi G Leggings
0x441c80@mhfdat-jp.bin,アビGXレギンス,Abi GF Leggings
0x441c84@mhfdat-jp.bin,ジンオウグリーヴ,Abi GX Leggings
0x441c88@mhfdat-jp.bin,ジンオウＧグリーヴ,Zinogre Greaves
0x441c8c@mhfdat-jp.bin,ジンオウGFグリーヴ,Zinogre G Greaves
0x441c90@mhfdat-jp.bin,ジンオウGXグリーヴ,Zinogre GF Greaves
0x441c94@mhfdat-jp.bin,ジンオウレギンス,Zinogre GX Greaves
0x441c98@mhfdat-jp.bin,ジンオウＧレギンス,Zinogre Leggings
0x441c9c@mhfdat-jp.bin,ジンオウGFレギンス,Zinogre G Leggings
0x441ca0@mhfdat-jp.bin,ジンオウGXレギンス,Zinogre GF Leggings
0x441ca4@mhfdat-jp.bin,ガニアフット・赤,Zinogre GX Leggings
0x441ca8@mhfdat-jp.bin,ガニアＦフット・赤,Gania Feet・Red
0x441cac@mhfdat-jp.bin,ガニアFZフット・赤,Gania F Feet・Red
0x441cb0@mhfdat-jp.bin,ガニアHSフット・赤,Gania FZ Feet・Red
0x441cb4@mhfdat-jp.bin,ガニアGSフット・赤,Gania HS Feet・Red
0x441cb8@mhfdat-jp.bin,ガニアGPフット・赤,Gania GS Feet・Red
0x441cbc@mhfdat-jp.bin,ガニアブーツ・赤,Gania GP Feet・Red
0x441cc0@mhfdat-jp.bin,ガニアＦブーツ・赤,Gania Boots・Red
0x441cc4@mhfdat-jp.bin,ガニアFZブーツ・赤,Gania F Boots・Red
0x441cc8@mhfdat-jp.bin,ガニアHSブーツ・赤,Gania FZ Boots・Red
0x441ccc@mhfdat-jp.bin,ガニアGSブーツ・赤,Gania HS Boots・Red
0x441cd0@mhfdat-jp.bin,ガニアGPブーツ・赤,Gania GS Boots・Red
0x441cd4@mhfdat-jp.bin,ガニアフット・青,Gania GP Boots・Red
0x441cd8@mhfdat-jp.bin,ガニアＦフット・青,Gania Feet・Blue
0x441cdc@mhfdat-jp.bin,ガニアFZフット・青,Gania F Feet・Blue
0x441ce0@mhfdat-jp.bin,ガニアHSフット・青,Gania FZ Feet・Blue
0x441ce4@mhfdat-jp.bin,ガニアGSフット・青,Gania HS Feet・Blue
0x441ce8@mhfdat-jp.bin,ガニアGPフット・青,Gania GS Feet・Blue
0x441cec@mhfdat-jp.bin,ガニアブーツ・青,Gania GP Feet・Blue
0x441cf0@mhfdat-jp.bin,ガニアＦブーツ・青,Gania Boots・Blue
0x441cf4@mhfdat-jp.bin,ガニアFZブーツ・青,Gania F Boots・Blue
0x441cf8@mhfdat-jp.bin,ガニアHSブーツ・青,Gania FZ Boots・Blue
0x441cfc@mhfdat-jp.bin,ガニアGSブーツ・青,Gania HS Boots・Blue
0x441d00@mhfdat-jp.bin,ガニアGPブーツ・青,Gania GS Boots・Blue
0x441d04@mhfdat-jp.bin,ガニアフット・茶,Gania GP Boots・Blue
0x441d08@mhfdat-jp.bin,ガニアＦフット・茶,Gania Feet・Tea
0x441d0c@mhfdat-jp.bin,ガニアFZフット・茶,Gania F Feet・Tea
0x441d10@mhfdat-jp.bin,ガニアHSフット・茶,Gania FZ Feet・Tea
0x441d14@mhfdat-jp.bin,ガニアGSフット・茶,Gania HS Feet・Tea
0x441d18@mhfdat-jp.bin,ガニアGPフット・茶,Gania GS Feet・Tea
0x441d1c@mhfdat-jp.bin,ガニアブーツ・茶,Gania GP Feet・Tea
0x441d20@mhfdat-jp.bin,ガニアＦブーツ・茶,Gania Boots・Tea
0x441d24@mhfdat-jp.bin,ガニアFZブーツ・茶,Gania F Boots・Tea
0x441d28@mhfdat-jp.bin,ガニアHSブーツ・茶,Gania FZ Boots・Tea
0x441d2c@mhfdat-jp.bin,ガニアGSブーツ・茶,Gania HS Boots・Tea
0x441d30@mhfdat-jp.bin,ガニアGPブーツ・茶,Gania GS Boots・Tea
0x441d34@mhfdat-jp.bin,ガニアフット・紫,Gania GP Boots・Tea
0x441d38@mhfdat-jp.bin,ガニアＦフット・紫,Gania Feet・Purple
0x441d3c@mhfdat-jp.bin,ガニアFZフット・紫,Gania F Feet・Purple
0x441d40@mhfdat-jp.bin,ガニアHSフット・紫,Gania FZ Feet・Purple
0x441d44@mhfdat-jp.bin,ガニアGSフット・紫,Gania HS Feet・Purple
0x441d48@mhfdat-jp.bin,ガニアGPフット・紫,Gania GS Feet・Purple
0x441d4c@mhfdat-jp.bin,ガニアブーツ・紫,Gania GP Feet・Purple
0x441d50@mhfdat-jp.bin,ガニアＦブーツ・紫,Gania Boots・Purple
0x441d54@mhfdat-jp.bin,ガニアFZブーツ・紫,Gania F Boots・Purple
0x441d58@mhfdat-jp.bin,ガニアHSブーツ・紫,Gania FZ Boots・Purple
0x441d5c@mhfdat-jp.bin,ガニアGSブーツ・紫,Gania HS Boots・Purple
0x441d60@mhfdat-jp.bin,ガニアGPブーツ・紫,Gania GS Boots・Purple
0x441d64@mhfdat-jp.bin,ディナトグリーヴ,Gania GP Boots・Purple
0x441d68@mhfdat-jp.bin,ディナトＦグリーヴ,Dinato Greaves
0x441d6c@mhfdat-jp.bin,ディナトFZグリーヴ,Dinato F Greaves
0x441d70@mhfdat-jp.bin,ディナトHSグリーヴ,Dinato FZ Greaves
0x441d74@mhfdat-jp.bin,ディナトGSグリーヴ,Dinato HS Greaves
0x441d78@mhfdat-jp.bin,ディナトGPグリーヴ,Dinato GS Greaves
0x441d7c@mhfdat-jp.bin,ディナトレギンス,Dinato GP Greaves
0x441d80@mhfdat-jp.bin,ディナトＦレギンス,Dinato Leggings
0x441d84@mhfdat-jp.bin,ディナトFZレギンス,Dinato F Leggings
0x441d88@mhfdat-jp.bin,ディナトHSレギンス,Dinato FZ Leggings
0x441d8c@mhfdat-jp.bin,ディナトGSレギンス,Dinato HS Leggings
0x441d90@mhfdat-jp.bin,ディナトGPレギンス,Dinato GS Leggings
0x441d94@mhfdat-jp.bin,ドゥケグリーヴ,Dinato GP Leggings
0x441d98@mhfdat-jp.bin,ドゥケＦグリーヴ,Duque Greaves
0x441d9c@mhfdat-jp.bin,ドゥケFZグリーヴ,Duque F Greaves
0x441da0@mhfdat-jp.bin,ドゥケHSグリーヴ,Duque FZ Greaves
0x441da4@mhfdat-jp.bin,ドゥケGSグリーヴ,Duque HS Greaves
0x441da8@mhfdat-jp.bin,ドゥケGPグリーヴ,Duque GS Greaves
0x441dac@mhfdat-jp.bin,ドゥケレギンス,Duque GP Greaves
0x441db0@mhfdat-jp.bin,ドゥケＦレギンス,Duque Leggings
0x441db4@mhfdat-jp.bin,ドゥケFZレギンス,Duque F Leggings
0x441db8@mhfdat-jp.bin,ドゥケHSレギンス,Duque FZ Leggings
0x441dbc@mhfdat-jp.bin,ドゥケGSレギンス,Duque HS Leggings
0x441dc0@mhfdat-jp.bin,ドゥケGPレギンス,Duque GS Leggings
0x441dc4@mhfdat-jp.bin,グラヌグリーヴ,Duque GP Leggings
0x441dc8@mhfdat-jp.bin,グラヌＦグリーヴ,Granu Greaves
0x441dcc@mhfdat-jp.bin,グラヌFZグリーヴ,Granu F Greaves
0x441dd0@mhfdat-jp.bin,グラヌHSグリーヴ,Granu FZ Greaves
0x441dd4@mhfdat-jp.bin,グラヌGSグリーヴ,Granu HS Greaves
0x441dd8@mhfdat-jp.bin,グラヌGPグリーヴ,Granu GS Greaves
0x441ddc@mhfdat-jp.bin,グラヌレギンス,Granu GP Greaves
0x441de0@mhfdat-jp.bin,グラヌＦレギンス,Granu Leggings
0x441de4@mhfdat-jp.bin,グラヌFZレギンス,Granu F Leggings
0x441de8@mhfdat-jp.bin,グラヌHSレギンス,Granu FZ Leggings
0x441dec@mhfdat-jp.bin,グラヌGSレギンス,Granu HS Leggings
0x441df0@mhfdat-jp.bin,グラヌGPレギンス,Granu GS Leggings
0x441df4@mhfdat-jp.bin,プラグフット：01,Granu GP Leggings
0x441df8@mhfdat-jp.bin,プラグＦフット：01,Plug Feet :01
0x441dfc@mhfdat-jp.bin,プラグFZフット：01,Plug F Feet :01
0x441e00@mhfdat-jp.bin,プラグHSフット：01,Plug FZ Feet :01
0x441e04@mhfdat-jp.bin,プラグGSフット：01,Plug HS Feet :01
0x441e08@mhfdat-jp.bin,プラグGPフット：01,Plug GS Feet :01
0x441e0c@mhfdat-jp.bin,プラグブーツ：01,Plug GP Feet :01
0x441e10@mhfdat-jp.bin,プラグＦブーツ：01,Plug Boots :01
0x441e14@mhfdat-jp.bin,プラグFZブーツ：01,Plug F Boots :01
0x441e18@mhfdat-jp.bin,プラグHSブーツ：01,Plug FZ Boots :01
0x441e1c@mhfdat-jp.bin,プラグGSブーツ：01,Plug HS Boots :01
0x441e20@mhfdat-jp.bin,プラグGPブーツ：01,Plug GS Boots :01
0x441e24@mhfdat-jp.bin,プラグフット：00,Plug GP Boots :01
0x441e28@mhfdat-jp.bin,プラグＦフット：00,Plug Feet :00
0x441e2c@mhfdat-jp.bin,プラグFZフット：00,Plug F Feet :00
0x441e30@mhfdat-jp.bin,プラグHSフット：00,Plug FZ Feet :00
0x441e34@mhfdat-jp.bin,プラグGSフット：00,Plug HS Feet :00
0x441e38@mhfdat-jp.bin,プラグGPフット：00,Plug GS Feet :00
0x441e3c@mhfdat-jp.bin,プラグブーツ：00,Plug GP Feet :00
0x441e40@mhfdat-jp.bin,プラグＦブーツ：00,Plug Boots :00
0x441e44@mhfdat-jp.bin,プラグFZブーツ：00,Plug F Boots :00
0x441e48@mhfdat-jp.bin,プラグHSブーツ：00,Plug FZ Boots :00
0x441e4c@mhfdat-jp.bin,プラグGSブーツ：00,Plug HS Boots :00
0x441e50@mhfdat-jp.bin,プラグGPブーツ：00,Plug GS Boots :00
0x441e54@mhfdat-jp.bin,初号機フット,Plug GP Boots :00
0x441e58@mhfdat-jp.bin,初号機Ｆフット,Unit-01 Feet
0x441e5c@mhfdat-jp.bin,初号機FZフット,Unit-01 F Feet
0x441e60@mhfdat-jp.bin,初号機HSフット,Unit-01 FZ Feet
0x441e64@mhfdat-jp.bin,初号機GSフット,Unit-01 HS Feet
0x441e68@mhfdat-jp.bin,初号機GPフット,Unit-01 GS Feet
0x441e6c@mhfdat-jp.bin,初号機ブーツ,Unit-01 GP Feet
0x441e70@mhfdat-jp.bin,初号機Ｆブーツ,Unit-01 Boots
0x441e74@mhfdat-jp.bin,初号機FZブーツ,Unit-01 F Boots
0x441e78@mhfdat-jp.bin,初号機HSブーツ,Unit-01 FZ Boots
0x441e7c@mhfdat-jp.bin,初号機GSブーツ,Unit-01 HS Boots
0x441e80@mhfdat-jp.bin,初号機GPブーツ,Unit-01 GS Boots
0x441e84@mhfdat-jp.bin,零号機フット,Unit-01 GP Boots
0x441e88@mhfdat-jp.bin,零号機Ｆフット,Unit-00 Feet
0x441e8c@mhfdat-jp.bin,零号機FZフット,Unit-00 F Feet
0x441e90@mhfdat-jp.bin,零号機HSフット,Unit-00 FZ Feet
0x441e94@mhfdat-jp.bin,零号機GSフット,Unit-00 HS Feet
0x441e98@mhfdat-jp.bin,零号機GPフット,Unit-00 GS Feet
0x441e9c@mhfdat-jp.bin,零号機ブーツ,Unit-00 GP Feet
0x441ea0@mhfdat-jp.bin,零号機Ｆブーツ,Unit-00 Boots
0x441ea4@mhfdat-jp.bin,零号機FZブーツ,Unit-00 F Boots
0x441ea8@mhfdat-jp.bin,零号機HSブーツ,Unit-00 FZ Boots
0x441eac@mhfdat-jp.bin,零号機GSブーツ,Unit-00 HS Boots
0x441eb0@mhfdat-jp.bin,零号機GPブーツ,Unit-00 GS Boots
0x441eb4@mhfdat-jp.bin,ダスクフット・赤,Unit-00 GP Boots
0x441eb8@mhfdat-jp.bin,ダスクＦフット・赤,Dusk Feet・Red
0x441ebc@mhfdat-jp.bin,ダスクFZフット・赤,Dusk F Feet・Red
0x441ec0@mhfdat-jp.bin,ダスクHSフット・赤,Dusk FZ Feet・Red
0x441ec4@mhfdat-jp.bin,ダスクGSフット・赤,Dusk HS Feet・Red
0x441ec8@mhfdat-jp.bin,ダスクGPフット・赤,Dusk GS Feet・Red
0x441ecc@mhfdat-jp.bin,ダスクブーツ・赤,Dusk GP Feet・Red
0x441ed0@mhfdat-jp.bin,ダスクＦブーツ・赤,Dusk Boots・Red
0x441ed4@mhfdat-jp.bin,ダスクFZブーツ・赤,Dusk F Boots・Red
0x441ed8@mhfdat-jp.bin,ダスクHSブーツ・赤,Dusk FZ Boots・Red
0x441edc@mhfdat-jp.bin,ダスクGSブーツ・赤,Dusk HS Boots・Red
0x441ee0@mhfdat-jp.bin,ダスクGPブーツ・赤,Dusk GS Boots・Red
0x441ee4@mhfdat-jp.bin,ダスクフット・白,Dusk GP Boots・Red
0x441ee8@mhfdat-jp.bin,ダスクＦフット・白,Dusk Feet・White
0x441eec@mhfdat-jp.bin,ダスクFZフット・白,Dusk F Feet・White
0x441ef0@mhfdat-jp.bin,ダスクHSフット・白,Dusk FZ Feet・White
0x441ef4@mhfdat-jp.bin,ダスクGSフット・白,Dusk HS Feet・White
0x441ef8@mhfdat-jp.bin,ダスクGPフット・白,Dusk GS Feet・White
0x441efc@mhfdat-jp.bin,ダスクブーツ・白,Dusk GP Feet・White
0x441f00@mhfdat-jp.bin,ダスクＦブーツ・白,Dusk Boots・White
0x441f04@mhfdat-jp.bin,ダスクFZブーツ・白,Dusk F Boots・White
0x441f08@mhfdat-jp.bin,ダスクHSブーツ・白,Dusk FZ Boots・White
0x441f0c@mhfdat-jp.bin,ダスクGSブーツ・白,Dusk HS Boots・White
0x441f10@mhfdat-jp.bin,ダスクGPブーツ・白,Dusk GS Boots・White
0x441f14@mhfdat-jp.bin,ダスクフット・桃,Dusk GP Boots・White
0x441f18@mhfdat-jp.bin,ダスクＦフット・桃,Dusk Feet・Peach
0x441f1c@mhfdat-jp.bin,ダスクFZフット・桃,Dusk F Feet・Peach
0x441f20@mhfdat-jp.bin,ダスクHSフット・桃,Dusk FZ Feet・Peach
0x441f24@mhfdat-jp.bin,ダスクGSフット・桃,Dusk HS Feet・Peach
0x441f28@mhfdat-jp.bin,ダスクGPフット・桃,Dusk GS Feet・Peach
0x441f2c@mhfdat-jp.bin,ダスクブーツ・桃,Dusk GP Feet・Peach
0x441f30@mhfdat-jp.bin,ダスクＦブーツ・桃,Dusk Boots・Peach
0x441f34@mhfdat-jp.bin,ダスクFZブーツ・桃,Dusk F Boots・Peach
0x441f38@mhfdat-jp.bin,ダスクHSブーツ・桃,Dusk FZ Boots・Peach
0x441f3c@mhfdat-jp.bin,ダスクGSブーツ・桃,Dusk HS Boots・Peach
0x441f40@mhfdat-jp.bin,ダスクGPブーツ・桃,Dusk GS Boots・Peach
0x441f44@mhfdat-jp.bin,ダスクフット・青,Dusk GP Boots・Peach
0x441f48@mhfdat-jp.bin,ダスクＦフット・青,Dusk Feet・Blue
0x441f4c@mhfdat-jp.bin,ダスクFZフット・青,Dusk F Feet・Blue
0x441f50@mhfdat-jp.bin,ダスクHSフット・青,Dusk FZ Feet・Blue
0x441f54@mhfdat-jp.bin,ダスクGSフット・青,Dusk HS Feet・Blue
0x441f58@mhfdat-jp.bin,ダスクGPフット・青,Dusk GS Feet・Blue
0x441f5c@mhfdat-jp.bin,ダスクブーツ・青,Dusk GP Feet・Blue
0x441f60@mhfdat-jp.bin,ダスクＦブーツ・青,Dusk Boots・Blue
0x441f64@mhfdat-jp.bin,ダスクFZブーツ・青,Dusk F Boots・Blue
0x441f68@mhfdat-jp.bin,ダスクHSブーツ・青,Dusk FZ Boots・Blue
0x441f6c@mhfdat-jp.bin,ダスクGSブーツ・青,Dusk HS Boots・Blue
0x441f70@mhfdat-jp.bin,ダスクGPブーツ・青,Dusk GS Boots・Blue
0x441f74@mhfdat-jp.bin,トイストグリーヴ,Dusk GP Boots・Blue
0x441f78@mhfdat-jp.bin,トイストＦグリーヴ,トイスト Greaves
0x441f7c@mhfdat-jp.bin,トイストFZグリーヴ,トイストF Greaves
0x441f80@mhfdat-jp.bin,トイストHSグリーヴ,トイストFZ Greaves
0x441f84@mhfdat-jp.bin,トイストGSグリーヴ,トイストHS Greaves
0x441f88@mhfdat-jp.bin,トイストGPグリーヴ,トイストGS Greaves
0x441f8c@mhfdat-jp.bin,トイストレギンス,トイストGP Greaves
0x441f90@mhfdat-jp.bin,トイストＦレギンス,トイスト Leggings
0x441f94@mhfdat-jp.bin,トイストFZレギンス,トイストF Leggings
0x441f98@mhfdat-jp.bin,トイストHSレギンス,トイストFZ Leggings
0x441f9c@mhfdat-jp.bin,トイストGSレギンス,トイストHS Leggings
0x441fa0@mhfdat-jp.bin,トイストGPレギンス,トイストGS Leggings
0x441fa4@mhfdat-jp.bin,ネコダンフット,トイストGP Leggings
0x441fa8@mhfdat-jp.bin,ネコダンＦフット,Nekodan Feet
0x441fac@mhfdat-jp.bin,ネコダンFZフット,Nekodan F Feet
0x441fb0@mhfdat-jp.bin,ネコダンHSフット,Nekodan FZ Feet
0x441fb4@mhfdat-jp.bin,ネコダンGSフット,Nekodan HS Feet
0x441fb8@mhfdat-jp.bin,ネコダンGPフット,Nekodan GS Feet
0x441fbc@mhfdat-jp.bin,ロワーガガンバ,Nekodan GP Feet
0x441fc0@mhfdat-jp.bin,ロワーガＧガンバ,Aelucanth Crura
0x441fc4@mhfdat-jp.bin,ロワーガGFガンバ,Aelucanth G Crura
0x441fc8@mhfdat-jp.bin,ロワーガGXガンバ,Aelucanth GF Crura
0x441fcc@mhfdat-jp.bin,ロワーガフェムル,Aelucanth GX Crura
0x441fd0@mhfdat-jp.bin,ロワーガＧフェムル,Aelucanth フェムル
0x441fd4@mhfdat-jp.bin,ロワーガGFフェムル,Aelucanth Gフェムル
0x441fd8@mhfdat-jp.bin,ロワーガGXフェムル,Aelucanth GFフェムル
0x441fdc@mhfdat-jp.bin,ファルメルガンバ,Aelucanth GXフェムル
0x441fe0@mhfdat-jp.bin,ファルメルＧガンバ,Rhopessa Crura
0x441fe4@mhfdat-jp.bin,ファルメルGFガンバ,Rhopessa G Crura
0x441fe8@mhfdat-jp.bin,ファルメルGXガンバ,Rhopessa GF Crura
0x441fec@mhfdat-jp.bin,ファルメルフェムル,Rhopessa GX Crura
0x441ff0@mhfdat-jp.bin,ファルメルＧフェムル,Rhopessa フェムル
0x441ff4@mhfdat-jp.bin,ファルメルGFフェムル,Rhopessa Gフェムル
0x441ff8@mhfdat-jp.bin,ファルメルGXフェムル,Rhopessa GFフェムル
0x441ffc@mhfdat-jp.bin,リアルオＧグリーヴ,Rhopessa GXフェムル
0x442000@mhfdat-jp.bin,リアルオGFグリーヴ,Riaruo G Greaves
0x442004@mhfdat-jp.bin,リアルオGXグリーヴ,Riaruo GF Greaves
0x442008@mhfdat-jp.bin,リアルオＧレギンス,Riaruo GX Greaves
0x44200c@mhfdat-jp.bin,リアルオGFレギンス,Riaruo G Leggings
0x442010@mhfdat-jp.bin,リアルオGXレギンス,Riaruo GF Leggings
0x442014@mhfdat-jp.bin,オルドルグリーヴ,Riaruo GX Leggings
0x442018@mhfdat-jp.bin,オルドルＦグリーヴ,Ordre Greaves
0x44201c@mhfdat-jp.bin,オルドルFYグリーヴ,Ordre F Greaves
0x442020@mhfdat-jp.bin,オルドルHSグリーヴ,Ordre FY Greaves
0x442024@mhfdat-jp.bin,オルドルＧグリーヴ,Ordre HS Greaves
0x442028@mhfdat-jp.bin,オルドルGFグリーヴ,Ordre G Greaves
0x44202c@mhfdat-jp.bin,オルドルGXグリーヴ,Ordre GF Greaves
0x442030@mhfdat-jp.bin,オルドルレギンス,Ordre GX Greaves
0x442034@mhfdat-jp.bin,オルドルＦレギンス,Ordre Leggings
0x442038@mhfdat-jp.bin,オルドルFYレギンス,Ordre F Leggings
0x44203c@mhfdat-jp.bin,オルドルHSレギンス,Ordre FY Leggings
0x442040@mhfdat-jp.bin,オルドルＧレギンス,Ordre HS Leggings
0x442044@mhfdat-jp.bin,オルドルGFレギンス,Ordre G Leggings
0x442048@mhfdat-jp.bin,オルドルGXレギンス,Ordre GF Leggings
0x44204c@mhfdat-jp.bin,チェニーグリーヴ,Ordre GX Leggings
0x442050@mhfdat-jp.bin,チェニーＦグリーヴ,Cheni Greaves
0x442054@mhfdat-jp.bin,チェニーFYグリーヴ,Cheni F Greaves
0x442058@mhfdat-jp.bin,チェニーHSグリーヴ,Cheni FY Greaves
0x44205c@mhfdat-jp.bin,チェニーＧグリーヴ,Cheni HS Greaves
0x442060@mhfdat-jp.bin,チェニーGFグリーヴ,Cheni G Greaves
0x442064@mhfdat-jp.bin,チェニーGXグリーヴ,Cheni GF Greaves
0x442068@mhfdat-jp.bin,チェニーレギンス,Cheni GX Greaves
0x44206c@mhfdat-jp.bin,チェニーＦレギンス,Cheni Leggings
0x442070@mhfdat-jp.bin,チェニーFYレギンス,Cheni F Leggings
0x442074@mhfdat-jp.bin,チェニーHSレギンス,Cheni FY Leggings
0x442078@mhfdat-jp.bin,チェニーＧレギンス,Cheni HS Leggings
0x44207c@mhfdat-jp.bin,チェニーGFレギンス,Cheni G Leggings
0x442080@mhfdat-jp.bin,チェニーGXレギンス,Cheni GF Leggings
0x442084@mhfdat-jp.bin,ミニオムグリーヴ,Cheni GX Leggings
0x442088@mhfdat-jp.bin,ミニオムＦグリーヴ,Miniomu Greaves
0x44208c@mhfdat-jp.bin,ミニオムFYグリーヴ,Miniomu F Greaves
0x442090@mhfdat-jp.bin,ミニオムHSグリーヴ,Miniomu FY Greaves
0x442094@mhfdat-jp.bin,ミニオムＧグリーヴ,Miniomu HS Greaves
0x442098@mhfdat-jp.bin,ミニオムGFグリーヴ,Miniomu G Greaves
0x44209c@mhfdat-jp.bin,ミニオムGXグリーヴ,Miniomu GF Greaves
0x4420a0@mhfdat-jp.bin,ミニオムレギンス,Miniomu GX Greaves
0x4420a4@mhfdat-jp.bin,ミニオムＦレギンス,Miniomu Leggings
0x4420a8@mhfdat-jp.bin,ミニオムFYレギンス,Miniomu F Leggings
0x4420ac@mhfdat-jp.bin,ミニオムHSレギンス,Miniomu FY Leggings
0x4420b0@mhfdat-jp.bin,ミニオムＧレギンス,Miniomu HS Leggings
0x4420b4@mhfdat-jp.bin,ミニオムGFレギンス,Miniomu G Leggings
0x4420b8@mhfdat-jp.bin,ミニオムGXレギンス,Miniomu GF Leggings
0x4420bc@mhfdat-jp.bin,ワンスグリーヴ,Miniomu GX Leggings
0x4420c0@mhfdat-jp.bin,ワンスＦグリーヴ,Once Greaves
0x4420c4@mhfdat-jp.bin,ワンスFYグリーヴ,Once F Greaves
0x4420c8@mhfdat-jp.bin,ワンスHSグリーヴ,Once FY Greaves
0x4420cc@mhfdat-jp.bin,ワンスＧグリーヴ,Once HS Greaves
0x4420d0@mhfdat-jp.bin,ワンスGFグリーヴ,Once G Greaves
0x4420d4@mhfdat-jp.bin,ワンスGXグリーヴ,Once GF Greaves
0x4420d8@mhfdat-jp.bin,ワンスレギンス,Once GX Greaves
0x4420dc@mhfdat-jp.bin,ワンスＦレギンス,Once Leggings
0x4420e0@mhfdat-jp.bin,ワンスFYレギンス,Once F Leggings
0x4420e4@mhfdat-jp.bin,ワンスHSレギンス,Once FY Leggings
0x4420e8@mhfdat-jp.bin,ワンスＧレギンス,Once HS Leggings
0x4420ec@mhfdat-jp.bin,ワンスGFレギンス,Once G Leggings
0x4420f0@mhfdat-jp.bin,ワンスGXレギンス,Once GF Leggings
0x4420f4@mhfdat-jp.bin,浮峰【袴】,Once GX Leggings
0x4420f8@mhfdat-jp.bin,浮峰Ｆ【袴】,Kurai [Hakama 】
0x4420fc@mhfdat-jp.bin,浮峰FX【袴】,Kurai F [Hakama 】
0x442100@mhfdat-jp.bin,浮峰Ｇ【袴】,Kurai FX [Hakama 】
0x442104@mhfdat-jp.bin,浮峰GF【袴】,Kurai G [Hakama 】
0x442108@mhfdat-jp.bin,浮峰GX【袴】,Kurai GF [Hakama 】
0x44210c@mhfdat-jp.bin,浮嶺【袴】,Kurai GX [Hakama 】
0x442110@mhfdat-jp.bin,浮嶺Ｆ【袴】,Kurai [Hakama 】
0x442114@mhfdat-jp.bin,浮嶺FX【袴】,Kurai F [Hakama 】
0x442118@mhfdat-jp.bin,浮嶺Ｇ【袴】,Kurai FX [Hakama 】
0x44211c@mhfdat-jp.bin,浮嶺GF【袴】,Kurai G [Hakama 】
0x442120@mhfdat-jp.bin,浮嶺GX【袴】,Kurai GF [Hakama 】
0x442124@mhfdat-jp.bin,モノデビルＧグリーヴ,Kurai GX [Hakama 】
0x442128@mhfdat-jp.bin,モノデビルGFグリーヴ,Monodevil G Greaves
0x44212c@mhfdat-jp.bin,モノデビルGXグリーヴ,Monodevil GF Greaves
0x442130@mhfdat-jp.bin,モノデビルＧレギンス,Monodevil GX Greaves
0x442134@mhfdat-jp.bin,モノデビルGFレギンス,Monodevil G Leggings
0x442138@mhfdat-jp.bin,モノデビルGXレギンス,Monodevil GF Leggings
0x44213c@mhfdat-jp.bin,ディアースＧグリーヴ,Monodevil GX Leggings
0x442140@mhfdat-jp.bin,ディアースGFグリーヴ,Black Diablos G Greaves
0x442144@mhfdat-jp.bin,ディアースGXグリーヴ,Black Diablos GF Greaves
0x442148@mhfdat-jp.bin,ディアースＧレギンス,Black Diablos GX Greaves
0x44214c@mhfdat-jp.bin,ディアースGFレギンス,Black Diablos G Leggings
0x442150@mhfdat-jp.bin,ディアースGXレギンス,Black Diablos GF Leggings
0x442154@mhfdat-jp.bin,ワダツミGX【具足】,Black Diablos GX Leggings
0x442158@mhfdat-jp.bin,オカミGX【具足】,Wadatsumi GX [Greaves 】
0x44215c@mhfdat-jp.bin,オディバGXグリーヴ,Okami GX [Greaves 】
0x442160@mhfdat-jp.bin,オディバGXレギンス,Odiva GX Greaves
0x442164@mhfdat-jp.bin,雅孔GX【具足】,Odiva GX Leggings
0x442168@mhfdat-jp.bin,雅穿GX【具足】,Elegance GX [Greaves 】
0x44216c@mhfdat-jp.bin,バンギスグリーヴ,Grace GX [Greaves 】
0x442170@mhfdat-jp.bin,バンギスＧグリーヴ,Vangis Greaves
0x442174@mhfdat-jp.bin,バンギスGFグリーヴ,Vangis G Greaves
0x442178@mhfdat-jp.bin,バンギスGXグリーヴ,Vangis GF Greaves
0x44217c@mhfdat-jp.bin,バンギスレギンス,Vangis GX Greaves
0x442180@mhfdat-jp.bin,バンギスＧレギンス,Vangis Leggings
0x442184@mhfdat-jp.bin,バンギスGFレギンス,Vangis G Leggings
0x442188@mhfdat-jp.bin,バンギスGXレギンス,Vangis GF Leggings
0x44218c@mhfdat-jp.bin,シルティグリーヴ,Vangis GX Leggings
0x442190@mhfdat-jp.bin,シルティＦグリーヴ,Shiruti Greaves
0x442194@mhfdat-jp.bin,シルティFZグリーヴ,Shiruti F Greaves
0x442198@mhfdat-jp.bin,シルティHSグリーヴ,Shiruti FZ Greaves
0x44219c@mhfdat-jp.bin,シルティGSグリーヴ,Shiruti HS Greaves
0x4421a0@mhfdat-jp.bin,シルティGPグリーヴ,Shiruti GS Greaves
0x4421a4@mhfdat-jp.bin,シルティレギンス,Shiruti GP Greaves
0x4421a8@mhfdat-jp.bin,シルティＦレギンス,Shiruti Leggings
0x4421ac@mhfdat-jp.bin,シルティFZレギンス,Shiruti F Leggings
0x4421b0@mhfdat-jp.bin,シルティHSレギンス,Shiruti FZ Leggings
0x4421b4@mhfdat-jp.bin,シルティGSレギンス,Shiruti HS Leggings
0x4421b8@mhfdat-jp.bin,シルティGPレギンス,Shiruti GS Leggings
0x4421bc@mhfdat-jp.bin,ブラキグリーヴ,Shiruti GP Leggings
0x4421c0@mhfdat-jp.bin,ブラキＧグリーヴ,Brachy Greaves
0x4421c4@mhfdat-jp.bin,ブラキGFグリーヴ,Brachy G Greaves
0x4421c8@mhfdat-jp.bin,ブラキGXグリーヴ,Brachy GF Greaves
0x4421cc@mhfdat-jp.bin,ブラキレギンス,Brachy GX Greaves
0x4421d0@mhfdat-jp.bin,ブラキＧレギンス,Brachy Leggings
0x4421d4@mhfdat-jp.bin,ブラキGFレギンス,Brachy G Leggings
0x4421d8@mhfdat-jp.bin,ブラキGXレギンス,Brachy GF Leggings
0x4421dc@mhfdat-jp.bin,トリドグリーヴ,Brachy GX Leggings
0x4421e0@mhfdat-jp.bin,トリドＦグリーヴ,Toridcless Greaves
0x4421e4@mhfdat-jp.bin,トリドFXグリーヴ,Toridcless F Greaves
0x4421e8@mhfdat-jp.bin,トリドＧグリーヴ,Toridcless FX Greaves
0x4421ec@mhfdat-jp.bin,トリドGFグリーヴ,Toridcless G Greaves
0x4421f0@mhfdat-jp.bin,トリドGXグリーヴ,Toridcless GF Greaves
0x4421f4@mhfdat-jp.bin,トリドレギンス,Toridcless GX Greaves
0x4421f8@mhfdat-jp.bin,トリドＦレギンス,Toridcless Leggings
0x4421fc@mhfdat-jp.bin,トリドFXレギンス,Toridcless F Leggings
0x442200@mhfdat-jp.bin,トリドＧレギンス,Toridcless FX Leggings
0x442204@mhfdat-jp.bin,トリドGFレギンス,Toridcless G Leggings
0x442208@mhfdat-jp.bin,トリドGXレギンス,Toridcless GF Leggings
0x44220c@mhfdat-jp.bin,照雷Ｇ【具足】,Toridcless GX Leggings
0x442210@mhfdat-jp.bin,照雷GF【具足】,Lightning G [Greaves 】
0x442214@mhfdat-jp.bin,照雷GX【具足】,Lightning GF [Greaves 】
0x442218@mhfdat-jp.bin,明雷Ｇ【具足】,Lightning GX [Greaves 】
0x44221c@mhfdat-jp.bin,明雷GF【具足】,Thunder G [Greaves 】
0x442220@mhfdat-jp.bin,明雷GX【具足】,Thunder GF [Greaves 】
0x442224@mhfdat-jp.bin,エスピスＧフェルゼ,Thunder GX [Greaves 】
0x442228@mhfdat-jp.bin,エスピスGFフェルゼ,Orange Espinas G Heel
0x44222c@mhfdat-jp.bin,エスピスGXフェルゼ,Orange Espinas GF Heel
0x442230@mhfdat-jp.bin,エスピスＧアヴィレ,Orange Espinas GX Heel
0x442234@mhfdat-jp.bin,エスピスGFアヴィレ,Orange Espinas G March
0x442238@mhfdat-jp.bin,エスピスGXアヴィレ,Orange Espinas GF March
0x44223c@mhfdat-jp.bin,ヴォラＧグリーヴ,Orange Espinas GX March
0x442240@mhfdat-jp.bin,ヴォラGFグリーヴ,Vola G Greaves
0x442244@mhfdat-jp.bin,ヴォラGXグリーヴ,Vola GF Greaves
0x442248@mhfdat-jp.bin,ヴォラＧレギンス,Vola GX Greaves
0x44224c@mhfdat-jp.bin,ヴォラGFレギンス,Vola G Leggings
0x442250@mhfdat-jp.bin,ヴォラGXレギンス,Vola GF Leggings
0x442254@mhfdat-jp.bin,ラヴィＧグリーヴ：猛,Vola GX Leggings
0x442258@mhfdat-jp.bin,ラヴィGFグリーヴ：猛,Raviente G Greaves : Berserk
0x44225c@mhfdat-jp.bin,ラヴィGXグリーヴ：猛,Raviente GF Greaves : Berserk
0x442260@mhfdat-jp.bin,ラヴィＧレギンス：猛,Raviente GX Greaves : Berserk
0x442264@mhfdat-jp.bin,ラヴィGFレギンス：猛,Raviente G Leggings : Berserk
0x442268@mhfdat-jp.bin,ラヴィGXレギンス：猛,Raviente GF Leggings : Berserk
0x44226c@mhfdat-jp.bin,ラヴィグリーヴ：狂,Raviente GX Leggings : Berserk
0x442270@mhfdat-jp.bin,ラヴィHSグリーヴ：狂,Raviente Greaves : Violent
0x442274@mhfdat-jp.bin,ラヴィＧグリーヴ：狂,Raviente HS Greaves : Violent
0x442278@mhfdat-jp.bin,ラヴィGFグリーヴ：狂,Raviente G Greaves : Violent
0x44227c@mhfdat-jp.bin,ラヴィGXグリーヴ：狂,Raviente GF Greaves : Violent
0x442280@mhfdat-jp.bin,ラヴィレギンス：狂,Raviente GX Greaves : Violent
0x442284@mhfdat-jp.bin,ラヴィHSレギンス：狂,Raviente Leggings : Violent
0x442288@mhfdat-jp.bin,ラヴィＧレギンス：狂,Raviente HS Leggings : Violent
0x44228c@mhfdat-jp.bin,ラヴィGFレギンス：狂,Raviente G Leggings : Violent
0x442290@mhfdat-jp.bin,ラヴィGXレギンス：狂,Raviente GF Leggings : Violent
0x442294@mhfdat-jp.bin,ラヴィＧグリーヴ,Raviente GX Leggings : Violent
0x442298@mhfdat-jp.bin,ラヴィGFグリーヴ,Raviente G Greaves
0x44229c@mhfdat-jp.bin,ラヴィGXグリーヴ,Raviente GF Greaves
0x4422a0@mhfdat-jp.bin,ラヴィＧレギンス,Raviente GX Greaves
0x4422a4@mhfdat-jp.bin,ラヴィGFレギンス,Raviente G Leggings
0x4422a8@mhfdat-jp.bin,ラヴィGXレギンス,Raviente GF Leggings
0x4422ac@mhfdat-jp.bin,ヒプシーＧグリーヴ,Raviente GX Leggings
0x4422b0@mhfdat-jp.bin,ヒプシーGFグリーヴ,White Hypnoc G Greaves
0x4422b4@mhfdat-jp.bin,ヒプシーGXグリーヴ,White Hypnoc GF Greaves
0x4422b8@mhfdat-jp.bin,ヒプシーＧレギンス,White Hypnoc GX Greaves
0x4422bc@mhfdat-jp.bin,ヒプシーGFレギンス,White Hypnoc G Leggings
0x4422c0@mhfdat-jp.bin,ヒプシーGXレギンス,White Hypnoc GF Leggings
0x4422c4@mhfdat-jp.bin,ヴィーチフット,White Hypnoc GX Leggings
0x4422c8@mhfdat-jp.bin,ヴィーチＦフット,Vichi Feet
0x4422cc@mhfdat-jp.bin,ヴィーチFZフット,Vichi F Feet
0x4422d0@mhfdat-jp.bin,ヴィーチHSフット,Vichi FZ Feet
0x4422d4@mhfdat-jp.bin,ヴィーチGSフット,Vichi HS Feet
0x4422d8@mhfdat-jp.bin,ヴィーチGPフット,Vichi GS Feet
0x4422dc@mhfdat-jp.bin,ヴィーチブーツ,Vichi GP Feet
0x4422e0@mhfdat-jp.bin,ヴィーチＦブーツ,Vichi Boots
0x4422e4@mhfdat-jp.bin,ヴィーチFZブーツ,Vichi F Boots
0x4422e8@mhfdat-jp.bin,ヴィーチHSブーツ,Vichi FZ Boots
0x4422ec@mhfdat-jp.bin,ヴィーチGSブーツ,Vichi HS Boots
0x4422f0@mhfdat-jp.bin,ヴィーチGPブーツ,Vichi GS Boots
0x4422f4@mhfdat-jp.bin,ギルドバードブーツ,Vichi GP Boots
0x4422f8@mhfdat-jp.bin,ギルドバードＧブーツ,Guild Bard Boots
0x4422fc@mhfdat-jp.bin,ギルドバードGFブーツ,Guild Bard G Boots
0x442300@mhfdat-jp.bin,ギルドバードGXブーツ,Guild Bard GF Boots
0x442304@mhfdat-jp.bin,ギルドバードフット,Guild Bard GX Boots
0x442308@mhfdat-jp.bin,ギルドバードＧフット,Guild Bard Feet
0x44230c@mhfdat-jp.bin,ギルドバードGFフット,Guild Bard G Feet
0x442310@mhfdat-jp.bin,ギルドバードGXフット,Guild Bard GF Feet
0x442314@mhfdat-jp.bin,スカラーソックス,Guild Bard GX Feet
0x442318@mhfdat-jp.bin,スカラーＧソックス,Scholar Socks
0x44231c@mhfdat-jp.bin,スカラーGFソックス,Scholar G Socks
0x442320@mhfdat-jp.bin,スカラーGXソックス,Scholar GF Socks
0x442324@mhfdat-jp.bin,スカラーサンダル,Scholar GX Socks
0x442328@mhfdat-jp.bin,スカラーＧサンダル,Scholar サンダル
0x44232c@mhfdat-jp.bin,スカラーGFサンダル,Scholar Gサンダル
0x442330@mhfdat-jp.bin,スカラーGXサンダル,Scholar GFサンダル
0x442334@mhfdat-jp.bin,アミスタフット・黒,Scholar GXサンダル
0x442338@mhfdat-jp.bin,アミスタＦフット・黒,Amistad Feet・Black
0x44233c@mhfdat-jp.bin,アミスタFZフット・黒,Amistad F Feet・Black
0x442340@mhfdat-jp.bin,アミスタHSフット・黒,Amistad FZ Feet・Black
0x442344@mhfdat-jp.bin,アミスタGSフット・黒,Amistad HS Feet・Black
0x442348@mhfdat-jp.bin,アミスタGPフット・黒,Amistad GS Feet・Black
0x44234c@mhfdat-jp.bin,アミスタブーツ・黒,Amistad GP Feet・Black
0x442350@mhfdat-jp.bin,アミスタＦブーツ・黒,Amistad Boots・Black
0x442354@mhfdat-jp.bin,アミスタFZブーツ・黒,Amistad F Boots・Black
0x442358@mhfdat-jp.bin,アミスタHSブーツ・黒,Amistad FZ Boots・Black
0x44235c@mhfdat-jp.bin,アミスタGSブーツ・黒,Amistad HS Boots・Black
0x442360@mhfdat-jp.bin,アミスタGPブーツ・黒,Amistad GS Boots・Black
0x442364@mhfdat-jp.bin,アミスタフット・白,Amistad GP Boots・Black
0x442368@mhfdat-jp.bin,アミスタＦフット・白,Amistad Feet・White
0x44236c@mhfdat-jp.bin,アミスタFZフット・白,Amistad F Feet・White
0x442370@mhfdat-jp.bin,アミスタHSフット・白,Amistad FZ Feet・White
0x442374@mhfdat-jp.bin,アミスタGSフット・白,Amistad HS Feet・White
0x442378@mhfdat-jp.bin,アミスタGPフット・白,Amistad GS Feet・White
0x44237c@mhfdat-jp.bin,アミスタブーツ・白,Amistad GP Feet・White
0x442380@mhfdat-jp.bin,アミスタＦブーツ・白,Amistad Boots・White
0x442384@mhfdat-jp.bin,アミスタFZブーツ・白,Amistad F Boots・White
0x442388@mhfdat-jp.bin,アミスタHSブーツ・白,Amistad FZ Boots・White
0x44238c@mhfdat-jp.bin,アミスタGSブーツ・白,Amistad HS Boots・White
0x442390@mhfdat-jp.bin,アミスタGPブーツ・白,Amistad GS Boots・White
0x442394@mhfdat-jp.bin,アミスタフット・青,Amistad GP Boots・White
0x442398@mhfdat-jp.bin,アミスタＦフット・青,Amistad Feet・Blue
0x44239c@mhfdat-jp.bin,アミスタFZフット・青,Amistad F Feet・Blue
0x4423a0@mhfdat-jp.bin,アミスタHSフット・青,Amistad FZ Feet・Blue
0x4423a4@mhfdat-jp.bin,アミスタGSフット・青,Amistad HS Feet・Blue
0x4423a8@mhfdat-jp.bin,アミスタGPフット・青,Amistad GS Feet・Blue
0x4423ac@mhfdat-jp.bin,アミスタブーツ・青,Amistad GP Feet・Blue
0x4423b0@mhfdat-jp.bin,アミスタＦブーツ・青,Amistad Boots・Blue
0x4423b4@mhfdat-jp.bin,アミスタFZブーツ・青,Amistad F Boots・Blue
0x4423b8@mhfdat-jp.bin,アミスタHSブーツ・青,Amistad FZ Boots・Blue
0x4423bc@mhfdat-jp.bin,アミスタGSブーツ・青,Amistad HS Boots・Blue
0x4423c0@mhfdat-jp.bin,アミスタGPブーツ・青,Amistad GS Boots・Blue
0x4423c4@mhfdat-jp.bin,アミスタフット・紅,Amistad GP Boots・Blue
0x4423c8@mhfdat-jp.bin,アミスタＦフット・紅,Amistad Feet・Crimson
0x4423cc@mhfdat-jp.bin,アミスタFZフット・紅,Amistad F Feet・Crimson
0x4423d0@mhfdat-jp.bin,アミスタHSフット・紅,Amistad FZ Feet・Crimson
0x4423d4@mhfdat-jp.bin,アミスタGSフット・紅,Amistad HS Feet・Crimson
0x4423d8@mhfdat-jp.bin,アミスタGPフット・紅,Amistad GS Feet・Crimson
0x4423dc@mhfdat-jp.bin,アミスタブーツ・紅,Amistad GP Feet・Crimson
0x4423e0@mhfdat-jp.bin,アミスタＦブーツ・紅,Amistad Boots・Crimson
0x4423e4@mhfdat-jp.bin,アミスタFZブーツ・紅,Amistad F Boots・Crimson
0x4423e8@mhfdat-jp.bin,アミスタHSブーツ・紅,Amistad FZ Boots・Crimson
0x4423ec@mhfdat-jp.bin,アミスタGSブーツ・紅,Amistad HS Boots・Crimson
0x4423f0@mhfdat-jp.bin,アミスタGPブーツ・紅,Amistad GS Boots・Crimson
0x4423f4@mhfdat-jp.bin,プラグフット：06,Amistad GP Boots・Crimson
0x4423f8@mhfdat-jp.bin,プラグＦフット：06,Plug Feet :06
0x4423fc@mhfdat-jp.bin,プラグFZフット：06,Plug F Feet :06
0x442400@mhfdat-jp.bin,プラグHSフット：06,Plug FZ Feet :06
0x442404@mhfdat-jp.bin,プラグGSフット：06,Plug HS Feet :06
0x442408@mhfdat-jp.bin,プラグGPフット：06,Plug GS Feet :06
0x44240c@mhfdat-jp.bin,プラグブーツ：06,Plug GP Feet :06
0x442410@mhfdat-jp.bin,プラグＦブーツ：06,Plug Boots :06
0x442414@mhfdat-jp.bin,プラグFZブーツ：06,Plug F Boots :06
0x442418@mhfdat-jp.bin,プラグHSブーツ：06,Plug FZ Boots :06
0x44241c@mhfdat-jp.bin,プラグGSブーツ：06,Plug HS Boots :06
0x442420@mhfdat-jp.bin,プラグGPブーツ：06,Plug GS Boots :06
0x442424@mhfdat-jp.bin,プラグフット：02,Plug GP Boots :06
0x442428@mhfdat-jp.bin,プラグＦフット：02,Plug Feet :02
0x44242c@mhfdat-jp.bin,プラグFZフット：02,Plug F Feet :02
0x442430@mhfdat-jp.bin,プラグHSフット：02,Plug FZ Feet :02
0x442434@mhfdat-jp.bin,プラグGSフット：02,Plug HS Feet :02
0x442438@mhfdat-jp.bin,プラグGPフット：02,Plug GS Feet :02
0x44243c@mhfdat-jp.bin,プラグブーツ：02,Plug GP Feet :02
0x442440@mhfdat-jp.bin,プラグＦブーツ：02,Plug Boots :02
0x442444@mhfdat-jp.bin,プラグFZブーツ：02,Plug F Boots :02
0x442448@mhfdat-jp.bin,プラグHSブーツ：02,Plug FZ Boots :02
0x44244c@mhfdat-jp.bin,プラグGSブーツ：02,Plug HS Boots :02
0x442450@mhfdat-jp.bin,プラグGPブーツ：02,Plug GS Boots :02
0x442454@mhfdat-jp.bin,Ｍark.０６フット,Plug GP Boots :02
0x442458@mhfdat-jp.bin,Ｍark.０６Ｆフット,Mark.06 Feet
0x44245c@mhfdat-jp.bin,Ｍark.０６FZフット,Mark.06F Feet
0x442460@mhfdat-jp.bin,Ｍark.０６HSフット,Mark.06FZ Feet
0x442464@mhfdat-jp.bin,Ｍark.０６GSフット,Mark.06HS Feet
0x442468@mhfdat-jp.bin,Ｍark.０６GPフット,Mark.06GS Feet
0x44246c@mhfdat-jp.bin,Ｍark.０６ブーツ,Mark.06GP Feet
0x442470@mhfdat-jp.bin,Ｍark.０６Ｆブーツ,Mark.06 Boots
0x442474@mhfdat-jp.bin,Ｍark.０６FZブーツ,Mark.06F Boots
0x442478@mhfdat-jp.bin,Ｍark.０６HSブーツ,Mark.06FZ Boots
0x44247c@mhfdat-jp.bin,Ｍark.０６GSブーツ,Mark.06HS Boots
0x442480@mhfdat-jp.bin,Ｍark.０６GPブーツ,Mark.06GS Boots
0x442484@mhfdat-jp.bin,２号機フット,Mark.06GP Boots
0x442488@mhfdat-jp.bin,２号機Ｆフット,Unit-02 Feet
0x44248c@mhfdat-jp.bin,２号機FZフット,Unit-02 F Feet
0x442490@mhfdat-jp.bin,２号機HSフット,Unit-02 FZ Feet
0x442494@mhfdat-jp.bin,２号機GSフット,Unit-02 HS Feet
0x442498@mhfdat-jp.bin,２号機GPフット,Unit-02 GS Feet
0x44249c@mhfdat-jp.bin,２号機ブーツ,Unit-02 GP Feet
0x4424a0@mhfdat-jp.bin,２号機Ｆブーツ,Unit-02 Boots
0x4424a4@mhfdat-jp.bin,２号機FZブーツ,Unit-02 F Boots
0x4424a8@mhfdat-jp.bin,２号機HSブーツ,Unit-02 FZ Boots
0x4424ac@mhfdat-jp.bin,２号機GSブーツ,Unit-02 HS Boots
0x4424b0@mhfdat-jp.bin,２号機GPブーツ,Unit-02 GS Boots
0x4424b4@mhfdat-jp.bin,カイラフット,Unit-02 GP Boots
0x4424b8@mhfdat-jp.bin,カイラＦフット,Kaila Feet
0x4424bc@mhfdat-jp.bin,カイラFZフット,Kaila F Feet
0x4424c0@mhfdat-jp.bin,カイラHSフット,Kaila FZ Feet
0x4424c4@mhfdat-jp.bin,カイラGSフット,Kaila HS Feet
0x4424c8@mhfdat-jp.bin,カイラGPフット,Kaila GS Feet
0x4424cc@mhfdat-jp.bin,カイラブーツ,Kaila GP Feet
0x4424d0@mhfdat-jp.bin,カイラＦブーツ,Kaila Boots
0x4424d4@mhfdat-jp.bin,カイラFZブーツ,Kaila F Boots
0x4424d8@mhfdat-jp.bin,カイラHSブーツ,Kaila FZ Boots
0x4424dc@mhfdat-jp.bin,カイラGSブーツ,Kaila HS Boots
0x4424e0@mhfdat-jp.bin,カイラGPブーツ,Kaila GS Boots
0x4424e4@mhfdat-jp.bin,ダミー,Kaila GP Boots
0x4424e8@mhfdat-jp.bin,ダミー,ダミー
0x4424ec@mhfdat-jp.bin,ダミー,ダミー
0x4424f0@mhfdat-jp.bin,ダミー,ダミー
0x4424f4@mhfdat-jp.bin,ダミー,ダミー
0x4424f8@mhfdat-jp.bin,ダミー,ダミー
0x4424fc@mhfdat-jp.bin,オトノグリーヴ,ダミー
0x442500@mhfdat-jp.bin,オトノＦグリーヴ,Otono Greaves
0x442504@mhfdat-jp.bin,オトノFYグリーヴ,Otono F Greaves
0x442508@mhfdat-jp.bin,オトノHSグリーヴ,Otono FY Greaves
0x44250c@mhfdat-jp.bin,オトノＧグリーヴ,Otono HS Greaves
0x442510@mhfdat-jp.bin,オトノGFグリーヴ,Otono G Greaves
0x442514@mhfdat-jp.bin,オトノGXグリーヴ,Otono GF Greaves
0x442518@mhfdat-jp.bin,カバリバグリーヴ,Otono GX Greaves
0x44251c@mhfdat-jp.bin,カバリバＦグリーヴ,Kabariba Greaves
0x442520@mhfdat-jp.bin,カバリバFYグリーヴ,Kabariba F Greaves
0x442524@mhfdat-jp.bin,カバリバHSグリーヴ,Kabariba FY Greaves
0x442528@mhfdat-jp.bin,カバリバＧグリーヴ,Kabariba HS Greaves
0x44252c@mhfdat-jp.bin,カバリバGFグリーヴ,Kabariba G Greaves
0x442530@mhfdat-jp.bin,カバリバGXグリーヴ,Kabariba GF Greaves
0x442534@mhfdat-jp.bin,カバリバレギンス,Kabariba GX Greaves
0x442538@mhfdat-jp.bin,カバリバＦレギンス,Kabariba Leggings
0x44253c@mhfdat-jp.bin,カバリバFYレギンス,Kabariba F Leggings
0x442540@mhfdat-jp.bin,カバリバHSレギンス,Kabariba FY Leggings
0x442544@mhfdat-jp.bin,カバリバＧレギンス,Kabariba HS Leggings
0x442548@mhfdat-jp.bin,カバリバGFレギンス,Kabariba G Leggings
0x44254c@mhfdat-jp.bin,カバリバGXレギンス,Kabariba GF Leggings
0x442550@mhfdat-jp.bin,トルボダグリーヴ,Kabariba GX Leggings
0x442554@mhfdat-jp.bin,トルボダＦグリーヴ,Toruboda Greaves
0x442558@mhfdat-jp.bin,トルボダFYグリーヴ,Toruboda F Greaves
0x44255c@mhfdat-jp.bin,トルボダHSグリーヴ,Toruboda FY Greaves
0x442560@mhfdat-jp.bin,トルボダＧグリーヴ,Toruboda HS Greaves
0x442564@mhfdat-jp.bin,トルボダGFグリーヴ,Toruboda G Greaves
0x442568@mhfdat-jp.bin,トルボダGXグリーヴ,Toruboda GF Greaves
0x44256c@mhfdat-jp.bin,トルボダレギンス,Toruboda GX Greaves
0x442570@mhfdat-jp.bin,トルボダＦレギンス,Toruboda Leggings
0x442574@mhfdat-jp.bin,トルボダFYレギンス,Toruboda F Leggings
0x442578@mhfdat-jp.bin,トルボダHSレギンス,Toruboda FY Leggings
0x44257c@mhfdat-jp.bin,トルボダＧレギンス,Toruboda HS Leggings
0x442580@mhfdat-jp.bin,トルボダGFレギンス,Toruboda G Leggings
0x442584@mhfdat-jp.bin,トルボダGXレギンス,Toruboda GF Leggings
0x442588@mhfdat-jp.bin,オリクトグリーヴ,Toruboda GX Leggings
0x44258c@mhfdat-jp.bin,オリクトＦグリーヴ,Orykto Greaves
0x442590@mhfdat-jp.bin,オリクトFYグリーヴ,Orykto F Greaves
0x442594@mhfdat-jp.bin,オリクトHSグリーヴ,Orykto FY Greaves
0x442598@mhfdat-jp.bin,オリクトレギンス,Orykto HS Greaves
0x44259c@mhfdat-jp.bin,オリクトＦレギンス,Orykto Leggings
0x4425a0@mhfdat-jp.bin,オリクトFYレギンス,Orykto F Leggings
0x4425a4@mhfdat-jp.bin,オリクトHSレギンス,Orykto FY Leggings
0x4425a8@mhfdat-jp.bin,レウアスＧグリーヴ,Orykto HS Leggings
0x4425ac@mhfdat-jp.bin,レウアスGFグリーヴ,Reuasu G Greaves
0x4425b0@mhfdat-jp.bin,レウアスGXグリーヴ,Reuasu GF Greaves
0x4425b4@mhfdat-jp.bin,レウアスＧレギンス,Reuasu GX Greaves
0x4425b8@mhfdat-jp.bin,レウアスGFレギンス,Reuasu G Leggings
0x4425bc@mhfdat-jp.bin,レウアスGXレギンス,Reuasu GF Leggings
0x4425c0@mhfdat-jp.bin,ハリメノグリーヴ,Reuasu GX Leggings
0x4425c4@mhfdat-jp.bin,ハリメノＦグリーヴ,Harimeno Greaves
0x4425c8@mhfdat-jp.bin,ハリメノFYグリーヴ,Harimeno F Greaves
0x4425cc@mhfdat-jp.bin,ハリメノHSグリーヴ,Harimeno FY Greaves
0x4425d0@mhfdat-jp.bin,ハリメノＧグリーヴ,Harimeno HS Greaves
0x4425d4@mhfdat-jp.bin,ハリメノGFグリーヴ,Harimeno G Greaves
0x4425d8@mhfdat-jp.bin,ハリメノGXグリーヴ,Harimeno GF Greaves
0x4425dc@mhfdat-jp.bin,ハリメノレギンス,Harimeno GX Greaves
0x4425e0@mhfdat-jp.bin,ハリメノＦレギンス,Harimeno Leggings
0x4425e4@mhfdat-jp.bin,ハリメノFYレギンス,Harimeno F Leggings
0x4425e8@mhfdat-jp.bin,ハリメノHSレギンス,Harimeno FY Leggings
0x4425ec@mhfdat-jp.bin,ハリメノＧレギンス,Harimeno HS Leggings
0x4425f0@mhfdat-jp.bin,ハリメノGFレギンス,Harimeno G Leggings
0x4425f4@mhfdat-jp.bin,ハリメノGXレギンス,Harimeno GF Leggings
0x4425f8@mhfdat-jp.bin,シウスＧグリーヴ,Harimeno GX Leggings
0x4425fc@mhfdat-jp.bin,シウスGFグリーヴ,Shiusu G Greaves
0x442600@mhfdat-jp.bin,シウスGXグリーヴ,Shiusu GF Greaves
0x442604@mhfdat-jp.bin,シウスＧレギンス,Shiusu GX Greaves
0x442608@mhfdat-jp.bin,シウスGFレギンス,Shiusu G Leggings
0x44260c@mhfdat-jp.bin,シウスGXレギンス,Shiusu GF Leggings
0x442610@mhfdat-jp.bin,ベリオグリーヴ,Shiusu GX Leggings
0x442614@mhfdat-jp.bin,ベリオＧグリーヴ,Barioth Greaves
0x442618@mhfdat-jp.bin,ベリオGFグリーヴ,Barioth G Greaves
0x44261c@mhfdat-jp.bin,ベリオGXグリーヴ,Barioth GF Greaves
0x442620@mhfdat-jp.bin,ベリオレギンス,Barioth GX Greaves
0x442624@mhfdat-jp.bin,ベリオＧレギンス,Barioth Leggings
0x442628@mhfdat-jp.bin,ベリオGFレギンス,Barioth G Leggings
0x44262c@mhfdat-jp.bin,ベリオGXレギンス,Barioth GF Leggings
0x442630@mhfdat-jp.bin,ウィルＧグリーヴ,Barioth GX Leggings
0x442634@mhfdat-jp.bin,ウィルGFグリーヴ,Will G Greaves
0x442638@mhfdat-jp.bin,ウィルGXグリーヴ,Will GF Greaves
0x44263c@mhfdat-jp.bin,ウィルＧレギンス,Will GX Greaves
0x442640@mhfdat-jp.bin,ウィルGFレギンス,Will G Leggings
0x442644@mhfdat-jp.bin,ウィルGXレギンス,Will GF Leggings
0x442648@mhfdat-jp.bin,ケイスグリーヴ,Will GX Leggings
0x44264c@mhfdat-jp.bin,ケイスＦグリーヴ,Keisu Greaves
0x442650@mhfdat-jp.bin,ケイスFYグリーヴ,Keisu F Greaves
0x442654@mhfdat-jp.bin,ケイスHSグリーヴ,Keisu FY Greaves
0x442658@mhfdat-jp.bin,ケイスＧグリーヴ,Keisu HS Greaves
0x44265c@mhfdat-jp.bin,ケイスGFグリーヴ,Keisu G Greaves
0x442660@mhfdat-jp.bin,ケイスGXグリーヴ,Keisu GF Greaves
0x442664@mhfdat-jp.bin,ケイスレギンス,Keisu GX Greaves
0x442668@mhfdat-jp.bin,ケイスＦレギンス,Keisu Leggings
0x44266c@mhfdat-jp.bin,ケイスFYレギンス,Keisu F Leggings
0x442670@mhfdat-jp.bin,ケイスHSレギンス,Keisu FY Leggings
0x442674@mhfdat-jp.bin,ケイスＧレギンス,Keisu HS Leggings
0x442678@mhfdat-jp.bin,ケイスGFレギンス,Keisu G Leggings
0x44267c@mhfdat-jp.bin,ケイスGXレギンス,Keisu GF Leggings
0x442680@mhfdat-jp.bin,リュミエグリーヴ,Keisu GX Leggings
0x442684@mhfdat-jp.bin,リュミエＦグリーヴ,Lumiere Greaves
0x442688@mhfdat-jp.bin,リュミエFYグリーヴ,Lumiere F Greaves
0x44268c@mhfdat-jp.bin,リュミエHSグリーヴ,Lumiere FY Greaves
0x442690@mhfdat-jp.bin,リュミエＧグリーヴ,Lumiere HS Greaves
0x442694@mhfdat-jp.bin,リュミエGFグリーヴ,Lumiere G Greaves
0x442698@mhfdat-jp.bin,リュミエGXグリーヴ,Lumiere GF Greaves
0x44269c@mhfdat-jp.bin,リュミエレギンス,Lumiere GX Greaves
0x4426a0@mhfdat-jp.bin,リュミエＦレギンス,Lumiere Leggings
0x4426a4@mhfdat-jp.bin,リュミエFYレギンス,Lumiere F Leggings
0x4426a8@mhfdat-jp.bin,リュミエHSレギンス,Lumiere FY Leggings
0x4426ac@mhfdat-jp.bin,リュミエＧレギンス,Lumiere HS Leggings
0x4426b0@mhfdat-jp.bin,リュミエGFレギンス,Lumiere G Leggings
0x4426b4@mhfdat-jp.bin,リュミエGXレギンス,Lumiere GF Leggings
0x4426b8@mhfdat-jp.bin,クレオラフット,Lumiere GX Leggings
0x4426bc@mhfdat-jp.bin,クレオラＦフット,Cleora Feet
0x4426c0@mhfdat-jp.bin,クレオラFYフット,Cleora F Feet
0x4426c4@mhfdat-jp.bin,クレオラHSフット,Cleora FY Feet
0x4426c8@mhfdat-jp.bin,クレオラＧフット,Cleora HS Feet
0x4426cc@mhfdat-jp.bin,クレオラGFフット,Cleora G Feet
0x4426d0@mhfdat-jp.bin,クレオラGXフット,Cleora GF Feet
0x4426d4@mhfdat-jp.bin,クレオラブーツ,Cleora GX Feet
0x4426d8@mhfdat-jp.bin,クレオラＦブーツ,Cleora Boots
0x4426dc@mhfdat-jp.bin,クレオラFYブーツ,Cleora F Boots
0x4426e0@mhfdat-jp.bin,クレオラHSブーツ,Cleora FY Boots
0x4426e4@mhfdat-jp.bin,クレオラＧブーツ,Cleora HS Boots
0x4426e8@mhfdat-jp.bin,クレオラGFブーツ,Cleora G Boots
0x4426ec@mhfdat-jp.bin,クレオラGXブーツ,Cleora GF Boots
0x4426f0@mhfdat-jp.bin,ドラギュＧグリーヴ,Cleora GX Boots
0x4426f4@mhfdat-jp.bin,ドラギュGFグリーヴ,Doragyurosu G Greaves
0x4426f8@mhfdat-jp.bin,ドラギュGXグリーヴ,Doragyurosu GF Greaves
0x4426fc@mhfdat-jp.bin,ドラギュＧレギンス,Doragyurosu GX Greaves
0x442700@mhfdat-jp.bin,ドラギュGFレギンス,Doragyurosu G Leggings
0x442704@mhfdat-jp.bin,ドラギュGXレギンス,Doragyurosu GF Leggings
0x442708@mhfdat-jp.bin,ウィンドGXペイル,Doragyurosu GX Leggings
0x44270c@mhfdat-jp.bin,ウィンドGXハディ,Wind GXペイル
0x442710@mhfdat-jp.bin,メラギGXグリーヴ,Wind GXハディ
0x442714@mhfdat-jp.bin,メラギGXレギンス,Meraginasu GX Greaves
0x442718@mhfdat-jp.bin,ポボルムGXグリーヴ,Meraginasu GX Leggings
0x44271c@mhfdat-jp.bin,ポボルムGXレギンス,Pobo GX Greaves
0x442720@mhfdat-jp.bin,トアグリーヴ,Pobo GX Leggings
0x442724@mhfdat-jp.bin,トアＦグリーヴ,Toa Greaves
0x442728@mhfdat-jp.bin,トアFXグリーヴ,Toa F Greaves
0x44272c@mhfdat-jp.bin,トアＧグリーヴ,Toa FX Greaves
0x442730@mhfdat-jp.bin,トアGFグリーヴ,Toa G Greaves
0x442734@mhfdat-jp.bin,トアGXグリーヴ,Toa GF Greaves
0x442738@mhfdat-jp.bin,トアレギンス,Toa GX Greaves
0x44273c@mhfdat-jp.bin,トアＦレギンス,Toa Leggings
0x442740@mhfdat-jp.bin,トアFXレギンス,Toa F Leggings
0x442744@mhfdat-jp.bin,トアＧレギンス,Toa FX Leggings
0x442748@mhfdat-jp.bin,トアGFレギンス,Toa G Leggings
0x44274c@mhfdat-jp.bin,トアGXレギンス,Toa GF Leggings
0x442750@mhfdat-jp.bin,ククスＧグリーヴ,Toa GX Leggings
0x442754@mhfdat-jp.bin,ククスGFグリーヴ,Blue Kut Ku G Greaves
0x442758@mhfdat-jp.bin,ククスGXグリーヴ,Blue Kut Ku GF Greaves
0x44275c@mhfdat-jp.bin,ククスＧレギンス,Blue Kut Ku GX Greaves
0x442760@mhfdat-jp.bin,ククスGFレギンス,Blue Kut Ku G Leggings
0x442764@mhfdat-jp.bin,ククスGXレギンス,Blue Kut Ku GF Leggings
0x442768@mhfdat-jp.bin,弩岩Ｇ【袴】,Blue Kut Ku GX Leggings
0x44276c@mhfdat-jp.bin,弩岩GF【袴】,Dreadrock G [Hakama 】
0x442770@mhfdat-jp.bin,弩岩GX【袴】,Dreadrock GF [Hakama 】
0x442774@mhfdat-jp.bin,紅岩Ｇ【袴】,Dreadrock GX [Hakama 】
0x442778@mhfdat-jp.bin,紅岩GF【袴】,Redrock G [Hakama 】
0x44277c@mhfdat-jp.bin,紅岩GX【袴】,Redrock GF [Hakama 】
0x442780@mhfdat-jp.bin,シエロフット,Redrock GX [Hakama 】
0x442784@mhfdat-jp.bin,シエロＦフット,Cielo Feet
0x442788@mhfdat-jp.bin,シエロFZフット,Cielo F Feet
0x44278c@mhfdat-jp.bin,シエロHSフット,Cielo FZ Feet
0x442790@mhfdat-jp.bin,シエロGSフット,Cielo HS Feet
0x442794@mhfdat-jp.bin,シエロGPフット,Cielo GS Feet
0x442798@mhfdat-jp.bin,シエロブーツ,Cielo GP Feet
0x44279c@mhfdat-jp.bin,シエロＦブーツ,Cielo Boots
0x4427a0@mhfdat-jp.bin,シエロFZブーツ,Cielo F Boots
0x4427a4@mhfdat-jp.bin,シエロHSブーツ,Cielo FZ Boots
0x4427a8@mhfdat-jp.bin,シエロGSブーツ,Cielo HS Boots
0x4427ac@mhfdat-jp.bin,シエロGPブーツ,Cielo GS Boots
0x4427b0@mhfdat-jp.bin,ガガチュフット,Cielo GP Boots
0x4427b4@mhfdat-jp.bin,ガガチュＦフット,Gagachu Feet
0x4427b8@mhfdat-jp.bin,ガガチュFZフット,Gagachu F Feet
0x4427bc@mhfdat-jp.bin,ガガチュHSフット,Gagachu FZ Feet
0x4427c0@mhfdat-jp.bin,ガガチュGSフット,Gagachu HS Feet
0x4427c4@mhfdat-jp.bin,ガガチュGPフット,Gagachu GS Feet
0x4427c8@mhfdat-jp.bin,ガガチュブーツ,Gagachu GP Feet
0x4427cc@mhfdat-jp.bin,ガガチュＦブーツ,Gagachu Boots
0x4427d0@mhfdat-jp.bin,ガガチュFZブーツ,Gagachu F Boots
0x4427d4@mhfdat-jp.bin,ガガチュHSブーツ,Gagachu FZ Boots
0x4427d8@mhfdat-jp.bin,ガガチュGSブーツ,Gagachu HS Boots
0x4427dc@mhfdat-jp.bin,ガガチュGPブーツ,Gagachu GS Boots
0x4427e0@mhfdat-jp.bin,サルタフット,Gagachu GP Boots
0x4427e4@mhfdat-jp.bin,サルタＦフット,Salta Feet
0x4427e8@mhfdat-jp.bin,サルタFZフット,Salta F Feet
0x4427ec@mhfdat-jp.bin,サルタHSフット,Salta FZ Feet
0x4427f0@mhfdat-jp.bin,サルタGSフット,Salta HS Feet
0x4427f4@mhfdat-jp.bin,サルタGPフット,Salta GS Feet
0x4427f8@mhfdat-jp.bin,サルタブーツ,Salta GP Feet
0x4427fc@mhfdat-jp.bin,サルタＦブーツ,Salta Boots
0x442800@mhfdat-jp.bin,サルタFZブーツ,Salta F Boots
0x442804@mhfdat-jp.bin,サルタHSブーツ,Salta FZ Boots
0x442808@mhfdat-jp.bin,サルタGSブーツ,Salta HS Boots
0x44280c@mhfdat-jp.bin,サルタGPブーツ,Salta GS Boots
0x442810@mhfdat-jp.bin,チールＧグリーヴ,Salta GP Boots
0x442814@mhfdat-jp.bin,チールGFグリーヴ,Chiru G Greaves
0x442818@mhfdat-jp.bin,チールGXグリーヴ,Chiru GF Greaves
0x44281c@mhfdat-jp.bin,チールＧレギンス,Chiru GX Greaves
0x442820@mhfdat-jp.bin,チールGFレギンス,Chiru G Leggings
0x442824@mhfdat-jp.bin,チールGXレギンス,Chiru GF Leggings
0x442828@mhfdat-jp.bin,ガネトＧグリーヴ,Chiru GX Leggings
0x44282c@mhfdat-jp.bin,ガネトGFグリーヴ,Ganeto G Greaves
0x442830@mhfdat-jp.bin,ガネトGXグリーヴ,Ganeto GF Greaves
0x442834@mhfdat-jp.bin,ガネトＧレギンス,Ganeto GX Greaves
0x442838@mhfdat-jp.bin,ガネトGFレギンス,Ganeto G Leggings
0x44283c@mhfdat-jp.bin,ガネトGXレギンス,Ganeto GF Leggings
0x442840@mhfdat-jp.bin,千代ノ脛当,Ganeto GX Leggings
0x442844@mhfdat-jp.bin,千代ノ脛当Ｆ,Chiyo Legs
0x442848@mhfdat-jp.bin,千代ノ脛当FZ,Chiyo Legs F
0x44284c@mhfdat-jp.bin,千代ノ脛当HS,Chiyo Legs FZ
0x442850@mhfdat-jp.bin,千代ノ脛当GS,Chiyo Legs HS
0x442854@mhfdat-jp.bin,千代ノ脛当GP,Chiyo Legs GS
0x442858@mhfdat-jp.bin,千代ノ具足,Chiyo Legs GP
0x44285c@mhfdat-jp.bin,千代ノ具足Ｆ,Chiyo Greaves
0x442860@mhfdat-jp.bin,千代ノ具足FZ,Chiyo Greaves F
0x442864@mhfdat-jp.bin,千代ノ具足HS,Chiyo Greaves FZ
0x442868@mhfdat-jp.bin,千代ノ具足GS,Chiyo Greaves HS
0x44286c@mhfdat-jp.bin,千代ノ具足GP,Chiyo Greaves GS
0x442870@mhfdat-jp.bin,ガンキングリーヴ,Chiyo Greaves GP
0x442874@mhfdat-jp.bin,ガンキンＧグリーヴ,Uragaan Greaves
0x442878@mhfdat-jp.bin,ガンキンGFグリーヴ,Uragaan G Greaves
0x44287c@mhfdat-jp.bin,ガンキンGXグリーヴ,Uragaan GF Greaves
0x442880@mhfdat-jp.bin,ガンキンレギンス,Uragaan GX Greaves
0x442884@mhfdat-jp.bin,ガンキンＧレギンス,Uragaan Leggings
0x442888@mhfdat-jp.bin,ガンキンGFレギンス,Uragaan G Leggings
0x44288c@mhfdat-jp.bin,ガンキンGXレギンス,Uragaan GF Leggings
0x442890@mhfdat-jp.bin,オニキスグリーヴ,Uragaan GX Leggings
0x442894@mhfdat-jp.bin,オニキスＦグリーヴ,Onyx Greaves
0x442898@mhfdat-jp.bin,オニキスFXグリーヴ,Onyx F Greaves
0x44289c@mhfdat-jp.bin,ルチルグリーヴ,Onyx FX Greaves
0x4428a0@mhfdat-jp.bin,ルチルＦグリーヴ,Rutile Greaves
0x4428a4@mhfdat-jp.bin,ルチルFXグリーヴ,Rutile F Greaves
0x4428a8@mhfdat-jp.bin,白虎・斬将Ｇフット,Rutile FX Greaves
0x4428ac@mhfdat-jp.bin,白虎・斬将GFフット,Byakko・斬将G Feet
0x4428b0@mhfdat-jp.bin,白虎・斬将GXフット,Byakko・斬将GF Feet
0x4428b4@mhfdat-jp.bin,朱雀・斬将Ｇフット,Byakko・斬将GX Feet
0x4428b8@mhfdat-jp.bin,朱雀・斬将GFフット,Suzaku・斬将G Feet
0x4428bc@mhfdat-jp.bin,朱雀・斬将GXフット,Suzaku・斬将GF Feet
0x4428c0@mhfdat-jp.bin,玄武・斬将Ｇフット,Suzaku・斬将GX Feet
0x4428c4@mhfdat-jp.bin,玄武・斬将GFフット,Genbu・斬将G Feet
0x4428c8@mhfdat-jp.bin,玄武・斬将GXフット,Genbu・斬将GF Feet
0x4428cc@mhfdat-jp.bin,青龍・斬将Ｇフット,Genbu・斬将GX Feet
0x4428d0@mhfdat-jp.bin,青龍・斬将GFフット,Seiryu・斬将G Feet
0x4428d4@mhfdat-jp.bin,青龍・斬将GXフット,Seiryu・斬将GF Feet
0x4428d8@mhfdat-jp.bin,白蘭・斬将フット,Seiryu・斬将GX Feet
0x4428dc@mhfdat-jp.bin,白蘭・斬将Ｆフット,White 蘭・斬将 Feet
0x4428e0@mhfdat-jp.bin,白蘭・斬将FXフット,White 蘭・斬将F Feet
0x4428e4@mhfdat-jp.bin,紅霞・斬将フット,White 蘭・斬将FX Feet
0x4428e8@mhfdat-jp.bin,紅霞・斬将Ｆフット,Crimson 霞・斬将 Feet
0x4428ec@mhfdat-jp.bin,紅霞・斬将FXフット,Crimson 霞・斬将F Feet
0x4428f0@mhfdat-jp.bin,白蘭・斬将Ｇフット,Crimson 霞・斬将FX Feet
0x4428f4@mhfdat-jp.bin,白蘭・斬将GFフット,White 蘭・斬将G Feet
0x4428f8@mhfdat-jp.bin,白蘭・斬将GXフット,White 蘭・斬将GF Feet
0x4428fc@mhfdat-jp.bin,月夜・斬将Ｇフット,White 蘭・斬将GX Feet
0x442900@mhfdat-jp.bin,月夜・斬将GFフット,月夜・斬将G Feet
0x442904@mhfdat-jp.bin,月夜・斬将GXフット,月夜・斬将GF Feet
0x442908@mhfdat-jp.bin,紅霞・斬将Ｇフット,月夜・斬将GX Feet
0x44290c@mhfdat-jp.bin,紅霞・斬将GFフット,Crimson 霞・斬将G Feet
0x442910@mhfdat-jp.bin,紅霞・斬将GXフット,Crimson 霞・斬将GF Feet
0x442914@mhfdat-jp.bin,蒼穹・斬将Ｇフット,Crimson 霞・斬将GX Feet
0x442918@mhfdat-jp.bin,蒼穹・斬将GFフット,Green 穹・斬将G Feet
0x44291c@mhfdat-jp.bin,蒼穹・斬将GXフット,Green 穹・斬将GF Feet
0x442920@mhfdat-jp.bin,グァングリーヴ,Green 穹・斬将GX Feet
0x442924@mhfdat-jp.bin,グァンＦグリーヴ,Guan Greaves
0x442928@mhfdat-jp.bin,グァンFXグリーヴ,Guan F Greaves
0x44292c@mhfdat-jp.bin,グァンＧグリーヴ,Guan FX Greaves
0x442930@mhfdat-jp.bin,グァンGFグリーヴ,Guan G Greaves
0x442934@mhfdat-jp.bin,グァンGXグリーヴ,Guan GF Greaves
0x442938@mhfdat-jp.bin,グァンレギンス,Guan GX Greaves
0x44293c@mhfdat-jp.bin,グァンＦレギンス,Guan Leggings
0x442940@mhfdat-jp.bin,グァンFXレギンス,Guan F Leggings
0x442944@mhfdat-jp.bin,グァンＧレギンス,Guan FX Leggings
0x442948@mhfdat-jp.bin,グァンGFレギンス,Guan G Leggings
0x44294c@mhfdat-jp.bin,グァンGXレギンス,Guan GF Leggings
0x442950@mhfdat-jp.bin,帝征Ｇ【袴】,Guan GX Leggings
0x442954@mhfdat-jp.bin,帝征GF【袴】,Conqueror G [Hakama 】
0x442958@mhfdat-jp.bin,帝征GX【袴】,Conqueror GF [Hakama 】
0x44295c@mhfdat-jp.bin,帝王Ｇ【袴】,Conqueror GX [Hakama 】
0x442960@mhfdat-jp.bin,帝王GF【袴】,Emperor G [Hakama 】
0x442964@mhfdat-jp.bin,帝王GX【袴】,Emperor GF [Hakama 】
0x442968@mhfdat-jp.bin,クシャナＧペイル,Emperor GX [Hakama 】
0x44296c@mhfdat-jp.bin,クシャナGFペイル,Kushala Gペイル
0x442970@mhfdat-jp.bin,クシャナGXペイル,Kushala GFペイル
0x442974@mhfdat-jp.bin,クシャナＧハディ,Kushala GXペイル
0x442978@mhfdat-jp.bin,クシャナGFハディ,Kushala Gハディ
0x44297c@mhfdat-jp.bin,クシャナGXハディ,Kushala GFハディ
0x442980@mhfdat-jp.bin,カイザーＧグリーヴ,Kushala GXハディ
0x442984@mhfdat-jp.bin,カイザーGFグリーヴ,Kaiser G Greaves
0x442988@mhfdat-jp.bin,カイザーGXグリーヴ,Kaiser GF Greaves
0x44298c@mhfdat-jp.bin,カイザーＧレギンス,Kaiser GX Greaves
0x442990@mhfdat-jp.bin,カイザーGFレギンス,Kaiser G Leggings
0x442994@mhfdat-jp.bin,カイザーGXレギンス,Kaiser GF Leggings
0x442998@mhfdat-jp.bin,ミヅハＧ【具足】,Kaiser GX Leggings
0x44299c@mhfdat-jp.bin,ミヅハGF【具足】,Mizuha G [Greaves 】
0x4429a0@mhfdat-jp.bin,ミヅハGX【具足】,Mizuha GF [Greaves 】
0x4429a4@mhfdat-jp.bin,トヨタマＧ【具足】,Mizuha GX [Greaves 】
0x4429a8@mhfdat-jp.bin,トヨタマGF【具足】,Toyotama G [Greaves 】
0x4429ac@mhfdat-jp.bin,トヨタマGX【具足】,Toyotama GF [Greaves 】
0x4429b0@mhfdat-jp.bin,ナルガグリーヴ,Toyotama GX [Greaves 】
0x4429b4@mhfdat-jp.bin,ナルガＧグリーヴ,Nargacuga Greaves
0x4429b8@mhfdat-jp.bin,ナルガGFグリーヴ,Nargacuga G Greaves
0x4429bc@mhfdat-jp.bin,ナルガGXグリーヴ,Nargacuga GF Greaves
0x4429c0@mhfdat-jp.bin,ナルガレギンス,Nargacuga GX Greaves
0x4429c4@mhfdat-jp.bin,ナルガＧレギンス,Nargacuga Leggings
0x4429c8@mhfdat-jp.bin,ナルガGFレギンス,Nargacuga G Leggings
0x4429cc@mhfdat-jp.bin,ナルガGXレギンス,Nargacuga GF Leggings
0x4429d0@mhfdat-jp.bin,ペリフフット・青,Nargacuga GX Leggings
0x4429d4@mhfdat-jp.bin,ペリフＦフット・青,Perifu Feet・Blue
0x4429d8@mhfdat-jp.bin,ペリフFZフット・青,Perifu F Feet・Blue
0x4429dc@mhfdat-jp.bin,ペリフHSフット・青,Perifu FZ Feet・Blue
0x4429e0@mhfdat-jp.bin,ペリフGSフット・青,Perifu HS Feet・Blue
0x4429e4@mhfdat-jp.bin,ペリフGPフット・青,Perifu GS Feet・Blue
0x4429e8@mhfdat-jp.bin,ペリフブーツ・青,Perifu GP Feet・Blue
0x4429ec@mhfdat-jp.bin,ペリフＦブーツ・青,Perifu Boots・Blue
0x4429f0@mhfdat-jp.bin,ペリフFZブーツ・青,Perifu F Boots・Blue
0x4429f4@mhfdat-jp.bin,ペリフHSブーツ・青,Perifu FZ Boots・Blue
0x4429f8@mhfdat-jp.bin,ペリフGSブーツ・青,Perifu HS Boots・Blue
0x4429fc@mhfdat-jp.bin,ペリフGPブーツ・青,Perifu GS Boots・Blue
0x442a00@mhfdat-jp.bin,ペリフフット・茶,Perifu GP Boots・Blue
0x442a04@mhfdat-jp.bin,ペリフＦフット・茶,Perifu Feet・Tea
0x442a08@mhfdat-jp.bin,ペリフFZフット・茶,Perifu F Feet・Tea
0x442a0c@mhfdat-jp.bin,ペリフHSフット・茶,Perifu FZ Feet・Tea
0x442a10@mhfdat-jp.bin,ペリフGSフット・茶,Perifu HS Feet・Tea
0x442a14@mhfdat-jp.bin,ペリフGPフット・茶,Perifu GS Feet・Tea
0x442a18@mhfdat-jp.bin,ペリフブーツ・茶,Perifu GP Feet・Tea
0x442a1c@mhfdat-jp.bin,ペリフＦブーツ・茶,Perifu Boots・Tea
0x442a20@mhfdat-jp.bin,ペリフFZブーツ・茶,Perifu F Boots・Tea
0x442a24@mhfdat-jp.bin,ペリフHSブーツ・茶,Perifu FZ Boots・Tea
0x442a28@mhfdat-jp.bin,ペリフGSブーツ・茶,Perifu HS Boots・Tea
0x442a2c@mhfdat-jp.bin,ペリフGPブーツ・茶,Perifu GS Boots・Tea
0x442a30@mhfdat-jp.bin,ペリフフット・緑,Perifu GP Boots・Tea
0x442a34@mhfdat-jp.bin,ペリフＦフット・緑,Perifu Feet・Green
0x442a38@mhfdat-jp.bin,ペリフFZフット・緑,Perifu F Feet・Green
0x442a3c@mhfdat-jp.bin,ペリフHSフット・緑,Perifu FZ Feet・Green
0x442a40@mhfdat-jp.bin,ペリフGSフット・緑,Perifu HS Feet・Green
0x442a44@mhfdat-jp.bin,ペリフGPフット・緑,Perifu GS Feet・Green
0x442a48@mhfdat-jp.bin,ペリフブーツ・緑,Perifu GP Feet・Green
0x442a4c@mhfdat-jp.bin,ペリフＦブーツ・緑,Perifu Boots・Green
0x442a50@mhfdat-jp.bin,ペリフFZブーツ・緑,Perifu F Boots・Green
0x442a54@mhfdat-jp.bin,ペリフHSブーツ・緑,Perifu FZ Boots・Green
0x442a58@mhfdat-jp.bin,ペリフGSブーツ・緑,Perifu HS Boots・Green
0x442a5c@mhfdat-jp.bin,ペリフGPブーツ・緑,Perifu GS Boots・Green
0x442a60@mhfdat-jp.bin,ペリフフット・紫,Perifu GP Boots・Green
0x442a64@mhfdat-jp.bin,ペリフＦフット・紫,Perifu Feet・Purple
0x442a68@mhfdat-jp.bin,ペリフFZフット・紫,Perifu F Feet・Purple
0x442a6c@mhfdat-jp.bin,ペリフHSフット・紫,Perifu FZ Feet・Purple
0x442a70@mhfdat-jp.bin,ペリフGSフット・紫,Perifu HS Feet・Purple
0x442a74@mhfdat-jp.bin,ペリフGPフット・紫,Perifu GS Feet・Purple
0x442a78@mhfdat-jp.bin,ペリフブーツ・紫,Perifu GP Feet・Purple
0x442a7c@mhfdat-jp.bin,ペリフＦブーツ・紫,Perifu Boots・Purple
0x442a80@mhfdat-jp.bin,ペリフFZブーツ・紫,Perifu F Boots・Purple
0x442a84@mhfdat-jp.bin,ペリフHSブーツ・紫,Perifu FZ Boots・Purple
0x442a88@mhfdat-jp.bin,ペリフGSブーツ・紫,Perifu HS Boots・Purple
0x442a8c@mhfdat-jp.bin,ペリフGPブーツ・紫,Perifu GS Boots・Purple
0x442a90@mhfdat-jp.bin,カイジフット,Perifu GP Boots・Purple
0x442a94@mhfdat-jp.bin,カイジＦフット,Kaiji Feet
0x442a98@mhfdat-jp.bin,カイジFZフット,Kaiji F Feet
0x442a9c@mhfdat-jp.bin,カイジHSフット,Kaiji FZ Feet
0x442aa0@mhfdat-jp.bin,カイジGSフット,Kaiji HS Feet
0x442aa4@mhfdat-jp.bin,カイジGPフット,Kaiji GS Feet
0x442aa8@mhfdat-jp.bin,カイジブーツ,Kaiji GP Feet
0x442aac@mhfdat-jp.bin,カイジＦブーツ,Kaiji Boots
0x442ab0@mhfdat-jp.bin,カイジFZブーツ,Kaiji F Boots
0x442ab4@mhfdat-jp.bin,カイジHSブーツ,Kaiji FZ Boots
0x442ab8@mhfdat-jp.bin,カイジGSブーツ,Kaiji HS Boots
0x442abc@mhfdat-jp.bin,カイジGPブーツ,Kaiji GS Boots
0x442ac0@mhfdat-jp.bin,美心フット,Kaiji GP Boots
0x442ac4@mhfdat-jp.bin,美心Ｆフット,Mikoko Feet
0x442ac8@mhfdat-jp.bin,美心FZフット,Mikoko F Feet
0x442acc@mhfdat-jp.bin,美心HSフット,Mikoko FZ Feet
0x442ad0@mhfdat-jp.bin,美心GSフット,Mikoko HS Feet
0x442ad4@mhfdat-jp.bin,美心GPフット,Mikoko GS Feet
0x442ad8@mhfdat-jp.bin,美心ブーツ,Mikoko GP Feet
0x442adc@mhfdat-jp.bin,美心Ｆブーツ,Mikoko Boots
0x442ae0@mhfdat-jp.bin,美心FZブーツ,Mikoko F Boots
0x442ae4@mhfdat-jp.bin,美心HSブーツ,Mikoko FZ Boots
0x442ae8@mhfdat-jp.bin,美心GSブーツ,Mikoko HS Boots
0x442aec@mhfdat-jp.bin,美心GPブーツ,Mikoko GS Boots
0x442af0@mhfdat-jp.bin,テリュオフット,Mikoko GP Boots
0x442af4@mhfdat-jp.bin,テリュオＦフット,テリュオ Feet
0x442af8@mhfdat-jp.bin,テリュオFZフット,テリュオF Feet
0x442afc@mhfdat-jp.bin,テリュオHSフット,テリュオFZ Feet
0x442b00@mhfdat-jp.bin,テリュオGSフット,テリュオHS Feet
0x442b04@mhfdat-jp.bin,テリュオGPフット,テリュオGS Feet
0x442b08@mhfdat-jp.bin,テリュオブーツ,テリュオGP Feet
0x442b0c@mhfdat-jp.bin,テリュオＦブーツ,テリュオ Boots
0x442b10@mhfdat-jp.bin,テリュオFZブーツ,テリュオF Boots
0x442b14@mhfdat-jp.bin,テリュオHSブーツ,テリュオFZ Boots
0x442b18@mhfdat-jp.bin,テリュオGSブーツ,テリュオHS Boots
0x442b1c@mhfdat-jp.bin,テリュオGPブーツ,テリュオGS Boots
0x442b20@mhfdat-jp.bin,セイラーソックス,テリュオGP Boots
0x442b24@mhfdat-jp.bin,セイラーＧソックス,Sailor Socks
0x442b28@mhfdat-jp.bin,セイラーGFソックス,Sailor G Socks
0x442b2c@mhfdat-jp.bin,セイラーGXソックス,Sailor GF Socks
0x442b30@mhfdat-jp.bin,セイラーサンダル,Sailor GX Socks
0x442b34@mhfdat-jp.bin,セイラーＧサンダル,Sailor サンダル
0x442b38@mhfdat-jp.bin,セイラーGFサンダル,Sailor Gサンダル
0x442b3c@mhfdat-jp.bin,セイラーGXサンダル,Sailor GFサンダル
0x442b40@mhfdat-jp.bin,スフレフット,Sailor GXサンダル
0x442b44@mhfdat-jp.bin,スフレＦフット,スフレ Feet
0x442b48@mhfdat-jp.bin,スフレFZフット,スフレF Feet
0x442b4c@mhfdat-jp.bin,スフレHSフット,スフレFZ Feet
0x442b50@mhfdat-jp.bin,スフレGSフット,スフレHS Feet
0x442b54@mhfdat-jp.bin,スフレGPフット,スフレGS Feet
0x442b58@mhfdat-jp.bin,スフレブーツ,スフレGP Feet
0x442b5c@mhfdat-jp.bin,スフレＦブーツ,スフレ Boots
0x442b60@mhfdat-jp.bin,スフレFZブーツ,スフレF Boots
0x442b64@mhfdat-jp.bin,スフレHSブーツ,スフレFZ Boots
0x442b68@mhfdat-jp.bin,スフレGSブーツ,スフレHS Boots
0x442b6c@mhfdat-jp.bin,スフレGPブーツ,スフレGS Boots
0x442b70@mhfdat-jp.bin,鬼伝ノ足枷Ｇ,スフレGP Boots
0x442b74@mhfdat-jp.bin,鬼伝ノ足枷GF,Demon Tale ノ足枷G
0x442b78@mhfdat-jp.bin,鬼伝ノ足枷GX,Demon Tale ノ足枷GF
0x442b7c@mhfdat-jp.bin,童伝ノ足枷Ｇ,Demon Tale ノ足枷GX
0x442b80@mhfdat-jp.bin,童伝ノ足枷GF,童伝ノ足枷G
0x442b84@mhfdat-jp.bin,童伝ノ足枷GX,童伝ノ足枷GF
0x442b88@mhfdat-jp.bin,ヴァリエグリーヴ,童伝ノ足枷GX
0x442b8c@mhfdat-jp.bin,ヴァリエＦグリーヴ,Valier Greaves
0x442b90@mhfdat-jp.bin,ヴァリエFYグリーヴ,Valier F Greaves
0x442b94@mhfdat-jp.bin,ヴァリエHSグリーヴ,Valier FY Greaves
0x442b98@mhfdat-jp.bin,ヴァリエＧグリーヴ,Valier HS Greaves
0x442b9c@mhfdat-jp.bin,ヴァリエGFグリーヴ,Valier G Greaves
0x442ba0@mhfdat-jp.bin,ヴァリエGXグリーヴ,Valier GF Greaves
0x442ba4@mhfdat-jp.bin,ヴァリエレギンス,Valier GX Greaves
0x442ba8@mhfdat-jp.bin,ヴァリエＦレギンス,Valier Leggings
0x442bac@mhfdat-jp.bin,ヴァリエFYレギンス,Valier F Leggings
0x442bb0@mhfdat-jp.bin,ヴァリエHSレギンス,Valier FY Leggings
0x442bb4@mhfdat-jp.bin,ヴァリエＧレギンス,Valier HS Leggings
0x442bb8@mhfdat-jp.bin,ヴァリエGFレギンス,Valier G Leggings
0x442bbc@mhfdat-jp.bin,ヴァリエGXレギンス,Valier GF Leggings
0x442bc0@mhfdat-jp.bin,ラースグリーヴ,Valier GX Leggings
0x442bc4@mhfdat-jp.bin,ラースＦグリーヴ,Lars Greaves
0x442bc8@mhfdat-jp.bin,ラースFYグリーヴ,Lars F Greaves
0x442bcc@mhfdat-jp.bin,ラースHSグリーヴ,Lars FY Greaves
0x442bd0@mhfdat-jp.bin,ラースＧグリーヴ,Lars HS Greaves
0x442bd4@mhfdat-jp.bin,ラースGFグリーヴ,Lars G Greaves
0x442bd8@mhfdat-jp.bin,ラースGXグリーヴ,Lars GF Greaves
0x442bdc@mhfdat-jp.bin,ラースレギンス,Lars GX Greaves
0x442be0@mhfdat-jp.bin,ラースＦレギンス,Lars Leggings
0x442be4@mhfdat-jp.bin,ラースFYレギンス,Lars F Leggings
0x442be8@mhfdat-jp.bin,ラースHSレギンス,Lars FY Leggings
0x442bec@mhfdat-jp.bin,ラースＧレギンス,Lars HS Leggings
0x442bf0@mhfdat-jp.bin,ラースGFレギンス,Lars G Leggings
0x442bf4@mhfdat-jp.bin,ラースGXレギンス,Lars GF Leggings
0x442bf8@mhfdat-jp.bin,シルックフット,Lars GX Leggings
0x442bfc@mhfdat-jp.bin,シルックＦフット,Shirukku Feet
0x442c00@mhfdat-jp.bin,シルックFYフット,Shirukku F Feet
0x442c04@mhfdat-jp.bin,シルックHSフット,Shirukku FY Feet
0x442c08@mhfdat-jp.bin,シルックＧフット,Shirukku HS Feet
0x442c0c@mhfdat-jp.bin,シルックGFフット,Shirukku G Feet
0x442c10@mhfdat-jp.bin,シルックGXフット,Shirukku GF Feet
0x442c14@mhfdat-jp.bin,シルックブーツ,Shirukku GX Feet
0x442c18@mhfdat-jp.bin,シルックＦブーツ,Shirukku Boots
0x442c1c@mhfdat-jp.bin,シルックFYブーツ,Shirukku F Boots
0x442c20@mhfdat-jp.bin,シルックHSブーツ,Shirukku FY Boots
0x442c24@mhfdat-jp.bin,シルックＧブーツ,Shirukku HS Boots
0x442c28@mhfdat-jp.bin,シルックGFブーツ,Shirukku G Boots
0x442c2c@mhfdat-jp.bin,シルックGXブーツ,Shirukku GF Boots
0x442c30@mhfdat-jp.bin,ノルックフット,Shirukku GX Boots
0x442c34@mhfdat-jp.bin,ノルックＦフット,Norukku Feet
0x442c38@mhfdat-jp.bin,ノルックFYフット,Norukku F Feet
0x442c3c@mhfdat-jp.bin,ノルックHSフット,Norukku FY Feet
0x442c40@mhfdat-jp.bin,ノルックＧフット,Norukku HS Feet
0x442c44@mhfdat-jp.bin,ノルックGFフット,Norukku G Feet
0x442c48@mhfdat-jp.bin,ノルックGXフット,Norukku GF Feet
0x442c4c@mhfdat-jp.bin,ノルックブーツ,Norukku GX Feet
0x442c50@mhfdat-jp.bin,ノルックＦブーツ,Norukku Boots
0x442c54@mhfdat-jp.bin,ノルックFYブーツ,Norukku F Boots
0x442c58@mhfdat-jp.bin,ノルックHSブーツ,Norukku FY Boots
0x442c5c@mhfdat-jp.bin,ノルックＧブーツ,Norukku HS Boots
0x442c60@mhfdat-jp.bin,ノルックGFブーツ,Norukku G Boots
0x442c64@mhfdat-jp.bin,ノルックGXブーツ,Norukku GF Boots
0x442c68@mhfdat-jp.bin,レイレスＧグリーヴ,Norukku GX Boots
0x442c6c@mhfdat-jp.bin,レイレスGFグリーヴ,Reiresu G Greaves
0x442c70@mhfdat-jp.bin,レイレスGXグリーヴ,Reiresu GF Greaves
0x442c74@mhfdat-jp.bin,レイレスＧレギンス,Reiresu GX Greaves
0x442c78@mhfdat-jp.bin,レイレスGFレギンス,Reiresu G Leggings
0x442c7c@mhfdat-jp.bin,レイレスGXレギンス,Reiresu GF Leggings
0x442c80@mhfdat-jp.bin,アンジュＧグリーヴ,Reiresu GX Leggings
0x442c84@mhfdat-jp.bin,アンジュGFグリーヴ,Saint G Greaves
0x442c88@mhfdat-jp.bin,アンジュGXグリーヴ,Saint GF Greaves
0x442c8c@mhfdat-jp.bin,アンジュＧレギンス,Saint GX Greaves
0x442c90@mhfdat-jp.bin,アンジュGFレギンス,Saint G Leggings
0x442c94@mhfdat-jp.bin,アンジュGXレギンス,Saint GF Leggings
0x442c98@mhfdat-jp.bin,ハセルヴォルフット,Saint GX Leggings
0x442c9c@mhfdat-jp.bin,ハセルヴォルフットＦ,ハセル Vol Feet
0x442ca0@mhfdat-jp.bin,ハセルヴォルフットFZ,ハセル Vol Feet F
0x442ca4@mhfdat-jp.bin,ハセルヴォルフットHS,ハセル Vol Feet FZ
0x442ca8@mhfdat-jp.bin,ハセルヴォルフットGS,ハセル Vol Feet HS
0x442cac@mhfdat-jp.bin,ハセルヴォルフットGP,ハセル Vol Feet GS
0x442cb0@mhfdat-jp.bin,ソルフレアフット,ハセル Vol Feet GP
0x442cb4@mhfdat-jp.bin,ソルフレアＦフット,Solflare Feet
0x442cb8@mhfdat-jp.bin,ソルフレアFZフット,Solflare F Feet
0x442cbc@mhfdat-jp.bin,ソルフレアHSフット,Solflare FZ Feet
0x442cc0@mhfdat-jp.bin,ソルフレアGSフット,Solflare HS Feet
0x442cc4@mhfdat-jp.bin,ソルフレアGPフット,Solflare GS Feet
0x442cc8@mhfdat-jp.bin,ソルフレアブーツ,Solflare GP Feet
0x442ccc@mhfdat-jp.bin,ソルフレアＦブーツ,Solflare Boots
0x442cd0@mhfdat-jp.bin,ソルフレアFZブーツ,Solflare F Boots
0x442cd4@mhfdat-jp.bin,ソルフレアHSブーツ,Solflare FZ Boots
0x442cd8@mhfdat-jp.bin,ソルフレアGSブーツ,Solflare HS Boots
0x442cdc@mhfdat-jp.bin,ソルフレアGPブーツ,Solflare GS Boots
0x442ce0@mhfdat-jp.bin,アーベンフット,Solflare GP Boots
0x442ce4@mhfdat-jp.bin,アーベンＦフット,Arben Feet
0x442ce8@mhfdat-jp.bin,アーベンFZフット,Arben F Feet
0x442cec@mhfdat-jp.bin,アーベンHSフット,Arben FZ Feet
0x442cf0@mhfdat-jp.bin,アーベンGSフット,Arben HS Feet
0x442cf4@mhfdat-jp.bin,アーベンGPフット,Arben GS Feet
0x442cf8@mhfdat-jp.bin,アーベンブーツ,Arben GP Feet
0x442cfc@mhfdat-jp.bin,アーベンＦブーツ,Arben Boots
0x442d00@mhfdat-jp.bin,アーベンFZブーツ,Arben F Boots
0x442d04@mhfdat-jp.bin,アーベンHSブーツ,Arben FZ Boots
0x442d08@mhfdat-jp.bin,アーベンGSブーツ,Arben HS Boots
0x442d0c@mhfdat-jp.bin,アーベンGPブーツ,Arben GS Boots
0x442d10@mhfdat-jp.bin,ケラヴノフット,Arben GP Boots
0x442d14@mhfdat-jp.bin,ケラヴノＦフット,Keravuno Feet
0x442d18@mhfdat-jp.bin,ケラヴノFZフット,Keravuno F Feet
0x442d1c@mhfdat-jp.bin,ケラヴノHSフット,Keravuno FZ Feet
0x442d20@mhfdat-jp.bin,ケラヴノGSフット,Keravuno HS Feet
0x442d24@mhfdat-jp.bin,ケラヴノGPフット,Keravuno GS Feet
0x442d28@mhfdat-jp.bin,ケラヴノブーツ,Keravuno GP Feet
0x442d2c@mhfdat-jp.bin,ケラヴノＦブーツ,Keravuno Boots
0x442d30@mhfdat-jp.bin,ケラヴノFZブーツ,Keravuno F Boots
0x442d34@mhfdat-jp.bin,ケラヴノHSブーツ,Keravuno FZ Boots
0x442d38@mhfdat-jp.bin,ケラヴノGSブーツ,Keravuno HS Boots
0x442d3c@mhfdat-jp.bin,ケラヴノGPブーツ,Keravuno GS Boots
0x442d40@mhfdat-jp.bin,和花ノ脛当,Keravuno GP Boots
0x442d44@mhfdat-jp.bin,和花ノ脛当Ｆ,Waka Legs
0x442d48@mhfdat-jp.bin,和花ノ脛当FZ,Waka Legs F
0x442d4c@mhfdat-jp.bin,和花ノ脛当HS,Waka Legs FZ
0x442d50@mhfdat-jp.bin,和花ノ脛当GS,Waka Legs HS
0x442d54@mhfdat-jp.bin,和花ノ脛当GP,Waka Legs GS
0x442d58@mhfdat-jp.bin,和花ノ具足,Waka Legs GP
0x442d5c@mhfdat-jp.bin,和花ノ具足Ｆ,Waka Greaves
0x442d60@mhfdat-jp.bin,和花ノ具足FZ,Waka Greaves F
0x442d64@mhfdat-jp.bin,和花ノ具足HS,Waka Greaves FZ
0x442d68@mhfdat-jp.bin,和花ノ具足GS,Waka Greaves HS
0x442d6c@mhfdat-jp.bin,和花ノ具足GP,Waka Greaves GS
0x442d70@mhfdat-jp.bin,ルコＧフット,Waka Greaves GP
0x442d74@mhfdat-jp.bin,ルコGFフット,Rukodiora G Feet
0x442d78@mhfdat-jp.bin,ルコGXフット,Rukodiora GF Feet
0x442d7c@mhfdat-jp.bin,ルコＧレグス,Rukodiora GX Feet
0x442d80@mhfdat-jp.bin,ルコGFレグス,Rukodiora G Legs
0x442d84@mhfdat-jp.bin,ルコGXレグス,Rukodiora GF Legs
0x442d88@mhfdat-jp.bin,キリンＧレガース,Rukodiora GX Legs
0x442d8c@mhfdat-jp.bin,キリンGFレガース,Kirin Gレガース
0x442d90@mhfdat-jp.bin,キリンGXレガース,Kirin GFレガース
0x442d94@mhfdat-jp.bin,キリンＧブーツ,Kirin GXレガース
0x442d98@mhfdat-jp.bin,キリンGFブーツ,Kirin G Boots
0x442d9c@mhfdat-jp.bin,キリンGXブーツ,Kirin GF Boots
0x442da0@mhfdat-jp.bin,ヴォングリーヴ,Kirin GX Boots
0x442da4@mhfdat-jp.bin,ヴォンＦグリーヴ,Voljang Greaves
0x442da8@mhfdat-jp.bin,ヴォンFXグリーヴ,Voljang F Greaves
0x442dac@mhfdat-jp.bin,ヴォンＧグリーヴ,Voljang FX Greaves
0x442db0@mhfdat-jp.bin,ヴォンGFグリーヴ,Voljang G Greaves
0x442db4@mhfdat-jp.bin,ヴォンGXグリーヴ,Voljang GF Greaves
0x442db8@mhfdat-jp.bin,ヴォンレギンス,Voljang GX Greaves
0x442dbc@mhfdat-jp.bin,ヴォンＦレギンス,Voljang Leggings
0x442dc0@mhfdat-jp.bin,ヴォンFXレギンス,Voljang F Leggings
0x442dc4@mhfdat-jp.bin,ヴォンＧレギンス,Voljang FX Leggings
0x442dc8@mhfdat-jp.bin,ヴォンGFレギンス,Voljang G Leggings
0x442dcc@mhfdat-jp.bin,ヴォンGXレギンス,Voljang GF Leggings
0x442dd0@mhfdat-jp.bin,フレイムGXグリーヴ,Voljang GX Leggings
0x442dd4@mhfdat-jp.bin,フレイムGXレギンス,Flame GX Greaves
0x442dd8@mhfdat-jp.bin,フロルGXレッグ,Flame GX Leggings
0x442ddc@mhfdat-jp.bin,フロルGXブーツ,Furoru GX Leg
0x442de0@mhfdat-jp.bin,ヴァルGXグリーヴ,Furoru GX Boots
0x442de4@mhfdat-jp.bin,ヴァルGXレギンス,Varusa GX Greaves
0x442de8@mhfdat-jp.bin,獄狼グリーヴ,Varusa GX Leggings
0x442dec@mhfdat-jp.bin,獄狼Ｇグリーヴ,Stygian Greaves
0x442df0@mhfdat-jp.bin,獄狼GFグリーヴ,Stygian G Greaves
0x442df4@mhfdat-jp.bin,獄狼GXグリーヴ,Stygian GF Greaves
0x442df8@mhfdat-jp.bin,獄狼レギンス,Stygian GX Greaves
0x442dfc@mhfdat-jp.bin,獄狼Ｇレギンス,Stygian Leggings
0x442e00@mhfdat-jp.bin,獄狼GFレギンス,Stygian G Leggings
0x442e04@mhfdat-jp.bin,獄狼GXレギンス,Stygian GF Leggings
0x442e08@mhfdat-jp.bin,メラルーグリーヴ,Stygian GX Leggings
0x442e0c@mhfdat-jp.bin,メラルーＦグリーヴ,Melynx Greaves
0x442e10@mhfdat-jp.bin,メラルーFZグリーヴ,Melynx F Greaves
0x442e14@mhfdat-jp.bin,メラルーHSグリーヴ,Melynx FZ Greaves
0x442e18@mhfdat-jp.bin,メラルーGSグリーヴ,Melynx HS Greaves
0x442e1c@mhfdat-jp.bin,メラルーGPグリーヴ,Melynx GS Greaves
0x442e20@mhfdat-jp.bin,メラルーフット,Melynx GP Greaves
0x442e24@mhfdat-jp.bin,メラルーＦフット,Melynx Feet
0x442e28@mhfdat-jp.bin,メラルーFZフット,Melynx F Feet
0x442e2c@mhfdat-jp.bin,メラルーHSフット,Melynx FZ Feet
0x442e30@mhfdat-jp.bin,メラルーGSフット,Melynx HS Feet
0x442e34@mhfdat-jp.bin,メラルーGPフット,Melynx GS Feet
0x442e38@mhfdat-jp.bin,アイルーグリーヴ,Melynx GP Feet
0x442e3c@mhfdat-jp.bin,アイルーＦグリーヴ,Felyne Greaves
0x442e40@mhfdat-jp.bin,アイルーFZグリーヴ,Felyne F Greaves
0x442e44@mhfdat-jp.bin,アイルーHSグリーヴ,Felyne FZ Greaves
0x442e48@mhfdat-jp.bin,アイルーGSグリーヴ,Felyne HS Greaves
0x442e4c@mhfdat-jp.bin,アイルーGPグリーヴ,Felyne GS Greaves
0x442e50@mhfdat-jp.bin,アイルーフット,Felyne GP Greaves
0x442e54@mhfdat-jp.bin,アイルーＦフット,Felyne Feet
0x442e58@mhfdat-jp.bin,アイルーFZフット,Felyne F Feet
0x442e5c@mhfdat-jp.bin,アイルーHSフット,Felyne FZ Feet
0x442e60@mhfdat-jp.bin,アイルーGSフット,Felyne HS Feet
0x442e64@mhfdat-jp.bin,アイルーGPフット,Felyne GS Feet
0x442e68@mhfdat-jp.bin,アメショグリーヴ,Felyne GP Feet
0x442e6c@mhfdat-jp.bin,アメショＦグリーヴ,Tabby Greaves
0x442e70@mhfdat-jp.bin,アメショFZグリーヴ,Tabby F Greaves
0x442e74@mhfdat-jp.bin,アメショHSグリーヴ,Tabby FZ Greaves
0x442e78@mhfdat-jp.bin,アメショGSグリーヴ,Tabby HS Greaves
0x442e7c@mhfdat-jp.bin,アメショGPグリーヴ,Tabby GS Greaves
0x442e80@mhfdat-jp.bin,アメショフット,Tabby GP Greaves
0x442e84@mhfdat-jp.bin,アメショＦフット,Tabby Feet
0x442e88@mhfdat-jp.bin,アメショFZフット,Tabby F Feet
0x442e8c@mhfdat-jp.bin,アメショHSフット,Tabby FZ Feet
0x442e90@mhfdat-jp.bin,アメショGSフット,Tabby HS Feet
0x442e94@mhfdat-jp.bin,アメショGPフット,Tabby GS Feet
0x442e98@mhfdat-jp.bin,チャトラグリーヴ,Tabby GP Feet
0x442e9c@mhfdat-jp.bin,チャトラＦグリーヴ,Brown Greaves
0x442ea0@mhfdat-jp.bin,チャトラFZグリーヴ,Brown F Greaves
0x442ea4@mhfdat-jp.bin,チャトラHSグリーヴ,Brown FZ Greaves
0x442ea8@mhfdat-jp.bin,チャトラGSグリーヴ,Brown HS Greaves
0x442eac@mhfdat-jp.bin,チャトラGPグリーヴ,Brown GS Greaves
0x442eb0@mhfdat-jp.bin,チャトラフット,Brown GP Greaves
0x442eb4@mhfdat-jp.bin,チャトラＦフット,Brown Feet
0x442eb8@mhfdat-jp.bin,チャトラFZフット,Brown F Feet
0x442ebc@mhfdat-jp.bin,チャトラHSフット,Brown FZ Feet
0x442ec0@mhfdat-jp.bin,チャトラGSフット,Brown HS Feet
0x442ec4@mhfdat-jp.bin,チャトラGPフット,Brown GS Feet
0x442ec8@mhfdat-jp.bin,ミケグリーヴ,Brown GP Feet
0x442ecc@mhfdat-jp.bin,ミケＦグリーヴ,Calico Greaves
0x442ed0@mhfdat-jp.bin,ミケFZグリーヴ,Calico F Greaves
0x442ed4@mhfdat-jp.bin,ミケHSグリーヴ,Calico FZ Greaves
0x442ed8@mhfdat-jp.bin,ミケGSグリーヴ,Calico HS Greaves
0x442edc@mhfdat-jp.bin,ミケGPグリーヴ,Calico GS Greaves
0x442ee0@mhfdat-jp.bin,ミケフット,Calico GP Greaves
0x442ee4@mhfdat-jp.bin,ミケＦフット,Calico Feet
0x442ee8@mhfdat-jp.bin,ミケFZフット,Calico F Feet
0x442eec@mhfdat-jp.bin,ミケHSフット,Calico FZ Feet
0x442ef0@mhfdat-jp.bin,ミケGSフット,Calico HS Feet
0x442ef4@mhfdat-jp.bin,ミケGPフット,Calico GS Feet
0x442ef8@mhfdat-jp.bin,シログリーヴ,Calico GP Feet
0x442efc@mhfdat-jp.bin,シロＦグリーヴ,Monotone Greaves
0x442f00@mhfdat-jp.bin,シロFZグリーヴ,Monotone F Greaves
0x442f04@mhfdat-jp.bin,シロHSグリーヴ,Monotone FZ Greaves
0x442f08@mhfdat-jp.bin,シロGSグリーヴ,Monotone HS Greaves
0x442f0c@mhfdat-jp.bin,シロGPグリーヴ,Monotone GS Greaves
0x442f10@mhfdat-jp.bin,シロフット,Monotone GP Greaves
0x442f14@mhfdat-jp.bin,シロＦフット,Monotone Feet
0x442f18@mhfdat-jp.bin,シロFZフット,Monotone F Feet
0x442f1c@mhfdat-jp.bin,シロHSフット,Monotone FZ Feet
0x442f20@mhfdat-jp.bin,シロGSフット,Monotone HS Feet
0x442f24@mhfdat-jp.bin,シロGPフット,Monotone GS Feet
0x442f28@mhfdat-jp.bin,チャシログリーヴ,Monotone GP Feet
0x442f2c@mhfdat-jp.bin,チャシロＦグリーヴ,Chashiro Greaves
0x442f30@mhfdat-jp.bin,チャシロFZグリーヴ,Chashiro F Greaves
0x442f34@mhfdat-jp.bin,チャシロHSグリーヴ,Chashiro FZ Greaves
0x442f38@mhfdat-jp.bin,チャシロGSグリーヴ,Chashiro HS Greaves
0x442f3c@mhfdat-jp.bin,チャシロGPグリーヴ,Chashiro GS Greaves
0x442f40@mhfdat-jp.bin,チャシロフット,Chashiro GP Greaves
0x442f44@mhfdat-jp.bin,チャシロＦフット,Chashiro Feet
0x442f48@mhfdat-jp.bin,チャシロFZフット,Chashiro F Feet
0x442f4c@mhfdat-jp.bin,チャシロHSフット,Chashiro FZ Feet
0x442f50@mhfdat-jp.bin,チャシロGSフット,Chashiro HS Feet
0x442f54@mhfdat-jp.bin,チャシロGPフット,Chashiro GS Feet
0x442f58@mhfdat-jp.bin,クロシログリーヴ,Chashiro GP Feet
0x442f5c@mhfdat-jp.bin,クロシロＦグリーヴ,Two-tone Greaves
0x442f60@mhfdat-jp.bin,クロシロFZグリーヴ,Two-tone F Greaves
0x442f64@mhfdat-jp.bin,クロシロHSグリーヴ,Two-tone FZ Greaves
0x442f68@mhfdat-jp.bin,クロシロGSグリーヴ,Two-tone HS Greaves
0x442f6c@mhfdat-jp.bin,クロシロGPグリーヴ,Two-tone GS Greaves
0x442f70@mhfdat-jp.bin,クロシロフット,Two-tone GP Greaves
0x442f74@mhfdat-jp.bin,クロシロＦフット,Two-tone Feet
0x442f78@mhfdat-jp.bin,クロシロFZフット,Two-tone F Feet
0x442f7c@mhfdat-jp.bin,クロシロHSフット,Two-tone FZ Feet
0x442f80@mhfdat-jp.bin,クロシロGSフット,Two-tone HS Feet
0x442f84@mhfdat-jp.bin,クロシロGPフット,Two-tone GS Feet
0x442f88@mhfdat-jp.bin,雅フット,Two-tone GP Feet
0x442f8c@mhfdat-jp.bin,雅Ｆフット,Elegant Feet
0x442f90@mhfdat-jp.bin,雅FZフット,Elegant F Feet
0x442f94@mhfdat-jp.bin,雅HSフット,Elegant FZ Feet
0x442f98@mhfdat-jp.bin,雅GSフット,Elegant HS Feet
0x442f9c@mhfdat-jp.bin,雅GPフット,Elegant GS Feet
0x442fa0@mhfdat-jp.bin,雅ブーツ,Elegant GP Feet
0x442fa4@mhfdat-jp.bin,雅Ｆブーツ,Elegant Boots
0x442fa8@mhfdat-jp.bin,雅FZブーツ,Elegant F Boots
0x442fac@mhfdat-jp.bin,雅HSブーツ,Elegant FZ Boots
0x442fb0@mhfdat-jp.bin,雅GSブーツ,Elegant HS Boots
0x442fb4@mhfdat-jp.bin,雅GPブーツ,Elegant GS Boots
0x442fb8@mhfdat-jp.bin,アウラフット,Elegant GP Boots
0x442fbc@mhfdat-jp.bin,アウラＦフット,Aura Feet
0x442fc0@mhfdat-jp.bin,アウラFZフット,Aura F Feet
0x442fc4@mhfdat-jp.bin,アウラHSフット,Aura FZ Feet
0x442fc8@mhfdat-jp.bin,アウラGSフット,Aura HS Feet
0x442fcc@mhfdat-jp.bin,アウラGPフット,Aura GS Feet
0x442fd0@mhfdat-jp.bin,アウラブーツ,Aura GP Feet
0x442fd4@mhfdat-jp.bin,アウラＦブーツ,Aura Boots
0x442fd8@mhfdat-jp.bin,アウラFZブーツ,Aura F Boots
0x442fdc@mhfdat-jp.bin,アウラHSブーツ,Aura FZ Boots
0x442fe0@mhfdat-jp.bin,アウラGSブーツ,Aura HS Boots
0x442fe4@mhfdat-jp.bin,アウラGPブーツ,Aura GS Boots
0x442fe8@mhfdat-jp.bin,和奏ノ脛当,Aura GP Boots
0x442fec@mhfdat-jp.bin,和奏ノ脛当Ｆ,Wasou Legs
0x442ff0@mhfdat-jp.bin,和奏ノ脛当FZ,Wasou Legs F
0x442ff4@mhfdat-jp.bin,和奏ノ脛当HS,Wasou Legs FZ
0x442ff8@mhfdat-jp.bin,和奏ノ脛当GS,Wasou Legs HS
0x442ffc@mhfdat-jp.bin,和奏ノ脛当GP,Wasou Legs GS
0x443000@mhfdat-jp.bin,和奏ノ具足,Wasou Legs GP
0x443004@mhfdat-jp.bin,和奏ノ具足Ｆ,Wasou Greaves
0x443008@mhfdat-jp.bin,和奏ノ具足FZ,Wasou Greaves F
0x44300c@mhfdat-jp.bin,和奏ノ具足HS,Wasou Greaves FZ
0x443010@mhfdat-jp.bin,和奏ノ具足GS,Wasou Greaves HS
0x443014@mhfdat-jp.bin,和奏ノ具足GP,Wasou Greaves GS
0x443018@mhfdat-jp.bin,蒼皇氷フット,Wasou Greaves GP
0x44301c@mhfdat-jp.bin,蒼皇氷Ｆフット,Blue Ice Emperor Feet
0x443020@mhfdat-jp.bin,蒼皇氷FZフット,Blue Ice Emperor F Feet
0x443024@mhfdat-jp.bin,蒼皇氷HSフット,Blue Ice Emperor FZ Feet
0x443028@mhfdat-jp.bin,蒼皇氷GSフット,Blue Ice Emperor HS Feet
0x44302c@mhfdat-jp.bin,蒼皇氷GPフット,Blue Ice Emperor GS Feet
0x443030@mhfdat-jp.bin,蒼皇氷ブーツ,Blue Ice Emperor GP Feet
0x443034@mhfdat-jp.bin,蒼皇氷Ｆブーツ,Blue Ice Emperor Boots
0x443038@mhfdat-jp.bin,蒼皇氷FZブーツ,Blue Ice Emperor F Boots
0x44303c@mhfdat-jp.bin,蒼皇氷HSブーツ,Blue Ice Emperor FZ Boots
0x443040@mhfdat-jp.bin,蒼皇氷GSブーツ,Blue Ice Emperor HS Boots
0x443044@mhfdat-jp.bin,蒼皇氷GPブーツ,Blue Ice Emperor GS Boots
0x443048@mhfdat-jp.bin,白皇氷フット,Blue Ice Emperor GP Boots
0x44304c@mhfdat-jp.bin,白皇氷Ｆフット,White Ice Emperor Feet
0x443050@mhfdat-jp.bin,白皇氷FZフット,White Ice Emperor F Feet
0x443054@mhfdat-jp.bin,白皇氷HSフット,White Ice Emperor FZ Feet
0x443058@mhfdat-jp.bin,白皇氷GSフット,White Ice Emperor HS Feet
0x44305c@mhfdat-jp.bin,白皇氷GPフット,White Ice Emperor GS Feet
0x443060@mhfdat-jp.bin,白皇氷ブーツ,White Ice Emperor GP Feet
0x443064@mhfdat-jp.bin,白皇氷Ｆブーツ,White Ice Emperor Boots
0x443068@mhfdat-jp.bin,白皇氷FZブーツ,White Ice Emperor F Boots
0x44306c@mhfdat-jp.bin,白皇氷HSブーツ,White Ice Emperor FZ Boots
0x443070@mhfdat-jp.bin,白皇氷GSブーツ,White Ice Emperor HS Boots
0x443074@mhfdat-jp.bin,白皇氷GPブーツ,White Ice Emperor GS Boots
0x443078@mhfdat-jp.bin,紅皇氷フット,White Ice Emperor GP Boots
0x44307c@mhfdat-jp.bin,紅皇氷Ｆフット,Red Ice Emperor Feet
0x443080@mhfdat-jp.bin,紅皇氷FZフット,Red Ice Emperor F Feet
0x443084@mhfdat-jp.bin,紅皇氷HSフット,Red Ice Emperor FZ Feet
0x443088@mhfdat-jp.bin,紅皇氷GSフット,Red Ice Emperor HS Feet
0x44308c@mhfdat-jp.bin,紅皇氷GPフット,Red Ice Emperor GS Feet
0x443090@mhfdat-jp.bin,紅皇氷ブーツ,Red Ice Emperor GP Feet
0x443094@mhfdat-jp.bin,紅皇氷Ｆブーツ,Red Ice Emperor Boots
0x443098@mhfdat-jp.bin,紅皇氷FZブーツ,Red Ice Emperor F Boots
0x44309c@mhfdat-jp.bin,紅皇氷HSブーツ,Red Ice Emperor FZ Boots
0x4430a0@mhfdat-jp.bin,紅皇氷GSブーツ,Red Ice Emperor HS Boots
0x4430a4@mhfdat-jp.bin,紅皇氷GPブーツ,Red Ice Emperor GS Boots
0x4430a8@mhfdat-jp.bin,タルタフット,Red Ice Emperor GP Boots
0x4430ac@mhfdat-jp.bin,タルタＦフット,Taruta Feet
0x4430b0@mhfdat-jp.bin,タルタFZフット,Taruta F Feet
0x4430b4@mhfdat-jp.bin,タルタHSフット,Taruta FZ Feet
0x4430b8@mhfdat-jp.bin,タルタGSフット,Taruta HS Feet
0x4430bc@mhfdat-jp.bin,タルタGPフット,Taruta GS Feet
0x4430c0@mhfdat-jp.bin,タルタブーツ,Taruta GP Feet
0x4430c4@mhfdat-jp.bin,タルタＦブーツ,Taruta Boots
0x4430c8@mhfdat-jp.bin,タルタFZブーツ,Taruta F Boots
0x4430cc@mhfdat-jp.bin,タルタHSブーツ,Taruta FZ Boots
0x4430d0@mhfdat-jp.bin,タルタGSブーツ,Taruta HS Boots
0x4430d4@mhfdat-jp.bin,タルタGPブーツ,Taruta GS Boots
0x4430d8@mhfdat-jp.bin,ルルタフット,Taruta GP Boots
0x4430dc@mhfdat-jp.bin,ルルタＦフット,Ruruta Feet
0x4430e0@mhfdat-jp.bin,ルルタFZフット,Ruruta F Feet
0x4430e4@mhfdat-jp.bin,ルルタHSフット,Ruruta FZ Feet
0x4430e8@mhfdat-jp.bin,ルルタGSフット,Ruruta HS Feet
0x4430ec@mhfdat-jp.bin,ルルタGPフット,Ruruta GS Feet
0x4430f0@mhfdat-jp.bin,ルルタブーツ,Ruruta GP Feet
0x4430f4@mhfdat-jp.bin,ルルタＦブーツ,Ruruta Boots
0x4430f8@mhfdat-jp.bin,ルルタFZブーツ,Ruruta F Boots
0x4430fc@mhfdat-jp.bin,ルルタHSブーツ,Ruruta FZ Boots
0x443100@mhfdat-jp.bin,ルルタGSブーツ,Ruruta HS Boots
0x443104@mhfdat-jp.bin,ルルタGPブーツ,Ruruta GS Boots
0x443108@mhfdat-jp.bin,クロフィフット,Ruruta GP Boots
0x44310c@mhfdat-jp.bin,クロフィＦフット,Kurofi Feet
0x443110@mhfdat-jp.bin,クロフィFZフット,Kurofi F Feet
0x443114@mhfdat-jp.bin,クロフィHSフット,Kurofi FZ Feet
0x443118@mhfdat-jp.bin,クロフィGSフット,Kurofi HS Feet
0x44311c@mhfdat-jp.bin,クロフィGPフット,Kurofi GS Feet
0x443120@mhfdat-jp.bin,クロフィブーツ,Kurofi GP Feet
0x443124@mhfdat-jp.bin,クロフィＦブーツ,Kurofi Boots
0x443128@mhfdat-jp.bin,クロフィFZブーツ,Kurofi F Boots
0x44312c@mhfdat-jp.bin,クロフィHSブーツ,Kurofi FZ Boots
0x443130@mhfdat-jp.bin,クロフィGSブーツ,Kurofi HS Boots
0x443134@mhfdat-jp.bin,クロフィGPブーツ,Kurofi GS Boots
0x443138@mhfdat-jp.bin,グーダンフット,Kurofi GP Boots
0x44313c@mhfdat-jp.bin,グーダンＦフット,Gudan Feet
0x443140@mhfdat-jp.bin,グーダンFZフット,Gudan F Feet
0x443144@mhfdat-jp.bin,グーダンHSフット,Gudan FZ Feet
0x443148@mhfdat-jp.bin,グーダンGSフット,Gudan HS Feet
0x44314c@mhfdat-jp.bin,グーダンGPフット,Gudan GS Feet
0x443150@mhfdat-jp.bin,チアリムフット,Gudan GP Feet
0x443154@mhfdat-jp.bin,チアリムＦフット,Chiarim Feet
0x443158@mhfdat-jp.bin,チアリムFZフット,Chiarim F Feet
0x44315c@mhfdat-jp.bin,チアリムHSフット,Chiarim FZ Feet
0x443160@mhfdat-jp.bin,チアリムGSフット,Chiarim HS Feet
0x443164@mhfdat-jp.bin,チアリムGPフット,Chiarim GS Feet
0x443168@mhfdat-jp.bin,チアリムブーツ,Chiarim GP Feet
0x44316c@mhfdat-jp.bin,チアリムＦブーツ,Chiarim Boots
0x443170@mhfdat-jp.bin,チアリムFZブーツ,Chiarim F Boots
0x443174@mhfdat-jp.bin,チアリムHSブーツ,Chiarim FZ Boots
0x443178@mhfdat-jp.bin,チアリムGSブーツ,Chiarim HS Boots
0x44317c@mhfdat-jp.bin,チアリムGPブーツ,Chiarim GS Boots
0x443180@mhfdat-jp.bin,ロホックグリーヴ,Chiarim GP Boots
0x443184@mhfdat-jp.bin,ロホックＦグリーヴ,Rohokku Greaves
0x443188@mhfdat-jp.bin,ロホックFYグリーヴ,Rohokku F Greaves
0x44318c@mhfdat-jp.bin,ロホックHSグリーヴ,Rohokku FY Greaves
0x443190@mhfdat-jp.bin,ロホックＧグリーヴ,Rohokku HS Greaves
0x443194@mhfdat-jp.bin,ロホックGFグリーヴ,Rohokku G Greaves
0x443198@mhfdat-jp.bin,ロホックGXグリーヴ,Rohokku GF Greaves
0x44319c@mhfdat-jp.bin,ロホックレギンス,Rohokku GX Greaves
0x4431a0@mhfdat-jp.bin,ロホックＦレギンス,Rohokku Leggings
0x4431a4@mhfdat-jp.bin,ロホックFYレギンス,Rohokku F Leggings
0x4431a8@mhfdat-jp.bin,ロホックHSレギンス,Rohokku FY Leggings
0x4431ac@mhfdat-jp.bin,ロホックＧレギンス,Rohokku HS Leggings
0x4431b0@mhfdat-jp.bin,ロホックGFレギンス,Rohokku G Leggings
0x4431b4@mhfdat-jp.bin,ロホックGXレギンス,Rohokku GF Leggings
0x4431b8@mhfdat-jp.bin,キュールグリーヴ,Rohokku GX Leggings
0x4431bc@mhfdat-jp.bin,キュールＦグリーヴ,Cure Greaves
0x4431c0@mhfdat-jp.bin,キュールFYグリーヴ,Cure F Greaves
0x4431c4@mhfdat-jp.bin,キュールHSグリーヴ,Cure FY Greaves
0x4431c8@mhfdat-jp.bin,キュールＧグリーヴ,Cure HS Greaves
0x4431cc@mhfdat-jp.bin,キュールGFグリーヴ,Cure G Greaves
0x4431d0@mhfdat-jp.bin,キュールGXグリーヴ,Cure GF Greaves
0x4431d4@mhfdat-jp.bin,キュールレギンス,Cure GX Greaves
0x4431d8@mhfdat-jp.bin,キュールＦレギンス,Cure Leggings
0x4431dc@mhfdat-jp.bin,キュールFYレギンス,Cure F Leggings
0x4431e0@mhfdat-jp.bin,キュールHSレギンス,Cure FY Leggings
0x4431e4@mhfdat-jp.bin,キュールＧレギンス,Cure HS Leggings
0x4431e8@mhfdat-jp.bin,キュールGFレギンス,Cure G Leggings
0x4431ec@mhfdat-jp.bin,キュールGXレギンス,Cure GF Leggings
0x4431f0@mhfdat-jp.bin,鬼凛ノ足枷Ｇ,Cure GX Leggings
0x4431f4@mhfdat-jp.bin,鬼凛ノ足枷GF,鬼凛ノ足枷G
0x4431f8@mhfdat-jp.bin,鬼凛ノ足枷GX,鬼凛ノ足枷GF
0x4431fc@mhfdat-jp.bin,童凛ノ足枷Ｇ,鬼凛ノ足枷GX
0x443200@mhfdat-jp.bin,童凛ノ足枷GF,童凛ノ足枷G
0x443204@mhfdat-jp.bin,童凛ノ足枷GX,童凛ノ足枷GF
0x443208@mhfdat-jp.bin,エギエネグリーヴ,童凛ノ足枷GX
0x44320c@mhfdat-jp.bin,エギエネＦグリーヴ,Eguiene Greaves
0x443210@mhfdat-jp.bin,エギエネFYグリーヴ,Eguiene F Greaves
0x443214@mhfdat-jp.bin,エギエネHSグリーヴ,Eguiene FY Greaves
0x443218@mhfdat-jp.bin,エギエネＧグリーヴ,Eguiene HS Greaves
0x44321c@mhfdat-jp.bin,エギエネGFグリーヴ,Eguiene G Greaves
0x443220@mhfdat-jp.bin,エギエネGXグリーヴ,Eguiene GF Greaves
0x443224@mhfdat-jp.bin,エギエネレギンス,Eguiene GX Greaves
0x443228@mhfdat-jp.bin,エギエネＦレギンス,Eguiene Leggings
0x44322c@mhfdat-jp.bin,エギエネFYレギンス,Eguiene F Leggings
0x443230@mhfdat-jp.bin,エギエネHSレギンス,Eguiene FY Leggings
0x443234@mhfdat-jp.bin,エギエネＧレギンス,Eguiene HS Leggings
0x443238@mhfdat-jp.bin,エギエネGFレギンス,Eguiene G Leggings
0x44323c@mhfdat-jp.bin,エギエネGXレギンス,Eguiene GF Leggings
0x443240@mhfdat-jp.bin,ヴァクスグリーヴ,Eguiene GX Leggings
0x443244@mhfdat-jp.bin,ヴァクスＦグリーヴ,Vakusu Greaves
0x443248@mhfdat-jp.bin,ヴァクスFYグリーヴ,Vakusu F Greaves
0x44324c@mhfdat-jp.bin,ヴァクスHSグリーヴ,Vakusu FY Greaves
0x443250@mhfdat-jp.bin,ヴァクスＧグリーヴ,Vakusu HS Greaves
0x443254@mhfdat-jp.bin,ヴァクスGFグリーヴ,Vakusu G Greaves
0x443258@mhfdat-jp.bin,ヴァクスGXグリーヴ,Vakusu GF Greaves
0x44325c@mhfdat-jp.bin,ヴァクスレギンス,Vakusu GX Greaves
0x443260@mhfdat-jp.bin,ヴァクスＦレギンス,Vakusu Leggings
0x443264@mhfdat-jp.bin,ヴァクスFYレギンス,Vakusu F Leggings
0x443268@mhfdat-jp.bin,ヴァクスHSレギンス,Vakusu FY Leggings
0x44326c@mhfdat-jp.bin,ヴァクスＧレギンス,Vakusu HS Leggings
0x443270@mhfdat-jp.bin,ヴァクスGFレギンス,Vakusu G Leggings
0x443274@mhfdat-jp.bin,ヴァクスGXレギンス,Vakusu GF Leggings
0x443278@mhfdat-jp.bin,ニンファグリーヴ,Vakusu GX Leggings
0x44327c@mhfdat-jp.bin,クロエグリーヴ,Nympha Greaves
0x443280@mhfdat-jp.bin,エスピナＺフェルゼ,Chloe Greaves
0x443284@mhfdat-jp.bin,エスピナZFフェルゼ,Espinas Z Heel
0x443288@mhfdat-jp.bin,エスピナZYフェルゼ,Espinas ZF Heel
0x44328c@mhfdat-jp.bin,エスピナZXフェルゼ,Espinas ZY Heel
0x443290@mhfdat-jp.bin,エスピナＺアヴィレ,Espinas ZX Heel
0x443294@mhfdat-jp.bin,エスピナZFアヴィレ,Espinas Z March
0x443298@mhfdat-jp.bin,エスピナZYアヴィレ,Espinas ZF March
0x44329c@mhfdat-jp.bin,エスピナZXアヴィレ,Espinas ZY March
0x4432a0@mhfdat-jp.bin,ヒプノＺグリーヴ,Espinas ZX March
0x4432a4@mhfdat-jp.bin,ヒプノZFグリーヴ,Hypnoc Z Greaves
0x4432a8@mhfdat-jp.bin,ヒプノZYグリーヴ,Hypnoc ZF Greaves
0x4432ac@mhfdat-jp.bin,ヒプノZXグリーヴ,Hypnoc ZY Greaves
0x4432b0@mhfdat-jp.bin,ヒプノＺレギンス,Hypnoc ZX Greaves
0x4432b4@mhfdat-jp.bin,ヒプノZFレギンス,Hypnoc Z Leggings
0x4432b8@mhfdat-jp.bin,ヒプノZYレギンス,Hypnoc ZF Leggings
0x4432bc@mhfdat-jp.bin,ヒプノZXレギンス,Hypnoc ZY Leggings
0x4432c0@mhfdat-jp.bin,フルフルＺグリーヴ,Hypnoc ZX Leggings
0x4432c4@mhfdat-jp.bin,フルフルZFグリーヴ,Khezu Z Greaves
0x4432c8@mhfdat-jp.bin,フルフルZYグリーヴ,Khezu ZF Greaves
0x4432cc@mhfdat-jp.bin,フルフルZXグリーヴ,Khezu ZY Greaves
0x4432d0@mhfdat-jp.bin,フルフルＺレギンス,Khezu ZX Greaves
0x4432d4@mhfdat-jp.bin,フルフルZFレギンス,Khezu Z Leggings
0x4432d8@mhfdat-jp.bin,フルフルZYレギンス,Khezu ZF Leggings
0x4432dc@mhfdat-jp.bin,フルフルZXレギンス,Khezu ZY Leggings
0x4432e0@mhfdat-jp.bin,ザザミＺグリーヴ,Khezu ZX Leggings
0x4432e4@mhfdat-jp.bin,ザザミZFグリーヴ,Hermitaur Z Greaves
0x4432e8@mhfdat-jp.bin,ザザミZYグリーヴ,Hermitaur ZF Greaves
0x4432ec@mhfdat-jp.bin,ザザミZXグリーヴ,Hermitaur ZY Greaves
0x4432f0@mhfdat-jp.bin,ザザミＺレギンス,Hermitaur ZX Greaves
0x4432f4@mhfdat-jp.bin,ザザミZFレギンス,Hermitaur Z Leggings
0x4432f8@mhfdat-jp.bin,ザザミZYレギンス,Hermitaur ZF Leggings
0x4432fc@mhfdat-jp.bin,ザザミZXレギンス,Hermitaur ZY Leggings
0x443300@mhfdat-jp.bin,ディオスフット,Hermitaur ZX Leggings
0x443304@mhfdat-jp.bin,ディオスＦフット,Dios Feet
0x443308@mhfdat-jp.bin,ディオスFZフット,Dios F Feet
0x44330c@mhfdat-jp.bin,ディオスHSフット,Dios FZ Feet
0x443310@mhfdat-jp.bin,ディオスGSフット,Dios HS Feet
0x443314@mhfdat-jp.bin,ディオスGPフット,Dios GS Feet
0x443318@mhfdat-jp.bin,ディオスZPフット,Dios GP Feet
0x44331c@mhfdat-jp.bin,ディオスブーツ,Dios ZP Feet
0x443320@mhfdat-jp.bin,ディオスＦブーツ,Dios Boots
0x443324@mhfdat-jp.bin,ディオスFZブーツ,Dios F Boots
0x443328@mhfdat-jp.bin,ディオスHSブーツ,Dios FZ Boots
0x44332c@mhfdat-jp.bin,ディオスGSブーツ,Dios HS Boots
0x443330@mhfdat-jp.bin,ディオスGPブーツ,Dios GS Boots
0x443334@mhfdat-jp.bin,ディオスZPブーツ,Dios GP Boots
0x443338@mhfdat-jp.bin,エヴォルフット・白,Dios ZP Boots
0x44333c@mhfdat-jp.bin,エヴォルＦフット・白,Evol Feet・White
0x443340@mhfdat-jp.bin,エヴォルFZフット・白,Evol F Feet・White
0x443344@mhfdat-jp.bin,エヴォルHSフット・白,Evol FZ Feet・White
0x443348@mhfdat-jp.bin,エヴォルGSフット・白,Evol HS Feet・White
0x44334c@mhfdat-jp.bin,エヴォルGPフット・白,Evol GS Feet・White
0x443350@mhfdat-jp.bin,エヴォルZPフット・白,Evol GP Feet・White
0x443354@mhfdat-jp.bin,エヴォルブーツ・白,Evol ZP Feet・White
0x443358@mhfdat-jp.bin,エヴォルＦブーツ・白,Evol Boots・White
0x44335c@mhfdat-jp.bin,エヴォルFZブーツ・白,Evol F Boots・White
0x443360@mhfdat-jp.bin,エヴォルHSブーツ・白,Evol FZ Boots・White
0x443364@mhfdat-jp.bin,エヴォルGSブーツ・白,Evol HS Boots・White
0x443368@mhfdat-jp.bin,エヴォルGPブーツ・白,Evol GS Boots・White
0x44336c@mhfdat-jp.bin,エヴォルZPブーツ・白,Evol GP Boots・White
0x443370@mhfdat-jp.bin,エヴォルフット・赤,Evol ZP Boots・White
0x443374@mhfdat-jp.bin,エヴォルＦフット・赤,Evol Feet・Red
0x443378@mhfdat-jp.bin,エヴォルFZフット・赤,Evol F Feet・Red
0x44337c@mhfdat-jp.bin,エヴォルHSフット・赤,Evol FZ Feet・Red
0x443380@mhfdat-jp.bin,エヴォルGSフット・赤,Evol HS Feet・Red
0x443384@mhfdat-jp.bin,エヴォルGPフット・赤,Evol GS Feet・Red
0x443388@mhfdat-jp.bin,エヴォルZPフット・赤,Evol GP Feet・Red
0x44338c@mhfdat-jp.bin,エヴォルブーツ・赤,Evol ZP Feet・Red
0x443390@mhfdat-jp.bin,エヴォルＦブーツ・赤,Evol Boots・Red
0x443394@mhfdat-jp.bin,エヴォルFZブーツ・赤,Evol F Boots・Red
0x443398@mhfdat-jp.bin,エヴォルHSブーツ・赤,Evol FZ Boots・Red
0x44339c@mhfdat-jp.bin,エヴォルGSブーツ・赤,Evol HS Boots・Red
0x4433a0@mhfdat-jp.bin,エヴォルGPブーツ・赤,Evol GS Boots・Red
0x4433a4@mhfdat-jp.bin,エヴォルZPブーツ・赤,Evol GP Boots・Red
0x4433a8@mhfdat-jp.bin,エヴォルフット・青,Evol ZP Boots・Red
0x4433ac@mhfdat-jp.bin,エヴォルＦフット・青,Evol Feet・Blue
0x4433b0@mhfdat-jp.bin,エヴォルFZフット・青,Evol F Feet・Blue
0x4433b4@mhfdat-jp.bin,エヴォルHSフット・青,Evol FZ Feet・Blue
0x4433b8@mhfdat-jp.bin,エヴォルGSフット・青,Evol HS Feet・Blue
0x4433bc@mhfdat-jp.bin,エヴォルGPフット・青,Evol GS Feet・Blue
0x4433c0@mhfdat-jp.bin,エヴォルZPフット・青,Evol GP Feet・Blue
0x4433c4@mhfdat-jp.bin,エヴォルブーツ・青,Evol ZP Feet・Blue
0x4433c8@mhfdat-jp.bin,エヴォルＦブーツ・青,Evol Boots・Blue
0x4433cc@mhfdat-jp.bin,エヴォルFZブーツ・青,Evol F Boots・Blue
0x4433d0@mhfdat-jp.bin,エヴォルHSブーツ・青,Evol FZ Boots・Blue
0x4433d4@mhfdat-jp.bin,エヴォルGSブーツ・青,Evol HS Boots・Blue
0x4433d8@mhfdat-jp.bin,エヴォルGPブーツ・青,Evol GS Boots・Blue
0x4433dc@mhfdat-jp.bin,エヴォルZPブーツ・青,Evol GP Boots・Blue
0x4433e0@mhfdat-jp.bin,エヴォルフット・紫,Evol ZP Boots・Blue
0x4433e4@mhfdat-jp.bin,エヴォルＦフット・紫,Evol Feet・Purple
0x4433e8@mhfdat-jp.bin,エヴォルFZフット・紫,Evol F Feet・Purple
0x4433ec@mhfdat-jp.bin,エヴォルHSフット・紫,Evol FZ Feet・Purple
0x4433f0@mhfdat-jp.bin,エヴォルGSフット・紫,Evol HS Feet・Purple
0x4433f4@mhfdat-jp.bin,エヴォルGPフット・紫,Evol GS Feet・Purple
0x4433f8@mhfdat-jp.bin,エヴォルZPフット・紫,Evol GP Feet・Purple
0x4433fc@mhfdat-jp.bin,エヴォルブーツ・紫,Evol ZP Feet・Purple
0x443400@mhfdat-jp.bin,エヴォルＦブーツ・紫,Evol Boots・Purple
0x443404@mhfdat-jp.bin,エヴォルFZブーツ・紫,Evol F Boots・Purple
0x443408@mhfdat-jp.bin,エヴォルHSブーツ・紫,Evol FZ Boots・Purple
0x44340c@mhfdat-jp.bin,エヴォルGSブーツ・紫,Evol HS Boots・Purple
0x443410@mhfdat-jp.bin,エヴォルGPブーツ・紫,Evol GS Boots・Purple
0x443414@mhfdat-jp.bin,エヴォルZPブーツ・紫,Evol GP Boots・Purple
0x443418@mhfdat-jp.bin,サクフィフット,Evol ZP Boots・Purple
0x44341c@mhfdat-jp.bin,サクフィＦフット,Sakufi Feet
0x443420@mhfdat-jp.bin,サクフィFZフット,Sakufi F Feet
0x443424@mhfdat-jp.bin,サクフィHSフット,Sakufi FZ Feet
0x443428@mhfdat-jp.bin,サクフィGSフット,Sakufi HS Feet
0x44342c@mhfdat-jp.bin,サクフィGPフット,Sakufi GS Feet
0x443430@mhfdat-jp.bin,サクフィZPフット,Sakufi GP Feet
0x443434@mhfdat-jp.bin,サクフィブーツ,Sakufi ZP Feet
0x443438@mhfdat-jp.bin,サクフィＦブーツ,Sakufi Boots
0x44343c@mhfdat-jp.bin,サクフィFZブーツ,Sakufi F Boots
0x443440@mhfdat-jp.bin,サクフィHSブーツ,Sakufi FZ Boots
0x443444@mhfdat-jp.bin,サクフィGSブーツ,Sakufi HS Boots
0x443448@mhfdat-jp.bin,サクフィGPブーツ,Sakufi GS Boots
0x44344c@mhfdat-jp.bin,サクフィZPブーツ,Sakufi GP Boots
0x443450@mhfdat-jp.bin,アスモフット,Sakufi ZP Boots
0x443454@mhfdat-jp.bin,アスモＦフット,Asumo Feet
0x443458@mhfdat-jp.bin,アスモFZフット,Asumo F Feet
0x44345c@mhfdat-jp.bin,アスモHSフット,Asumo FZ Feet
0x443460@mhfdat-jp.bin,アスモGSフット,Asumo HS Feet
0x443464@mhfdat-jp.bin,アスモGPフット,Asumo GS Feet
0x443468@mhfdat-jp.bin,アスモZPフット,Asumo GP Feet
0x44346c@mhfdat-jp.bin,アスモブーツ,Asumo ZP Feet
0x443470@mhfdat-jp.bin,アスモＦブーツ,Asumo Boots
0x443474@mhfdat-jp.bin,アスモFZブーツ,Asumo F Boots
0x443478@mhfdat-jp.bin,アスモHSブーツ,Asumo FZ Boots
0x44347c@mhfdat-jp.bin,アスモGSブーツ,Asumo HS Boots
0x443480@mhfdat-jp.bin,アスモGPブーツ,Asumo GS Boots
0x443484@mhfdat-jp.bin,アスモZPブーツ,Asumo GP Boots
0x443488@mhfdat-jp.bin,キャロルＣフット,Asumo ZP Boots
0x44348c@mhfdat-jp.bin,ザイラＣフット,Carrol C Feet
0x443490@mhfdat-jp.bin,ルースＣレッグ,Zyra C Feet
0x443494@mhfdat-jp.bin,アステリZPフット・白,Loose C Leg
0x443498@mhfdat-jp.bin,アステリZPブーツ・白,Asteli ZP Feet・White
0x44349c@mhfdat-jp.bin,アステリZPフット・青,Asteli ZP Boots・White
0x4434a0@mhfdat-jp.bin,アステリZPブーツ・青,Asteli ZP Feet・Blue
0x4434a4@mhfdat-jp.bin,アステリZPフット・赤,Asteli ZP Boots・Blue
0x4434a8@mhfdat-jp.bin,アステリZPブーツ・赤,Asteli ZP Feet・Red
0x4434ac@mhfdat-jp.bin,アステリZPフット・黒,Asteli ZP Boots・Red
0x4434b0@mhfdat-jp.bin,アステリZPブーツ・黒,Asteli ZP Feet・Black
0x4434b4@mhfdat-jp.bin,リアンZPフット・青,Asteli ZP Boots・Black
0x4434b8@mhfdat-jp.bin,リアンZPブーツ・青,Lien ZP Feet・Blue
0x4434bc@mhfdat-jp.bin,リアンZPフット・赤,Lien ZP Boots・Blue
0x4434c0@mhfdat-jp.bin,リアンZPブーツ・赤,Lien ZP Feet・Red
0x4434c4@mhfdat-jp.bin,リアンZPフット・黒,Lien ZP Boots・Red
0x4434c8@mhfdat-jp.bin,リアンZPブーツ・黒,Lien ZP Feet・Black
0x4434cc@mhfdat-jp.bin,リアンZPフット・白,Lien ZP Boots・Black
0x4434d0@mhfdat-jp.bin,リアンZPブーツ・白,Lien ZP Feet・White
0x4434d4@mhfdat-jp.bin,キャロルZPフット・黒,Lien ZP Boots・White
0x4434d8@mhfdat-jp.bin,キャロルZPブーツ・黒,Carrol ZP Feet・Black
0x4434dc@mhfdat-jp.bin,キャロルZPフット・青,Carrol ZP Boots・Black
0x4434e0@mhfdat-jp.bin,キャロルZPブーツ・青,Carrol ZP Feet・Blue
0x4434e4@mhfdat-jp.bin,キャロルZPフット・白,Carrol ZP Boots・Blue
0x4434e8@mhfdat-jp.bin,キャロルZPブーツ・白,Carrol ZP Feet・White
0x4434ec@mhfdat-jp.bin,キャロルZPフット・赤,Carrol ZP Boots・White
0x4434f0@mhfdat-jp.bin,キャロルZPブーツ・赤,Carrol ZP Feet・Red
0x4434f4@mhfdat-jp.bin,ブリゼグリーヴ,Carrol ZP Boots・Red
0x4434f8@mhfdat-jp.bin,ブリゼＦグリーヴ,Blize Greaves
0x4434fc@mhfdat-jp.bin,ブリゼFYグリーヴ,Blize F Greaves
0x443500@mhfdat-jp.bin,ブリゼHSグリーヴ,Blize FY Greaves
0x443504@mhfdat-jp.bin,ブリゼＧグリーヴ,Blize HS Greaves
0x443508@mhfdat-jp.bin,ブリゼGFグリーヴ,Blize G Greaves
0x44350c@mhfdat-jp.bin,ブリゼGXグリーヴ,Blize GF Greaves
0x443510@mhfdat-jp.bin,ブリゼレギンス,Blize GX Greaves
0x443514@mhfdat-jp.bin,ブリゼＦレギンス,Blize Leggings
0x443518@mhfdat-jp.bin,ブリゼFYレギンス,Blize F Leggings
0x44351c@mhfdat-jp.bin,ブリゼHSレギンス,Blize FY Leggings
0x443520@mhfdat-jp.bin,ブリゼＧレギンス,Blize HS Leggings
0x443524@mhfdat-jp.bin,ブリゼGFレギンス,Blize G Leggings
0x443528@mhfdat-jp.bin,ブリゼGXレギンス,Blize GF Leggings
0x44352c@mhfdat-jp.bin,ヒガクレＣグリーヴ,Blize GX Leggings
0x443530@mhfdat-jp.bin,ハロキュＤフット,Higakure C Greaves
0x443534@mhfdat-jp.bin,エヴォルＤフット・白,Harokyu D Feet
0x443538@mhfdat-jp.bin,エヴォルＤフット・赤,Evol D Feet・White
0x44353c@mhfdat-jp.bin,エヴォルＤフット・青,Evol D Feet・Red
0x443540@mhfdat-jp.bin,エヴォルＤフット・紫,Evol D Feet・Blue
0x443544@mhfdat-jp.bin,狩衛部隊フット・男,Evol D Feet・Purple
0x443548@mhfdat-jp.bin,狩衛部隊フット・女,狩衛部隊 Feet・男
0x44354c@mhfdat-jp.bin,蒼皇氷ZPフット,狩衛部隊 Feet・女
0x443550@mhfdat-jp.bin,蒼皇氷ZPブーツ,Blue Ice Emperor ZP Feet
0x443554@mhfdat-jp.bin,白皇氷ZPフット,Blue Ice Emperor ZP Boots
0x443558@mhfdat-jp.bin,白皇氷ZPブーツ,White Ice Emperor ZP Feet
0x44355c@mhfdat-jp.bin,紅皇氷ZPフット,White Ice Emperor ZP Boots
0x443560@mhfdat-jp.bin,紅皇氷ZPブーツ,Red Ice Emperor ZP Feet
0x443564@mhfdat-jp.bin,ワンダレフット・青,Red Ice Emperor ZP Boots
0x443568@mhfdat-jp.bin,ワンダレＦフット・青,Wander Feet・Blue
0x44356c@mhfdat-jp.bin,ワンダレFZフット・青,Wander F Feet・Blue
0x443570@mhfdat-jp.bin,ワンダレHSフット・青,Wander FZ Feet・Blue
0x443574@mhfdat-jp.bin,ワンダレGSフット・青,Wander HS Feet・Blue
0x443578@mhfdat-jp.bin,ワンダレGPフット・青,Wander GS Feet・Blue
0x44357c@mhfdat-jp.bin,ワンダレZPフット・青,Wander GP Feet・Blue
0x443580@mhfdat-jp.bin,ワンダレブーツ・青,Wander ZP Feet・Blue
0x443584@mhfdat-jp.bin,ワンダレＦブーツ・青,Wander Boots・Blue
0x443588@mhfdat-jp.bin,ワンダレFZブーツ・青,Wander F Boots・Blue
0x44358c@mhfdat-jp.bin,ワンダレHSブーツ・青,Wander FZ Boots・Blue
0x443590@mhfdat-jp.bin,ワンダレGSブーツ・青,Wander HS Boots・Blue
0x443594@mhfdat-jp.bin,ワンダレGPブーツ・青,Wander GS Boots・Blue
0x443598@mhfdat-jp.bin,ワンダレZPブーツ・青,Wander GP Boots・Blue
0x44359c@mhfdat-jp.bin,ワンダレフット・赤,Wander ZP Boots・Blue
0x4435a0@mhfdat-jp.bin,ワンダレＦフット・赤,Wander Feet・Red
0x4435a4@mhfdat-jp.bin,ワンダレFZフット・赤,Wander F Feet・Red
0x4435a8@mhfdat-jp.bin,ワンダレHSフット・赤,Wander FZ Feet・Red
0x4435ac@mhfdat-jp.bin,ワンダレGSフット・赤,Wander HS Feet・Red
0x4435b0@mhfdat-jp.bin,ワンダレGPフット・赤,Wander GS Feet・Red
0x4435b4@mhfdat-jp.bin,ワンダレZPフット・赤,Wander GP Feet・Red
0x4435b8@mhfdat-jp.bin,ワンダレブーツ・赤,Wander ZP Feet・Red
0x4435bc@mhfdat-jp.bin,ワンダレＦブーツ・赤,Wander Boots・Red
0x4435c0@mhfdat-jp.bin,ワンダレFZブーツ・赤,Wander F Boots・Red
0x4435c4@mhfdat-jp.bin,ワンダレHSブーツ・赤,Wander FZ Boots・Red
0x4435c8@mhfdat-jp.bin,ワンダレGSブーツ・赤,Wander HS Boots・Red
0x4435cc@mhfdat-jp.bin,ワンダレGPブーツ・赤,Wander GS Boots・Red
0x4435d0@mhfdat-jp.bin,ワンダレZPブーツ・赤,Wander GP Boots・Red
0x4435d4@mhfdat-jp.bin,ワンダレフット・白,Wander ZP Boots・Red
0x4435d8@mhfdat-jp.bin,ワンダレＦフット・白,Wander Feet・White
0x4435dc@mhfdat-jp.bin,ワンダレFZフット・白,Wander F Feet・White
0x4435e0@mhfdat-jp.bin,ワンダレHSフット・白,Wander FZ Feet・White
0x4435e4@mhfdat-jp.bin,ワンダレGSフット・白,Wander HS Feet・White
0x4435e8@mhfdat-jp.bin,ワンダレGPフット・白,Wander GS Feet・White
0x4435ec@mhfdat-jp.bin,ワンダレZPフット・白,Wander GP Feet・White
0x4435f0@mhfdat-jp.bin,ワンダレブーツ・白,Wander ZP Feet・White
0x4435f4@mhfdat-jp.bin,ワンダレＦブーツ・白,Wander Boots・White
0x4435f8@mhfdat-jp.bin,ワンダレFZブーツ・白,Wander F Boots・White
0x4435fc@mhfdat-jp.bin,ワンダレHSブーツ・白,Wander FZ Boots・White
0x443600@mhfdat-jp.bin,ワンダレGSブーツ・白,Wander HS Boots・White
0x443604@mhfdat-jp.bin,ワンダレGPブーツ・白,Wander GS Boots・White
0x443608@mhfdat-jp.bin,ワンダレZPブーツ・白,Wander GP Boots・White
0x44360c@mhfdat-jp.bin,ワンダレフット・黒,Wander ZP Boots・White
0x443610@mhfdat-jp.bin,ワンダレＦフット・黒,Wander Feet・Black
0x443614@mhfdat-jp.bin,ワンダレFZフット・黒,Wander F Feet・Black
0x443618@mhfdat-jp.bin,ワンダレHSフット・黒,Wander FZ Feet・Black
0x44361c@mhfdat-jp.bin,ワンダレGSフット・黒,Wander HS Feet・Black
0x443620@mhfdat-jp.bin,ワンダレGPフット・黒,Wander GS Feet・Black
0x443624@mhfdat-jp.bin,ワンダレZPフット・黒,Wander GP Feet・Black
0x443628@mhfdat-jp.bin,ワンダレブーツ・黒,Wander ZP Feet・Black
0x44362c@mhfdat-jp.bin,ワンダレＦブーツ・黒,Wander Boots・Black
0x443630@mhfdat-jp.bin,ワンダレFZブーツ・黒,Wander F Boots・Black
0x443634@mhfdat-jp.bin,ワンダレHSブーツ・黒,Wander FZ Boots・Black
0x443638@mhfdat-jp.bin,ワンダレGSブーツ・黒,Wander HS Boots・Black
0x44363c@mhfdat-jp.bin,ワンダレGPブーツ・黒,Wander GS Boots・Black
0x443640@mhfdat-jp.bin,ワンダレZPブーツ・黒,Wander GP Boots・Black
0x443644@mhfdat-jp.bin,ゴアグリーヴ,Wander ZP Boots・Black
0x443648@mhfdat-jp.bin,ゴアＧグリーヴ,Gore Greaves
0x44364c@mhfdat-jp.bin,ゴアGFグリーヴ,Gore G Greaves
0x443650@mhfdat-jp.bin,ゴアGXグリーヴ,Gore GF Greaves
0x443654@mhfdat-jp.bin,ゴアレギンス,Gore GX Greaves
0x443658@mhfdat-jp.bin,ゴアＧレギンス,Gore Leggings
0x44365c@mhfdat-jp.bin,ゴアGFレギンス,Gore G Leggings
0x443660@mhfdat-jp.bin,ゴアGXレギンス,Gore GF Leggings
0x443664@mhfdat-jp.bin,ゼナＧグリーヴ,Gore GX Leggings
0x443668@mhfdat-jp.bin,ゼナGFグリーヴ,Zena G Greaves
0x44366c@mhfdat-jp.bin,ゼナGXグリーヴ,Zena GF Greaves
0x443670@mhfdat-jp.bin,ゼナＧレギンス,Zena GX Greaves
0x443674@mhfdat-jp.bin,ゼナGFレギンス,Zena G Leggings
0x443678@mhfdat-jp.bin,ゼナGXレギンス,Zena GF Leggings
0x44367c@mhfdat-jp.bin,レウスＺグリーヴ,Zena GX Leggings
0x443680@mhfdat-jp.bin,レウスZFグリーヴ,Rathalos Z Greaves
0x443684@mhfdat-jp.bin,レウスZYグリーヴ,Rathalos ZF Greaves
0x443688@mhfdat-jp.bin,レウスZXグリーヴ,Rathalos ZY Greaves
0x44368c@mhfdat-jp.bin,レウスＺレギンス,Rathalos ZX Greaves
0x443690@mhfdat-jp.bin,レウスZFレギンス,Rathalos Z Leggings
0x443694@mhfdat-jp.bin,レウスZYレギンス,Rathalos ZF Leggings
0x443698@mhfdat-jp.bin,レウスZXレギンス,Rathalos ZY Leggings
0x44369c@mhfdat-jp.bin,ブランゴＺグリーヴ,Rathalos ZX Leggings
0x4436a0@mhfdat-jp.bin,ブランゴZFグリーヴ,Blango Z Greaves
0x4436a4@mhfdat-jp.bin,ブランゴZYグリーヴ,Blango ZF Greaves
0x4436a8@mhfdat-jp.bin,ブランゴZXグリーヴ,Blango ZY Greaves
0x4436ac@mhfdat-jp.bin,ブランゴＺレギンス,Blango ZX Greaves
0x4436b0@mhfdat-jp.bin,ブランゴZFレギンス,Blango Z Leggings
0x4436b4@mhfdat-jp.bin,ブランゴZYレギンス,Blango ZF Leggings
0x4436b8@mhfdat-jp.bin,ブランゴZXレギンス,Blango ZY Leggings
0x4436bc@mhfdat-jp.bin,ムルタフット,Blango ZX Leggings
0x4436c0@mhfdat-jp.bin,ムルタＦフット,Muruta Feet
0x4436c4@mhfdat-jp.bin,ムルタFZフット,Muruta F Feet
0x4436c8@mhfdat-jp.bin,ムルタHSフット,Muruta FZ Feet
0x4436cc@mhfdat-jp.bin,ムルタGSフット,Muruta HS Feet
0x4436d0@mhfdat-jp.bin,ムルタGPフット,Muruta GS Feet
0x4436d4@mhfdat-jp.bin,ムルタZPフット,Muruta GP Feet
0x4436d8@mhfdat-jp.bin,ムルタブーツ,Muruta ZP Feet
0x4436dc@mhfdat-jp.bin,ムルタＦブーツ,Muruta Boots
0x4436e0@mhfdat-jp.bin,ムルタFZブーツ,Muruta F Boots
0x4436e4@mhfdat-jp.bin,ムルタHSブーツ,Muruta FZ Boots
0x4436e8@mhfdat-jp.bin,ムルタGSブーツ,Muruta HS Boots
0x4436ec@mhfdat-jp.bin,ムルタGPブーツ,Muruta GS Boots
0x4436f0@mhfdat-jp.bin,ムルタZPブーツ,Muruta GP Boots
0x4436f4@mhfdat-jp.bin,ハウラフット,Muruta ZP Boots
0x4436f8@mhfdat-jp.bin,ハウラＦフット,Howla Feet
0x4436fc@mhfdat-jp.bin,ハウラFZフット,Howla F Feet
0x443700@mhfdat-jp.bin,ハウラHSフット,Howla FZ Feet
0x443704@mhfdat-jp.bin,ハウラGSフット,Howla HS Feet
0x443708@mhfdat-jp.bin,ハウラGPフット,Howla GS Feet
0x44370c@mhfdat-jp.bin,ハウラZPフット,Howla GP Feet
0x443710@mhfdat-jp.bin,ハウラブーツ,Howla ZP Feet
0x443714@mhfdat-jp.bin,ハウラＦブーツ,Howla Boots
0x443718@mhfdat-jp.bin,ハウラFZブーツ,Howla F Boots
0x44371c@mhfdat-jp.bin,ハウラHSブーツ,Howla FZ Boots
0x443720@mhfdat-jp.bin,ハウラGSブーツ,Howla HS Boots
0x443724@mhfdat-jp.bin,ハウラGPブーツ,Howla GS Boots
0x443728@mhfdat-jp.bin,ハウラZPブーツ,Howla GP Boots
0x44372c@mhfdat-jp.bin,パンセフット,Howla ZP Boots
0x443730@mhfdat-jp.bin,パンセＦフット,Panse Feet
0x443734@mhfdat-jp.bin,パンセFZフット,Panse F Feet
0x443738@mhfdat-jp.bin,パンセHSフット,Panse FZ Feet
0x44373c@mhfdat-jp.bin,パンセGSフット,Panse HS Feet
0x443740@mhfdat-jp.bin,パンセGPフット,Panse GS Feet
0x443744@mhfdat-jp.bin,パンセZPフット,Panse GP Feet
0x443748@mhfdat-jp.bin,パンセブーツ,Panse ZP Feet
0x44374c@mhfdat-jp.bin,パンセＦブーツ,Panse Boots
0x443750@mhfdat-jp.bin,パンセFZブーツ,Panse F Boots
0x443754@mhfdat-jp.bin,パンセHSブーツ,Panse FZ Boots
0x443758@mhfdat-jp.bin,パンセGSブーツ,Panse HS Boots
0x44375c@mhfdat-jp.bin,パンセGPブーツ,Panse GS Boots
0x443760@mhfdat-jp.bin,パンセZPブーツ,Panse GP Boots
0x443764@mhfdat-jp.bin,マリジュフット,Panse ZP Boots
0x443768@mhfdat-jp.bin,マリジュＦフット,Marriage Feet
0x44376c@mhfdat-jp.bin,マリジュFZフット,Marriage F Feet
0x443770@mhfdat-jp.bin,マリジュHSフット,Marriage FZ Feet
0x443774@mhfdat-jp.bin,マリジュGSフット,Marriage HS Feet
0x443778@mhfdat-jp.bin,マリジュGPフット,Marriage GS Feet
0x44377c@mhfdat-jp.bin,マリジュZPフット,Marriage GP Feet
0x443780@mhfdat-jp.bin,マリジュブーツ,Marriage ZP Feet
0x443784@mhfdat-jp.bin,マリジュＦブーツ,Marriage Boots
0x443788@mhfdat-jp.bin,マリジュFZブーツ,Marriage F Boots
0x44378c@mhfdat-jp.bin,マリジュHSブーツ,Marriage FZ Boots
0x443790@mhfdat-jp.bin,マリジュGSブーツ,Marriage HS Boots
0x443794@mhfdat-jp.bin,マリジュGPブーツ,Marriage GS Boots
0x443798@mhfdat-jp.bin,マリジュZPブーツ,Marriage GP Boots
0x44379c@mhfdat-jp.bin,ユキネフット,Marriage ZP Boots
0x4437a0@mhfdat-jp.bin,ユキネＦフット,Yukine Feet
0x4437a4@mhfdat-jp.bin,ユキネFZフット,Yukine F Feet
0x4437a8@mhfdat-jp.bin,ユキネHSフット,Yukine FZ Feet
0x4437ac@mhfdat-jp.bin,ユキネGSフット,Yukine HS Feet
0x4437b0@mhfdat-jp.bin,ユキネGPフット,Yukine GS Feet
0x4437b4@mhfdat-jp.bin,ユキネZPフット,Yukine GP Feet
0x4437b8@mhfdat-jp.bin,ユキネブーツ,Yukine ZP Feet
0x4437bc@mhfdat-jp.bin,ユキネＦブーツ,Yukine Boots
0x4437c0@mhfdat-jp.bin,ユキネFZブーツ,Yukine F Boots
0x4437c4@mhfdat-jp.bin,ユキネHSブーツ,Yukine FZ Boots
0x4437c8@mhfdat-jp.bin,ユキネGSブーツ,Yukine HS Boots
0x4437cc@mhfdat-jp.bin,ユキネGPブーツ,Yukine GS Boots
0x4437d0@mhfdat-jp.bin,ユキネZPブーツ,Yukine GP Boots
0x4437d4@mhfdat-jp.bin,雪ミクフット,Yukine ZP Boots
0x4437d8@mhfdat-jp.bin,雪ミクＦフット,Snow Miku Feet
0x4437dc@mhfdat-jp.bin,雪ミクFZフット,Snow Miku F Feet
0x4437e0@mhfdat-jp.bin,雪ミクHSフット,Snow Miku FZ Feet
0x4437e4@mhfdat-jp.bin,雪ミクGSフット,Snow Miku HS Feet
0x4437e8@mhfdat-jp.bin,雪ミクGPフット,Snow Miku GS Feet
0x4437ec@mhfdat-jp.bin,雪ミクZPフット,Snow Miku GP Feet
0x4437f0@mhfdat-jp.bin,雪ミクブーツ,Snow Miku ZP Feet
0x4437f4@mhfdat-jp.bin,雪ミクＦブーツ,Snow Miku Boots
0x4437f8@mhfdat-jp.bin,雪ミクFZブーツ,Snow Miku F Boots
0x4437fc@mhfdat-jp.bin,雪ミクHSブーツ,Snow Miku FZ Boots
0x443800@mhfdat-jp.bin,雪ミクGSブーツ,Snow Miku HS Boots
0x443804@mhfdat-jp.bin,雪ミクGPブーツ,Snow Miku GS Boots
0x443808@mhfdat-jp.bin,雪ミクZPブーツ,Snow Miku GP Boots
0x44380c@mhfdat-jp.bin,ミクZPフット,Snow Miku ZP Boots
0x443810@mhfdat-jp.bin,ミクZPブーツ,Miku ZP Feet
0x443814@mhfdat-jp.bin,オユンZPグリーヴ・青,Miku ZP Boots
0x443818@mhfdat-jp.bin,オユンZPレギンス・青,Oyun ZP Greaves・Blue
0x44381c@mhfdat-jp.bin,オユンZPグリーヴ・赤,Oyun ZP Leggings・Blue
0x443820@mhfdat-jp.bin,オユンZPレギンス・赤,Oyun ZP Greaves・Red
0x443824@mhfdat-jp.bin,オユンZPグリーヴ・黒,Oyun ZP Leggings・Red
0x443828@mhfdat-jp.bin,オユンZPレギンス・黒,Oyun ZP Greaves・Black
0x44382c@mhfdat-jp.bin,オユンZPグリーヴ・白,Oyun ZP Leggings・Black
0x443830@mhfdat-jp.bin,オユンZPレギンス・白,Oyun ZP Greaves・White
0x443834@mhfdat-jp.bin,鬼穿ノ足枷Ｇ,Oyun ZP Leggings・White
0x443838@mhfdat-jp.bin,鬼穿ノ足枷GF,Demonclad ノ足枷G
0x44383c@mhfdat-jp.bin,鬼穿ノ足枷GX,Demonclad ノ足枷GF
0x443840@mhfdat-jp.bin,童穿ノ足枷Ｇ,Demonclad ノ足枷GX
0x443844@mhfdat-jp.bin,童穿ノ足枷GF,Youthclad ノ足枷G
0x443848@mhfdat-jp.bin,童穿ノ足枷GX,Youthclad ノ足枷GF
0x44384c@mhfdat-jp.bin,ラーヴェフット,Youthclad ノ足枷GX
0x443850@mhfdat-jp.bin,ラーヴェＦフット,Rave Feet
0x443854@mhfdat-jp.bin,ラーヴェFYフット,Rave F Feet
0x443858@mhfdat-jp.bin,ラーヴェHSフット,Rave FY Feet
0x44385c@mhfdat-jp.bin,ラーヴェＧフット,Rave HS Feet
0x443860@mhfdat-jp.bin,ラーヴェGFフット,Rave G Feet
0x443864@mhfdat-jp.bin,ラーヴェGXフット,Rave GF Feet
0x443868@mhfdat-jp.bin,ラーヴェブーツ,Rave GX Feet
0x44386c@mhfdat-jp.bin,ラーヴェＦブーツ,Rave Boots
0x443870@mhfdat-jp.bin,ラーヴェFYブーツ,Rave F Boots
0x443874@mhfdat-jp.bin,ラーヴェHSブーツ,Rave FY Boots
0x443878@mhfdat-jp.bin,ラーヴェＧブーツ,Rave HS Boots
0x44387c@mhfdat-jp.bin,ラーヴェGFブーツ,Rave G Boots
0x443880@mhfdat-jp.bin,ラーヴェGXブーツ,Rave GF Boots
0x443884@mhfdat-jp.bin,ワンダレＤフット・青,Rave GX Boots
0x443888@mhfdat-jp.bin,ワンダレＤフット・赤,Wander D Feet・Blue
0x44388c@mhfdat-jp.bin,ワンダレＤフット・白,Wander D Feet・Red
0x443890@mhfdat-jp.bin,ワンダレＤフット・黒,Wander D Feet・White
0x443894@mhfdat-jp.bin,蒼皇氷Ｄフット,Wander D Feet・Black
0x443898@mhfdat-jp.bin,白皇氷Ｄフット,Blue Ice Emperor D Feet
0x44389c@mhfdat-jp.bin,紅皇氷Ｄフット,White Ice Emperor D Feet
0x4438a0@mhfdat-jp.bin,ランセＣグリーヴ,Red Ice Emperor D Feet
0x4438a4@mhfdat-jp.bin,サンタＤフット,Rance C Greaves
0x4438a8@mhfdat-jp.bin,ガウシカＤフット,Santa D Feet
0x4438ac@mhfdat-jp.bin,チアリムZPフット,Anteka D Feet
0x4438b0@mhfdat-jp.bin,チアリムZPブーツ,Chiarim ZP Feet
0x4438b4@mhfdat-jp.bin,カタンテＺグリーヴ,Chiarim ZP Boots
0x4438b8@mhfdat-jp.bin,カタンテZFグリーヴ,Katante Z Greaves
0x4438bc@mhfdat-jp.bin,カタンテZYグリーヴ,Katante ZF Greaves
0x4438c0@mhfdat-jp.bin,カタンテZXグリーヴ,Katante ZY Greaves
0x4438c4@mhfdat-jp.bin,カタンテＺレギンス,Katante ZX Greaves
0x4438c8@mhfdat-jp.bin,カタンテZFレギンス,Katante Z Leggings
0x4438cc@mhfdat-jp.bin,カタンテZYレギンス,Katante ZF Leggings
0x4438d0@mhfdat-jp.bin,カタンテZXレギンス,Katante ZY Leggings
0x4438d4@mhfdat-jp.bin,サクフィＤフット,Katante ZX Leggings
0x4438d8@mhfdat-jp.bin,アスモＤフット,Sakufi D Feet
0x4438dc@mhfdat-jp.bin,ディオスＤフット,Asumo D Feet
0x4438e0@mhfdat-jp.bin,アステリＤフット・白,Dios D Feet
0x4438e4@mhfdat-jp.bin,アステリＤフット・青,Asteli D Feet・White
0x4438e8@mhfdat-jp.bin,アステリＤフット・赤,Asteli D Feet・Blue
0x4438ec@mhfdat-jp.bin,アステリＤフット・黒,Asteli D Feet・Red
0x4438f0@mhfdat-jp.bin,リアンＤフット・青,Asteli D Feet・Black
0x4438f4@mhfdat-jp.bin,リアンＤフット・赤,Lien D Feet・Blue
0x4438f8@mhfdat-jp.bin,リアンＤフット・黒,Lien D Feet・Red
0x4438fc@mhfdat-jp.bin,リアンＤフット・白,Lien D Feet・Black
0x443900@mhfdat-jp.bin,リアンＤフット・紅,Lien D Feet・White
0x443904@mhfdat-jp.bin,リアンＤフット・藍,Lien D Feet・Crimson
0x443908@mhfdat-jp.bin,リアンＤフット・桃,Lien D Feet・藍
0x44390c@mhfdat-jp.bin,キャロルＤフット・黒,Lien D Feet・Peach
0x443910@mhfdat-jp.bin,キャロルＤフット・青,Carrol D Feet・Black
0x443914@mhfdat-jp.bin,キャロルＤフット・白,Carrol D Feet・Blue
0x443918@mhfdat-jp.bin,キャロルＤフット・赤,Carrol D Feet・White
0x44391c@mhfdat-jp.bin,キャロルＤフット・桃,Carrol D Feet・Red
0x443920@mhfdat-jp.bin,ゴシックＤグリーヴ,Carrol D Feet・Peach
0x443924@mhfdat-jp.bin,キリンＤレガース,Gothic D Greaves
0x443928@mhfdat-jp.bin,ファルノＤグリーヴ,Kirin Dレガース
0x44392c@mhfdat-jp.bin,ファルノＤレギンス,Farunokku D Greaves
0x443930@mhfdat-jp.bin,ポカラＤグリーヴ,Farunokku D Leggings
0x443934@mhfdat-jp.bin,ポカラＤレギンス,Pokara D Greaves
0x443938@mhfdat-jp.bin,創音奏Ｄ【具足】,Pokara D Leggings
0x44393c@mhfdat-jp.bin,音紡奏Ｄ【具足】,Genesis D [Greaves 】
0x443940@mhfdat-jp.bin,照雷Ｄ【具足】,Motion D [Greaves 】
0x443944@mhfdat-jp.bin,明雷Ｄ【具足】,Lightning D [Greaves 】
0x443948@mhfdat-jp.bin,トリドＤグリーヴ,Thunder D [Greaves 】
0x44394c@mhfdat-jp.bin,トリドＤレギンス,Toridcless D Greaves
0x443950@mhfdat-jp.bin,グァンＤグリーヴ,Toridcless D Leggings
0x443954@mhfdat-jp.bin,グァンＤレギンス,Guan D Greaves
0x443958@mhfdat-jp.bin,ヴァルＤグリーヴ,Guan D Leggings
0x44395c@mhfdat-jp.bin,ヴァルＤレギンス,Varusa D Greaves
0x443960@mhfdat-jp.bin,トアＤグリーヴ,Varusa D Leggings
0x443964@mhfdat-jp.bin,トアＤレギンス,Toa D Greaves
0x443968@mhfdat-jp.bin,ブリッツＤレガース,Toa D Leggings
0x44396c@mhfdat-jp.bin,ストロマＤグリーヴ,Blitz Dレガース
0x443970@mhfdat-jp.bin,ストロマＤレギンス,Stroma D Greaves
0x443974@mhfdat-jp.bin,雅深Ｄ【具足】,Stroma D Leggings
0x443978@mhfdat-jp.bin,雅淵Ｄ【具足】,Elegance D [Greaves 】
0x44397c@mhfdat-jp.bin,アルテラＤグリーヴ,Grace D [Greaves 】
0x443980@mhfdat-jp.bin,アルテラＤレギンス,Altera D Greaves
0x443984@mhfdat-jp.bin,ポボルムＤグリーヴ,Altera D Leggings
0x443988@mhfdat-jp.bin,ポボルムＤレギンス,Pobo D Greaves
0x44398c@mhfdat-jp.bin,ジンオウＣグリーヴ,Pobo D Leggings
0x443990@mhfdat-jp.bin,ジンオウＣレギンス,Zinogre C Greaves
0x443994@mhfdat-jp.bin,タロスＵＤグリーヴ,Zinogre C Leggings
0x443998@mhfdat-jp.bin,タロスＵＤレギンス,Hornetaur UD Greaves
0x44399c@mhfdat-jp.bin,レウスＤグリーヴ,Hornetaur UD Leggings
0x4439a0@mhfdat-jp.bin,レウスＤレギンス,Rathalos D Greaves
0x4439a4@mhfdat-jp.bin,ゴゴＤグリーヴ,Rathalos D Leggings
0x4439a8@mhfdat-jp.bin,ゴゴＤレギンス,Gogo D Greaves
0x4439ac@mhfdat-jp.bin,アスールＤグリーヴ,Gogo D Leggings
0x4439b0@mhfdat-jp.bin,アスールＤレギンス,Azul D Greaves
0x4439b4@mhfdat-jp.bin,ハーヴェストＤブーツ,Azul D Leggings
0x4439b8@mhfdat-jp.bin,ハーヴェストＤレギンス,Harvest D Boots
0x4439bc@mhfdat-jp.bin,メランＤグリーヴ,Harvest D Leggings
0x4439c0@mhfdat-jp.bin,メランＤレギンス,Melan D Greaves
0x4439c4@mhfdat-jp.bin,ディールＤグリーヴ,Melan D Leggings
0x4439c8@mhfdat-jp.bin,ディールＤレギンス,Diru D Greaves
0x4439cc@mhfdat-jp.bin,タンドレスＤフット,Diru D Leggings
0x4439d0@mhfdat-jp.bin,タンドレスＤブーツ,Tandress D Feet
0x4439d4@mhfdat-jp.bin,ランセＤグリーヴ,Tandress D Boots
0x4439d8@mhfdat-jp.bin,ランセＤレギンス,Rance D Greaves
0x4439dc@mhfdat-jp.bin,ガネトＤグリーヴ,Rance D Leggings
0x4439e0@mhfdat-jp.bin,ガネトＤレギンス,Ganeto D Greaves
0x4439e4@mhfdat-jp.bin,チールＤグリーヴ,Ganeto D Leggings
0x4439e8@mhfdat-jp.bin,チールＤレギンス,Chiru D Greaves
0x4439ec@mhfdat-jp.bin,シウスＤグリーヴ,Chiru D Leggings
0x4439f0@mhfdat-jp.bin,シウスＤレギンス,Shiusu D Greaves
0x4439f4@mhfdat-jp.bin,ワンスＤグリーヴ・無,Shiusu D Leggings
0x4439f8@mhfdat-jp.bin,淡桜Ｄ【袴】,Once D Greaves・無
0x4439fc@mhfdat-jp.bin,ペレグリフット,Pale Sakura D [Hakama 】
0x443a00@mhfdat-jp.bin,ペレグリＦフット,Pelegri Feet
0x443a04@mhfdat-jp.bin,ペレグリFZフット,Pelegri F Feet
0x443a08@mhfdat-jp.bin,ペレグリHSフット,Pelegri FZ Feet
0x443a0c@mhfdat-jp.bin,ペレグリGSフット,Pelegri HS Feet
0x443a10@mhfdat-jp.bin,ペレグリGPフット,Pelegri GS Feet
0x443a14@mhfdat-jp.bin,ペレグリZPフット,Pelegri GP Feet
0x443a18@mhfdat-jp.bin,ペレグリブーツ,Pelegri ZP Feet
0x443a1c@mhfdat-jp.bin,ペレグリＦブーツ,Pelegri Boots
0x443a20@mhfdat-jp.bin,ペレグリFZブーツ,Pelegri F Boots
0x443a24@mhfdat-jp.bin,ペレグリHSブーツ,Pelegri FZ Boots
0x443a28@mhfdat-jp.bin,ペレグリGSブーツ,Pelegri HS Boots
0x443a2c@mhfdat-jp.bin,ペレグリGPブーツ,Pelegri GS Boots
0x443a30@mhfdat-jp.bin,ペレグリZPブーツ,Pelegri GP Boots
0x443a34@mhfdat-jp.bin,メラルーZPグリーヴ,Pelegri ZP Boots
0x443a38@mhfdat-jp.bin,メラルーZPフット,Melynx ZP Greaves
0x443a3c@mhfdat-jp.bin,アイルーZPグリーヴ,Melynx ZP Feet
0x443a40@mhfdat-jp.bin,アイルーZPフット,Felyne ZP Greaves
0x443a44@mhfdat-jp.bin,アメショZPグリーヴ,Felyne ZP Feet
0x443a48@mhfdat-jp.bin,アメショZPフット,Tabby ZP Greaves
0x443a4c@mhfdat-jp.bin,チャトラZPグリーヴ,Tabby ZP Feet
0x443a50@mhfdat-jp.bin,チャトラZPフット,Brown ZP Greaves
0x443a54@mhfdat-jp.bin,ミケZPグリーヴ,Brown ZP Feet
0x443a58@mhfdat-jp.bin,ミケZPフット,Calico ZP Greaves
0x443a5c@mhfdat-jp.bin,シロZPグリーヴ,Calico ZP Feet
0x443a60@mhfdat-jp.bin,シロZPフット,Monotone ZP Greaves
0x443a64@mhfdat-jp.bin,チャシロZPグリーヴ,Monotone ZP Feet
0x443a68@mhfdat-jp.bin,チャシロZPフット,Chashiro ZP Greaves
0x443a6c@mhfdat-jp.bin,クロシロZPグリーヴ,Chashiro ZP Feet
0x443a70@mhfdat-jp.bin,クロシロZPフット,Two-tone ZP Greaves
0x443a74@mhfdat-jp.bin,和奏ノ脛当ZP,Two-tone ZP Feet
0x443a78@mhfdat-jp.bin,和奏ノ具足ZP,Wasou Legs ZP
0x443a7c@mhfdat-jp.bin,ハウラＤフット,Wasou Greaves ZP
0x443a80@mhfdat-jp.bin,パンセＤフット,Howla D Feet
0x443a84@mhfdat-jp.bin,マリジュＤフット,Panse D Feet
0x443a88@mhfdat-jp.bin,ユキネＤフット,Marriage D Feet
0x443a8c@mhfdat-jp.bin,雪ミクＤフット,Yukine D Feet
0x443a90@mhfdat-jp.bin,ミクＤフット,Snow Miku D Feet
0x443a94@mhfdat-jp.bin,和奏ノ脛当Ｄ,Miku D Feet
0x443a98@mhfdat-jp.bin,メラルーＤグリーヴ,Wasou Legs D
0x443a9c@mhfdat-jp.bin,アイルーＤグリーヴ,Melynx D Greaves
0x443aa0@mhfdat-jp.bin,アメショＤグリーヴ,Felyne D Greaves
0x443aa4@mhfdat-jp.bin,チャトラＤグリーヴ,Tabby D Greaves
0x443aa8@mhfdat-jp.bin,ミケＤグリーヴ,Brown D Greaves
0x443aac@mhfdat-jp.bin,シロＤグリーヴ,Calico D Greaves
0x443ab0@mhfdat-jp.bin,チャシロＤグリーヴ,Monotone D Greaves
0x443ab4@mhfdat-jp.bin,クロシロＤグリーヴ,Chashiro D Greaves
0x443ab8@mhfdat-jp.bin,オウビートＤガンバ,Two-tone D Greaves
0x443abc@mhfdat-jp.bin,パピメルＤガンバ,King Beetle D Crura
0x443ac0@mhfdat-jp.bin,鬼神ノ足枷Ｄ,Butterfly D Crura
0x443ac4@mhfdat-jp.bin,鬼伝ノ足枷Ｄ,Demon Lord ノ足枷D
0x443ac8@mhfdat-jp.bin,鬼凛ノ足枷Ｄ,Demon Tale ノ足枷D
0x443acc@mhfdat-jp.bin,エンプレスＣグリーヴ,鬼凛ノ足枷D
0x443ad0@mhfdat-jp.bin,エンプレスＣレギンス,Empress C Greaves
0x443ad4@mhfdat-jp.bin,カイザーＣグリーヴ,Empress C Leggings
0x443ad8@mhfdat-jp.bin,カイザーＣレギンス,Kaiser C Greaves
0x443adc@mhfdat-jp.bin,ドラゴンＤフット,Kaiser C Leggings
0x443ae0@mhfdat-jp.bin,ドラゴンＤレグス,Dragon D Feet
0x443ae4@mhfdat-jp.bin,ナルガＣグリーヴ,Dragon D Legs
0x443ae8@mhfdat-jp.bin,ナルガＣレギンス,Nargacuga C Greaves
0x443aec@mhfdat-jp.bin,焔嶽GX【袴】,Nargacuga C Leggings
0x443af0@mhfdat-jp.bin,緋嶽GX【袴】,Burning Cliff GX [Hakama 】
0x443af4@mhfdat-jp.bin,ヴァシムＺグリーヴ,Crimson Cliff GX [Hakama 】
0x443af8@mhfdat-jp.bin,ヴァシムZFグリーヴ,Vashimu Z Greaves
0x443afc@mhfdat-jp.bin,ヴァシムZYグリーヴ,Vashimu ZF Greaves
0x443b00@mhfdat-jp.bin,ヴァシムZXグリーヴ,Vashimu ZY Greaves
0x443b04@mhfdat-jp.bin,ヴァシムＺレギンス,Vashimu ZX Greaves
0x443b08@mhfdat-jp.bin,ヴァシムZFレギンス,Vashimu Z Leggings
0x443b0c@mhfdat-jp.bin,ヴァシムZYレギンス,Vashimu ZF Leggings
0x443b10@mhfdat-jp.bin,ヴァシムZXレギンス,Vashimu ZY Leggings
0x443b14@mhfdat-jp.bin,レックスＺグリーヴ,Vashimu ZX Leggings
0x443b18@mhfdat-jp.bin,レックスZFグリーヴ,Tigrex Z Greaves
0x443b1c@mhfdat-jp.bin,レックスZYグリーヴ,Tigrex ZF Greaves
0x443b20@mhfdat-jp.bin,レックスZXグリーヴ,Tigrex ZY Greaves
0x443b24@mhfdat-jp.bin,レックスＺレギンス,Tigrex ZX Greaves
0x443b28@mhfdat-jp.bin,レックスZFレギンス,Tigrex Z Leggings
0x443b2c@mhfdat-jp.bin,レックスZYレギンス,Tigrex ZF Leggings
0x443b30@mhfdat-jp.bin,レックスZXレギンス,Tigrex ZY Leggings
0x443b34@mhfdat-jp.bin,アデルフット,Tigrex ZX Leggings
0x443b38@mhfdat-jp.bin,アデルＦフット,Adel Feet
0x443b3c@mhfdat-jp.bin,アデルFZフット,Adel F Feet
0x443b40@mhfdat-jp.bin,アデルHSフット,Adel FZ Feet
0x443b44@mhfdat-jp.bin,アデルGSフット,Adel HS Feet
0x443b48@mhfdat-jp.bin,アデルGPフット,Adel GS Feet
0x443b4c@mhfdat-jp.bin,アデルZPフット,Adel GP Feet
0x443b50@mhfdat-jp.bin,アデルブーツ,Adel ZP Feet
0x443b54@mhfdat-jp.bin,アデルＦブーツ,Adel Boots
0x443b58@mhfdat-jp.bin,アデルFZブーツ,Adel F Boots
0x443b5c@mhfdat-jp.bin,アデルHSブーツ,Adel FZ Boots
0x443b60@mhfdat-jp.bin,アデルGSブーツ,Adel HS Boots
0x443b64@mhfdat-jp.bin,アデルGPブーツ,Adel GS Boots
0x443b68@mhfdat-jp.bin,アデルZPブーツ,Adel GP Boots
0x443b6c@mhfdat-jp.bin,ロックブーケフット,Adel ZP Boots
0x443b70@mhfdat-jp.bin,ロックブーケＦフット,Rocbouquet Feet
0x443b74@mhfdat-jp.bin,ロックブーケFZフット,Rocbouquet F Feet
0x443b78@mhfdat-jp.bin,ロックブーケHSフット,Rocbouquet FZ Feet
0x443b7c@mhfdat-jp.bin,ロックブーケGSフット,Rocbouquet HS Feet
0x443b80@mhfdat-jp.bin,ロックブーケGPフット,Rocbouquet GS Feet
0x443b84@mhfdat-jp.bin,ロックブーケZPフット,Rocbouquet GP Feet
0x443b88@mhfdat-jp.bin,ロックブーケブーツ,Rocbouquet ZP Feet
0x443b8c@mhfdat-jp.bin,ロックブーケＦブーツ,Rocbouquet Boots
0x443b90@mhfdat-jp.bin,ロックブーケFZブーツ,Rocbouquet F Boots
0x443b94@mhfdat-jp.bin,ロックブーケHSブーツ,Rocbouquet FZ Boots
0x443b98@mhfdat-jp.bin,ロックブーケGSブーツ,Rocbouquet HS Boots
0x443b9c@mhfdat-jp.bin,ロックブーケGPブーツ,Rocbouquet GS Boots
0x443ba0@mhfdat-jp.bin,ロックブーケZPブーツ,Rocbouquet GP Boots
0x443ba4@mhfdat-jp.bin,アルカイザーフット,Rocbouquet ZP Boots
0x443ba8@mhfdat-jp.bin,アルカイザーＦフット,Alkaiser Feet
0x443bac@mhfdat-jp.bin,アルカイザーFZフット,Alkaiser F Feet
0x443bb0@mhfdat-jp.bin,アルカイザーHSフット,Alkaiser FZ Feet
0x443bb4@mhfdat-jp.bin,アルカイザーGSフット,Alkaiser HS Feet
0x443bb8@mhfdat-jp.bin,アルカイザーGPフット,Alkaiser GS Feet
0x443bbc@mhfdat-jp.bin,アルカイザーZPフット,Alkaiser GP Feet
0x443bc0@mhfdat-jp.bin,アルカイザーブーツ,Alkaiser ZP Feet
0x443bc4@mhfdat-jp.bin,アルカイザーＦブーツ,Alkaiser Boots
0x443bc8@mhfdat-jp.bin,アルカイザーFZブーツ,Alkaiser F Boots
0x443bcc@mhfdat-jp.bin,アルカイザーHSブーツ,Alkaiser FZ Boots
0x443bd0@mhfdat-jp.bin,アルカイザーGSブーツ,Alkaiser HS Boots
0x443bd4@mhfdat-jp.bin,アルカイザーGPブーツ,Alkaiser GS Boots
0x443bd8@mhfdat-jp.bin,アルカイザーZPブーツ,Alkaiser GP Boots
0x443bdc@mhfdat-jp.bin,クローディアフット,Alkaiser ZP Boots
0x443be0@mhfdat-jp.bin,クローディアＦフット,Claudia Feet
0x443be4@mhfdat-jp.bin,クローディアFZフット,Claudia F Feet
0x443be8@mhfdat-jp.bin,クローディアHSフット,Claudia FZ Feet
0x443bec@mhfdat-jp.bin,クローディアGSフット,Claudia HS Feet
0x443bf0@mhfdat-jp.bin,クローディアGPフット,Claudia GS Feet
0x443bf4@mhfdat-jp.bin,クローディアZPフット,Claudia GP Feet
0x443bf8@mhfdat-jp.bin,クローディアブーツ,Claudia ZP Feet
0x443bfc@mhfdat-jp.bin,クローディアＦブーツ,Claudia Boots
0x443c00@mhfdat-jp.bin,クローディアFZブーツ,Claudia F Boots
0x443c04@mhfdat-jp.bin,クローディアHSブーツ,Claudia FZ Boots
0x443c08@mhfdat-jp.bin,クローディアGSブーツ,Claudia HS Boots
0x443c0c@mhfdat-jp.bin,クローディアGPブーツ,Claudia GS Boots
0x443c10@mhfdat-jp.bin,クローディアZPブーツ,Claudia GP Boots
0x443c14@mhfdat-jp.bin,ヘシュムフット,Claudia ZP Boots
0x443c18@mhfdat-jp.bin,ヘシュムＦフット,Hesyumu Feet
0x443c1c@mhfdat-jp.bin,ヘシュムFZフット,Hesyumu F Feet
0x443c20@mhfdat-jp.bin,ヘシュムHSフット,Hesyumu FZ Feet
0x443c24@mhfdat-jp.bin,ヘシュムGSフット,Hesyumu HS Feet
0x443c28@mhfdat-jp.bin,ヘシュムGPフット,Hesyumu GS Feet
0x443c2c@mhfdat-jp.bin,ヘシュムZPフット,Hesyumu GP Feet
0x443c30@mhfdat-jp.bin,ヘシュムブーツ,Hesyumu ZP Feet
0x443c34@mhfdat-jp.bin,ヘシュムＦブーツ,Hesyumu Boots
0x443c38@mhfdat-jp.bin,ヘシュムFZブーツ,Hesyumu F Boots
0x443c3c@mhfdat-jp.bin,ヘシュムHSブーツ,Hesyumu FZ Boots
0x443c40@mhfdat-jp.bin,ヘシュムGSブーツ,Hesyumu HS Boots
0x443c44@mhfdat-jp.bin,ヘシュムGPブーツ,Hesyumu GS Boots
0x443c48@mhfdat-jp.bin,ヘシュムZPブーツ,Hesyumu GP Boots
0x443c4c@mhfdat-jp.bin,カサミエフット,Hesyumu ZP Boots
0x443c50@mhfdat-jp.bin,カサミエＦフット,Kasamie Feet
0x443c54@mhfdat-jp.bin,カサミエFZフット,Kasamie F Feet
0x443c58@mhfdat-jp.bin,カサミエHSフット,Kasamie FZ Feet
0x443c5c@mhfdat-jp.bin,カサミエGSフット,Kasamie HS Feet
0x443c60@mhfdat-jp.bin,カサミエGPフット,Kasamie GS Feet
0x443c64@mhfdat-jp.bin,カサミエZPフット,Kasamie GP Feet
0x443c68@mhfdat-jp.bin,カサミエブーツ,Kasamie ZP Feet
0x443c6c@mhfdat-jp.bin,カサミエＦブーツ,Kasamie Boots
0x443c70@mhfdat-jp.bin,カサミエFZブーツ,Kasamie F Boots
0x443c74@mhfdat-jp.bin,カサミエHSブーツ,Kasamie FZ Boots
0x443c78@mhfdat-jp.bin,カサミエGSブーツ,Kasamie HS Boots
0x443c7c@mhfdat-jp.bin,カサミエGPブーツ,Kasamie GS Boots
0x443c80@mhfdat-jp.bin,カサミエZPブーツ,Kasamie GP Boots
0x443c84@mhfdat-jp.bin,シエロZPフット,Kasamie ZP Boots
0x443c88@mhfdat-jp.bin,シエロZPブーツ,Cielo ZP Feet
0x443c8c@mhfdat-jp.bin,ヴィーチZPフット,Cielo ZP Boots
0x443c90@mhfdat-jp.bin,ヴィーチZPブーツ,Vichi ZP Feet
0x443c94@mhfdat-jp.bin,ラピヌZPフット,Vichi ZP Boots
0x443c98@mhfdat-jp.bin,ラピヌZPブーツ,Lapine ZP Feet
0x443c9c@mhfdat-jp.bin,ベイルZPディバイダー,Lapine ZP Boots
0x443ca0@mhfdat-jp.bin,パシオグリーヴ,Beil ZP Divider
0x443ca4@mhfdat-jp.bin,パシオＦグリーヴ,Pashio Greaves
0x443ca8@mhfdat-jp.bin,パシオFYグリーヴ,Pashio F Greaves
0x443cac@mhfdat-jp.bin,パシオHSグリーヴ,Pashio FY Greaves
0x443cb0@mhfdat-jp.bin,パシオＧグリーヴ,Pashio HS Greaves
0x443cb4@mhfdat-jp.bin,パシオGFグリーヴ,Pashio G Greaves
0x443cb8@mhfdat-jp.bin,パシオGXグリーヴ,Pashio GF Greaves
0x443cbc@mhfdat-jp.bin,パシオレギンス,Pashio GX Greaves
0x443cc0@mhfdat-jp.bin,パシオＦレギンス,Pashio Leggings
0x443cc4@mhfdat-jp.bin,パシオFYレギンス,Pashio F Leggings
0x443cc8@mhfdat-jp.bin,パシオHSレギンス,Pashio FY Leggings
0x443ccc@mhfdat-jp.bin,パシオＧレギンス,Pashio HS Leggings
0x443cd0@mhfdat-jp.bin,パシオGFレギンス,Pashio G Leggings
0x443cd4@mhfdat-jp.bin,パシオGXレギンス,Pashio GF Leggings
0x443cd8@mhfdat-jp.bin,ハルドＤグリーヴ,Pashio GX Leggings
0x443cdc@mhfdat-jp.bin,ハルドＤレギンス,Harudo D Greaves
0x443ce0@mhfdat-jp.bin,雅孔Ｄ【具足】,Harudo D Leggings
0x443ce4@mhfdat-jp.bin,雅穿Ｄ【具足】,Elegance D [Greaves 】
0x443ce8@mhfdat-jp.bin,メラギＤグリーヴ,Grace D [Greaves 】
0x443cec@mhfdat-jp.bin,メラギＤレギンス,Meraginasu D Greaves
0x443cf0@mhfdat-jp.bin,ヘシュムＤフット,Meraginasu D Leggings
0x443cf4@mhfdat-jp.bin,カサミエＤフット,Hesyumu D Feet
0x443cf8@mhfdat-jp.bin,シエロＤフット,Kasamie D Feet
0x443cfc@mhfdat-jp.bin,ヴィーチＤフット,Cielo D Feet
0x443d00@mhfdat-jp.bin,アデルＤフット,Vichi D Feet
0x443d04@mhfdat-jp.bin,ロックブーケＤフット,Adel D Feet
0x443d08@mhfdat-jp.bin,アルカイザーＤフット,Rocbouquet D Feet
0x443d0c@mhfdat-jp.bin,クローディアＤフット,Alkaiser D Feet
0x443d10@mhfdat-jp.bin,キノスＤグリーヴ,Claudia D Feet
0x443d14@mhfdat-jp.bin,ヒメロスＤグリーヴ,Kinosu D Greaves
0x443d18@mhfdat-jp.bin,カリエンＤレギンス,Himeros D Greaves
0x443d1c@mhfdat-jp.bin,アリエッタＤレッグ,Charien D Leggings
0x443d20@mhfdat-jp.bin,クラフトＤブーツ,Arietta D Leg
0x443d24@mhfdat-jp.bin,シエリーＤグリーヴ,Craft D Boots
0x443d28@mhfdat-jp.bin,プペンＤグリーヴ,Shieri D Greaves
0x443d2c@mhfdat-jp.bin,モスカバＤグリーヴ,Pupen D Greaves
0x443d30@mhfdat-jp.bin,エクセレＤグリーヴ,Moss Cover D Greaves
0x443d34@mhfdat-jp.bin,オルドルＤグリーヴ,Excelle D Greaves
0x443d38@mhfdat-jp.bin,リオデュオＤグリーヴ,Ordre D Greaves
0x443d3c@mhfdat-jp.bin,アトラＤグリーヴ,Rath Duo D Greaves
0x443d40@mhfdat-jp.bin,マダルＤグリーヴ,Atra D Greaves
0x443d44@mhfdat-jp.bin,シャッセＤグリーヴ,Madaru D Greaves
0x443d48@mhfdat-jp.bin,オルケシスＤグリーヴ,Shasse D Greaves
0x443d4c@mhfdat-jp.bin,ブリゼＤグリーヴ,Orchesis D Greaves
0x443d50@mhfdat-jp.bin,クオイズＤフット,Blize D Greaves
0x443d54@mhfdat-jp.bin,カライスＤフット,Quoiz D Feet
0x443d58@mhfdat-jp.bin,ルケーゼＤフット,Kalais D Feet
0x443d5c@mhfdat-jp.bin,エントラＤグリーヴ,Lucchese D Feet
0x443d60@mhfdat-jp.bin,ﾖﾙﾊ九号S型フット,Entora D Greaves
0x443d64@mhfdat-jp.bin,ﾖﾙﾊ九号S型Ｆフット,YoRHa No.9 Type S Feet
0x443d68@mhfdat-jp.bin,ﾖﾙﾊ九号S型FZフット,YoRHa No.9 Type S F Feet
0x443d6c@mhfdat-jp.bin,ﾖﾙﾊ九号S型HSフット,YoRHa No.9 Type S FZ Feet
0x443d70@mhfdat-jp.bin,ﾖﾙﾊ九号S型GSフット,YoRHa No.9 Type S HS Feet
0x443d74@mhfdat-jp.bin,ﾖﾙﾊ九号S型GPフット,YoRHa No.9 Type S GS Feet
0x443d78@mhfdat-jp.bin,ﾖﾙﾊ九号S型ZPフット,YoRHa No.9 Type S GP Feet
0x443d7c@mhfdat-jp.bin,ﾖﾙﾊ九号S型ブーツ,YoRHa No.9 Type S ZP Feet
0x443d80@mhfdat-jp.bin,ﾖﾙﾊ九号S型Ｆブーツ,YoRHa No.9 Type S Boots
0x443d84@mhfdat-jp.bin,ﾖﾙﾊ九号S型FZブーツ,YoRHa No.9 Type S F Boots
0x443d88@mhfdat-jp.bin,ﾖﾙﾊ九号S型HSブーツ,YoRHa No.9 Type S FZ Boots
0x443d8c@mhfdat-jp.bin,ﾖﾙﾊ九号S型GSブーツ,YoRHa No.9 Type S HS Boots
0x443d90@mhfdat-jp.bin,ﾖﾙﾊ九号S型GPブーツ,YoRHa No.9 Type S GS Boots
0x443d94@mhfdat-jp.bin,ﾖﾙﾊ九号S型ZPブーツ,YoRHa No.9 Type S GP Boots
0x443d98@mhfdat-jp.bin,ﾖﾙﾊ二号B型フット,YoRHa No.9 Type S ZP Boots
0x443d9c@mhfdat-jp.bin,ﾖﾙﾊ二号B型Ｆフット,YoRHa No.2 Type B Feet
0x443da0@mhfdat-jp.bin,ﾖﾙﾊ二号B型FZフット,YoRHa No.2 Type B F Feet
0x443da4@mhfdat-jp.bin,ﾖﾙﾊ二号B型HSフット,YoRHa No.2 Type B FZ Feet
0x443da8@mhfdat-jp.bin,ﾖﾙﾊ二号B型GSフット,YoRHa No.2 Type B HS Feet
0x443dac@mhfdat-jp.bin,ﾖﾙﾊ二号B型GPフット,YoRHa No.2 Type B GS Feet
0x443db0@mhfdat-jp.bin,ﾖﾙﾊ二号B型ZPフット,YoRHa No.2 Type B GP Feet
0x443db4@mhfdat-jp.bin,ﾖﾙﾊ二号B型ブーツ,YoRHa No.2 Type B ZP Feet
0x443db8@mhfdat-jp.bin,ﾖﾙﾊ二号B型Ｆブーツ,YoRHa No.2 Type B Boots
0x443dbc@mhfdat-jp.bin,ﾖﾙﾊ二号B型FZブーツ,YoRHa No.2 Type B F Boots
0x443dc0@mhfdat-jp.bin,ﾖﾙﾊ二号B型HSブーツ,YoRHa No.2 Type B FZ Boots
0x443dc4@mhfdat-jp.bin,ﾖﾙﾊ二号B型GSブーツ,YoRHa No.2 Type B HS Boots
0x443dc8@mhfdat-jp.bin,ﾖﾙﾊ二号B型GPブーツ,YoRHa No.2 Type B GS Boots
0x443dcc@mhfdat-jp.bin,ﾖﾙﾊ二号B型ZPブーツ,YoRHa No.2 Type B GP Boots
0x443dd0@mhfdat-jp.bin,シャガルグリーヴ,YoRHa No.2 Type B ZP Boots
0x443dd4@mhfdat-jp.bin,シャガルＧグリーヴ,Shagaru Greaves
0x443dd8@mhfdat-jp.bin,シャガルGFグリーヴ,Shagaru G Greaves
0x443ddc@mhfdat-jp.bin,シャガルGXグリーヴ,Shagaru GF Greaves
0x443de0@mhfdat-jp.bin,シャガルレギンス,Shagaru GX Greaves
0x443de4@mhfdat-jp.bin,シャガルＧレギンス,Shagaru Leggings
0x443de8@mhfdat-jp.bin,シャガルGFレギンス,Shagaru G Leggings
0x443dec@mhfdat-jp.bin,シャガルGXレギンス,Shagaru GF Leggings
0x443df0@mhfdat-jp.bin,ヒュジＺグリーヴ,Shagaru GX Leggings
0x443df4@mhfdat-jp.bin,ヒュジZFグリーヴ,Hyujikiki Z Greaves
0x443df8@mhfdat-jp.bin,ヒュジZYグリーヴ,Hyujikiki ZF Greaves
0x443dfc@mhfdat-jp.bin,ヒュジZXグリーヴ,Hyujikiki ZY Greaves
0x443e00@mhfdat-jp.bin,ヒュジＺレギンス,Hyujikiki ZX Greaves
0x443e04@mhfdat-jp.bin,ヒュジZFレギンス,Hyujikiki Z Leggings
0x443e08@mhfdat-jp.bin,ヒュジZYレギンス,Hyujikiki ZF Leggings
0x443e0c@mhfdat-jp.bin,ヒュジZXレギンス,Hyujikiki ZY Leggings
0x443e10@mhfdat-jp.bin,ギアＺグリーヴ,Hyujikiki ZX Leggings
0x443e14@mhfdat-jp.bin,ギアZFグリーヴ,Gear Z Greaves
0x443e18@mhfdat-jp.bin,ギアZYグリーヴ,Gear ZF Greaves
0x443e1c@mhfdat-jp.bin,ギアZXグリーヴ,Gear ZY Greaves
0x443e20@mhfdat-jp.bin,ギアＺレギンス,Gear ZX Greaves
0x443e24@mhfdat-jp.bin,ギアZFレギンス,Gear Z Leggings
0x443e28@mhfdat-jp.bin,ギアZYレギンス,Gear ZF Leggings
0x443e2c@mhfdat-jp.bin,ギアZXレギンス,Gear ZY Leggings
0x443e30@mhfdat-jp.bin,ロッカフット,Gear ZX Leggings
0x443e34@mhfdat-jp.bin,ロッカＦフット,Rokka Feet
0x443e38@mhfdat-jp.bin,ロッカFZフット,Rokka F Feet
0x443e3c@mhfdat-jp.bin,ロッカHSフット,Rokka FZ Feet
0x443e40@mhfdat-jp.bin,ロッカGSフット,Rokka HS Feet
0x443e44@mhfdat-jp.bin,ロッカGPフット,Rokka GS Feet
0x443e48@mhfdat-jp.bin,ロッカZPフット,Rokka GP Feet
0x443e4c@mhfdat-jp.bin,ロッカブーツ,Rokka ZP Feet
0x443e50@mhfdat-jp.bin,ロッカＦブーツ,Rokka Boots
0x443e54@mhfdat-jp.bin,ロッカFZブーツ,Rokka F Boots
0x443e58@mhfdat-jp.bin,ロッカHSブーツ,Rokka FZ Boots
0x443e5c@mhfdat-jp.bin,ロッカGSブーツ,Rokka HS Boots
0x443e60@mhfdat-jp.bin,ロッカGPブーツ,Rokka GS Boots
0x443e64@mhfdat-jp.bin,ロッカZPブーツ,Rokka GP Boots
0x443e68@mhfdat-jp.bin,ペンレフット,Rokka ZP Boots
0x443e6c@mhfdat-jp.bin,ペンレＦフット,Penre Feet
0x443e70@mhfdat-jp.bin,ペンレFZフット,Penre F Feet
0x443e74@mhfdat-jp.bin,ペンレHSフット,Penre FZ Feet
0x443e78@mhfdat-jp.bin,ペンレGSフット,Penre HS Feet
0x443e7c@mhfdat-jp.bin,ペンレGPフット,Penre GS Feet
0x443e80@mhfdat-jp.bin,ペンレZPフット,Penre GP Feet
0x443e84@mhfdat-jp.bin,ペンレブーツ,Penre ZP Feet
0x443e88@mhfdat-jp.bin,ペンレＦブーツ,Penre Boots
0x443e8c@mhfdat-jp.bin,ペンレFZブーツ,Penre F Boots
0x443e90@mhfdat-jp.bin,ペンレHSブーツ,Penre FZ Boots
0x443e94@mhfdat-jp.bin,ペンレGSブーツ,Penre HS Boots
0x443e98@mhfdat-jp.bin,ペンレGPブーツ,Penre GS Boots
0x443e9c@mhfdat-jp.bin,ペンレZPブーツ,Penre GP Boots
0x443ea0@mhfdat-jp.bin,赤原礼装・脚：剣ZP赤,Penre ZP Boots
0x443ea4@mhfdat-jp.bin,赤原礼装・脚：弓ZP赤,Akahara Reisou BM Legs ZP Red
0x443ea8@mhfdat-jp.bin,赤原礼装・脚：剣ZP青,Akahara Reisou GN Legs ZP Red
0x443eac@mhfdat-jp.bin,赤原礼装・脚：弓ZP青,Akahara Reisou BM Legs ZP Blue
0x443eb0@mhfdat-jp.bin,赤原礼装・脚：剣ZP黒,Akahara Reisou GN Legs ZP Blue
0x443eb4@mhfdat-jp.bin,赤原礼装・脚：弓ZP黒,Akahara Reisou BM Legs ZP Black
0x443eb8@mhfdat-jp.bin,赤原礼装・脚：剣ZP白,Akahara Reisou GN Legs ZP Black
0x443ebc@mhfdat-jp.bin,赤原礼装・脚：弓ZP白,Akahara Reisou BM Legs ZP White
0x443ec0@mhfdat-jp.bin,騎士王の脚甲：剣ZP青,Akahara Reisou GN Legs ZP White
0x443ec4@mhfdat-jp.bin,騎士王の脚甲：弓ZP青,Knight King Legs BM ZP Blue
0x443ec8@mhfdat-jp.bin,騎士王の脚甲：剣ZP赤,Knight King Legs GN ZP Blue
0x443ecc@mhfdat-jp.bin,騎士王の脚甲：弓ZP赤,Knight King Legs BM ZP Red
0x443ed0@mhfdat-jp.bin,騎士王の脚甲：剣ZP黒,Knight King Legs GN ZP Red
0x443ed4@mhfdat-jp.bin,騎士王の脚甲：弓ZP黒,Knight King Legs BM ZP Black
0x443ed8@mhfdat-jp.bin,騎士王の脚甲：剣ZP白,Knight King Legs GN ZP Black
0x443edc@mhfdat-jp.bin,騎士王の脚甲：弓ZP白,Knight King Legs BM ZP White
0x443ee0@mhfdat-jp.bin,英雄王の脚甲：剣ZP金,Knight King Legs GN ZP White
0x443ee4@mhfdat-jp.bin,英雄王の脚甲：銃ZP金,Hero King Legs BM ZP Gold
0x443ee8@mhfdat-jp.bin,英雄王の脚甲：剣ZP黒,Hero King Legs GN ZP Gold
0x443eec@mhfdat-jp.bin,英雄王の脚甲：銃ZP黒,Hero King Legs BM ZP Black
0x443ef0@mhfdat-jp.bin,英雄王の脚甲：剣ZP白,Hero King Legs GN ZP Black
0x443ef4@mhfdat-jp.bin,英雄王の脚甲：銃ZP白,Hero King Legs BM ZP White
0x443ef8@mhfdat-jp.bin,英雄王の脚甲：剣ZP赤,Hero King Legs GN ZP White
0x443efc@mhfdat-jp.bin,英雄王の脚甲：銃ZP赤,Hero King Legs BM ZP Red
0x443f00@mhfdat-jp.bin,ゴルゴンZPフット・黒,Hero King Legs GN ZP Red
0x443f04@mhfdat-jp.bin,ゴルゴンZPブーツ・黒,Gorgon ZP Feet・Black
0x443f08@mhfdat-jp.bin,ゴルゴンZPフット・青,Gorgon ZP Boots・Black
0x443f0c@mhfdat-jp.bin,ゴルゴンZPブーツ・青,Gorgon ZP Feet・Blue
0x443f10@mhfdat-jp.bin,ゴルゴンZPフット・白,Gorgon ZP Boots・Blue
0x443f14@mhfdat-jp.bin,ゴルゴンZPブーツ・白,Gorgon ZP Feet・White
0x443f18@mhfdat-jp.bin,ゴルゴンZPフット・赤,Gorgon ZP Boots・White
0x443f1c@mhfdat-jp.bin,ゴルゴンZPブーツ・赤,Gorgon ZP Feet・Red
0x443f20@mhfdat-jp.bin,アーベンZPフット,Gorgon ZP Boots・Red
0x443f24@mhfdat-jp.bin,アーベンZPブーツ,Arben ZP Feet
0x443f28@mhfdat-jp.bin,アウラZPフット,Arben ZP Boots
0x443f2c@mhfdat-jp.bin,アウラZPブーツ,Aura ZP Feet
0x443f30@mhfdat-jp.bin,ガガチュZPフット,Aura ZP Boots
0x443f34@mhfdat-jp.bin,ガガチュZPブーツ,Gagachu ZP Feet
0x443f38@mhfdat-jp.bin,クロフィZPフット,Gagachu ZP Boots
0x443f3c@mhfdat-jp.bin,クロフィZPブーツ,Kurofi ZP Feet
0x443f40@mhfdat-jp.bin,ケラヴノZPフット,Kurofi ZP Boots
0x443f44@mhfdat-jp.bin,ケラヴノZPブーツ,Keravuno ZP Feet
0x443f48@mhfdat-jp.bin,リカンテＺグリーヴ,Keravuno ZP Boots
0x443f4c@mhfdat-jp.bin,リカンテZFグリーヴ,Rikante Z Greaves
0x443f50@mhfdat-jp.bin,リカンテZYグリーヴ,Rikante ZF Greaves
0x443f54@mhfdat-jp.bin,リカンテZXグリーヴ,Rikante ZY Greaves
0x443f58@mhfdat-jp.bin,リカンテＺレギンス,Rikante ZX Greaves
0x443f5c@mhfdat-jp.bin,リカンテZFレギンス,Rikante Z Leggings
0x443f60@mhfdat-jp.bin,リカンテZYレギンス,Rikante ZF Leggings
0x443f64@mhfdat-jp.bin,リカンテZXレギンス,Rikante ZY Leggings
0x443f68@mhfdat-jp.bin,チャトレＧグリーヴ,Rikante ZX Leggings
0x443f6c@mhfdat-jp.bin,チャトレGFグリーヴ,Chatore G Greaves
0x443f70@mhfdat-jp.bin,チャトレGXグリーヴ,Chatore GF Greaves
0x443f74@mhfdat-jp.bin,チャトレＧレギンス,Chatore GX Greaves
0x443f78@mhfdat-jp.bin,チャトレGFレギンス,Chatore G Leggings
0x443f7c@mhfdat-jp.bin,チャトレGXレギンス,Chatore GF Leggings
0x443f80@mhfdat-jp.bin,ドゥンルGXグリーヴ,Chatore GX Leggings
0x443f84@mhfdat-jp.bin,ドゥンルGXレギンス,Donru GX Greaves
0x443f88@mhfdat-jp.bin,ペンレＤフット,Donru GX Leggings
0x443f8c@mhfdat-jp.bin,ロッカＤフット,Penre D Feet
0x443f90@mhfdat-jp.bin,ﾖﾙﾊ九号S型Ｄフット,Rokka D Feet
0x443f94@mhfdat-jp.bin,ﾖﾙﾊ二号B型Ｄフット,YoRHa No.9 Type S D Feet
0x443f98@mhfdat-jp.bin,トリートＣグリーヴ,YoRHa No.2 Type B D Feet
0x443f9c@mhfdat-jp.bin,クラフトＣブーツ,トリートC Greaves
0x443fa0@mhfdat-jp.bin,シエロＣフット,Craft C Boots
0x443fa4@mhfdat-jp.bin,アイルーＣグリーヴ,Cielo C Feet
0x443fa8@mhfdat-jp.bin,赤原礼装・脚：弓Ｄ赤,Felyne C Greaves
0x443fac@mhfdat-jp.bin,赤原礼装・脚：弓Ｄ青,Akahara Reisou GN Legs D Red
0x443fb0@mhfdat-jp.bin,赤原礼装・脚：弓Ｄ黒,Akahara Reisou GN Legs D Blue
0x443fb4@mhfdat-jp.bin,赤原礼装・脚：弓Ｄ白,Akahara Reisou GN Legs D Black
0x443fb8@mhfdat-jp.bin,騎士王の脚甲：剣Ｄ青,Akahara Reisou GN Legs D White
0x443fbc@mhfdat-jp.bin,騎士王の脚甲：剣Ｄ赤,Knight King Legs BM D Blue
0x443fc0@mhfdat-jp.bin,騎士王の脚甲：剣Ｄ黒,Knight King Legs BM D Red
0x443fc4@mhfdat-jp.bin,騎士王の脚甲：剣Ｄ白,Knight King Legs BM D Black
0x443fc8@mhfdat-jp.bin,英雄王の脚甲：剣Ｄ金,Knight King Legs BM D White
0x443fcc@mhfdat-jp.bin,英雄王の脚甲：剣Ｄ黒,Hero King Legs BM D Gold
0x443fd0@mhfdat-jp.bin,英雄王の脚甲：剣Ｄ白,Hero King Legs BM D Black
0x443fd4@mhfdat-jp.bin,英雄王の脚甲：剣Ｄ赤,Hero King Legs BM D White
0x443fd8@mhfdat-jp.bin,ゴルゴンＤフット・黒,Hero King Legs BM D Red
0x443fdc@mhfdat-jp.bin,ゴルゴンＤフット・青,Gorgon D Feet・Black
0x443fe0@mhfdat-jp.bin,ゴルゴンＤフット・白,Gorgon D Feet・Blue
0x443fe4@mhfdat-jp.bin,ゴルゴンＤフット・赤,Gorgon D Feet・White
0x443fe8@mhfdat-jp.bin,アーベンＤフット,Gorgon D Feet・Red
0x443fec@mhfdat-jp.bin,アウラＤフット,Arben D Feet
0x443ff0@mhfdat-jp.bin,ガガチュＤフット,Aura D Feet
0x443ff4@mhfdat-jp.bin,クロフィＤフット,Gagachu D Feet
0x443ff8@mhfdat-jp.bin,ケラヴノＤフット,Kurofi D Feet
0x443ffc@mhfdat-jp.bin,エスピナZDフェルゼ,Keravuno D Feet
0x444000@mhfdat-jp.bin,エスピナZDアヴィレ,Espinas ZD Heel
0x444004@mhfdat-jp.bin,ヒプノZDグリーヴ,Espinas ZD March
0x444008@mhfdat-jp.bin,ヒプノZDレギンス,Hypnoc ZD Greaves
0x44400c@mhfdat-jp.bin,フルフルZDグリーヴ,Hypnoc ZD Leggings
0x444010@mhfdat-jp.bin,フルフルZDレギンス,Khezu ZD Greaves
0x444014@mhfdat-jp.bin,ザザミZDグリーヴ,Khezu ZD Leggings
0x444018@mhfdat-jp.bin,ザザミZDレギンス,Hermitaur ZD Greaves
0x44401c@mhfdat-jp.bin,レウスZDグリーヴ,Hermitaur ZD Leggings
0x444020@mhfdat-jp.bin,レウスZDレギンス,Rathalos ZD Greaves
0x444024@mhfdat-jp.bin,ブランゴZDグリーヴ,Rathalos ZD Leggings
0x444028@mhfdat-jp.bin,ブランゴZDレギンス,Blango ZD Greaves
0x44402c@mhfdat-jp.bin,ヴァシムZDグリーヴ,Blango ZD Leggings
0x444030@mhfdat-jp.bin,ヴァシムZDレギンス,Vashimu ZD Greaves
0x444034@mhfdat-jp.bin,レックスZDグリーヴ,Vashimu ZD Leggings
0x444038@mhfdat-jp.bin,レックスZDレギンス,Tigrex ZD Greaves
0x44403c@mhfdat-jp.bin,ヒュジZDグリーヴ,Tigrex ZD Leggings
0x444040@mhfdat-jp.bin,ヒュジZDレギンス,Hyujikiki ZD Greaves
0x444044@mhfdat-jp.bin,ギアZDグリーヴ,Hyujikiki ZD Leggings
0x444048@mhfdat-jp.bin,ギアZDレギンス,Gear ZD Greaves
0x44404c@mhfdat-jp.bin,ムルタＤフット,Gear ZD Leggings
0x444050@mhfdat-jp.bin,ミドＺグリーヴ,Muruta D Feet
0x444054@mhfdat-jp.bin,ミドZFグリーヴ,Midogaron Z Greaves
0x444058@mhfdat-jp.bin,ミドZYグリーヴ,Midogaron ZF Greaves
0x44405c@mhfdat-jp.bin,ミドZXグリーヴ,Midogaron ZY Greaves
0x444060@mhfdat-jp.bin,ミドＺレギンス,Midogaron ZX Greaves
0x444064@mhfdat-jp.bin,ミドZFレギンス,Midogaron Z Leggings
0x444068@mhfdat-jp.bin,ミドZYレギンス,Midogaron ZF Leggings
0x44406c@mhfdat-jp.bin,ミドZXレギンス,Midogaron ZY Leggings
0x444070@mhfdat-jp.bin,祖龍GXフット,Midogaron ZX Leggings
0x444074@mhfdat-jp.bin,祖龍GXレグス,White Fatalis GX Feet
0x444078@mhfdat-jp.bin,エルゼＧグリーヴ,White Fatalis GX Legs
0x44407c@mhfdat-jp.bin,エルゼGFグリーヴ,Elzelion G Greaves
0x444080@mhfdat-jp.bin,エルゼGXグリーヴ,Elzelion GF Greaves
0x444084@mhfdat-jp.bin,エルゼＧレギンス,Elzelion GX Greaves
0x444088@mhfdat-jp.bin,エルゼGFレギンス,Elzelion G Leggings
0x44408c@mhfdat-jp.bin,エルゼGXレギンス,Elzelion GF Leggings
0x444090@mhfdat-jp.bin,ザッカフット,Elzelion GX Leggings
0x444094@mhfdat-jp.bin,ザッカＦフット,Zakka Feet
0x444098@mhfdat-jp.bin,ザッカFZフット,Zakka F Feet
0x44409c@mhfdat-jp.bin,ザッカHSフット,Zakka FZ Feet
0x4440a0@mhfdat-jp.bin,ザッカGSフット,Zakka HS Feet
0x4440a4@mhfdat-jp.bin,ザッカGPフット,Zakka GS Feet
0x4440a8@mhfdat-jp.bin,ザッカZPフット,Zakka GP Feet
0x4440ac@mhfdat-jp.bin,ザッカブーツ,Zakka ZP Feet
0x4440b0@mhfdat-jp.bin,ザッカＦブーツ,Zakka Boots
0x4440b4@mhfdat-jp.bin,ザッカFZブーツ,Zakka F Boots
0x4440b8@mhfdat-jp.bin,ザッカHSブーツ,Zakka FZ Boots
0x4440bc@mhfdat-jp.bin,ザッカGSブーツ,Zakka HS Boots
0x4440c0@mhfdat-jp.bin,ザッカGPブーツ,Zakka GS Boots
0x4440c4@mhfdat-jp.bin,ザッカZPブーツ,Zakka GP Boots
0x4440c8@mhfdat-jp.bin,蒼ノ剣雄フット,Zakka ZP Boots
0x4440cc@mhfdat-jp.bin,蒼ノ剣雄Ｆフット,Sword Hero Feet
0x4440d0@mhfdat-jp.bin,蒼ノ剣雄FZフット,Sword Hero F Feet
0x4440d4@mhfdat-jp.bin,蒼ノ剣雄HSフット,Sword Hero FZ Feet
0x4440d8@mhfdat-jp.bin,蒼ノ剣雄GSフット,Sword Hero HS Feet
0x4440dc@mhfdat-jp.bin,蒼ノ剣雄GPフット,Sword Hero GS Feet
0x4440e0@mhfdat-jp.bin,蒼ノ剣雄ZPフット,Sword Hero GP Feet
0x4440e4@mhfdat-jp.bin,紅ノ双星フット,Sword Hero ZP Feet
0x4440e8@mhfdat-jp.bin,紅ノ双星Ｆフット,Twin Star Feet
0x4440ec@mhfdat-jp.bin,紅ノ双星FZフット,Twin Star F Feet
0x4440f0@mhfdat-jp.bin,紅ノ双星HSフット,Twin Star FZ Feet
0x4440f4@mhfdat-jp.bin,紅ノ双星GSフット,Twin Star HS Feet
0x4440f8@mhfdat-jp.bin,紅ノ双星GPフット,Twin Star GS Feet
0x4440fc@mhfdat-jp.bin,紅ノ双星ZPフット,Twin Star GP Feet
0x444100@mhfdat-jp.bin,黒ノ天剣フット,Twin Star ZP Feet
0x444104@mhfdat-jp.bin,黒ノ天剣Ｆフット,Heaven Blade Feet
0x444108@mhfdat-jp.bin,黒ノ天剣FZフット,Heaven Blade F Feet
0x44410c@mhfdat-jp.bin,黒ノ天剣HSフット,Heaven Blade FZ Feet
0x444110@mhfdat-jp.bin,黒ノ天剣GSフット,Heaven Blade HS Feet
0x444114@mhfdat-jp.bin,黒ノ天剣GPフット,Heaven Blade GS Feet
0x444118@mhfdat-jp.bin,黒ノ天剣ZPフット,Heaven Blade GP Feet
0x44411c@mhfdat-jp.bin,茜ノ春刀フット,Heaven Blade ZP Feet
0x444120@mhfdat-jp.bin,茜ノ春刀Ｆフット,Spring Sword Feet
0x444124@mhfdat-jp.bin,茜ノ春刀FZフット,Spring Sword F Feet
0x444128@mhfdat-jp.bin,茜ノ春刀HSフット,Spring Sword FZ Feet
0x44412c@mhfdat-jp.bin,茜ノ春刀GSフット,Spring Sword HS Feet
0x444130@mhfdat-jp.bin,茜ノ春刀GPフット,Spring Sword GS Feet
0x444134@mhfdat-jp.bin,茜ノ春刀ZPフット,Spring Sword GP Feet
0x444138@mhfdat-jp.bin,菊ノ乱鎚フット,Spring Sword ZP Feet
0x44413c@mhfdat-jp.bin,菊ノ乱鎚Ｆフット,Riot Hammer Feet
0x444140@mhfdat-jp.bin,菊ノ乱鎚FZフット,Riot Hammer F Feet
0x444144@mhfdat-jp.bin,菊ノ乱鎚HSフット,Riot Hammer FZ Feet
0x444148@mhfdat-jp.bin,菊ノ乱鎚GSフット,Riot Hammer HS Feet
0x44414c@mhfdat-jp.bin,菊ノ乱鎚GPフット,Riot Hammer GS Feet
0x444150@mhfdat-jp.bin,菊ノ乱鎚ZPフット,Riot Hammer GP Feet
0x444154@mhfdat-jp.bin,桜ノ歌笛フット,Riot Hammer ZP Feet
0x444158@mhfdat-jp.bin,桜ノ歌笛Ｆフット,Song Horn Feet
0x44415c@mhfdat-jp.bin,桜ノ歌笛FZフット,Song Horn F Feet
0x444160@mhfdat-jp.bin,桜ノ歌笛HSフット,Song Horn FZ Feet
0x444164@mhfdat-jp.bin,桜ノ歌笛GSフット,Song Horn HS Feet
0x444168@mhfdat-jp.bin,桜ノ歌笛GPフット,Song Horn GS Feet
0x44416c@mhfdat-jp.bin,桜ノ歌笛ZPフット,Song Horn GP Feet
0x444170@mhfdat-jp.bin,空ノ砕槍フット,Song Horn ZP Feet
0x444174@mhfdat-jp.bin,空ノ砕槍Ｆフット,Crush Lance Feet
0x444178@mhfdat-jp.bin,空ノ砕槍FZフット,Crush Lance F Feet
0x44417c@mhfdat-jp.bin,空ノ砕槍HSフット,Crush Lance FZ Feet
0x444180@mhfdat-jp.bin,空ノ砕槍GSフット,Crush Lance HS Feet
0x444184@mhfdat-jp.bin,空ノ砕槍GPフット,Crush Lance GS Feet
0x444188@mhfdat-jp.bin,空ノ砕槍ZPフット,Crush Lance GP Feet
0x44418c@mhfdat-jp.bin,宵ノ告槍フット,Crush Lance ZP Feet
0x444190@mhfdat-jp.bin,宵ノ告槍Ｆフット,Scream Lance Feet
0x444194@mhfdat-jp.bin,宵ノ告槍FZフット,Scream Lance F Feet
0x444198@mhfdat-jp.bin,宵ノ告槍HSフット,Scream Lance FZ Feet
0x44419c@mhfdat-jp.bin,宵ノ告槍GSフット,Scream Lance HS Feet
0x4441a0@mhfdat-jp.bin,宵ノ告槍GPフット,Scream Lance GS Feet
0x4441a4@mhfdat-jp.bin,宵ノ告槍ZPフット,Scream Lance GP Feet
0x4441a8@mhfdat-jp.bin,白ノ穿光フット,Scream Lance ZP Feet
0x4441ac@mhfdat-jp.bin,白ノ穿光Ｆフット,Piercing Light Feet
0x4441b0@mhfdat-jp.bin,白ノ穿光FZフット,Piercing Light F Feet
0x4441b4@mhfdat-jp.bin,白ノ穿光HSフット,Piercing Light FZ Feet
0x4441b8@mhfdat-jp.bin,白ノ穿光GSフット,Piercing Light HS Feet
0x4441bc@mhfdat-jp.bin,白ノ穿光GPフット,Piercing Light GS Feet
0x4441c0@mhfdat-jp.bin,白ノ穿光ZPフット,Piercing Light GP Feet
0x4441c4@mhfdat-jp.bin,藤ノ彩斧フット,Piercing Light ZP Feet
0x4441c8@mhfdat-jp.bin,藤ノ彩斧Ｆフット,Colour Axe Feet
0x4441cc@mhfdat-jp.bin,藤ノ彩斧FZフット,Colour Axe F Feet
0x4441d0@mhfdat-jp.bin,藤ノ彩斧HSフット,Colour Axe FZ Feet
0x4441d4@mhfdat-jp.bin,藤ノ彩斧GSフット,Colour Axe HS Feet
0x4441d8@mhfdat-jp.bin,藤ノ彩斧GPフット,Colour Axe GS Feet
0x4441dc@mhfdat-jp.bin,藤ノ彩斧ZPフット,Colour Axe GP Feet
0x4441e0@mhfdat-jp.bin,陽ノ砲銃ブーツ,Colour Axe ZP Feet
0x4441e4@mhfdat-jp.bin,陽ノ砲銃Ｆブーツ,Blast Gun Boots
0x4441e8@mhfdat-jp.bin,陽ノ砲銃FZブーツ,Blast Gun F Boots
0x4441ec@mhfdat-jp.bin,陽ノ砲銃HSブーツ,Blast Gun FZ Boots
0x4441f0@mhfdat-jp.bin,陽ノ砲銃GSブーツ,Blast Gun HS Boots
0x4441f4@mhfdat-jp.bin,陽ノ砲銃GPブーツ,Blast Gun GS Boots
0x4441f8@mhfdat-jp.bin,陽ノ砲銃ZPブーツ,Blast Gun GP Boots
0x4441fc@mhfdat-jp.bin,地ノ崩砲ブーツ,Blast Gun ZP Boots
0x444200@mhfdat-jp.bin,地ノ崩砲Ｆブーツ,Crush Gun Boots
0x444204@mhfdat-jp.bin,地ノ崩砲FZブーツ,Crush Gun F Boots
0x444208@mhfdat-jp.bin,地ノ崩砲HSブーツ,Crush Gun FZ Boots
0x44420c@mhfdat-jp.bin,地ノ崩砲GSブーツ,Crush Gun HS Boots
0x444210@mhfdat-jp.bin,地ノ崩砲GPブーツ,Crush Gun GS Boots
0x444214@mhfdat-jp.bin,地ノ崩砲ZPブーツ,Crush Gun GP Boots
0x444218@mhfdat-jp.bin,夜ノ弓聖ブーツ,Crush Gun ZP Boots
0x44421c@mhfdat-jp.bin,夜ノ弓聖Ｆブーツ,Bow Saint Boots
0x444220@mhfdat-jp.bin,夜ノ弓聖FZブーツ,Bow Saint F Boots
0x444224@mhfdat-jp.bin,夜ノ弓聖HSブーツ,Bow Saint FZ Boots
0x444228@mhfdat-jp.bin,夜ノ弓聖GSブーツ,Bow Saint HS Boots
0x44422c@mhfdat-jp.bin,夜ノ弓聖GPブーツ,Bow Saint GS Boots
0x444230@mhfdat-jp.bin,夜ノ弓聖ZPブーツ,Bow Saint GP Boots
0x444234@mhfdat-jp.bin,ランタナフット,Bow Saint ZP Boots
0x444238@mhfdat-jp.bin,ランタナＦフット,Rantana Feet
0x44423c@mhfdat-jp.bin,ランタナFZフット,Rantana F Feet
0x444240@mhfdat-jp.bin,ランタナHSフット,Rantana FZ Feet
0x444244@mhfdat-jp.bin,ランタナGSフット,Rantana HS Feet
0x444248@mhfdat-jp.bin,ランタナGPフット,Rantana GS Feet
0x44424c@mhfdat-jp.bin,ランタナZPフット,Rantana GP Feet
0x444250@mhfdat-jp.bin,ランタナブーツ,Rantana ZP Feet
0x444254@mhfdat-jp.bin,ランタナＦブーツ,Rantana Boots
0x444258@mhfdat-jp.bin,ランタナFZブーツ,Rantana F Boots
0x44425c@mhfdat-jp.bin,ランタナHSブーツ,Rantana FZ Boots
0x444260@mhfdat-jp.bin,ランタナGSブーツ,Rantana HS Boots
0x444264@mhfdat-jp.bin,ランタナGPブーツ,Rantana GS Boots
0x444268@mhfdat-jp.bin,ランタナZPブーツ,Rantana GP Boots
0x44426c@mhfdat-jp.bin,エリスフット,Rantana ZP Boots
0x444270@mhfdat-jp.bin,エリスＦフット,Eris Feet
0x444274@mhfdat-jp.bin,エリスFZフット,Eris F Feet
0x444278@mhfdat-jp.bin,エリスHSフット,Eris FZ Feet
0x44427c@mhfdat-jp.bin,エリスGSフット,Eris HS Feet
0x444280@mhfdat-jp.bin,エリスGPフット,Eris GS Feet
0x444284@mhfdat-jp.bin,エリスZPフット,Eris GP Feet
0x444288@mhfdat-jp.bin,エリスブーツ,Eris ZP Feet
0x44428c@mhfdat-jp.bin,エリスＦブーツ,Eris Boots
0x444290@mhfdat-jp.bin,エリスFZブーツ,Eris F Boots
0x444294@mhfdat-jp.bin,エリスHSブーツ,Eris FZ Boots
0x444298@mhfdat-jp.bin,エリスGSブーツ,Eris HS Boots
0x44429c@mhfdat-jp.bin,エリスGPブーツ,Eris GS Boots
0x4442a0@mhfdat-jp.bin,エリスZPブーツ,Eris GP Boots
0x4442a4@mhfdat-jp.bin,マギサZPフット・赤,Eris ZP Boots
0x4442a8@mhfdat-jp.bin,マギサZPフット・黒,Magisa ZP Feet・Red
0x4442ac@mhfdat-jp.bin,マギサZPフット・緑,Magisa ZP Feet・Black
0x4442b0@mhfdat-jp.bin,マギサZPフット・白,Magisa ZP Feet・Green
0x4442b4@mhfdat-jp.bin,ウィザーZPブーツ・赤,Magisa ZP Feet・White
0x4442b8@mhfdat-jp.bin,ウィザーZPブーツ・黒,Wizard ZP Boots・Red
0x4442bc@mhfdat-jp.bin,ウィザーZPブーツ・緑,Wizard ZP Boots・Black
0x4442c0@mhfdat-jp.bin,ウィザーZPブーツ・白,Wizard ZP Boots・Green
0x4442c4@mhfdat-jp.bin,和花ノ脛当ZP,Wizard ZP Boots・White
0x4442c8@mhfdat-jp.bin,和花ノ具足ZP,Waka Legs ZP
0x4442cc@mhfdat-jp.bin,シャランZPフット・青,Waka Greaves ZP
0x4442d0@mhfdat-jp.bin,シャランZPフット・緑,Shaln ZP Feet・Blue
0x4442d4@mhfdat-jp.bin,シャランZPフット・紫,Shaln ZP Feet・Green
0x4442d8@mhfdat-jp.bin,シャランZPフット・白,Shaln ZP Feet・Purple
0x4442dc@mhfdat-jp.bin,シャランZPブーツ・青,Shaln ZP Feet・White
0x4442e0@mhfdat-jp.bin,シャランZPブーツ・緑,Shaln ZP Boots・Blue
0x4442e4@mhfdat-jp.bin,シャランZPブーツ・紫,Shaln ZP Boots・Green
0x4442e8@mhfdat-jp.bin,シャランZPブーツ・白,Shaln ZP Boots・Purple
0x4442ec@mhfdat-jp.bin,アルミュＧグリーヴ,Shaln ZP Boots・White
0x4442f0@mhfdat-jp.bin,アルミュGFグリーヴ,Arumyu G Greaves
0x4442f4@mhfdat-jp.bin,アルミュGXグリーヴ,Arumyu GF Greaves
0x4442f8@mhfdat-jp.bin,アルミュＧレギンス,Arumyu GX Greaves
0x4442fc@mhfdat-jp.bin,アルミュGFレギンス,Arumyu G Leggings
0x444300@mhfdat-jp.bin,アルミュGXレギンス,Arumyu GF Leggings
0x444304@mhfdat-jp.bin,コリニィＺフット,Arumyu GX Leggings
0x444308@mhfdat-jp.bin,コリニィZFフット,Korinyi Z Feet
0x44430c@mhfdat-jp.bin,コリニィZYフット,Korinyi ZF Feet
0x444310@mhfdat-jp.bin,コリニィZXフット,Korinyi ZY Feet
0x444314@mhfdat-jp.bin,コリニィＺブーツ,Korinyi ZX Feet
0x444318@mhfdat-jp.bin,コリニィZFブーツ,Korinyi Z Boots
0x44431c@mhfdat-jp.bin,コリニィZYブーツ,Korinyi ZF Boots
0x444320@mhfdat-jp.bin,コリニィZXブーツ,Korinyi ZY Boots
0x444324@mhfdat-jp.bin,煉華ノ具足Ｚ,Korinyi ZX Boots
0x444328@mhfdat-jp.bin,煉華ノ具足ZF,Renka Greaves Z
0x44432c@mhfdat-jp.bin,煉華ノ具足ZY,Renka Greaves ZF
0x444330@mhfdat-jp.bin,煉華ノ具足ZX,Renka Greaves ZY
0x444334@mhfdat-jp.bin,煉華ノ下駄Ｚ,Renka Greaves ZX
0x444338@mhfdat-jp.bin,煉華ノ下駄ZF,Renka Leggings Z
0x44433c@mhfdat-jp.bin,煉華ノ下駄ZY,Renka Leggings ZF
0x444340@mhfdat-jp.bin,煉華ノ下駄ZX,Renka Leggings ZY
0x444344@mhfdat-jp.bin,ダミー,Renka Leggings ZX
0x444348@mhfdat-jp.bin,ダミー,ダミー
0x44434c@mhfdat-jp.bin,ダミー,ダミー
0x444350@mhfdat-jp.bin,ダミー,ダミー
0x444354@mhfdat-jp.bin,ダミー,ダミー
0x444358@mhfdat-jp.bin,ダミー,ダミー
0x44435c@mhfdat-jp.bin,ダミー,ダミー
0x444360@mhfdat-jp.bin,ダミー,ダミー
0x444364@mhfdat-jp.bin,ミドZDグリーヴ,ダミー
0x444368@mhfdat-jp.bin,ミドZDレギンス,Midogaron ZD Greaves
0x44436c@mhfdat-jp.bin,祖龍Ｄフット,Midogaron ZD Leggings
0x444370@mhfdat-jp.bin,祖龍Ｄレグス,White Fatalis D Feet
0x444374@mhfdat-jp.bin,エルゼＤグリーヴ,White Fatalis D Legs
0x444378@mhfdat-jp.bin,エルゼＤレギンス,Elzelion D Greaves
0x44437c@mhfdat-jp.bin,ザッカＤフット,Elzelion D Leggings
0x444380@mhfdat-jp.bin,十ノ軌跡Ｃフット,Zakka D Feet
0x444384@mhfdat-jp.bin,十ノ至道Ｃブーツ,十ノ軌跡C Feet
0x444388@mhfdat-jp.bin,ランタナＤフット,十ノ至道C Boots
0x44438c@mhfdat-jp.bin,エリスＤフット,Rantana D Feet
0x444390@mhfdat-jp.bin,マギサＤフット・赤,Eris D Feet
0x444394@mhfdat-jp.bin,マギサＤフット・黒,Magisa D Feet・Red
0x444398@mhfdat-jp.bin,マギサＤフット・緑,Magisa D Feet・Black
0x44439c@mhfdat-jp.bin,マギサＤフット・白,Magisa D Feet・Green
0x4443a0@mhfdat-jp.bin,マギサＤフット・青,Magisa D Feet・White
0x4443a4@mhfdat-jp.bin,和花ノ脛当Ｄ,Magisa D Feet・Blue
0x4443a8@mhfdat-jp.bin,シャランＤフット・青,Waka Legs D
0x4443ac@mhfdat-jp.bin,シャランＤフット・緑,Shaln D Feet・Blue
0x4443b0@mhfdat-jp.bin,シャランＤフット・紫,Shaln D Feet・Green
0x4443b4@mhfdat-jp.bin,シャランＤフット・白,Shaln D Feet・Purple
0x4443b8@mhfdat-jp.bin,シャランＤフット・赤,Shaln D Feet・White
0x4443bc@mhfdat-jp.bin,シャランＤフット・紅,Shaln D Feet・Red
0x4443c0@mhfdat-jp.bin,シャランＤフット・橙,Shaln D Feet・Crimson
0x4443c4@mhfdat-jp.bin,キャリッジＤフット,Shaln D Feet・Orange
0x4443c8@mhfdat-jp.bin,マーブルＤフット,Carriage D Feet
0x4443cc@mhfdat-jp.bin,シャンディＤフット,Marble D Feet
0x4443d0@mhfdat-jp.bin,バンケットＤフット,Shandy D Feet
0x4443d4@mhfdat-jp.bin,コリニィＤフット,Banquet D Feet
0x4443d8@mhfdat-jp.bin,煉華ノ具足Ｄ,Korinyi D Feet
0x4443dc@mhfdat-jp.bin,ククボＤフット,Renka Greaves D
0x4443e0@mhfdat-jp.bin,カカブＤフット,Kukubo D Feet
0x4443e4@mhfdat-jp.bin,アルルＤフット,Kakabu D Feet
0x4443e8@mhfdat-jp.bin,あかねこ服Ｄブーツ,Aruru D Feet
0x4443ec@mhfdat-jp.bin,ライオスＤグリーヴ,Red Cat D Boots
0x4443f0@mhfdat-jp.bin,ボニトＤグリーヴ,Rios D Greaves
0x4443f4@mhfdat-jp.bin,メイリダＤグリーヴ,Bonito D Greaves
0x4443f8@mhfdat-jp.bin,ミニオムＤグリーヴ,Meirida D Greaves
0x4443fc@mhfdat-jp.bin,ハリメノＤグリーヴ,Miniomu D Greaves
0x444400@mhfdat-jp.bin,デリヴＤグリーヴ,Harimeno D Greaves
0x444404@mhfdat-jp.bin,アサークＤグリーヴ,Deliver D Greaves
0x444408@mhfdat-jp.bin,デゾルトＤグリーヴ,Asaku D Greaves
0x44440c@mhfdat-jp.bin,ハラガンＤグリーヴ,Desordre D Greaves
0x444410@mhfdat-jp.bin,アブヤドＤグリーヴ,Haragan D Greaves
0x444414@mhfdat-jp.bin,ルコＺグリーヴ,Abuyado D Greaves
0x444418@mhfdat-jp.bin,ルコZFグリーヴ,Rukodiora Z Greaves
0x44441c@mhfdat-jp.bin,ルコZYグリーヴ,Rukodiora ZF Greaves
0x444420@mhfdat-jp.bin,ルコZXグリーヴ,Rukodiora ZY Greaves
0x444424@mhfdat-jp.bin,ルコＺレギンス,Rukodiora ZX Greaves
0x444428@mhfdat-jp.bin,ルコZFレギンス,Rukodiora Z Leggings
0x44442c@mhfdat-jp.bin,ルコZYレギンス,Rukodiora ZF Leggings
0x444430@mhfdat-jp.bin,ルコZXレギンス,Rukodiora ZY Leggings
0x444434@mhfdat-jp.bin,ガノＺグリーヴ,Rukodiora ZX Leggings
0x444438@mhfdat-jp.bin,ガノZFグリーヴ,Plesioth Z Greaves
0x44443c@mhfdat-jp.bin,ガノZYグリーヴ,Plesioth ZF Greaves
0x444440@mhfdat-jp.bin,ガノZXグリーヴ,Plesioth ZY Greaves
0x444444@mhfdat-jp.bin,ガノＺレギンス,Plesioth ZX Greaves
0x444448@mhfdat-jp.bin,ガノZFレギンス,Plesioth Z Leggings
0x44444c@mhfdat-jp.bin,ガノZYレギンス,Plesioth ZF Leggings
0x444450@mhfdat-jp.bin,ガノZXレギンス,Plesioth ZY Leggings
0x444454@mhfdat-jp.bin,シャルフグリーヴ,Plesioth ZX Leggings
0x444458@mhfdat-jp.bin,シャルフＦグリーヴ,Sharufu Greaves
0x44445c@mhfdat-jp.bin,シャルフFZグリーヴ,Sharufu F Greaves
0x444460@mhfdat-jp.bin,シャルフHSグリーヴ,Sharufu FZ Greaves
0x444464@mhfdat-jp.bin,シャルフGSグリーヴ,Sharufu HS Greaves
0x444468@mhfdat-jp.bin,シャルフGPグリーヴ,Sharufu GS Greaves
0x44446c@mhfdat-jp.bin,シャルフZPグリーヴ,Sharufu GP Greaves
0x444470@mhfdat-jp.bin,シャルフレギンス,Sharufu ZP Greaves
0x444474@mhfdat-jp.bin,シャルフＦレギンス,Sharufu Leggings
0x444478@mhfdat-jp.bin,シャルフFZレギンス,Sharufu F Leggings
0x44447c@mhfdat-jp.bin,シャルフHSレギンス,Sharufu FZ Leggings
0x444480@mhfdat-jp.bin,シャルフGSレギンス,Sharufu HS Leggings
0x444484@mhfdat-jp.bin,シャルフGPレギンス,Sharufu GS Leggings
0x444488@mhfdat-jp.bin,シャルフZPレギンス,Sharufu GP Leggings
0x44448c@mhfdat-jp.bin,カマラグリーヴ,Sharufu ZP Leggings
0x444490@mhfdat-jp.bin,カマラＦグリーヴ,Kamara Greaves
0x444494@mhfdat-jp.bin,カマラFZグリーヴ,Kamara F Greaves
0x444498@mhfdat-jp.bin,カマラHSグリーヴ,Kamara FZ Greaves
0x44449c@mhfdat-jp.bin,カマラGSグリーヴ,Kamara HS Greaves
0x4444a0@mhfdat-jp.bin,カマラGPグリーヴ,Kamara GS Greaves
0x4444a4@mhfdat-jp.bin,カマラZPグリーヴ,Kamara GP Greaves
0x4444a8@mhfdat-jp.bin,カマラレギンス,Kamara ZP Greaves
0x4444ac@mhfdat-jp.bin,カマラＦレギンス,Kamara Leggings
0x4444b0@mhfdat-jp.bin,カマラFZレギンス,Kamara F Leggings
0x4444b4@mhfdat-jp.bin,カマラHSレギンス,Kamara FZ Leggings
0x4444b8@mhfdat-jp.bin,カマラGSレギンス,Kamara HS Leggings
0x4444bc@mhfdat-jp.bin,カマラGPレギンス,Kamara GS Leggings
0x4444c0@mhfdat-jp.bin,カマラZPレギンス,Kamara GP Leggings
0x4444c4@mhfdat-jp.bin,ルーチェグリーヴ,Kamara ZP Leggings
0x4444c8@mhfdat-jp.bin,ルーチェＦグリーヴ,Ruche Greaves
0x4444cc@mhfdat-jp.bin,ルーチェFZグリーヴ,Ruche F Greaves
0x4444d0@mhfdat-jp.bin,ルーチェHSグリーヴ,Ruche FZ Greaves
0x4444d4@mhfdat-jp.bin,ルーチェGSグリーヴ,Ruche HS Greaves
0x4444d8@mhfdat-jp.bin,ルーチェGPグリーヴ,Ruche GS Greaves
0x4444dc@mhfdat-jp.bin,ルーチェZPグリーヴ,Ruche GP Greaves
0x4444e0@mhfdat-jp.bin,ルーチェレギンス,Ruche ZP Greaves
0x4444e4@mhfdat-jp.bin,ルーチェＦレギンス,Ruche Leggings
0x4444e8@mhfdat-jp.bin,ルーチェFZレギンス,Ruche F Leggings
0x4444ec@mhfdat-jp.bin,ルーチェHSレギンス,Ruche FZ Leggings
0x4444f0@mhfdat-jp.bin,ルーチェGSレギンス,Ruche HS Leggings
0x4444f4@mhfdat-jp.bin,ルーチェGPレギンス,Ruche GS Leggings
0x4444f8@mhfdat-jp.bin,ルーチェZPレギンス,Ruche GP Leggings
0x4444fc@mhfdat-jp.bin,レイジHSフット,Ruche ZP Leggings
0x444500@mhfdat-jp.bin,レイジGSフット,Rage HS Feet
0x444504@mhfdat-jp.bin,レイジGPフット,Rage GS Feet
0x444508@mhfdat-jp.bin,レイジZPフット,Rage GP Feet
0x44450c@mhfdat-jp.bin,レイジHSブーツ,Rage ZP Feet
0x444510@mhfdat-jp.bin,レイジGSブーツ,Rage HS Boots
0x444514@mhfdat-jp.bin,レイジGPブーツ,Rage GS Boots
0x444518@mhfdat-jp.bin,レイジZPブーツ,Rage GP Boots
0x44451c@mhfdat-jp.bin,ランページHSフット,Rage ZP Boots
0x444520@mhfdat-jp.bin,ランページGSフット,Rampage HS Feet
0x444524@mhfdat-jp.bin,ランページGPフット,Rampage GS Feet
0x444528@mhfdat-jp.bin,ランページZPフット,Rampage GP Feet
0x44452c@mhfdat-jp.bin,ランページHSブーツ,Rampage ZP Feet
0x444530@mhfdat-jp.bin,ランページGSブーツ,Rampage HS Boots
0x444534@mhfdat-jp.bin,ランページGPブーツ,Rampage GS Boots
0x444538@mhfdat-jp.bin,ランページZPブーツ,Rampage GP Boots
0x44453c@mhfdat-jp.bin,ブレイズHSフット,Rampage ZP Boots
0x444540@mhfdat-jp.bin,ブレイズGSフット,Blaze HS Feet
0x444544@mhfdat-jp.bin,ブレイズGPフット,Blaze GS Feet
0x444548@mhfdat-jp.bin,ブレイズZPフット,Blaze GP Feet
0x44454c@mhfdat-jp.bin,ブレイズHSブーツ,Blaze ZP Feet
0x444550@mhfdat-jp.bin,ブレイズGSブーツ,Blaze HS Boots
0x444554@mhfdat-jp.bin,ブレイズGPブーツ,Blaze GS Boots
0x444558@mhfdat-jp.bin,ブレイズZPブーツ,Blaze GP Boots
0x44455c@mhfdat-jp.bin,プーギーFZフット,Blaze ZP Boots
0x444560@mhfdat-jp.bin,プーギーHSフット,Poogie FZ Feet
0x444564@mhfdat-jp.bin,プーギーGSフット,Poogie HS Feet
0x444568@mhfdat-jp.bin,プーギーGPフット,Poogie GS Feet
0x44456c@mhfdat-jp.bin,プーギーZPフット,Poogie GP Feet
0x444570@mhfdat-jp.bin,プーギーFZヒール,Poogie ZP Feet
0x444574@mhfdat-jp.bin,プーギーHSヒール,Poogie FZ Heel
0x444578@mhfdat-jp.bin,プーギーGSヒール,Poogie HS Heel
0x44457c@mhfdat-jp.bin,プーギーGPヒール,Poogie GS Heel
0x444580@mhfdat-jp.bin,プーギーZPヒール,Poogie GP Heel
0x444584@mhfdat-jp.bin,マンドラFZフット,Poogie ZP Heel
0x444588@mhfdat-jp.bin,マンドラHSフット,Mandora FZ Feet
0x44458c@mhfdat-jp.bin,マンドラGSフット,Mandora HS Feet
0x444590@mhfdat-jp.bin,マンドラGPフット,Mandora GS Feet
0x444594@mhfdat-jp.bin,マンドラZPフット,Mandora GP Feet
0x444598@mhfdat-jp.bin,マンドラFZブーツ,Mandora ZP Feet
0x44459c@mhfdat-jp.bin,マンドラHSブーツ,Mandora FZ Boots
0x4445a0@mhfdat-jp.bin,マンドラGSブーツ,Mandora HS Boots
0x4445a4@mhfdat-jp.bin,マンドラGPブーツ,Mandora GS Boots
0x4445a8@mhfdat-jp.bin,マンドラZPブーツ,Mandora GP Boots
0x4445ac@mhfdat-jp.bin,アオノコFZフット,Mandora ZP Boots
0x4445b0@mhfdat-jp.bin,アオノコHSフット,Aonoko FZ Feet
0x4445b4@mhfdat-jp.bin,アオノコGSフット,Aonoko HS Feet
0x4445b8@mhfdat-jp.bin,アオノコGPフット,Aonoko GS Feet
0x4445bc@mhfdat-jp.bin,アオノコZPフット,Aonoko GP Feet
0x4445c0@mhfdat-jp.bin,アオノコFZブーツ,Aonoko ZP Feet
0x4445c4@mhfdat-jp.bin,アオノコHSブーツ,Aonoko FZ Boots
0x4445c8@mhfdat-jp.bin,アオノコGSブーツ,Aonoko HS Boots
0x4445cc@mhfdat-jp.bin,アオノコGPブーツ,Aonoko GS Boots
0x4445d0@mhfdat-jp.bin,アオノコZPブーツ,Aonoko GP Boots
0x4445d4@mhfdat-jp.bin,ガウスZPグリーヴ,Aonoko ZP Boots
0x4445d8@mhfdat-jp.bin,ガウスZPレギンス,Gauss ZP Greaves
0x4445dc@mhfdat-jp.bin,ウェーバZPグリーヴ,Gauss ZP Leggings
0x4445e0@mhfdat-jp.bin,ウェーバZPレギンス,Weber ZP Greaves
0x4445e4@mhfdat-jp.bin,ギルバートZPグリーヴ,Weber ZP Leggings
0x4445e8@mhfdat-jp.bin,ギルバートZPレギンス,Gilbert ZP Greaves
0x4445ec@mhfdat-jp.bin,ズィベイZPフェルゼ,Gilbert ZP Leggings
0x4445f0@mhfdat-jp.bin,ズィベイZPアヴィレ,Zuibei ZP Heel
0x4445f4@mhfdat-jp.bin,リエブレＧグリーヴ,Zuibei ZP March
0x4445f8@mhfdat-jp.bin,リエブレGFグリーヴ,Liebre G Greaves
0x4445fc@mhfdat-jp.bin,リエブレGXグリーヴ,Liebre GF Greaves
0x444600@mhfdat-jp.bin,リエブレＧレギンス,Liebre GX Greaves
0x444604@mhfdat-jp.bin,リエブレGFレギンス,Liebre G Leggings
0x444608@mhfdat-jp.bin,リエブレGXレギンス,Liebre GF Leggings
0x44460c@mhfdat-jp.bin,メレンテＺグリーヴ,Liebre GX Leggings
0x444610@mhfdat-jp.bin,メレンテZFグリーヴ,Merente Z Greaves
0x444614@mhfdat-jp.bin,メレンテZYグリーヴ,Merente ZF Greaves
0x444618@mhfdat-jp.bin,メレンテZXグリーヴ,Merente ZY Greaves
0x44461c@mhfdat-jp.bin,メレンテＺレギンス,Merente ZX Greaves
0x444620@mhfdat-jp.bin,メレンテZFレギンス,Merente Z Leggings
0x444624@mhfdat-jp.bin,メレンテZYレギンス,Merente ZF Leggings
0x444628@mhfdat-jp.bin,メレンテZXレギンス,Merente ZY Leggings
0x44462c@mhfdat-jp.bin,ルコZDグリーヴ,Merente ZX Leggings
0x444630@mhfdat-jp.bin,ルコZDレギンス,Rukodiora ZD Greaves
0x444634@mhfdat-jp.bin,ガノZDグリーヴ,Rukodiora ZD Leggings
0x444638@mhfdat-jp.bin,ガノZDレギンス,Plesioth ZD Greaves
0x44463c@mhfdat-jp.bin,シャルフＤグリーヴ,Plesioth ZD Leggings
0x444640@mhfdat-jp.bin,カマラＤグリーヴ,Sharufu D Greaves
0x444644@mhfdat-jp.bin,リエブレＤグリーヴ,Kamara D Greaves
0x444648@mhfdat-jp.bin,コリニィＣフット,Liebre D Greaves
0x44464c@mhfdat-jp.bin,ルーチェＤグリーヴ,Korinyi C Feet
0x444650@mhfdat-jp.bin,ストレングスＤレッグ,Ruche D Greaves
0x444654@mhfdat-jp.bin,レイジＤフット,Strength D Leg
0x444658@mhfdat-jp.bin,ランページＤフット,Rage D Feet
0x44465c@mhfdat-jp.bin,ブレイズＤフット,Rampage D Feet
0x444660@mhfdat-jp.bin,プーギーＤフット,Blaze D Feet
0x444664@mhfdat-jp.bin,マンドラＤフット,Poogie D Feet
0x444668@mhfdat-jp.bin,アオノコＤフット,Mandora D Feet
0x44466c@mhfdat-jp.bin,ガウスＤグリーヴ,Aonoko D Feet
0x444670@mhfdat-jp.bin,ウェーバＤグリーヴ,Gauss D Greaves
0x444674@mhfdat-jp.bin,ギルバートＤグリーヴ,Weber D Greaves
0x444678@mhfdat-jp.bin,ズィベイＤフェルゼ,Gilbert D Greaves
0x44467c@mhfdat-jp.bin,チアリムＤフット,Zuibei D Heel
0x444680@mhfdat-jp.bin,ギルドバードＣブーツ,Chiarim D Feet
0x444684@mhfdat-jp.bin,スカラーＣソックス,Guild Bard C Boots
0x444688@mhfdat-jp.bin,ロワーガＣガンバ,Scholar C Socks
0x44468c@mhfdat-jp.bin,ファルメルＣガンバ,Aelucanth C Crura
0x444690@mhfdat-jp.bin,ユクモノハカマＣ・天,Rhopessa C Crura
0x444694@mhfdat-jp.bin,白蘭Ｄフット,Yukumo ノハカマC・Heaven
0x444698@mhfdat-jp.bin,紅霞Ｄフット,White 蘭D Feet
0x44469c@mhfdat-jp.bin,鬼穿ノ足枷Ｄ,Crimson 霞D Feet
0x4446a0@mhfdat-jp.bin,タングスＤグリーヴ,Demonclad ノ足枷D
0x4446a4@mhfdat-jp.bin,ディスＤグリーヴ,Tangusu D Greaves
0x4446a8@mhfdat-jp.bin,ディスＤレギンス,Disu D Greaves
0x4446ac@mhfdat-jp.bin,リルスＤグリーヴ,Disu D Leggings
0x4446b0@mhfdat-jp.bin,リルスＤレギンス,Lils D Greaves
0x4446b4@mhfdat-jp.bin,ドラゴンSCフット,Lils D Leggings
0x4446b8@mhfdat-jp.bin,ドラゴンSCレグス,Dragon SC Feet
0x4446bc@mhfdat-jp.bin,ドラゴンGDフット,Dragon SC Legs
0x4446c0@mhfdat-jp.bin,ドラゴンGDレグス,Dragon GD Feet
0x4446c4@mhfdat-jp.bin,バルカンＤフット,Dragon GD Legs
0x4446c8@mhfdat-jp.bin,バルカンＤレグス,Vulcan D Feet
0x4446cc@mhfdat-jp.bin,バルカンGDフット,Vulcan D Legs
0x4446d0@mhfdat-jp.bin,バルカンGDレグス,Vulcan GD Feet
0x4446d4@mhfdat-jp.bin,ガーネットＤグリーヴ,Vulcan GD Legs
0x4446d8@mhfdat-jp.bin,アメジストＤグリーヴ,Garnet D Greaves
0x4446dc@mhfdat-jp.bin,コーラルＤグリーヴ,Amethyst D Greaves
0x4446e0@mhfdat-jp.bin,クォーツＤグリーヴ,Coral D Greaves
0x4446e4@mhfdat-jp.bin,エメラルドＤグリーヴ,Quartz D Greaves
0x4446e8@mhfdat-jp.bin,パールＤグリーヴ,Emerald D Greaves
0x4446ec@mhfdat-jp.bin,ルビーＤグリーヴ,Pearl D Greaves
0x4446f0@mhfdat-jp.bin,サファイアＤグリーヴ,Ruby D Greaves
0x4446f4@mhfdat-jp.bin,トパーズＤレギンス,Sapphire D Greaves
0x4446f8@mhfdat-jp.bin,トルマリンＤレギンス,Topaz D Leggings
0x4446fc@mhfdat-jp.bin,ラピスＤレギンス,Tourmaline D Leggings
0x444700@mhfdat-jp.bin,ヒスイＤグリーヴ,Lapis D Leggings
0x444704@mhfdat-jp.bin,オニキスＤグリーヴ,Hisui D Greaves
0x444708@mhfdat-jp.bin,ランポスーツフットＤ,Onyx D Greaves
0x44470c@mhfdat-jp.bin,ゲネポスーツフットＤ,Veloci ーツ Feet D
0x444710@mhfdat-jp.bin,イーオスーツフットＤ,Gen ーツ Feet D
0x444714@mhfdat-jp.bin,ギアノスーツフットＤ,Io ーツ Feet D
0x444718@mhfdat-jp.bin,モスフットＤ,Gia ーツ Feet D
0x44471c@mhfdat-jp.bin,ガブラスーツフットＤ,Mosswine Feet D
0x444720@mhfdat-jp.bin,バトルレギンスPD青,Remobra ーツ Feet D
0x444724@mhfdat-jp.bin,バトルレギンスPD黄,Battle Leggings PD Blue
0x444728@mhfdat-jp.bin,バトルレギンスPD紫,Battle Leggings PD Yellow
0x44472c@mhfdat-jp.bin,レイアグリーヴPD青,Battle Leggings PD Purple
0x444730@mhfdat-jp.bin,レイアグリーヴPD赤,Rathian Greaves PD Blue
0x444734@mhfdat-jp.bin,レイアグリーヴPD黒,Rathian Greaves PD Red
0x444738@mhfdat-jp.bin,フルフルフットPD青,Rathian Greaves PD Black
0x44473c@mhfdat-jp.bin,フルフルフットPD緑,Khezu Feet PD Blue
0x444740@mhfdat-jp.bin,フルフルフットPD黒,Khezu Feet PD Green
0x444744@mhfdat-jp.bin,エスピナグリーヴPD赤,Khezu Feet PD Black
0x444748@mhfdat-jp.bin,エスピナグリーヴPD青,Espinas Greaves PD Red
0x44474c@mhfdat-jp.bin,エスピナグリーヴPD黄,Espinas Greaves PD Blue
0x444750@mhfdat-jp.bin,エスピナレギンスPD赤,Espinas Greaves PD Yellow
0x444754@mhfdat-jp.bin,エスピナレギンスPD青,Espinas Leggings PD Red
0x444758@mhfdat-jp.bin,エスピナレギンスPD黄,Espinas Leggings PD Blue
0x44475c@mhfdat-jp.bin,ガーディブーツPD白,Espinas Leggings PD Yellow
0x444760@mhfdat-jp.bin,ガーディブーツPD黒,Guardi Boots PD White
0x444764@mhfdat-jp.bin,ガーディブーツPD紫,Guardi Boots PD Black
0x444768@mhfdat-jp.bin,ヒーラーソックスPD青,Guardi Boots PD Purple
0x44476c@mhfdat-jp.bin,ヒーラーソックスPD白,Healer Socks PD Blue
0x444770@mhfdat-jp.bin,ヒーラーソックスPD黄,Healer Socks PD White
0x444774@mhfdat-jp.bin,ショウロウ【端足】Ｄ,Healer Socks PD Yellow
0x444778@mhfdat-jp.bin,ミタマ【端足】Ｄ,Shourou 【端足】D
0x44477c@mhfdat-jp.bin,焔嶽Ｄ【袴】,Mitama 【端足】D
0x444780@mhfdat-jp.bin,緋嶽Ｄ【袴】,Burning Cliff D [Hakama 】
0x444784@mhfdat-jp.bin,ルディアＤブーツ,Crimson Cliff D [Hakama 】
0x444788@mhfdat-jp.bin,白蛇ノ具足Ｄ,Ledia D Boots
0x44478c@mhfdat-jp.bin,黒虎ノ具足Ｄ,White Snake Greaves D
0x444790@mhfdat-jp.bin,崩霧Ｄ【袴】,Black Tiger Greaves D
0x444794@mhfdat-jp.bin,納言ノ袴Ｄ,Crushing Fog D [Hakama 】
0x444798@mhfdat-jp.bin,蒼空ノ袴Ｄ,Valued Word Hakama D
0x44479c@mhfdat-jp.bin,夕焼ノ袴Ｄ,Blue Sky Hakama D
0x4447a0@mhfdat-jp.bin,紅昇Ｄ【袴】,Noon Glow Hakama D
0x4447a4@mhfdat-jp.bin,絶影ノ袴Ｄ,Kosho D [Hakama 】
0x4447a8@mhfdat-jp.bin,フロガダＤグリーヴ,True Shadow Hakama D
0x4447ac@mhfdat-jp.bin,ラースＤグリーヴ,Furogada D Greaves
0x4447b0@mhfdat-jp.bin,ドゥンルＤグリーヴ,Lars D Greaves
0x4447b4@mhfdat-jp.bin,イナガミZDグリーヴ,Donru D Greaves
0x4447b8@mhfdat-jp.bin,ベリオＣグリーヴ,Inagami ZD Greaves
0x4447bc@mhfdat-jp.bin,ベリオＣレギンス,Barioth C Greaves
0x4447c0@mhfdat-jp.bin,ブラキＣグリーヴ,Barioth C Leggings
0x4447c4@mhfdat-jp.bin,ブラキＣレギンス,Brachy C Greaves
0x4447c8@mhfdat-jp.bin,ガンキンＣグリーヴ,Brachy C Leggings
0x4447cc@mhfdat-jp.bin,ガンキンＣレギンス,Uragaan C Greaves
0x4447d0@mhfdat-jp.bin,獄狼Ｃグリーヴ,Uragaan C Leggings
0x4447d4@mhfdat-jp.bin,獄狼Ｃレギンス,Stygian C Greaves
0x4447d8@mhfdat-jp.bin,ゴアＣグリーヴ,Stygian C Leggings
0x4447dc@mhfdat-jp.bin,ゴアＣレギンス,Gore C Greaves
0x4447e0@mhfdat-jp.bin,バンギスＣグリーヴ,Gore C Leggings
0x4447e4@mhfdat-jp.bin,バンギスＣレギンス,Vangis C Greaves
0x4447e8@mhfdat-jp.bin,シャガルＣグリーヴ,Vangis C Leggings
0x4447ec@mhfdat-jp.bin,シャガルＣレギンス,Shagaru C Greaves
0x4447f0@mhfdat-jp.bin,イナガミＺグリーヴ,Shagaru C Leggings
0x4447f4@mhfdat-jp.bin,イナガミZFグリーヴ,Inagami Z Greaves
0x4447f8@mhfdat-jp.bin,イナガミZYグリーヴ,Inagami ZF Greaves
0x4447fc@mhfdat-jp.bin,イナガミZXグリーヴ,Inagami ZY Greaves
0x444800@mhfdat-jp.bin,イナガミＺレギンス,Inagami ZX Greaves
0x444804@mhfdat-jp.bin,イナガミZFレギンス,Inagami Z Leggings
0x444808@mhfdat-jp.bin,イナガミZYレギンス,Inagami ZF Leggings
0x44480c@mhfdat-jp.bin,イナガミZXレギンス,Inagami ZY Leggings
0x444810@mhfdat-jp.bin,荒天【袴】,Inagami ZX Leggings
0x444814@mhfdat-jp.bin,荒天Ｇ【袴】,Tempest [Hakama 】
0x444818@mhfdat-jp.bin,荒天GF【袴】,Tempest G [Hakama 】
0x44481c@mhfdat-jp.bin,荒天GX【袴】,Tempest GF [Hakama 】
0x444820@mhfdat-jp.bin,蒼天【袴】,Tempest GX [Hakama 】
0x444824@mhfdat-jp.bin,蒼天Ｇ【袴】,Welkin [Hakama 】
0x444828@mhfdat-jp.bin,蒼天GF【袴】,Welkin G [Hakama 】
0x44482c@mhfdat-jp.bin,蒼天GX【袴】,Welkin GF [Hakama 】
0x444830@mhfdat-jp.bin,レビングリーヴ,Welkin GX [Hakama 】
0x444834@mhfdat-jp.bin,レビンＦグリーヴ,Levin Greaves
0x444838@mhfdat-jp.bin,レビンFZグリーヴ,Levin F Greaves
0x44483c@mhfdat-jp.bin,レビンHSグリーヴ,Levin FZ Greaves
0x444840@mhfdat-jp.bin,レビンGSグリーヴ,Levin HS Greaves
0x444844@mhfdat-jp.bin,レビンGPグリーヴ,Levin GS Greaves
0x444848@mhfdat-jp.bin,レビンZPグリーヴ,Levin GP Greaves
0x44484c@mhfdat-jp.bin,レビンレギンス,Levin ZP Greaves
0x444850@mhfdat-jp.bin,レビンＦレギンス,Levin Leggings
0x444854@mhfdat-jp.bin,レビンFZレギンス,Levin F Leggings
0x444858@mhfdat-jp.bin,レビンHSレギンス,Levin FZ Leggings
0x44485c@mhfdat-jp.bin,レビンGSレギンス,Levin HS Leggings
0x444860@mhfdat-jp.bin,レビンGPレギンス,Levin GS Leggings
0x444864@mhfdat-jp.bin,レビンZPレギンス,Levin GP Leggings
0x444868@mhfdat-jp.bin,白銀の甲冑・脚甲,Levin ZP Leggings
0x44486c@mhfdat-jp.bin,白銀の甲冑Ｆ・脚甲,Silver Armour・Toenail
0x444870@mhfdat-jp.bin,白銀の甲冑FZ・脚甲,Silver Armour F・Toenail
0x444874@mhfdat-jp.bin,白銀の甲冑HS・脚甲,Silver Armour FZ・Toenail
0x444878@mhfdat-jp.bin,白銀の甲冑GS・脚甲,Silver Armour HS・Toenail
0x44487c@mhfdat-jp.bin,白銀の甲冑GP・脚甲,Silver Armour GS・Toenail
0x444880@mhfdat-jp.bin,白銀の甲冑ZP・脚甲,Silver Armour GP・Toenail
0x444884@mhfdat-jp.bin,白銀の甲冑・具足,Silver Armour ZP・Toenail
0x444888@mhfdat-jp.bin,白銀の甲冑Ｆ・具足,Silver Armour・Greaves
0x44488c@mhfdat-jp.bin,白銀の甲冑FZ・具足,Silver Armour F・Greaves
0x444890@mhfdat-jp.bin,白銀の甲冑HS・具足,Silver Armour FZ・Greaves
0x444894@mhfdat-jp.bin,白銀の甲冑GS・具足,Silver Armour HS・Greaves
0x444898@mhfdat-jp.bin,白銀の甲冑GP・具足,Silver Armour GS・Greaves
0x44489c@mhfdat-jp.bin,白銀の甲冑ZP・具足,Silver Armour GP・Greaves
0x4448a0@mhfdat-jp.bin,薔薇の舞踏服・脚甲,Silver Armour ZP・Greaves
0x4448a4@mhfdat-jp.bin,薔薇の舞踏服Ｆ・脚甲,Rose Ball Gown・Toenail
0x4448a8@mhfdat-jp.bin,薔薇の舞踏服FZ・脚甲,Rose Ball Gown F・Toenail
0x4448ac@mhfdat-jp.bin,薔薇の舞踏服HS・脚甲,Rose Ball Gown FZ・Toenail
0x4448b0@mhfdat-jp.bin,薔薇の舞踏服GS・脚甲,Rose Ball Gown HS・Toenail
0x4448b4@mhfdat-jp.bin,薔薇の舞踏服GP・脚甲,Rose Ball Gown GS・Toenail
0x4448b8@mhfdat-jp.bin,薔薇の舞踏服ZP・脚甲,Rose Ball Gown GP・Toenail
0x4448bc@mhfdat-jp.bin,薔薇の舞踏服・具足,Rose Ball Gown ZP・Toenail
0x4448c0@mhfdat-jp.bin,薔薇の舞踏服Ｆ・具足,Rose Ball Gown・Greaves
0x4448c4@mhfdat-jp.bin,薔薇の舞踏服FZ・具足,Rose Ball Gown F・Greaves
0x4448c8@mhfdat-jp.bin,薔薇の舞踏服HS・具足,Rose Ball Gown FZ・Greaves
0x4448cc@mhfdat-jp.bin,薔薇の舞踏服GS・具足,Rose Ball Gown HS・Greaves
0x4448d0@mhfdat-jp.bin,薔薇の舞踏服GP・具足,Rose Ball Gown GS・Greaves
0x4448d4@mhfdat-jp.bin,薔薇の舞踏服ZP・具足,Rose Ball Gown GP・Greaves
0x4448d8@mhfdat-jp.bin,シュイグリーヴ,Rose Ball Gown ZP・Greaves
0x4448dc@mhfdat-jp.bin,シュイＦグリーヴ,Shui Greaves
0x4448e0@mhfdat-jp.bin,シュイFZグリーヴ,Shui F Greaves
0x4448e4@mhfdat-jp.bin,シュイHSグリーヴ,Shui FZ Greaves
0x4448e8@mhfdat-jp.bin,シュイGSグリーヴ,Shui HS Greaves
0x4448ec@mhfdat-jp.bin,シュイGPグリーヴ,Shui GS Greaves
0x4448f0@mhfdat-jp.bin,シュイZPグリーヴ,Shui GP Greaves
0x4448f4@mhfdat-jp.bin,シュイレギンス,Shui ZP Greaves
0x4448f8@mhfdat-jp.bin,シュイＦレギンス,Shui Leggings
0x4448fc@mhfdat-jp.bin,シュイFZレギンス,Shui F Leggings
0x444900@mhfdat-jp.bin,シュイHSレギンス,Shui FZ Leggings
0x444904@mhfdat-jp.bin,シュイGSレギンス,Shui HS Leggings
0x444908@mhfdat-jp.bin,シュイGPレギンス,Shui GS Leggings
0x44490c@mhfdat-jp.bin,シュイZPレギンス,Shui GP Leggings
0x444910@mhfdat-jp.bin,CEケブラーZP脚：剣青,Shui ZP Leggings
0x444914@mhfdat-jp.bin,CEケブラーZP脚：弓青,CE Kevlar ZP BM Legs Blue
0x444918@mhfdat-jp.bin,CEケブラーZP脚：剣赤,CE Kevlar ZP GN Legs Blue
0x44491c@mhfdat-jp.bin,CEケブラーZP脚：弓赤,CE Kevlar ZP BM Legs Red
0x444920@mhfdat-jp.bin,CEケブラーZP脚：剣白,CE Kevlar ZP GN Legs Red
0x444924@mhfdat-jp.bin,CEケブラーZP脚：弓白,CE Kevlar ZP BM Legs White
0x444928@mhfdat-jp.bin,CEケブラーZP脚：剣黒,CE Kevlar ZP GN Legs White
0x44492c@mhfdat-jp.bin,CEケブラーZP脚：弓黒,CE Kevlar ZP BM Legs Black
0x444930@mhfdat-jp.bin,ABレイヤーZP脚：剣赤,CE Kevlar ZP GN Legs Black
0x444934@mhfdat-jp.bin,ABレイヤーZP脚：弓赤,AB Layer ZP BM Legs Red
0x444938@mhfdat-jp.bin,ABレイヤーZP脚：剣青,AB Layer ZP GN Legs Red
0x44493c@mhfdat-jp.bin,ABレイヤーZP脚：弓青,AB Layer ZP BM Legs Blue
0x444940@mhfdat-jp.bin,ABレイヤーZP脚：剣黒,AB Layer ZP GN Legs Blue
0x444944@mhfdat-jp.bin,ABレイヤーZP脚：弓黒,AB Layer ZP BM Legs Black
0x444948@mhfdat-jp.bin,ABレイヤーZP脚：剣白,AB Layer ZP GN Legs Black
0x44494c@mhfdat-jp.bin,ABレイヤーZP脚：弓白,AB Layer ZP BM Legs White
0x444950@mhfdat-jp.bin,リュバンZPフット,AB Layer ZP GN Legs White
0x444954@mhfdat-jp.bin,リュバンZPレッグ,Ruban ZP Feet
0x444958@mhfdat-jp.bin,ラモールZPフット,Ruban ZP Leg
0x44495c@mhfdat-jp.bin,ラモールZPレッグ,L'Amore ZP Feet
0x444960@mhfdat-jp.bin,オルロジュZPブーツ,L'Amore ZP Leg
0x444964@mhfdat-jp.bin,オルロジュZPレギンス,Orloj ZP Boots
0x444968@mhfdat-jp.bin,ドルチェZPフット,Orloj ZP Leggings
0x44496c@mhfdat-jp.bin,ドルチェZPレッグ,Dolce ZP Feet
0x444970@mhfdat-jp.bin,ブライトZPグリーヴ,Dolce ZP Leg
0x444974@mhfdat-jp.bin,ブライトZPレギンス,Bright ZP Greaves
0x444978@mhfdat-jp.bin,ジュアリZPグリーヴ,Bright ZP Leggings
0x44497c@mhfdat-jp.bin,ジュアリZPレギンス,Juari ZP Greaves
0x444980@mhfdat-jp.bin,ティンクZPグリーヴ,Juari ZP Leggings
0x444984@mhfdat-jp.bin,ティンクZPレギンス,Tinku ZP Greaves
0x444988@mhfdat-jp.bin,シャテムZPブーツ,Tinku ZP Leggings
0x44498c@mhfdat-jp.bin,シャテムZPレギンス,Shatemu ZP Boots
0x444990@mhfdat-jp.bin,ヘヴリアZPブーツ,Shatemu ZP Leggings
0x444994@mhfdat-jp.bin,ヘヴリアZPレギンス,Hevria ZP Boots
0x444998@mhfdat-jp.bin,ティルルZPブーツ,Hevria ZP Leggings
0x44499c@mhfdat-jp.bin,ティルルZPレギンス,Tiuru ZP Boots
0x4449a0@mhfdat-jp.bin,カイラZPフット,Tiuru ZP Leggings
0x4449a4@mhfdat-jp.bin,カイラZPブーツ,Kaila ZP Feet
0x4449a8@mhfdat-jp.bin,フォンセＧグリーヴ,Kaila ZP Boots
0x4449ac@mhfdat-jp.bin,フォンセGFグリーヴ,Fonce G Greaves
0x4449b0@mhfdat-jp.bin,フォンセGXグリーヴ,Fonce GF Greaves
0x4449b4@mhfdat-jp.bin,フォンセＧレギンス,Fonce GX Greaves
0x4449b8@mhfdat-jp.bin,フォンセGFレギンス,Fonce G Leggings
0x4449bc@mhfdat-jp.bin,フォンセGXレギンス,Fonce GF Leggings
0x4449c0@mhfdat-jp.bin,ウタンテＺグリーヴ,Fonce GX Leggings
0x4449c4@mhfdat-jp.bin,ウタンテZFグリーヴ,Utante Z Greaves
0x4449c8@mhfdat-jp.bin,ウタンテZYグリーヴ,Utante ZF Greaves
0x4449cc@mhfdat-jp.bin,ウタンテZXグリーヴ,Utante ZY Greaves
0x4449d0@mhfdat-jp.bin,ウタンテＺレギンス,Utante ZX Greaves
0x4449d4@mhfdat-jp.bin,ウタンテZFレギンス,Utante Z Leggings
0x4449d8@mhfdat-jp.bin,ウタンテZYレギンス,Utante ZF Leggings
0x4449dc@mhfdat-jp.bin,ウタンテZXレギンス,Utante ZY Leggings
0x4449e0@mhfdat-jp.bin,リズヴェＧグリーヴ,Utante ZX Leggings
0x4449e4@mhfdat-jp.bin,リズヴェGFグリーヴ,Rizuvue G Greaves
0x4449e8@mhfdat-jp.bin,リズヴェGXグリーヴ,Rizuvue GF Greaves
0x4449ec@mhfdat-jp.bin,リズヴェＧレギンス,Rizuvue GX Greaves
0x4449f0@mhfdat-jp.bin,リズヴェGFレギンス,Rizuvue G Leggings
0x4449f4@mhfdat-jp.bin,リズヴェGXレギンス,Rizuvue GF Leggings
0x4449f8@mhfdat-jp.bin,イナガミZDレギンス,Rizuvue GX Leggings
0x4449fc@mhfdat-jp.bin,荒天Ｃ【袴】,Inagami ZD Leggings
0x444a00@mhfdat-jp.bin,蒼天Ｃ【袴】,Tempest C [Hakama 】
0x444a04@mhfdat-jp.bin,レビンＤグリーヴ,Welkin C [Hakama 】
0x444a08@mhfdat-jp.bin,白銀の甲冑Ｄ・脚甲,Levin D Greaves
0x444a0c@mhfdat-jp.bin,薔薇の舞踏服Ｄ・脚甲,Silver Armour D・Toenail
0x444a10@mhfdat-jp.bin,シュイＤグリーヴ,Rose Ball Gown D・Toenail
0x444a14@mhfdat-jp.bin,CEケブラーＤ脚：剣青,Shui D Greaves
0x444a18@mhfdat-jp.bin,CEケブラーＤ脚：剣赤,CE Kevlar D BM Legs Blue
0x444a1c@mhfdat-jp.bin,CEケブラーＤ脚：剣白,CE Kevlar D BM Legs Red
0x444a20@mhfdat-jp.bin,CEケブラーＤ脚：剣黒,CE Kevlar D BM Legs White
0x444a24@mhfdat-jp.bin,ABレイヤーＤ脚：剣赤,CE Kevlar D BM Legs Black
0x444a28@mhfdat-jp.bin,ABレイヤーＤ脚：剣青,AB Layer D BM Legs Red
0x444a2c@mhfdat-jp.bin,ABレイヤーＤ脚：剣黒,AB Layer D BM Legs Blue
0x444a30@mhfdat-jp.bin,ABレイヤーＤ脚：剣白,AB Layer D BM Legs Black
0x444a34@mhfdat-jp.bin,リュバンＤフット,AB Layer D BM Legs White
0x444a38@mhfdat-jp.bin,ラモールＤフット,Ruban D Feet
0x444a3c@mhfdat-jp.bin,オルロジュＤブーツ,L'Amore D Feet
0x444a40@mhfdat-jp.bin,ドルチェＤフット,Orloj D Boots
0x444a44@mhfdat-jp.bin,ブライトＤグリーヴ,Dolce D Feet
0x444a48@mhfdat-jp.bin,ジュアリＤグリーヴ,Bright D Greaves
0x444a4c@mhfdat-jp.bin,ティンクＤグリーヴ,Juari D Greaves
0x444a50@mhfdat-jp.bin,シャテムＤブーツ,Tinku D Greaves
0x444a54@mhfdat-jp.bin,ヘヴリアＤブーツ,Shatemu D Boots
0x444a58@mhfdat-jp.bin,ティルルＤブーツ,Hevria D Boots
0x444a5c@mhfdat-jp.bin,カイラＤフット,Tiuru D Boots
0x444a60@mhfdat-jp.bin,フォンセＤグリーヴ,Kaila D Feet
0x444a64@mhfdat-jp.bin,ヒプノルータＤレッグ,Fonce D Greaves
0x444a68@mhfdat-jp.bin,ヒプノリアＤレッグ,Hypnoc ルータD Leg
0x444a6c@mhfdat-jp.bin,エス・クェラＤレッグ,Hypnolia D Leg
0x444a70@mhfdat-jp.bin,エコールＤレッグ,Es Quera D Leg
0x444a74@mhfdat-jp.bin,ガンズＤレッグ,Ecole D Leg
0x444a78@mhfdat-jp.bin,アグリアＤレッグ,Guns D Leg
0x444a7c@mhfdat-jp.bin,フォーヴＤレッグ,Agria D Leg
0x444a80@mhfdat-jp.bin,ティーアＤレッグ,Fauve D Leg
0x444a84@mhfdat-jp.bin,ミューズＤレッグ,ティーアD Leg
0x444a88@mhfdat-jp.bin,ディクトＤレッグ,Muse D Leg
0x444a8c@mhfdat-jp.bin,クリュスＤレッグ,Dicto D Leg
0x444a90@mhfdat-jp.bin,スタリナＤレッグ,Kruss D Leg
0x444a94@mhfdat-jp.bin,ルースＤレッグ,Starina D Leg
0x444a98@mhfdat-jp.bin,ミラドＤレッグ,Loose D Leg
0x444a9c@mhfdat-jp.bin,デュールＤグリーヴ,Mirado D Leg
0x444aa0@mhfdat-jp.bin,ロバストＤペイル,Deyuru D Greaves
0x444aa4@mhfdat-jp.bin,ファルコＤグリーヴ,Robust Dペイル
0x444aa8@mhfdat-jp.bin,ハウクスＤグリーヴ,Falco D Greaves
0x444aac@mhfdat-jp.bin,ピラータＤグリーヴ,Howx D Greaves
0x444ab0@mhfdat-jp.bin,ゼロイＤグリーヴ,Pirata D Greaves
0x444ab4@mhfdat-jp.bin,レイルＤグリーヴ,Zeroi D Greaves
0x444ab8@mhfdat-jp.bin,リーデレＤグリーヴ,Rail D Greaves
0x444abc@mhfdat-jp.bin,リエットＤグリーヴ,Ridere D Greaves
0x444ac0@mhfdat-jp.bin,ルターレＤグリーヴ,Riot D Greaves
0x444ac4@mhfdat-jp.bin,流転の具足・Ｄ,Rutare D Greaves
0x444ac8@mhfdat-jp.bin,嵐転の具足・Ｄ,Rolling Flow の Greaves・D
0x444acc@mhfdat-jp.bin,キュビィＤフット,Rolling Sky の Greaves・D
0x444ad0@mhfdat-jp.bin,ケモルＤフット,Cubie D Feet
0x444ad4@mhfdat-jp.bin,ラトリアＤフット,Kemor D Feet
0x444ad8@mhfdat-jp.bin,コンタオＤフット,Latria D Feet
0x444adc@mhfdat-jp.bin,オービスＤキック,Kontao D Feet
0x444ae0@mhfdat-jp.bin,ロットＤキック,Ukon Dキック
0x444ae4@mhfdat-jp.bin,ウーコンＤレッグ,ロットDキック
0x444ae8@mhfdat-jp.bin,ニンバスＤレッグ,Shoko D Leg
0x444aec@mhfdat-jp.bin,月陽ノ袴・Ｄ,Nimbus D Leg
0x444af0@mhfdat-jp.bin,曙光ノ袴・Ｄ,Moonlight Hakama・D
0x444af4@mhfdat-jp.bin,トリドＺグリーヴ,Dawnbreak Hakama・D
0x444af8@mhfdat-jp.bin,トリドZFグリーヴ,Toridcless Z Greaves
0x444afc@mhfdat-jp.bin,トリドZYグリーヴ,Toridcless ZF Greaves
0x444b00@mhfdat-jp.bin,トリドZXグリーヴ,Toridcless ZY Greaves
0x444b04@mhfdat-jp.bin,トリドＺレギンス,Toridcless ZX Greaves
0x444b08@mhfdat-jp.bin,トリドZFレギンス,Toridcless Z Leggings
0x444b0c@mhfdat-jp.bin,トリドZYレギンス,Toridcless ZF Leggings
0x444b10@mhfdat-jp.bin,トリドZXレギンス,Toridcless ZY Leggings
0x444b14@mhfdat-jp.bin,ドラギュＺグリーヴ,Toridcless ZX Leggings
0x444b18@mhfdat-jp.bin,ドラギュZFグリーヴ,Doragyurosu Z Greaves
0x444b1c@mhfdat-jp.bin,ドラギュZYグリーヴ,Doragyurosu ZF Greaves
0x444b20@mhfdat-jp.bin,ドラギュZXグリーヴ,Doragyurosu ZY Greaves
0x444b24@mhfdat-jp.bin,ドラギュＺレギンス,Doragyurosu ZX Greaves
0x444b28@mhfdat-jp.bin,ドラギュZFレギンス,Doragyurosu Z Leggings
0x444b2c@mhfdat-jp.bin,ドラギュZYレギンス,Doragyurosu ZF Leggings
0x444b30@mhfdat-jp.bin,ドラギュZXレギンス,Doragyurosu ZY Leggings
0x444b34@mhfdat-jp.bin,アルフィフット,Doragyurosu ZX Leggings
0x444b38@mhfdat-jp.bin,アルフィＦフット,Alfi Feet
0x444b3c@mhfdat-jp.bin,アルフィFZフット,Alfi F Feet
0x444b40@mhfdat-jp.bin,アルフィHSフット,Alfi FZ Feet
0x444b44@mhfdat-jp.bin,アルフィGSフット,Alfi HS Feet
0x444b48@mhfdat-jp.bin,アルフィGPフット,Alfi GS Feet
0x444b4c@mhfdat-jp.bin,アルフィZPフット,Alfi GP Feet
0x444b50@mhfdat-jp.bin,アルフィレギンス,Alfi ZP Feet
0x444b54@mhfdat-jp.bin,アルフィＦレギンス,Alfi Leggings
0x444b58@mhfdat-jp.bin,アルフィFZレギンス,Alfi F Leggings
0x444b5c@mhfdat-jp.bin,アルフィHSレギンス,Alfi FZ Leggings
0x444b60@mhfdat-jp.bin,アルフィGSレギンス,Alfi HS Leggings
0x444b64@mhfdat-jp.bin,アルフィGPレギンス,Alfi GS Leggings
0x444b68@mhfdat-jp.bin,アルフィZPレギンス,Alfi GP Leggings
0x444b6c@mhfdat-jp.bin,カイファグリーヴ,Alfi ZP Leggings
0x444b70@mhfdat-jp.bin,カイファＦグリーヴ,Kaifa Greaves
0x444b74@mhfdat-jp.bin,カイファFZグリーヴ,Kaifa F Greaves
0x444b78@mhfdat-jp.bin,カイファHSグリーヴ,Kaifa FZ Greaves
0x444b7c@mhfdat-jp.bin,カイファGSグリーヴ,Kaifa HS Greaves
0x444b80@mhfdat-jp.bin,カイファGPグリーヴ,Kaifa GS Greaves
0x444b84@mhfdat-jp.bin,カイファZPグリーヴ,Kaifa GP Greaves
0x444b88@mhfdat-jp.bin,カイファレギンス,Kaifa ZP Greaves
0x444b8c@mhfdat-jp.bin,カイファＦレギンス,Kaifa Leggings
0x444b90@mhfdat-jp.bin,カイファFZレギンス,Kaifa F Leggings
0x444b94@mhfdat-jp.bin,カイファHSレギンス,Kaifa FZ Leggings
0x444b98@mhfdat-jp.bin,カイファGSレギンス,Kaifa HS Leggings
0x444b9c@mhfdat-jp.bin,カイファGPレギンス,Kaifa GS Leggings
0x444ba0@mhfdat-jp.bin,カイファZPレギンス,Kaifa GP Leggings
0x444ba4@mhfdat-jp.bin,ストラザフット,Kaifa ZP Leggings
0x444ba8@mhfdat-jp.bin,ストラザＦフット,Straza Feet
0x444bac@mhfdat-jp.bin,ストラザFZフット,Straza F Feet
0x444bb0@mhfdat-jp.bin,ストラザHSフット,Straza FZ Feet
0x444bb4@mhfdat-jp.bin,ストラザGSフット,Straza HS Feet
0x444bb8@mhfdat-jp.bin,ストラザGPフット,Straza GS Feet
0x444bbc@mhfdat-jp.bin,ストラザZPフット,Straza GP Feet
0x444bc0@mhfdat-jp.bin,ストラザレギンス,Straza ZP Feet
0x444bc4@mhfdat-jp.bin,ストラザＦレギンス,Straza Leggings
0x444bc8@mhfdat-jp.bin,ストラザFZレギンス,Straza F Leggings
0x444bcc@mhfdat-jp.bin,ストラザHSレギンス,Straza FZ Leggings
0x444bd0@mhfdat-jp.bin,ストラザGSレギンス,Straza HS Leggings
0x444bd4@mhfdat-jp.bin,ストラザGPレギンス,Straza GS Leggings
0x444bd8@mhfdat-jp.bin,ストラザZPレギンス,Straza GP Leggings
0x444bdc@mhfdat-jp.bin,フランテＺグリーヴ,Straza ZP Leggings
0x444be0@mhfdat-jp.bin,フランテZFグリーヴ,Furante Z Greaves
0x444be4@mhfdat-jp.bin,フランテZYグリーヴ,Furante ZF Greaves
0x444be8@mhfdat-jp.bin,フランテZXグリーヴ,Furante ZY Greaves
0x444bec@mhfdat-jp.bin,フランテＺレギンス,Furante ZX Greaves
0x444bf0@mhfdat-jp.bin,フランテZFレギンス,Furante Z Leggings
0x444bf4@mhfdat-jp.bin,フランテZYレギンス,Furante ZF Leggings
0x444bf8@mhfdat-jp.bin,フランテZXレギンス,Furante ZY Leggings
0x444bfc@mhfdat-jp.bin,カリヴァＧグリーヴ,Furante ZX Leggings
0x444c00@mhfdat-jp.bin,カリヴァGFグリーヴ,Cariva G Greaves
0x444c04@mhfdat-jp.bin,カリヴァGXグリーヴ,Cariva GF Greaves
0x444c08@mhfdat-jp.bin,カリヴァＧレギンス,Cariva GX Greaves
0x444c0c@mhfdat-jp.bin,カリヴァGFレギンス,Cariva G Leggings
0x444c10@mhfdat-jp.bin,カリヴァGXレギンス,Cariva GF Leggings
0x444c14@mhfdat-jp.bin,ボンネＧグリーヴ,Cariva GX Leggings
0x444c18@mhfdat-jp.bin,ボンネGFグリーヴ,Bonne G Greaves
0x444c1c@mhfdat-jp.bin,ボンネGXグリーヴ,Bonne GF Greaves
0x444c20@mhfdat-jp.bin,ボンネＧレギンス,Bonne GX Greaves
0x444c24@mhfdat-jp.bin,ボンネGFレギンス,Bonne G Leggings
0x444c28@mhfdat-jp.bin,ボンネGXレギンス,Bonne GF Leggings
0x444c2c@mhfdat-jp.bin,調査兵団ZPフット,Bonne GX Leggings
0x444c30@mhfdat-jp.bin,調査兵団ZPブーツ,Survey Corps ZP Feet
0x444c34@mhfdat-jp.bin,訓練兵団ZPフット,Survey Corps ZP Boots
0x444c38@mhfdat-jp.bin,訓練兵団ZPブーツ,Training Corps ZP Feet
0x444c3c@mhfdat-jp.bin,十二勇士甲冑・脚甲,Training Corps ZP Boots
0x444c40@mhfdat-jp.bin,十二勇士甲冑Ｆ・脚甲,Twelve Paladins' Armor・Toenail
0x444c44@mhfdat-jp.bin,十二勇士甲冑FZ・脚甲,Twelve Paladins' Armor F・Toenail
0x444c48@mhfdat-jp.bin,十二勇士甲冑HS・脚甲,Twelve Paladins' Armor FZ・Toenail
0x444c4c@mhfdat-jp.bin,十二勇士甲冑GS・脚甲,Twelve Paladins' Armor HS・Toenail
0x444c50@mhfdat-jp.bin,十二勇士甲冑GP・脚甲,Twelve Paladins' Armor GS・Toenail
0x444c54@mhfdat-jp.bin,十二勇士甲冑ZP・脚甲,Twelve Paladins' Armor GP・Toenail
0x444c58@mhfdat-jp.bin,十二勇士甲冑・具足,Twelve Paladins' Armor ZP・Toenail
0x444c5c@mhfdat-jp.bin,十二勇士甲冑Ｆ・具足,Twelve Paladins' Armor・Greaves
0x444c60@mhfdat-jp.bin,十二勇士甲冑FZ・具足,Twelve Paladins' Armor F・Greaves
0x444c64@mhfdat-jp.bin,十二勇士甲冑HS・具足,Twelve Paladins' Armor FZ・Greaves
0x444c68@mhfdat-jp.bin,十二勇士甲冑GS・具足,Twelve Paladins' Armor HS・Greaves
0x444c6c@mhfdat-jp.bin,十二勇士甲冑GP・具足,Twelve Paladins' Armor GS・Greaves
0x444c70@mhfdat-jp.bin,十二勇士甲冑ZP・具足,Twelve Paladins' Armor GP・Greaves
0x444c74@mhfdat-jp.bin,救国の聖女服・脚甲,Twelve Paladins' Armor ZP・Greaves
0x444c78@mhfdat-jp.bin,救国の聖女服Ｆ・脚甲,Holy Maiden Armor・Toenail
0x444c7c@mhfdat-jp.bin,救国の聖女服FZ・脚甲,Holy Maiden Armor F・Toenail
0x444c80@mhfdat-jp.bin,救国の聖女服HS・脚甲,Holy Maiden Armor FZ・Toenail
0x444c84@mhfdat-jp.bin,救国の聖女服GS・脚甲,Holy Maiden Armor HS・Toenail
0x444c88@mhfdat-jp.bin,救国の聖女服GP・脚甲,Holy Maiden Armor GS・Toenail
0x444c8c@mhfdat-jp.bin,救国の聖女服ZP・脚甲,Holy Maiden Armor GP・Toenail
0x444c90@mhfdat-jp.bin,救国の聖女服・具足,Holy Maiden Armor ZP・Toenail
0x444c94@mhfdat-jp.bin,救国の聖女服Ｆ・具足,Holy Maiden Armor・Greaves
0x444c98@mhfdat-jp.bin,救国の聖女服FZ・具足,Holy Maiden Armor F・Greaves
0x444c9c@mhfdat-jp.bin,救国の聖女服HS・具足,Holy Maiden Armor FZ・Greaves
0x444ca0@mhfdat-jp.bin,救国の聖女服GS・具足,Holy Maiden Armor HS・Greaves
0x444ca4@mhfdat-jp.bin,救国の聖女服GP・具足,Holy Maiden Armor GS・Greaves
0x444ca8@mhfdat-jp.bin,救国の聖女服ZP・具足,Holy Maiden Armor GP・Greaves
0x444cac@mhfdat-jp.bin,竜殺しの甲冑・脚甲,Holy Maiden Armor ZP・Greaves
0x444cb0@mhfdat-jp.bin,竜殺しの甲冑Ｆ・脚甲,Dragon Slayer Armor・Toenail
0x444cb4@mhfdat-jp.bin,竜殺しの甲冑FZ・脚甲,Dragon Slayer Armor F・Toenail
0x444cb8@mhfdat-jp.bin,竜殺しの甲冑HS・脚甲,Dragon Slayer Armor FZ・Toenail
0x444cbc@mhfdat-jp.bin,竜殺しの甲冑GS・脚甲,Dragon Slayer Armor HS・Toenail
0x444cc0@mhfdat-jp.bin,竜殺しの甲冑GP・脚甲,Dragon Slayer Armor GS・Toenail
0x444cc4@mhfdat-jp.bin,竜殺しの甲冑ZP・脚甲,Dragon Slayer Armor GP・Toenail
0x444cc8@mhfdat-jp.bin,竜殺しの甲冑・具足,Dragon Slayer Armor ZP・Toenail
0x444ccc@mhfdat-jp.bin,竜殺しの甲冑Ｆ・具足,Dragon Slayer Armor・Greaves
0x444cd0@mhfdat-jp.bin,竜殺しの甲冑FZ・具足,Dragon Slayer Armor F・Greaves
0x444cd4@mhfdat-jp.bin,竜殺しの甲冑HS・具足,Dragon Slayer Armor FZ・Greaves
0x444cd8@mhfdat-jp.bin,竜殺しの甲冑GS・具足,Dragon Slayer Armor HS・Greaves
0x444cdc@mhfdat-jp.bin,竜殺しの甲冑GP・具足,Dragon Slayer Armor GS・Greaves
0x444ce0@mhfdat-jp.bin,竜殺しの甲冑ZP・具足,Dragon Slayer Armor GP・Greaves
0x444ce4@mhfdat-jp.bin,叛逆の甲冑・脚甲,Dragon Slayer Armor ZP・Greaves
0x444ce8@mhfdat-jp.bin,叛逆の甲冑Ｆ・脚甲,Rebellion Armour・Toenail
0x444cec@mhfdat-jp.bin,叛逆の甲冑FZ・脚甲,Rebellion Armour F・Toenail
0x444cf0@mhfdat-jp.bin,叛逆の甲冑HS・脚甲,Rebellion Armour FZ・Toenail
0x444cf4@mhfdat-jp.bin,叛逆の甲冑GS・脚甲,Rebellion Armour HS・Toenail
0x444cf8@mhfdat-jp.bin,叛逆の甲冑GP・脚甲,Rebellion Armour GS・Toenail
0x444cfc@mhfdat-jp.bin,叛逆の甲冑ZP・脚甲,Rebellion Armour GP・Toenail
0x444d00@mhfdat-jp.bin,叛逆の甲冑・具足,Rebellion Armour ZP・Toenail
0x444d04@mhfdat-jp.bin,叛逆の甲冑Ｆ・具足,Rebellion Armour・Greaves
0x444d08@mhfdat-jp.bin,叛逆の甲冑FZ・具足,Rebellion Armour F・Greaves
0x444d0c@mhfdat-jp.bin,叛逆の甲冑HS・具足,Rebellion Armour FZ・Greaves
0x444d10@mhfdat-jp.bin,叛逆の甲冑GS・具足,Rebellion Armour HS・Greaves
0x444d14@mhfdat-jp.bin,叛逆の甲冑GP・具足,Rebellion Armour GS・Greaves
0x444d18@mhfdat-jp.bin,叛逆の甲冑ZP・具足,Rebellion Armour GP・Greaves
0x444d1c@mhfdat-jp.bin,ディナトZPグリーヴ,Rebellion Armour ZP・Greaves
0x444d20@mhfdat-jp.bin,ディナトZPレギンス,Dinato ZP Greaves
0x444d24@mhfdat-jp.bin,ドゥケZPグリーヴ,Dinato ZP Leggings
0x444d28@mhfdat-jp.bin,ドゥケZPレギンス,Duque ZP Greaves
0x444d2c@mhfdat-jp.bin,グラヌZPグリーヴ,Duque ZP Leggings
0x444d30@mhfdat-jp.bin,グラヌZPレギンス,Granu ZP Greaves
0x444d34@mhfdat-jp.bin,千代ノ脛当ZP,Granu ZP Leggings
0x444d38@mhfdat-jp.bin,千代ノ具足ZP,Chiyo Legs ZP
0x444d3c@mhfdat-jp.bin,ネコダンZPフット,Chiyo Greaves ZP
0x444d40@mhfdat-jp.bin,グーダンZPフット,Nekodan ZP Feet
0x444d44@mhfdat-jp.bin,トリドZDグリーヴ,Gudan ZP Feet
0x444d48@mhfdat-jp.bin,トリドZDレギンス,Toridcless ZD Greaves
0x444d4c@mhfdat-jp.bin,ドラギュZDグリーヴ,Toridcless ZD Leggings
0x444d50@mhfdat-jp.bin,ドラギュZDレギンス,Doragyurosu ZD Greaves
0x444d54@mhfdat-jp.bin,アルフィＤフット,Doragyurosu ZD Leggings
0x444d58@mhfdat-jp.bin,カイファＤグリーヴ,Alfi D Feet
0x444d5c@mhfdat-jp.bin,ストラザＤフット,Kaifa D Greaves
0x444d60@mhfdat-jp.bin,煉華ノ具足Ｃ,Straza D Feet
0x444d64@mhfdat-jp.bin,調査兵団Ｄフット,Renka Greaves C
0x444d68@mhfdat-jp.bin,訓練兵団Ｄフット,Survey Corps D Feet
0x444d6c@mhfdat-jp.bin,十二勇士甲冑Ｄ・脚甲,Training Corps D Feet
0x444d70@mhfdat-jp.bin,救国の聖女服Ｄ・脚甲,Twelve Paladins' Armor D・Toenail
0x444d74@mhfdat-jp.bin,竜殺しの甲冑Ｄ・脚甲,Holy Maiden Armor D・Toenail
0x444d78@mhfdat-jp.bin,叛逆の甲冑Ｄ・脚甲,Dragon Slayer Armor D・Toenail
0x444d7c@mhfdat-jp.bin,ディナトＤグリーヴ,Rebellion Armour D・Toenail
0x444d80@mhfdat-jp.bin,ドゥケＤグリーヴ,Dinato D Greaves
0x444d84@mhfdat-jp.bin,グラヌＤグリーヴ,Duque D Greaves
0x444d88@mhfdat-jp.bin,千代ノ脛当Ｄ,Granu D Greaves
0x444d8c@mhfdat-jp.bin,ルベライトＤグリーヴ,Chiyo Legs D
0x444d90@mhfdat-jp.bin,ラズライトＤグリーヴ,Rubellite D Greaves
0x444d94@mhfdat-jp.bin,ジルコンＤグリーヴ,ラズライトD Greaves
0x444d98@mhfdat-jp.bin,スピネルＤグリーヴ,Zircon D Greaves
0x444d9c@mhfdat-jp.bin,ジェイドＤグリーヴ,Spinel D Greaves
0x444da0@mhfdat-jp.bin,アゲートＤグリーヴ,Jade D Greaves
0x444da4@mhfdat-jp.bin,パイローブＤグリーヴ,Agate D Greaves
0x444da8@mhfdat-jp.bin,アイオラＤグリーヴ,Pyrope D Greaves
0x444dac@mhfdat-jp.bin,ルチルＤグリーヴ,アイオラD Greaves
0x444db0@mhfdat-jp.bin,ブラッドＤグリーヴ,Rutile D Greaves
0x444db4@mhfdat-jp.bin,シトリンＤレギンス,Blood D Greaves
0x444db8@mhfdat-jp.bin,ペリドットＤレギンス,Citrine D Leggings
0x444dbc@mhfdat-jp.bin,ターコイズＤレギンス,Peridot D Leggings
0x444dc0@mhfdat-jp.bin,マフモフブーツPD赤,Turquoise D Leggings
0x444dc4@mhfdat-jp.bin,マフモフブーツPD黄,Mafumofu Boots PD Red
0x444dc8@mhfdat-jp.bin,マフモフブーツPD紫,Mafumofu Boots PD Yellow
0x444dcc@mhfdat-jp.bin,バサルレギンスPD赤,Mafumofu Boots PD Purple
0x444dd0@mhfdat-jp.bin,バサルレギンスPD黒,Basarios Leggings PD Red
0x444dd4@mhfdat-jp.bin,バサルレギンスPD黄,Basarios Leggings PD Black
0x444dd8@mhfdat-jp.bin,ブランゴグリーヴPD黄,Basarios Leggings PD Yellow
0x444ddc@mhfdat-jp.bin,ブランゴグリーヴPD青,Blango Greaves PD Yellow
0x444de0@mhfdat-jp.bin,ブランゴグリーヴPD黒,Blango Greaves PD Blue
0x444de4@mhfdat-jp.bin,金色ノ袴PD白,Blango Greaves PD Black
0x444de8@mhfdat-jp.bin,金色ノ袴PD紫,Golden Hakama PD White
0x444dec@mhfdat-jp.bin,金色ノ袴PD緑,Golden Hakama PD Purple
0x444df0@mhfdat-jp.bin,グラビドレギンスPD緑,Golden Hakama PD Green
0x444df4@mhfdat-jp.bin,グラビドレギンスPD紫,Gravios Leggings PD Green
0x444df8@mhfdat-jp.bin,グラビドレギンスPD赤,Gravios Leggings PD Purple
0x444dfc@mhfdat-jp.bin,ハイメタグリーヴPD黒,Gravios Leggings PD Red
0x444e00@mhfdat-jp.bin,ハイメタグリーヴPD青,High Metal Greaves PD Black
0x444e04@mhfdat-jp.bin,ハイメタグリーヴPD黄,High Metal Greaves PD Blue
0x444e08@mhfdat-jp.bin,Ｓ・ソルグリーヴPD赤,High Metal Greaves PD Yellow
0x444e0c@mhfdat-jp.bin,Ｓ・ソルグリーヴPD紫,S・Sol Greaves PD Red
0x444e10@mhfdat-jp.bin,Ｓ・ソルグリーヴPD黒,S・Sol Greaves PD Purple
0x444e14@mhfdat-jp.bin,ガルルガレギンスPD白,S・Sol Greaves PD Black
0x444e18@mhfdat-jp.bin,ガルルガレギンスPD緑,Garuga Leggings PD White
0x444e1c@mhfdat-jp.bin,ガルルガレギンスPD赤,Garuga Leggings PD Green
0x444e20@mhfdat-jp.bin,ザザミグリーヴPD青,Garuga Leggings PD Red
0x444e24@mhfdat-jp.bin,ザザミグリーヴPD白,Hermitaur Greaves PD Blue
0x444e28@mhfdat-jp.bin,ザザミグリーヴPD紫,Hermitaur Greaves PD White
0x444e2c@mhfdat-jp.bin,クシャナペイルPD赤,Hermitaur Greaves PD Purple
0x444e30@mhfdat-jp.bin,クシャナペイルPD黄,Kushala ペイル PD Red
0x444e34@mhfdat-jp.bin,クシャナペイルPD緑,Kushala ペイル PD Yellow
0x444e38@mhfdat-jp.bin,クシャナハディPD赤,Kushala ペイル PD Green
0x444e3c@mhfdat-jp.bin,クシャナハディPD黄,Kushala ハディ PD Red
0x444e40@mhfdat-jp.bin,クシャナハディPD緑,Kushala ハディ PD Yellow
0x444e44@mhfdat-jp.bin,忍の足袋・陽Ｄ,Kushala ハディ PD Green
0x444e48@mhfdat-jp.bin,忍の足袋・陰Ｄ,忍の Tabi・陽D
0x444e4c@mhfdat-jp.bin,ボンネＤグリーヴ,忍の Tabi・陰D
0x444e50@mhfdat-jp.bin,カライスＤレギンス,Bonne D Greaves
0x444e54@mhfdat-jp.bin,ルケーゼＤレギンス,Kalais D Leggings
0x444e58@mhfdat-jp.bin,クオイズＤレギンス,Lucchese D Leggings
0x444e5c@mhfdat-jp.bin,ネコダンＤフット,Quoiz D Leggings
0x444e60@mhfdat-jp.bin,グーダンＤフット,Nekodan D Feet
0x444e64@mhfdat-jp.bin,煉緋ノ具足Ｚ,Gudan D Feet
0x444e68@mhfdat-jp.bin,煉緋ノ具足ZF,Nerihi Greaves Z
0x444e6c@mhfdat-jp.bin,煉緋ノ具足ZY,Nerihi Greaves ZF
0x444e70@mhfdat-jp.bin,煉緋ノ具足ZX,Nerihi Greaves ZY
0x444e74@mhfdat-jp.bin,煉緋ノ下駄Ｚ,Nerihi Greaves ZX
0x444e78@mhfdat-jp.bin,煉緋ノ下駄ZF,Nerihi Leggings Z
0x444e7c@mhfdat-jp.bin,煉緋ノ下駄ZY,Nerihi Leggings ZF
0x444e80@mhfdat-jp.bin,煉緋ノ下駄ZX,Nerihi Leggings ZY
0x444e84@mhfdat-jp.bin,サイネフット,Nerihi Leggings ZX
0x444e88@mhfdat-jp.bin,サイネＦフット,Saine Feet
0x444e8c@mhfdat-jp.bin,サイネFZフット,Saine F Feet
0x444e90@mhfdat-jp.bin,サイネHSフット,Saine FZ Feet
0x444e94@mhfdat-jp.bin,サイネGSフット,Saine HS Feet
0x444e98@mhfdat-jp.bin,サイネGPフット,Saine GS Feet
0x444e9c@mhfdat-jp.bin,サイネZPフット,Saine GP Feet
0x444ea0@mhfdat-jp.bin,サイネブーツ,Saine ZP Feet
0x444ea4@mhfdat-jp.bin,サイネＦブーツ,Saine Boots
0x444ea8@mhfdat-jp.bin,サイネFZブーツ,Saine F Boots
0x444eac@mhfdat-jp.bin,サイネHSブーツ,Saine FZ Boots
0x444eb0@mhfdat-jp.bin,サイネGSブーツ,Saine HS Boots
0x444eb4@mhfdat-jp.bin,サイネGPブーツ,Saine GS Boots
0x444eb8@mhfdat-jp.bin,サイネZPブーツ,Saine GP Boots
0x444ebc@mhfdat-jp.bin,ウイングフット,Saine ZP Boots
0x444ec0@mhfdat-jp.bin,ウイングＦフット,Wing Feet
0x444ec4@mhfdat-jp.bin,ウイングFZフット,Wing F Feet
0x444ec8@mhfdat-jp.bin,ウイングHSフット,Wing FZ Feet
0x444ecc@mhfdat-jp.bin,ウイングGSフット,Wing HS Feet
0x444ed0@mhfdat-jp.bin,ウイングGPフット,Wing GS Feet
0x444ed4@mhfdat-jp.bin,ウイングZPフット,Wing GP Feet
0x444ed8@mhfdat-jp.bin,ウイングブーツ,Wing ZP Feet
0x444edc@mhfdat-jp.bin,ウイングＦブーツ,Wing Boots
0x444ee0@mhfdat-jp.bin,ウイングFZブーツ,Wing F Boots
0x444ee4@mhfdat-jp.bin,ウイングHSブーツ,Wing FZ Boots
0x444ee8@mhfdat-jp.bin,ウイングGSブーツ,Wing HS Boots
0x444eec@mhfdat-jp.bin,ウイングGPブーツ,Wing GS Boots
0x444ef0@mhfdat-jp.bin,ウイングZPブーツ,Wing GP Boots
0x444ef4@mhfdat-jp.bin,ガスラＺグリーヴ,Wing ZP Boots
0x444ef8@mhfdat-jp.bin,ガスラZFグリーヴ,Gasura Z Greaves
0x444efc@mhfdat-jp.bin,ガスラZYグリーヴ,Gasura ZF Greaves
0x444f00@mhfdat-jp.bin,ガスラZXグリーヴ,Gasura ZY Greaves
0x444f04@mhfdat-jp.bin,ガスラＺレギンス,Gasura ZX Greaves
0x444f08@mhfdat-jp.bin,ガスラZFレギンス,Gasura Z Leggings
0x444f0c@mhfdat-jp.bin,ガスラZYレギンス,Gasura ZF Leggings
0x444f10@mhfdat-jp.bin,ガスラZXレギンス,Gasura ZY Leggings
0x444f14@mhfdat-jp.bin,レギオスグリーヴ,Gasura ZX Leggings
0x444f18@mhfdat-jp.bin,レギオスＧグリーヴ,Seregios Greaves
0x444f1c@mhfdat-jp.bin,レギオスGFグリーヴ,Seregios G Greaves
0x444f20@mhfdat-jp.bin,レギオスGXグリーヴ,Seregios GF Greaves
0x444f24@mhfdat-jp.bin,レギオスレギンス,Seregios GX Greaves
0x444f28@mhfdat-jp.bin,レギオスＧレギンス,Seregios Leggings
0x444f2c@mhfdat-jp.bin,レギオスGFレギンス,Seregios G Leggings
0x444f30@mhfdat-jp.bin,レギオスGXレギンス,Seregios GF Leggings
0x444f34@mhfdat-jp.bin,歌詠ノ脛当Ｚ,Seregios GX Leggings
0x444f38@mhfdat-jp.bin,歌詠ノ脛当ZF,Utaei Legs Z
0x444f3c@mhfdat-jp.bin,歌詠ノ脛当ZY,Utaei Legs ZF
0x444f40@mhfdat-jp.bin,歌詠ノ脛当ZX,Utaei Legs ZY
0x444f44@mhfdat-jp.bin,歌詠ノ具足Ｚ,Utaei Legs ZX
0x444f48@mhfdat-jp.bin,歌詠ノ具足ZF,Utaei Greaves Z
0x444f4c@mhfdat-jp.bin,歌詠ノ具足ZY,Utaei Greaves ZF
0x444f50@mhfdat-jp.bin,歌詠ノ具足ZX,Utaei Greaves ZY
0x444f54@mhfdat-jp.bin,カシウスＧグリーヴ,Utaei Greaves ZX
0x444f58@mhfdat-jp.bin,カシウスGFグリーヴ,Cassius G Greaves
0x444f5c@mhfdat-jp.bin,カシウスGXグリーヴ,Cassius GF Greaves
0x444f60@mhfdat-jp.bin,カシウスＧレギンス,Cassius GX Greaves
0x444f64@mhfdat-jp.bin,カシウスGFレギンス,Cassius G Leggings
0x444f68@mhfdat-jp.bin,カシウスGXレギンス,Cassius GF Leggings
0x444f6c@mhfdat-jp.bin,ピンビフット,Cassius GX Leggings
0x444f70@mhfdat-jp.bin,ピンビＦフット,Pinbi Feet
0x444f74@mhfdat-jp.bin,ピンビFZフット,Pinbi F Feet
0x444f78@mhfdat-jp.bin,ピンビHSフット,Pinbi FZ Feet
0x444f7c@mhfdat-jp.bin,ピンビGSフット,Pinbi HS Feet
0x444f80@mhfdat-jp.bin,ピンビGPフット,Pinbi GS Feet
0x444f84@mhfdat-jp.bin,ピンビZPフット,Pinbi GP Feet
0x444f88@mhfdat-jp.bin,ピンビブーツ,Pinbi ZP Feet
0x444f8c@mhfdat-jp.bin,ピンビＦブーツ,Pinbi Boots
0x444f90@mhfdat-jp.bin,ピンビFZブーツ,Pinbi F Boots
0x444f94@mhfdat-jp.bin,ピンビHSブーツ,Pinbi FZ Boots
0x444f98@mhfdat-jp.bin,ピンビGSブーツ,Pinbi HS Boots
0x444f9c@mhfdat-jp.bin,ピンビGPブーツ,Pinbi GS Boots
0x444fa0@mhfdat-jp.bin,ピンビZPブーツ,Pinbi GP Boots
0x444fa4@mhfdat-jp.bin,プリブフット,Pinbi ZP Boots
0x444fa8@mhfdat-jp.bin,プリブＦフット,Pribu Feet
0x444fac@mhfdat-jp.bin,プリブFZフット,Pribu F Feet
0x444fb0@mhfdat-jp.bin,プリブHSフット,Pribu FZ Feet
0x444fb4@mhfdat-jp.bin,プリブGSフット,Pribu HS Feet
0x444fb8@mhfdat-jp.bin,プリブGPフット,Pribu GS Feet
0x444fbc@mhfdat-jp.bin,プリブZPフット,Pribu GP Feet
0x444fc0@mhfdat-jp.bin,プリブブーツ,Pribu ZP Feet
0x444fc4@mhfdat-jp.bin,プリブＦブーツ,Pribu Boots
0x444fc8@mhfdat-jp.bin,プリブFZブーツ,Pribu F Boots
0x444fcc@mhfdat-jp.bin,プリブHSブーツ,Pribu FZ Boots
0x444fd0@mhfdat-jp.bin,プリブGSブーツ,Pribu HS Boots
0x444fd4@mhfdat-jp.bin,プリブGPブーツ,Pribu GS Boots
0x444fd8@mhfdat-jp.bin,プリブZPブーツ,Pribu GP Boots
0x444fdc@mhfdat-jp.bin,グレイフット,Pribu ZP Boots
0x444fe0@mhfdat-jp.bin,グレイＦフット,Gray Feet
0x444fe4@mhfdat-jp.bin,グレイFZフット,Gray F Feet
0x444fe8@mhfdat-jp.bin,グレイHSフット,Gray FZ Feet
0x444fec@mhfdat-jp.bin,グレイGSフット,Gray HS Feet
0x444ff0@mhfdat-jp.bin,グレイGPフット,Gray GS Feet
0x444ff4@mhfdat-jp.bin,グレイZPフット,Gray GP Feet
0x444ff8@mhfdat-jp.bin,グレイブーツ,Gray ZP Feet
0x444ffc@mhfdat-jp.bin,グレイＦブーツ,Gray Boots
0x445000@mhfdat-jp.bin,グレイFZブーツ,Gray F Boots
0x445004@mhfdat-jp.bin,グレイHSブーツ,Gray FZ Boots
0x445008@mhfdat-jp.bin,グレイGSブーツ,Gray HS Boots
0x44500c@mhfdat-jp.bin,グレイGPブーツ,Gray GS Boots
0x445010@mhfdat-jp.bin,グレイZPブーツ,Gray GP Boots
0x445014@mhfdat-jp.bin,ウルピナフット,Gray ZP Boots
0x445018@mhfdat-jp.bin,ウルピナＦフット,Urpina Feet
0x44501c@mhfdat-jp.bin,ウルピナFZフット,Urpina F Feet
0x445020@mhfdat-jp.bin,ウルピナHSフット,Urpina FZ Feet
0x445024@mhfdat-jp.bin,ウルピナGSフット,Urpina HS Feet
0x445028@mhfdat-jp.bin,ウルピナGPフット,Urpina GS Feet
0x44502c@mhfdat-jp.bin,ウルピナZPフット,Urpina GP Feet
0x445030@mhfdat-jp.bin,ウルピナブーツ,Urpina ZP Feet
0x445034@mhfdat-jp.bin,ウルピナＦブーツ,Urpina Boots
0x445038@mhfdat-jp.bin,ウルピナFZブーツ,Urpina F Boots
0x44503c@mhfdat-jp.bin,ウルピナHSブーツ,Urpina FZ Boots
0x445040@mhfdat-jp.bin,ウルピナGSブーツ,Urpina HS Boots
0x445044@mhfdat-jp.bin,ウルピナGPブーツ,Urpina GS Boots
0x445048@mhfdat-jp.bin,ウルピナZPブーツ,Urpina GP Boots
0x44504c@mhfdat-jp.bin,ノエルフット,Urpina ZP Boots
0x445050@mhfdat-jp.bin,ノエルＦフット,Noel Feet
0x445054@mhfdat-jp.bin,ノエルFZフット,Noel F Feet
0x445058@mhfdat-jp.bin,ノエルHSフット,Noel FZ Feet
0x44505c@mhfdat-jp.bin,ノエルGSフット,Noel HS Feet
0x445060@mhfdat-jp.bin,ノエルGPフット,Noel GS Feet
0x445064@mhfdat-jp.bin,ノエルZPフット,Noel GP Feet
0x445068@mhfdat-jp.bin,ノエルブーツ,Noel ZP Feet
0x44506c@mhfdat-jp.bin,ノエルＦブーツ,Noel Boots
0x445070@mhfdat-jp.bin,ノエルFZブーツ,Noel F Boots
0x445074@mhfdat-jp.bin,ノエルHSブーツ,Noel FZ Boots
0x445078@mhfdat-jp.bin,ノエルGSブーツ,Noel HS Boots
0x44507c@mhfdat-jp.bin,ノエルGPブーツ,Noel GS Boots
0x445080@mhfdat-jp.bin,ノエルZPブーツ,Noel GP Boots
0x445084@mhfdat-jp.bin,ビューネイフット,Noel ZP Boots
0x445088@mhfdat-jp.bin,ビューネイＦフット,Bune Feet
0x44508c@mhfdat-jp.bin,ビューネイFZフット,Bune F Feet
0x445090@mhfdat-jp.bin,ビューネイHSフット,Bune FZ Feet
0x445094@mhfdat-jp.bin,ビューネイGSフット,Bune HS Feet
0x445098@mhfdat-jp.bin,ビューネイGPフット,Bune GS Feet
0x44509c@mhfdat-jp.bin,ビューネイZPフット,Bune GP Feet
0x4450a0@mhfdat-jp.bin,ビューネイブーツ,Bune ZP Feet
0x4450a4@mhfdat-jp.bin,ビューネイＦブーツ,Bune Boots
0x4450a8@mhfdat-jp.bin,ビューネイFZブーツ,Bune F Boots
0x4450ac@mhfdat-jp.bin,ビューネイHSブーツ,Bune FZ Boots
0x4450b0@mhfdat-jp.bin,ビューネイGSブーツ,Bune HS Boots
0x4450b4@mhfdat-jp.bin,ビューネイGPブーツ,Bune GS Boots
0x4450b8@mhfdat-jp.bin,ビューネイZPブーツ,Bune GP Boots
0x4450bc@mhfdat-jp.bin,ラヴィＧグリーヴ：極,Bune ZP Boots
0x4450c0@mhfdat-jp.bin,ラヴィGFグリーヴ：極,Raviente G Greaves : Extreme
0x4450c4@mhfdat-jp.bin,ラヴィGXグリーヴ：極,Raviente GF Greaves : Extreme
0x4450c8@mhfdat-jp.bin,ラヴィＧレギンス：極,Raviente GX Greaves : Extreme
0x4450cc@mhfdat-jp.bin,ラヴィGFレギンス：極,Raviente G Leggings : Extreme
0x4450d0@mhfdat-jp.bin,ラヴィGXレギンス：極,Raviente GF Leggings : Extreme
0x4450d4@mhfdat-jp.bin,ハーゼZPフット,Raviente GX Leggings : Extreme
0x4450d8@mhfdat-jp.bin,ハーゼZPブーツ,Harze ZP Feet
0x4450dc@mhfdat-jp.bin,ルヴナンZPフェルゼ,Harze ZP Boots
0x4450e0@mhfdat-jp.bin,ルヴナンZPアヴィレ,Revenants ZP Heel
0x4450e4@mhfdat-jp.bin,サイネＤフット,Revenants ZP March
0x4450e8@mhfdat-jp.bin,ウイングＤフット,Saine D Feet
0x4450ec@mhfdat-jp.bin,ガスラZDグリーヴ,Wing D Feet
0x4450f0@mhfdat-jp.bin,ガスラZDレギンス,Gasura ZD Greaves
0x4450f4@mhfdat-jp.bin,レギオスＣグリーヴ,Gasura ZD Leggings
0x4450f8@mhfdat-jp.bin,レギオスＣレギンス,Seregios C Greaves
0x4450fc@mhfdat-jp.bin,ピンビＤフット,Seregios C Leggings
0x445100@mhfdat-jp.bin,プリブＤフット,Pinbi D Feet
0x445104@mhfdat-jp.bin,煉緋ノ具足Ｄ,Pribu D Feet
0x445108@mhfdat-jp.bin,グレイＤフット,Nerihi Greaves D
0x44510c@mhfdat-jp.bin,ウルピナＤフット,Gray D Feet
0x445110@mhfdat-jp.bin,ノエルＤフット,Urpina D Feet
0x445114@mhfdat-jp.bin,ビューネイＤフット,Noel D Feet
0x445118@mhfdat-jp.bin,メラースＤレギンス,Bune D Feet
0x44511c@mhfdat-jp.bin,白虎・剣聖Ｄフット,Melas D Leggings
0x445120@mhfdat-jp.bin,白虎・双龍Ｄフット,Byakko・Kensei D Feet
0x445124@mhfdat-jp.bin,白虎・剣王Ｄフット,Byakko・双龍D Feet
0x445128@mhfdat-jp.bin,白虎・刀神Ｄフット,Byakko・Blade 王D Feet
0x44512c@mhfdat-jp.bin,白虎・天槍Ｄフット,Byakko・刀神D Feet
0x445130@mhfdat-jp.bin,白虎・砲皇Ｄフット,Byakko・Heaven 槍D Feet
0x445134@mhfdat-jp.bin,白虎・鈍器獣Ｄフット,Byakko・砲皇D Feet
0x445138@mhfdat-jp.bin,白虎・奏帝Ｄフット,Byakko・鈍器獣D Feet
0x44513c@mhfdat-jp.bin,白虎・穿凰Ｄフット,Byakko・奏帝D Feet
0x445140@mhfdat-jp.bin,白虎・斬将Ｄフット,Byakko・穿凰D Feet
0x445144@mhfdat-jp.bin,白虎・銃傑Ｄブーツ,Byakko・斬将D Feet
0x445148@mhfdat-jp.bin,白虎・銃仙Ｄブーツ,Byakko・銃傑D Boots
0x44514c@mhfdat-jp.bin,白虎・弓鬼Ｄブーツ,Byakko・銃仙D Boots
0x445150@mhfdat-jp.bin,キリンレガースPD赤,Byakko・Bow 鬼D Boots
0x445154@mhfdat-jp.bin,キリンレガースPD紫,Kirin レガース PD Red
0x445158@mhfdat-jp.bin,キリンレガースPD黒,Kirin レガース PD Purple
0x44515c@mhfdat-jp.bin,カイザーグリーヴPD白,Kirin レガース PD Black
0x445160@mhfdat-jp.bin,カイザーレギンスPD白,Kaiser Greaves PD White
0x445164@mhfdat-jp.bin,カイザーグリーヴPD黒,Kaiser Leggings PD White
0x445168@mhfdat-jp.bin,カイザーレギンスPD黒,Kaiser Greaves PD Black
0x44516c@mhfdat-jp.bin,カイザーグリーヴPD緑,Kaiser Leggings PD Black
0x445170@mhfdat-jp.bin,カイザーレギンスPD緑,Kaiser Greaves PD Green
0x445174@mhfdat-jp.bin,ミヅハ【具足】PD青,Kaiser Leggings PD Green
0x445178@mhfdat-jp.bin,ミヅハ【具足】PD赤,Mizuha [Greaves] PD Blue
0x44517c@mhfdat-jp.bin,ミヅハ【具足】PD黄,Mizuha [Greaves] PD Red
0x445180@mhfdat-jp.bin,トヨタマ【具足】PD青,Mizuha [Greaves] PD Yellow
0x445184@mhfdat-jp.bin,トヨタマ【具足】PD赤,Toyotama [Greaves] PD Blue
0x445188@mhfdat-jp.bin,トヨタマ【具足】PD黄,Toyotama [Greaves] PD Red
0x44518c@mhfdat-jp.bin,暁丸【具足】PD赤,Toyotama [Greaves] PD Yellow
0x445190@mhfdat-jp.bin,暁丸【具足】PD紫,暁丸 [Greaves] PD Red
0x445194@mhfdat-jp.bin,暁丸【具足】PD白,暁丸 [Greaves] PD Purple
0x445198@mhfdat-jp.bin,凛【袴】PD黒,暁丸 [Greaves] PD White
0x44519c@mhfdat-jp.bin,凛【袴】PD紫,凛 [Hakama] PD Black
0x4451a0@mhfdat-jp.bin,凛【袴】PD白,凛 [Hakama] PD Purple
0x4451a4@mhfdat-jp.bin,ギザミレギンスPD赤,凛 [Hakama] PD White
0x4451a8@mhfdat-jp.bin,ギザミレギンスPD黒,Ceanataur Leggings PD Red
0x4451ac@mhfdat-jp.bin,ギザミレギンスPD黄,Ceanataur Leggings PD Black
0x4451b0@mhfdat-jp.bin,ガブラスフットPD白,Ceanataur Leggings PD Yellow
0x4451b4@mhfdat-jp.bin,ガブラスフットPD黄,Remobra Feet PD White
0x4451b8@mhfdat-jp.bin,ガブラスフットPD黒,Remobra Feet PD Yellow
0x4451bc@mhfdat-jp.bin,ハーゼＤフット,Remobra Feet PD Black
0x4451c0@mhfdat-jp.bin,ルヴナンＤフェルゼ,Harze D Feet
0x4451c4@mhfdat-jp.bin,ククボＤレギンス,Revenants D Heel
0x4451c8@mhfdat-jp.bin,カカブＤレギンス,Kukubo D Leggings
0x4451cc@mhfdat-jp.bin,アルルＤレギンス,Kakabu D Leggings
0x4451d0@mhfdat-jp.bin,朱雀・剣聖Ｄフット,Aruru D Leggings
0x4451d4@mhfdat-jp.bin,朱雀・双龍Ｄフット,Suzaku・Kensei D Feet
0x4451d8@mhfdat-jp.bin,朱雀・剣王Ｄフット,Suzaku・双龍D Feet
0x4451dc@mhfdat-jp.bin,朱雀・刀神Ｄフット,Suzaku・Blade 王D Feet
0x4451e0@mhfdat-jp.bin,朱雀・天槍Ｄフット,Suzaku・刀神D Feet
0x4451e4@mhfdat-jp.bin,朱雀・砲皇Ｄフット,Suzaku・Heaven 槍D Feet
0x4451e8@mhfdat-jp.bin,朱雀・鈍器獣Ｄフット,Suzaku・砲皇D Feet
0x4451ec@mhfdat-jp.bin,朱雀・奏帝Ｄフット,Suzaku・鈍器獣D Feet
0x4451f0@mhfdat-jp.bin,朱雀・穿凰Ｄフット,Suzaku・奏帝D Feet
0x4451f4@mhfdat-jp.bin,朱雀・斬将Ｄフット,Suzaku・穿凰D Feet
0x4451f8@mhfdat-jp.bin,朱雀・銃傑Ｄブーツ,Suzaku・斬将D Feet
0x4451fc@mhfdat-jp.bin,朱雀・銃仙Ｄブーツ,Suzaku・銃傑D Boots
0x445200@mhfdat-jp.bin,朱雀・弓鬼Ｄブーツ,Suzaku・銃仙D Boots
0x445204@mhfdat-jp.bin,Ｇ・ナイトタイツPD赤,Suzaku・Bow 鬼D Boots
0x445208@mhfdat-jp.bin,Ｇ・ナイトタイツPD青,G・Knight タイツ PD Red
0x44520c@mhfdat-jp.bin,Ｇ・ナイトタイツPD紫,G・Knight タイツ PD Blue
0x445210@mhfdat-jp.bin,ＰＶタイツPD赤,G・Knight タイツ PD Purple
0x445214@mhfdat-jp.bin,ＰＶタイツPD青,PVタイツ PD Red
0x445218@mhfdat-jp.bin,ＰＶタイツPD紫,PVタイツ PD Blue
0x44521c@mhfdat-jp.bin,エンプレスフットPD赤,PVタイツ PD Purple
0x445220@mhfdat-jp.bin,エンプレスフットPD黄,Empress Feet PD Red
0x445224@mhfdat-jp.bin,エンプレスフットPD紫,Empress Feet PD Yellow
0x445228@mhfdat-jp.bin,エンプレスブーツPD赤,Empress Feet PD Purple
0x44522c@mhfdat-jp.bin,エンプレスブーツPD黄,Empress Boots PD Red
0x445230@mhfdat-jp.bin,エンプレスブーツPD紫,Empress Boots PD Yellow
0x445234@mhfdat-jp.bin,ランゴグリーヴPD黄,Empress Boots PD Purple
0x445238@mhfdat-jp.bin,ランゴグリーヴPD黒,Vespoid Greaves PD Yellow
0x44523c@mhfdat-jp.bin,ランゴグリーヴPD青,Vespoid Greaves PD Black
0x445240@mhfdat-jp.bin,デスギアフェルゼPD白,Vespoid Greaves PD Blue
0x445244@mhfdat-jp.bin,デスギアフェルゼPD赤,Death Stench Heel PD White
0x445248@mhfdat-jp.bin,デスギアフェルゼPD青,Death Stench Heel PD Red
0x44524c@mhfdat-jp.bin,ディアブロフットPD紫,Death Stench Heel PD Blue
0x445250@mhfdat-jp.bin,ディアブロフットPD青,Diablos Feet PD Purple
0x445254@mhfdat-jp.bin,ディアブロフットPD黄,Diablos Feet PD Blue
0x445258@mhfdat-jp.bin,マカルパパンツPD緑,Diablos Feet PD Yellow
0x44525c@mhfdat-jp.bin,マカルパパンツPD青,Makluva Pants PD Green
0x445260@mhfdat-jp.bin,マカルパパンツPD黒,Makluva Pants PD Blue
0x445264@mhfdat-jp.bin,アカムトケマルPD黒,Makluva Pants PD Black
0x445268@mhfdat-jp.bin,アカムトケマルPD赤,Akantor ケマル PD Black
0x44526c@mhfdat-jp.bin,アカムトケマルPD白,Akantor ケマル PD Red
0x445270@mhfdat-jp.bin,アカムトチケルPD黒,Akantor ケマル PD White
0x445274@mhfdat-jp.bin,アカムトチケルPD赤,Akantor チケル PD Black
0x445278@mhfdat-jp.bin,アカムトチケルPD白,Akantor チケル PD Red
0x44527c@mhfdat-jp.bin,グラビドグリーヴPD黒,Akantor チケル PD White
0x445280@mhfdat-jp.bin,グラビドグリーヴPD青,Gravios Greaves PD Black
0x445284@mhfdat-jp.bin,グラビドグリーヴPD赤,Gravios Greaves PD Blue
0x445288@mhfdat-jp.bin,シャルルＤグリーヴ,Gravios Greaves PD Red
0x44528c@mhfdat-jp.bin,煉鳳ノ具足Ｄ,Sharuru D Greaves
0x445290@mhfdat-jp.bin,アノルZDグリーヴ,Neriotori Greaves D
0x445294@mhfdat-jp.bin,アノルZDレギンス,Anorupatisu ZD Greaves
0x445298@mhfdat-jp.bin,ディランＤフット,Anorupatisu ZD Leggings
0x44529c@mhfdat-jp.bin,ディブルＤフット,Dylan D Feet
0x4452a0@mhfdat-jp.bin,フィンスＤフット,Dibble D Feet
0x4452a4@mhfdat-jp.bin,ディンスＤフット,Fins D Feet
0x4452a8@mhfdat-jp.bin,カリスＤフット,Dins D Feet
0x4452ac@mhfdat-jp.bin,ミリアムＤフット,Charis D Feet
0x4452b0@mhfdat-jp.bin,レニガンＤフット,Miriam D Feet
0x4452b4@mhfdat-jp.bin,執事メイド 色替え,Lenigan D Feet
0x4452b8@mhfdat-jp.bin,カタンテＤグリーヴ,執事 Maid 色替え
0x4452bc@mhfdat-jp.bin,リカンテＤグリーヴ,Katante D Greaves
0x4452c0@mhfdat-jp.bin,メレンテＤグリーヴ,Rikante D Greaves
0x4452c4@mhfdat-jp.bin,ウタンテＤグリーヴ,Merente D Greaves
0x4452c8@mhfdat-jp.bin,ブルックＤフット,Utante D Greaves
0x4452cc@mhfdat-jp.bin,シルックＤフット,Brooke D Feet
0x4452d0@mhfdat-jp.bin,ゴルックＤフット,Shirukku D Feet
0x4452d4@mhfdat-jp.bin,潔燭ノ具足Ｄ,Gorukku D Feet
0x4452d8@mhfdat-jp.bin,華燭ノ具足Ｄ,Kiyoshi Greaves D
0x4452dc@mhfdat-jp.bin,ジャガーＤグリーヴ,Kashoku Greaves D
0x4452e0@mhfdat-jp.bin,キュールＤグリーヴ,Jyaga D Greaves
0x4452e4@mhfdat-jp.bin,ジェスＤグリーヴ,Cure D Greaves
0x4452e8@mhfdat-jp.bin,リアルオＤグリーヴ,Jess D Greaves
0x4452ec@mhfdat-jp.bin,レイレスＤグリーヴ,Riaruo D Greaves
0x4452f0@mhfdat-jp.bin,レウアスＤグリーヴ,Reiresu D Greaves
0x4452f4@mhfdat-jp.bin,ブランＤグリーヴ,Reuasu D Greaves
0x4452f8@mhfdat-jp.bin,しましまＤフット,Buran D Greaves
0x4452fc@mhfdat-jp.bin,デストラＤサバトン,Shimashima D Feet
0x445300@mhfdat-jp.bin,フランテＤグリーヴ,Desutora D Sabaton
0x445304@mhfdat-jp.bin,シャルルグリーヴ,Furante D Greaves
0x445308@mhfdat-jp.bin,シャルルＦグリーヴ,Sharuru Greaves
0x44530c@mhfdat-jp.bin,シャルルFZグリーヴ,Sharuru F Greaves
0x445310@mhfdat-jp.bin,シャルルHSグリーヴ,Sharuru FZ Greaves
0x445314@mhfdat-jp.bin,シャルルGSグリーヴ,Sharuru HS Greaves
0x445318@mhfdat-jp.bin,シャルルGPグリーヴ,Sharuru GS Greaves
0x44531c@mhfdat-jp.bin,シャルルZPグリーヴ,Sharuru GP Greaves
0x445320@mhfdat-jp.bin,シャルルレギンス,Sharuru ZP Greaves
0x445324@mhfdat-jp.bin,シャルルＦレギンス,Sharuru Leggings
0x445328@mhfdat-jp.bin,シャルルFZレギンス,Sharuru F Leggings
0x44532c@mhfdat-jp.bin,シャルルHSレギンス,Sharuru FZ Leggings
0x445330@mhfdat-jp.bin,シャルルGSレギンス,Sharuru HS Leggings
0x445334@mhfdat-jp.bin,シャルルGPレギンス,Sharuru GS Leggings
0x445338@mhfdat-jp.bin,シャルルZPレギンス,Sharuru GP Leggings
0x44533c@mhfdat-jp.bin,煉鳳ノ具足Ｚ,Sharuru ZP Leggings
0x445340@mhfdat-jp.bin,煉鳳ノ具足ZF,Neriotori Greaves Z
0x445344@mhfdat-jp.bin,煉鳳ノ具足ZY,Neriotori Greaves ZF
0x445348@mhfdat-jp.bin,煉鳳ノ具足ZX,Neriotori Greaves ZY
0x44534c@mhfdat-jp.bin,煉鳳ノ下駄Ｚ,Neriotori Greaves ZX
0x445350@mhfdat-jp.bin,煉鳳ノ下駄ZF,Neriotori Leggings Z
0x445354@mhfdat-jp.bin,煉鳳ノ下駄ZY,Neriotori Leggings ZF
0x445358@mhfdat-jp.bin,煉鳳ノ下駄ZX,Neriotori Leggings ZY
0x44535c@mhfdat-jp.bin,アノルＺグリーヴ,Neriotori Leggings ZX
0x445360@mhfdat-jp.bin,アノルZFグリーヴ,Anorupatisu Z Greaves
0x445364@mhfdat-jp.bin,アノルZYグリーヴ,Anorupatisu ZF Greaves
0x445368@mhfdat-jp.bin,アノルZXグリーヴ,Anorupatisu ZY Greaves
0x44536c@mhfdat-jp.bin,アノルＺレギンス,Anorupatisu ZX Greaves
0x445370@mhfdat-jp.bin,アノルZFレギンス,Anorupatisu Z Leggings
0x445374@mhfdat-jp.bin,アノルZYレギンス,Anorupatisu ZF Leggings
0x445378@mhfdat-jp.bin,アノルZXレギンス,Anorupatisu ZY Leggings
0x44537c@mhfdat-jp.bin,歌紡ノ脛当Ｚ,Anorupatisu ZX Leggings
0x445380@mhfdat-jp.bin,歌紡ノ脛当ZF,Utatsumugu Legs Z
0x445384@mhfdat-jp.bin,歌紡ノ脛当ZY,Utatsumugu Legs ZF
0x445388@mhfdat-jp.bin,歌紡ノ脛当ZX,Utatsumugu Legs ZY
0x44538c@mhfdat-jp.bin,歌紡ノ具足Ｚ,Utatsumugu Legs ZX
0x445390@mhfdat-jp.bin,歌紡ノ具足ZF,Utatsumugu Greaves Z
0x445394@mhfdat-jp.bin,歌紡ノ具足ZY,Utatsumugu Greaves ZF
0x445398@mhfdat-jp.bin,歌紡ノ具足ZX,Utatsumugu Greaves ZY
0x44539c@mhfdat-jp.bin,リンクスＧグリーヴ,Utatsumugu Greaves ZX
0x4453a0@mhfdat-jp.bin,リンクスGFグリーヴ,Lynx G Greaves
0x4453a4@mhfdat-jp.bin,リンクスGXグリーヴ,Lynx GF Greaves
0x4453a8@mhfdat-jp.bin,リンクスＧレギンス,Lynx GX Greaves
0x4453ac@mhfdat-jp.bin,リンクスGFレギンス,Lynx G Leggings
0x4453b0@mhfdat-jp.bin,リンクスGXレギンス,Lynx GF Leggings
0x4453b4@mhfdat-jp.bin,ジンドルＧグリーヴ,Lynx GX Leggings
0x4453b8@mhfdat-jp.bin,ジンドルGFグリーヴ,Zindol G Greaves
0x4453bc@mhfdat-jp.bin,ジンドルGXグリーヴ,Zindol GF Greaves
0x4453c0@mhfdat-jp.bin,ジンドルＧレギンス,Zindol GX Greaves
0x4453c4@mhfdat-jp.bin,ジンドルGFレギンス,Zindol G Leggings
0x4453c8@mhfdat-jp.bin,ジンドルGXレギンス,Zindol GF Leggings
0x4453cc@mhfdat-jp.bin,ディランフット,Zindol GX Leggings
0x4453d0@mhfdat-jp.bin,ディランＦフット,Dylan Feet
0x4453d4@mhfdat-jp.bin,ディランFZフット,Dylan F Feet
0x4453d8@mhfdat-jp.bin,ディランHSフット,Dylan FZ Feet
0x4453dc@mhfdat-jp.bin,ディランGSフット,Dylan HS Feet
0x4453e0@mhfdat-jp.bin,ディランGPフット,Dylan GS Feet
0x4453e4@mhfdat-jp.bin,ディランZPフット,Dylan GP Feet
0x4453e8@mhfdat-jp.bin,ディランブーツ,Dylan ZP Feet
0x4453ec@mhfdat-jp.bin,ディランＦブーツ,Dylan Boots
0x4453f0@mhfdat-jp.bin,ディランFZブーツ,Dylan F Boots
0x4453f4@mhfdat-jp.bin,ディランHSブーツ,Dylan FZ Boots
0x4453f8@mhfdat-jp.bin,ディランGSブーツ,Dylan HS Boots
0x4453fc@mhfdat-jp.bin,ディランGPブーツ,Dylan GS Boots
0x445400@mhfdat-jp.bin,ディランZPブーツ,Dylan GP Boots
0x445404@mhfdat-jp.bin,ディブルフット,Dylan ZP Boots
0x445408@mhfdat-jp.bin,ディブルＦフット,Dibble Feet
0x44540c@mhfdat-jp.bin,ディブルFZフット,Dibble F Feet
0x445410@mhfdat-jp.bin,ディブルHSフット,Dibble FZ Feet
0x445414@mhfdat-jp.bin,ディブルGSフット,Dibble HS Feet
0x445418@mhfdat-jp.bin,ディブルGPフット,Dibble GS Feet
0x44541c@mhfdat-jp.bin,ディブルZPフット,Dibble GP Feet
0x445420@mhfdat-jp.bin,ディブルブーツ,Dibble ZP Feet
0x445424@mhfdat-jp.bin,ディブルＦブーツ,Dibble Boots
0x445428@mhfdat-jp.bin,ディブルFZブーツ,Dibble F Boots
0x44542c@mhfdat-jp.bin,ディブルHSブーツ,Dibble FZ Boots
0x445430@mhfdat-jp.bin,ディブルGSブーツ,Dibble HS Boots
0x445434@mhfdat-jp.bin,ディブルGPブーツ,Dibble GS Boots
0x445438@mhfdat-jp.bin,ディブルZPブーツ,Dibble GP Boots
0x44543c@mhfdat-jp.bin,フィンスフット,Dibble ZP Boots
0x445440@mhfdat-jp.bin,フィンスＦフット,Fins Feet
0x445444@mhfdat-jp.bin,フィンスFZフット,Fins F Feet
0x445448@mhfdat-jp.bin,フィンスHSフット,Fins FZ Feet
0x44544c@mhfdat-jp.bin,フィンスGSフット,Fins HS Feet
0x445450@mhfdat-jp.bin,フィンスGPフット,Fins GS Feet
0x445454@mhfdat-jp.bin,フィンスZPフット,Fins GP Feet
0x445458@mhfdat-jp.bin,フィンスブーツ,Fins ZP Feet
0x44545c@mhfdat-jp.bin,フィンスＦブーツ,Fins Boots
0x445460@mhfdat-jp.bin,フィンスFZブーツ,Fins F Boots
0x445464@mhfdat-jp.bin,フィンスHSブーツ,Fins FZ Boots
0x445468@mhfdat-jp.bin,フィンスGSブーツ,Fins HS Boots
0x44546c@mhfdat-jp.bin,フィンスGPブーツ,Fins GS Boots
0x445470@mhfdat-jp.bin,フィンスZPブーツ,Fins GP Boots
0x445474@mhfdat-jp.bin,ディンスフット,Fins ZP Boots
0x445478@mhfdat-jp.bin,ディンスＦフット,Dins Feet
0x44547c@mhfdat-jp.bin,ディンスFZフット,Dins F Feet
0x445480@mhfdat-jp.bin,ディンスHSフット,Dins FZ Feet
0x445484@mhfdat-jp.bin,ディンスGSフット,Dins HS Feet
0x445488@mhfdat-jp.bin,ディンスGPフット,Dins GS Feet
0x44548c@mhfdat-jp.bin,ディンスZPフット,Dins GP Feet
0x445490@mhfdat-jp.bin,ディンスブーツ,Dins ZP Feet
0x445494@mhfdat-jp.bin,ディンスＦブーツ,Dins Boots
0x445498@mhfdat-jp.bin,ディンスFZブーツ,Dins F Boots
0x44549c@mhfdat-jp.bin,ディンスHSブーツ,Dins FZ Boots
0x4454a0@mhfdat-jp.bin,ディンスGSブーツ,Dins HS Boots
0x4454a4@mhfdat-jp.bin,ディンスGPブーツ,Dins GS Boots
0x4454a8@mhfdat-jp.bin,ディンスZPブーツ,Dins GP Boots
0x4454ac@mhfdat-jp.bin,潔燭ノ具足Ｚ,Dins ZP Boots
0x4454b0@mhfdat-jp.bin,潔燭ノ具足ZF,Kiyoshi Greaves Z
0x4454b4@mhfdat-jp.bin,潔燭ノ具足ZY,Kiyoshi Greaves ZF
0x4454b8@mhfdat-jp.bin,潔燭ノ具足ZX,Kiyoshi Greaves ZY
0x4454bc@mhfdat-jp.bin,潔燭ノ足袋Ｚ,Kiyoshi Greaves ZX
0x4454c0@mhfdat-jp.bin,潔燭ノ足袋ZF,Kiyoshi Tabi Z
0x4454c4@mhfdat-jp.bin,潔燭ノ足袋ZY,Kiyoshi Tabi ZF
0x4454c8@mhfdat-jp.bin,潔燭ノ足袋ZX,Kiyoshi Tabi ZY
0x4454cc@mhfdat-jp.bin,華燭ノ具足Ｚ,Kiyoshi Tabi ZX
0x4454d0@mhfdat-jp.bin,華燭ノ具足ZF,Kashoku Greaves Z
0x4454d4@mhfdat-jp.bin,華燭ノ具足ZY,Kashoku Greaves ZF
0x4454d8@mhfdat-jp.bin,華燭ノ具足ZX,Kashoku Greaves ZY
0x4454dc@mhfdat-jp.bin,華燭ノ足袋Ｚ,Kashoku Greaves ZX
0x4454e0@mhfdat-jp.bin,華燭ノ足袋ZF,Kashoku Tabi Z
0x4454e4@mhfdat-jp.bin,華燭ノ足袋ZY,Kashoku Tabi ZF
0x4454e8@mhfdat-jp.bin,華燭ノ足袋ZX,Kashoku Tabi ZY
0x4454ec@mhfdat-jp.bin,カリスフット,Kashoku Tabi ZX
0x4454f0@mhfdat-jp.bin,カリスＦフット,Charis Feet
0x4454f4@mhfdat-jp.bin,カリスFZフット,Charis F Feet
0x4454f8@mhfdat-jp.bin,カリスHSフット,Charis FZ Feet
0x4454fc@mhfdat-jp.bin,カリスGSフット,Charis HS Feet
0x445500@mhfdat-jp.bin,カリスGPフット,Charis GS Feet
0x445504@mhfdat-jp.bin,カリスZPフット,Charis GP Feet
0x445508@mhfdat-jp.bin,カリスブーツ,Charis ZP Feet
0x44550c@mhfdat-jp.bin,カリスＦブーツ,Charis Boots
0x445510@mhfdat-jp.bin,カリスFZブーツ,Charis F Boots
0x445514@mhfdat-jp.bin,カリスHSブーツ,Charis FZ Boots
0x445518@mhfdat-jp.bin,カリスGSブーツ,Charis HS Boots
0x44551c@mhfdat-jp.bin,カリスGPブーツ,Charis GS Boots
0x445520@mhfdat-jp.bin,カリスZPブーツ,Charis GP Boots
0x445524@mhfdat-jp.bin,ミリアムフット,Charis ZP Boots
0x445528@mhfdat-jp.bin,ミリアムＦフット,Miriam Feet
0x44552c@mhfdat-jp.bin,ミリアムFZフット,Miriam F Feet
0x445530@mhfdat-jp.bin,ミリアムHSフット,Miriam FZ Feet
0x445534@mhfdat-jp.bin,ミリアムGSフット,Miriam HS Feet
0x445538@mhfdat-jp.bin,ミリアムGPフット,Miriam GS Feet
0x44553c@mhfdat-jp.bin,ミリアムZPフット,Miriam GP Feet
0x445540@mhfdat-jp.bin,ミリアムブーツ,Miriam ZP Feet
0x445544@mhfdat-jp.bin,ミリアムＦブーツ,Miriam Boots
0x445548@mhfdat-jp.bin,ミリアムFZブーツ,Miriam F Boots
0x44554c@mhfdat-jp.bin,ミリアムHSブーツ,Miriam FZ Boots
0x445550@mhfdat-jp.bin,ミリアムGSブーツ,Miriam HS Boots
0x445554@mhfdat-jp.bin,ミリアムGPブーツ,Miriam GS Boots
0x445558@mhfdat-jp.bin,ミリアムZPブーツ,Miriam GP Boots
0x44555c@mhfdat-jp.bin,レニガンフット,Miriam ZP Boots
0x445560@mhfdat-jp.bin,レニガンＦフット,Lenigan Feet
0x445564@mhfdat-jp.bin,レニガンFZフット,Lenigan F Feet
0x445568@mhfdat-jp.bin,レニガンHSフット,Lenigan FZ Feet
0x44556c@mhfdat-jp.bin,レニガンGSフット,Lenigan HS Feet
0x445570@mhfdat-jp.bin,レニガンGPフット,Lenigan GS Feet
0x445574@mhfdat-jp.bin,レニガンZPフット,Lenigan GP Feet
0x445578@mhfdat-jp.bin,レニガンブーツ,Lenigan ZP Feet
0x44557c@mhfdat-jp.bin,レニガンＦブーツ,Lenigan Boots
0x445580@mhfdat-jp.bin,レニガンFZブーツ,Lenigan F Boots
0x445584@mhfdat-jp.bin,レニガンHSブーツ,Lenigan FZ Boots
0x445588@mhfdat-jp.bin,レニガンGSブーツ,Lenigan HS Boots
0x44558c@mhfdat-jp.bin,レニガンGPブーツ,Lenigan GS Boots
0x445590@mhfdat-jp.bin,レニガンZPブーツ,Lenigan GP Boots
0x445594@mhfdat-jp.bin,ファビラフット,Lenigan ZP Boots
0x445598@mhfdat-jp.bin,ファビラＦフット,Favila Feet
0x44559c@mhfdat-jp.bin,ファビラFZフット,Favila F Feet
0x4455a0@mhfdat-jp.bin,ファビラHSフット,Favila FZ Feet
0x4455a4@mhfdat-jp.bin,ファビラGSフット,Favila HS Feet
0x4455a8@mhfdat-jp.bin,ファビラGPフット,Favila GS Feet
0x4455ac@mhfdat-jp.bin,ファビラZPフット,Favila GP Feet
0x4455b0@mhfdat-jp.bin,ファビラブーツ,Favila ZP Feet
0x4455b4@mhfdat-jp.bin,ファビラＦブーツ,Favila Boots
0x4455b8@mhfdat-jp.bin,ファビラFZブーツ,Favila F Boots
0x4455bc@mhfdat-jp.bin,ファビラHSブーツ,Favila FZ Boots
0x4455c0@mhfdat-jp.bin,ファビラGSブーツ,Favila HS Boots
0x4455c4@mhfdat-jp.bin,ファビラGPブーツ,Favila GS Boots
0x4455c8@mhfdat-jp.bin,ファビラZPブーツ,Favila GP Boots
0x4455cc@mhfdat-jp.bin,デストラGSサバトン,Favila ZP Boots
0x4455d0@mhfdat-jp.bin,デストラGPサバトン,Desutora GS Sabaton
0x4455d4@mhfdat-jp.bin,デストラZPサバトン,Desutora GP Sabaton
0x4455d8@mhfdat-jp.bin,ダミー,Desutora ZP Sabaton
0x4455dc@mhfdat-jp.bin,ダミー,ダミー
0x4455e0@mhfdat-jp.bin,ダミー,ダミー
0x4455e4@mhfdat-jp.bin,デストラGSレギンス,ダミー
0x4455e8@mhfdat-jp.bin,デストラGPレギンス,Desutora GS Leggings
0x4455ec@mhfdat-jp.bin,デストラZPレギンス,Desutora GP Leggings
0x4455f0@mhfdat-jp.bin,ダミー,Desutora ZP Leggings
0x4455f4@mhfdat-jp.bin,ダミー,ダミー
0x4455f8@mhfdat-jp.bin,ダミー,ダミー
0x4455fc@mhfdat-jp.bin,ブレイブZXグリーヴ,ダミー
0x445600@mhfdat-jp.bin,ボガバドＺグリーヴ,Brave ZX Greaves
0x445604@mhfdat-jp.bin,ボガバドZFグリーヴ,Bogabado Z Greaves
0x445608@mhfdat-jp.bin,ボガバドZYグリーヴ,Bogabado ZF Greaves
0x44560c@mhfdat-jp.bin,ボガバドZXグリーヴ,Bogabado ZY Greaves
0x445610@mhfdat-jp.bin,ボガバドＺレギンス,Bogabado ZX Greaves
0x445614@mhfdat-jp.bin,ボガバドZFレギンス,Bogabado Z Leggings
0x445618@mhfdat-jp.bin,ボガバドZYレギンス,Bogabado ZF Leggings
0x44561c@mhfdat-jp.bin,ボガバドZXレギンス,Bogabado ZY Leggings
0x445620@mhfdat-jp.bin,アリシアフット,Bogabado ZX Leggings
0x445624@mhfdat-jp.bin,アリシアＦフット,Alicia Feet
0x445628@mhfdat-jp.bin,アリシアFZフット,Alicia F Feet
0x44562c@mhfdat-jp.bin,アリシアHSフット,Alicia FZ Feet
0x445630@mhfdat-jp.bin,アリシアGSフット,Alicia HS Feet
0x445634@mhfdat-jp.bin,アリシアGPフット,Alicia GS Feet
0x445638@mhfdat-jp.bin,アリシアZPフット,Alicia GP Feet
0x44563c@mhfdat-jp.bin,アリシアブーツ,Alicia ZP Feet
0x445640@mhfdat-jp.bin,アリシアＦブーツ,Alicia Boots
0x445644@mhfdat-jp.bin,アリシアFZブーツ,Alicia F Boots
0x445648@mhfdat-jp.bin,アリシアHSブーツ,Alicia FZ Boots
0x44564c@mhfdat-jp.bin,アリシアGSブーツ,Alicia HS Boots
0x445650@mhfdat-jp.bin,アリシアGPブーツ,Alicia GS Boots
0x445654@mhfdat-jp.bin,アリシアZPブーツ,Alicia GP Boots
0x445658@mhfdat-jp.bin,タンザナグリーヴ,Alicia ZP Boots
0x44565c@mhfdat-jp.bin,タンザナＦグリーヴ,Tanzanite Greaves
0x445660@mhfdat-jp.bin,タンザナFXグリーヴ,Tanzanite F Greaves
0x445664@mhfdat-jp.bin,ヘマタイトグリーヴ,Tanzanite FX Greaves
0x445668@mhfdat-jp.bin,ヘマタイトＦグリーヴ,Hematite Greaves
0x44566c@mhfdat-jp.bin,ヘマタイトFXグリーヴ,Hematite F Greaves
0x445670@mhfdat-jp.bin,白虎・磁星Ｇフット,Hematite FX Greaves
0x445674@mhfdat-jp.bin,白虎・磁星GFフット,Byakko・磁星G Feet
0x445678@mhfdat-jp.bin,白虎・磁星GXフット,Byakko・磁星GF Feet
0x44567c@mhfdat-jp.bin,朱雀・磁星Ｇフット,Byakko・磁星GX Feet
0x445680@mhfdat-jp.bin,朱雀・磁星GFフット,Suzaku・磁星G Feet
0x445684@mhfdat-jp.bin,朱雀・磁星GXフット,Suzaku・磁星GF Feet
0x445688@mhfdat-jp.bin,玄武・磁星Ｇフット,Suzaku・磁星GX Feet
0x44568c@mhfdat-jp.bin,玄武・磁星GFフット,Genbu・磁星G Feet
0x445690@mhfdat-jp.bin,玄武・磁星GXフット,Genbu・磁星GF Feet
0x445694@mhfdat-jp.bin,青龍・磁星Ｇフット,Genbu・磁星GX Feet
0x445698@mhfdat-jp.bin,青龍・磁星GFフット,Seiryu・磁星G Feet
0x44569c@mhfdat-jp.bin,青龍・磁星GXフット,Seiryu・磁星GF Feet
0x4456a0@mhfdat-jp.bin,白蘭・磁星フット,Seiryu・磁星GX Feet
0x4456a4@mhfdat-jp.bin,白蘭・磁星Ｆフット,White 蘭・磁星 Feet
0x4456a8@mhfdat-jp.bin,白蘭・磁星FXフット,White 蘭・磁星F Feet
0x4456ac@mhfdat-jp.bin,紅霞・磁星フット,White 蘭・磁星FX Feet
0x4456b0@mhfdat-jp.bin,紅霞・磁星Ｆフット,Crimson 霞・磁星 Feet
0x4456b4@mhfdat-jp.bin,紅霞・磁星FXフット,Crimson 霞・磁星F Feet
0x4456b8@mhfdat-jp.bin,白蘭・磁星Ｇフット,Crimson 霞・磁星FX Feet
0x4456bc@mhfdat-jp.bin,白蘭・磁星GFフット,White 蘭・磁星G Feet
0x4456c0@mhfdat-jp.bin,白蘭・磁星GXフット,White 蘭・磁星GF Feet
0x4456c4@mhfdat-jp.bin,紅霞・磁星Ｇフット,White 蘭・磁星GX Feet
0x4456c8@mhfdat-jp.bin,紅霞・磁星GFフット,Crimson 霞・磁星G Feet
0x4456cc@mhfdat-jp.bin,紅霞・磁星GXフット,Crimson 霞・磁星GF Feet
0x4456d0@mhfdat-jp.bin,月夜・磁星Ｇフット,Crimson 霞・磁星GX Feet
0x4456d4@mhfdat-jp.bin,月夜・磁星GFフット,月夜・磁星G Feet
0x4456d8@mhfdat-jp.bin,月夜・磁星GXフット,月夜・磁星GF Feet
0x4456dc@mhfdat-jp.bin,蒼穹・磁星Ｇフット,月夜・磁星GX Feet
0x4456e0@mhfdat-jp.bin,蒼穹・磁星GFフット,Green 穹・磁星G Feet
0x4456e4@mhfdat-jp.bin,蒼穹・磁星GXフット,Green 穹・磁星GF Feet
0x4456e8@mhfdat-jp.bin,雅葉ノ装【足袋】朱,Green 穹・磁星GX Feet
0x4456ec@mhfdat-jp.bin,雅葉ノ装Ｆ【足袋】朱,Masaha Dress [Tabi] Red
0x4456f0@mhfdat-jp.bin,雅葉ノ装FZ【足袋】朱,Masaha Dress F [Tabi] Red
0x4456f4@mhfdat-jp.bin,雅葉ノ装HS【足袋】朱,Masaha Dress FZ [Tabi] Red
0x4456f8@mhfdat-jp.bin,雅葉ノ装GS【足袋】朱,Masaha Dress HS [Tabi] Red
0x4456fc@mhfdat-jp.bin,雅葉ノ装GP【足袋】朱,Masaha Dress GS [Tabi] Red
0x445700@mhfdat-jp.bin,雅葉ノ装ZP【足袋】朱,Masaha Dress GP [Tabi] Red
0x445704@mhfdat-jp.bin,雅葉ノ装【具足】朱,Masaha Dress ZP [Tabi] Red
0x445708@mhfdat-jp.bin,雅葉ノ装Ｆ【具足】朱,Masaha Dress [Greaves] Red
0x44570c@mhfdat-jp.bin,雅葉ノ装FZ【具足】朱,Masaha Dress F [Greaves] Red
0x445710@mhfdat-jp.bin,雅葉ノ装HS【具足】朱,Masaha Dress FZ [Greaves] Red
0x445714@mhfdat-jp.bin,雅葉ノ装GS【具足】朱,Masaha Dress HS [Greaves] Red
0x445718@mhfdat-jp.bin,雅葉ノ装GP【具足】朱,Masaha Dress GS [Greaves] Red
0x44571c@mhfdat-jp.bin,雅葉ノ装ZP【具足】朱,Masaha Dress GP [Greaves] Red
0x445720@mhfdat-jp.bin,雅葉ノ装【足袋】銀,Masaha Dress ZP [Greaves] Red
0x445724@mhfdat-jp.bin,雅葉ノ装Ｆ【足袋】銀,Masaha Dress [Tabi] Silver
0x445728@mhfdat-jp.bin,雅葉ノ装FZ【足袋】銀,Masaha Dress F [Tabi] Silver
0x44572c@mhfdat-jp.bin,雅葉ノ装HS【足袋】銀,Masaha Dress FZ [Tabi] Silver
0x445730@mhfdat-jp.bin,雅葉ノ装GS【足袋】銀,Masaha Dress HS [Tabi] Silver
0x445734@mhfdat-jp.bin,雅葉ノ装GP【足袋】銀,Masaha Dress GS [Tabi] Silver
0x445738@mhfdat-jp.bin,雅葉ノ装ZP【足袋】銀,Masaha Dress GP [Tabi] Silver
0x44573c@mhfdat-jp.bin,雅葉ノ装【具足】銀,Masaha Dress ZP [Tabi] Silver
0x445740@mhfdat-jp.bin,雅葉ノ装Ｆ【具足】銀,Masaha Dress [Greaves] Silver
0x445744@mhfdat-jp.bin,雅葉ノ装FZ【具足】銀,Masaha Dress F [Greaves] Silver
0x445748@mhfdat-jp.bin,雅葉ノ装HS【具足】銀,Masaha Dress FZ [Greaves] Silver
0x44574c@mhfdat-jp.bin,雅葉ノ装GS【具足】銀,Masaha Dress HS [Greaves] Silver
0x445750@mhfdat-jp.bin,雅葉ノ装GP【具足】銀,Masaha Dress GS [Greaves] Silver
0x445754@mhfdat-jp.bin,雅葉ノ装ZP【具足】銀,Masaha Dress GP [Greaves] Silver
0x445758@mhfdat-jp.bin,雅葉ノ装【足袋】碧,Masaha Dress ZP [Greaves] Silver
0x44575c@mhfdat-jp.bin,雅葉ノ装Ｆ【足袋】碧,Masaha Dress [Tabi] Blue
0x445760@mhfdat-jp.bin,雅葉ノ装FZ【足袋】碧,Masaha Dress F [Tabi] Blue
0x445764@mhfdat-jp.bin,雅葉ノ装HS【足袋】碧,Masaha Dress FZ [Tabi] Blue
0x445768@mhfdat-jp.bin,雅葉ノ装GS【足袋】碧,Masaha Dress HS [Tabi] Blue
0x44576c@mhfdat-jp.bin,雅葉ノ装GP【足袋】碧,Masaha Dress GS [Tabi] Blue
0x445770@mhfdat-jp.bin,雅葉ノ装ZP【足袋】碧,Masaha Dress GP [Tabi] Blue
0x445774@mhfdat-jp.bin,雅葉ノ装【具足】碧,Masaha Dress ZP [Tabi] Blue
0x445778@mhfdat-jp.bin,雅葉ノ装Ｆ【具足】碧,Masaha Dress [Greaves] Blue
0x44577c@mhfdat-jp.bin,雅葉ノ装FZ【具足】碧,Masaha Dress F [Greaves] Blue
0x445780@mhfdat-jp.bin,雅葉ノ装HS【具足】碧,Masaha Dress FZ [Greaves] Blue
0x445784@mhfdat-jp.bin,雅葉ノ装GS【具足】碧,Masaha Dress HS [Greaves] Blue
0x445788@mhfdat-jp.bin,雅葉ノ装GP【具足】碧,Masaha Dress GS [Greaves] Blue
0x44578c@mhfdat-jp.bin,雅葉ノ装ZP【具足】碧,Masaha Dress GP [Greaves] Blue
0x445790@mhfdat-jp.bin,雅葉ノ装【足袋】橙,Masaha Dress ZP [Greaves] Blue
0x445794@mhfdat-jp.bin,雅葉ノ装Ｆ【足袋】橙,Masaha Dress [Tabi] Orange
0x445798@mhfdat-jp.bin,雅葉ノ装FZ【足袋】橙,Masaha Dress F [Tabi] Orange
0x44579c@mhfdat-jp.bin,雅葉ノ装HS【足袋】橙,Masaha Dress FZ [Tabi] Orange
0x4457a0@mhfdat-jp.bin,雅葉ノ装GS【足袋】橙,Masaha Dress HS [Tabi] Orange
0x4457a4@mhfdat-jp.bin,雅葉ノ装GP【足袋】橙,Masaha Dress GS [Tabi] Orange
0x4457a8@mhfdat-jp.bin,雅葉ノ装ZP【足袋】橙,Masaha Dress GP [Tabi] Orange
0x4457ac@mhfdat-jp.bin,雅葉ノ装【具足】橙,Masaha Dress ZP [Tabi] Orange
0x4457b0@mhfdat-jp.bin,雅葉ノ装Ｆ【具足】橙,Masaha Dress [Greaves] Orange
0x4457b4@mhfdat-jp.bin,雅葉ノ装FZ【具足】橙,Masaha Dress F [Greaves] Orange
0x4457b8@mhfdat-jp.bin,雅葉ノ装HS【具足】橙,Masaha Dress FZ [Greaves] Orange
0x4457bc@mhfdat-jp.bin,雅葉ノ装GS【具足】橙,Masaha Dress HS [Greaves] Orange
0x4457c0@mhfdat-jp.bin,雅葉ノ装GP【具足】橙,Masaha Dress GS [Greaves] Orange
0x4457c4@mhfdat-jp.bin,雅葉ノ装ZP【具足】橙,Masaha Dress GP [Greaves] Orange
0x4457c8@mhfdat-jp.bin,グラハムグリーヴ,Masaha Dress ZP [Greaves] Orange
0x4457cc@mhfdat-jp.bin,ファビラＤフット,Graham Greaves
0x4457d0@mhfdat-jp.bin,アリシアＤフット,Favila D Feet
0x4457d4@mhfdat-jp.bin,雅葉ノ装Ｃ【足袋】,Alicia D Feet
0x4457d8@mhfdat-jp.bin,アウラＣフット,Masaha Dress C [Tabi 】
0x4457dc@mhfdat-jp.bin,アスモＣフット,Aura C Feet
0x4457e0@mhfdat-jp.bin,ロッカＣフット,Asumo C Feet
0x4457e4@mhfdat-jp.bin,ルーチェＣグリーヴ,Rokka C Feet
0x4457e8@mhfdat-jp.bin,シュイＣグリーヴ,Ruche C Greaves
0x4457ec@mhfdat-jp.bin,雅葉ノ装Ｄ【足袋】朱,Shui C Greaves
0x4457f0@mhfdat-jp.bin,雅葉ノ装Ｄ【足袋】銀,Masaha Dress D [Tabi] Red
0x4457f4@mhfdat-jp.bin,雅葉ノ装Ｄ【足袋】碧,Masaha Dress D [Tabi] Silver
0x4457f8@mhfdat-jp.bin,雅葉ノ装Ｄ【足袋】橙,Masaha Dress D [Tabi] Blue
0x4457fc@mhfdat-jp.bin,玄武・剣聖Ｄフット,Masaha Dress D [Tabi] Orange
0x445800@mhfdat-jp.bin,玄武・双龍Ｄフット,Genbu・Kensei D Feet
0x445804@mhfdat-jp.bin,玄武・剣王Ｄフット,Genbu・双龍D Feet
0x445808@mhfdat-jp.bin,玄武・刀神Ｄフット,Genbu・Blade 王D Feet
0x44580c@mhfdat-jp.bin,玄武・天槍Ｄフット,Genbu・刀神D Feet
0x445810@mhfdat-jp.bin,玄武・砲皇Ｄフット,Genbu・Heaven 槍D Feet
0x445814@mhfdat-jp.bin,玄武・鈍器獣Ｄフット,Genbu・砲皇D Feet
0x445818@mhfdat-jp.bin,玄武・奏帝Ｄフット,Genbu・鈍器獣D Feet
0x44581c@mhfdat-jp.bin,玄武・穿凰Ｄフット,Genbu・奏帝D Feet
0x445820@mhfdat-jp.bin,玄武・斬将Ｄフット,Genbu・穿凰D Feet
0x445824@mhfdat-jp.bin,玄武・銃傑Ｄブーツ,Genbu・斬将D Feet
0x445828@mhfdat-jp.bin,玄武・銃仙Ｄブーツ,Genbu・銃傑D Boots
0x44582c@mhfdat-jp.bin,玄武・弓鬼Ｄブーツ,Genbu・銃仙D Boots
0x445830@mhfdat-jp.bin,タンザナＤグリーヴ,Genbu・Bow 鬼D Boots
0x445834@mhfdat-jp.bin,ヘマタイトＤグリーヴ,Tanzanite D Greaves
0x445838@mhfdat-jp.bin,白虎・磁星Ｄフット,Hematite D Greaves
0x44583c@mhfdat-jp.bin,朱雀・磁星Ｄフット,Byakko・磁星D Feet
0x445840@mhfdat-jp.bin,玄武・磁星Ｄフット,Suzaku・磁星D Feet
0x445844@mhfdat-jp.bin,レックスグリーヴPD黒,Genbu・磁星D Feet
0x445848@mhfdat-jp.bin,レックスグリーヴPD白,Tigrex Greaves PD Black
0x44584c@mhfdat-jp.bin,レックスグリーヴPD紫,Tigrex Greaves PD White
0x445850@mhfdat-jp.bin,モノブロスブーツPD黄,Tigrex Greaves PD Purple
0x445854@mhfdat-jp.bin,モノブロスブーツPD緑,Monoblos Boots PD Yellow
0x445858@mhfdat-jp.bin,モノブロスブーツPD白,Monoblos Boots PD Green
0x44585c@mhfdat-jp.bin,フルフルレギンスPD黒,Monoblos Boots PD White
0x445860@mhfdat-jp.bin,フルフルレギンスPD緑,Khezu Leggings PD Black
0x445864@mhfdat-jp.bin,フルフルレギンスPD青,Khezu Leggings PD Green
0x445868@mhfdat-jp.bin,ガノスグリーヴPD黒,Khezu Leggings PD Blue
0x44586c@mhfdat-jp.bin,ガノスグリーヴPD黄,Plesioth Greaves PD Black
0x445870@mhfdat-jp.bin,ガノスグリーヴPD紫,Plesioth Greaves PD Yellow
0x445874@mhfdat-jp.bin,ガノスレギンスPD黒,Plesioth Greaves PD Purple
0x445878@mhfdat-jp.bin,ガノスレギンスPD黄,Plesioth Leggings PD Black
0x44587c@mhfdat-jp.bin,ガノスレギンスPD紫,Plesioth Leggings PD Yellow
0x445880@mhfdat-jp.bin,ゲリョスレギンスPD赤,Plesioth Leggings PD Purple
0x445884@mhfdat-jp.bin,ゲリョスレギンスPD黄,Gypceros Leggings PD Red
0x445888@mhfdat-jp.bin,ゲリョスレギンスPD緑,Gypceros Leggings PD Yellow
0x44588c@mhfdat-jp.bin,神楽【袴】PD赤,Gypceros Leggings PD Green
0x445890@mhfdat-jp.bin,神楽【袴】PD黒,Kagura [Hakama] PD Red
0x445894@mhfdat-jp.bin,神楽【袴】PD紫,Kagura [Hakama] PD Black
0x445898@mhfdat-jp.bin,神座【袴】PD赤,Kagura [Hakama] PD Purple
0x44589c@mhfdat-jp.bin,神座【袴】PD黒,Kamiza [Hakama] PD Red
0x4458a0@mhfdat-jp.bin,神座【袴】PD紫,Kamiza [Hakama] PD Black
0x4458a4@mhfdat-jp.bin,モスフットPD白,Kamiza [Hakama] PD Purple
0x4458a8@mhfdat-jp.bin,モスフットPD黄,Mosswine Feet PD White
0x4458ac@mhfdat-jp.bin,モスフットPD青,Mosswine Feet PD Yellow
0x4458b0@mhfdat-jp.bin,忍の足袋・陰PD黄,Mosswine Feet PD Blue
0x4458b4@mhfdat-jp.bin,忍の足袋・陰PD赤,忍の Tabi・陰 PD Yellow
0x4458b8@mhfdat-jp.bin,忍の足袋・陰PD青,忍の Tabi・陰 PD Red
0x4458bc@mhfdat-jp.bin,ダスクＤフット・赤,忍の Tabi・陰 PD Blue
0x4458c0@mhfdat-jp.bin,ダスクＤフット・白,Dusk D Feet・Red
0x4458c4@mhfdat-jp.bin,ダスクＤフット・桃,Dusk D Feet・White
0x4458c8@mhfdat-jp.bin,ダスクＤフット・青,Dusk D Feet・Peach
0x4458cc@mhfdat-jp.bin,マリンＤフット・青,Dusk D Feet・Blue
0x4458d0@mhfdat-jp.bin,マリンＤフット・桃,Marin D Feet・Blue
0x4458d4@mhfdat-jp.bin,マリンＤフット・白,Marin D Feet・Peach
0x4458d8@mhfdat-jp.bin,マリンＤフット・黒,Marin D Feet・White
0x4458dc@mhfdat-jp.bin,ルフレＤフット・青,Marin D Feet・Black
0x4458e0@mhfdat-jp.bin,ルフレＤフット・白,Reflet D Feet・Blue
0x4458e4@mhfdat-jp.bin,ルフレＤフット・赤,Reflet D Feet・White
0x4458e8@mhfdat-jp.bin,ルフレＤフット・黒,Reflet D Feet・Red
0x4458ec@mhfdat-jp.bin,天日ノ脛当Ｄ・赤,Reflet D Feet・Black
0x4458f0@mhfdat-jp.bin,天日ノ脛当Ｄ・青,Tenpi Legs D・Red
0x4458f4@mhfdat-jp.bin,天日ノ脛当Ｄ・黒,Tenpi Legs D・Blue
0x4458f8@mhfdat-jp.bin,天日ノ脛当Ｄ・白,Tenpi Legs D・Black
0x4458fc@mhfdat-jp.bin,天日ノ鉄衣Ｄ・赤,Tenpi Legs D・White
0x445900@mhfdat-jp.bin,天日ノ鉄衣Ｄ・青,Tenpi ノ鉄衣D・Red
0x445904@mhfdat-jp.bin,天日ノ鉄衣Ｄ・黒,Tenpi ノ鉄衣D・Blue
0x445908@mhfdat-jp.bin,天日ノ鉄衣Ｄ・白,Tenpi ノ鉄衣D・Black
0x44590c@mhfdat-jp.bin,ナーガＤフット・青,Tenpi ノ鉄衣D・White
0x445910@mhfdat-jp.bin,ナーガＤフット・赤,Naga D Feet・Blue
0x445914@mhfdat-jp.bin,ナーガＤフット・白,Naga D Feet・Red
0x445918@mhfdat-jp.bin,ナーガＤフット・黒,Naga D Feet・White
0x44591c@mhfdat-jp.bin,シェリフＤフット・茶,Naga D Feet・Black
0x445920@mhfdat-jp.bin,シェリフＤフット・黒,Sheriff D Feet・Tea
0x445924@mhfdat-jp.bin,シェリフＤフット・青,Sheriff D Feet・Black
0x445928@mhfdat-jp.bin,シェリフＤフット・白,Sheriff D Feet・Blue
0x44592c@mhfdat-jp.bin,セレナＤフット・紫,Sheriff D Feet・White
0x445930@mhfdat-jp.bin,セレナＤフット・青,Serena D Feet・Purple
0x445934@mhfdat-jp.bin,セレナＤフット・白,Serena D Feet・Blue
0x445938@mhfdat-jp.bin,セレナＤフット・赤,Serena D Feet・White
0x44593c@mhfdat-jp.bin,ゲルトＤフット・黒,Serena D Feet・Red
0x445940@mhfdat-jp.bin,ゲルトＤフット・銅,Gelt D Feet・Black
0x445944@mhfdat-jp.bin,ゲルトＤフット・銀,Gelt D Feet・Copper
0x445948@mhfdat-jp.bin,ゲルトＤフット・金,Gelt D Feet・Silver
0x44594c@mhfdat-jp.bin,グロリアＤフット・金,Gelt D Feet・Gold
0x445950@mhfdat-jp.bin,グロリアＤフット・青,Gloria D Feet・Gold
0x445954@mhfdat-jp.bin,グロリアＤフット・水,Gloria D Feet・Blue
0x445958@mhfdat-jp.bin,グロリアＤフット・赤,Gloria D Feet・Water
0x44595c@mhfdat-jp.bin,クロースＤフット・赤,Gloria D Feet・Red
0x445960@mhfdat-jp.bin,クロースＤフット・青,Cloth D Feet・Red
0x445964@mhfdat-jp.bin,クロースＤフット・紫,Cloth D Feet・Blue
0x445968@mhfdat-jp.bin,クロースＤフット・緑,Cloth D Feet・Purple
0x44596c@mhfdat-jp.bin,レイストＤフット・黒,Cloth D Feet・Green
0x445970@mhfdat-jp.bin,レイストＤフット・青,Rast D Feet・Black
0x445974@mhfdat-jp.bin,レイストＤフット・紅,Rast D Feet・Blue
0x445978@mhfdat-jp.bin,レイストＤフット・白,Rast D Feet・Crimson
0x44597c@mhfdat-jp.bin,シエナＤグリーヴ・銀,Rast D Feet・White
0x445980@mhfdat-jp.bin,シエナＤグリーヴ・黒,Siena D Greaves・Silver
0x445984@mhfdat-jp.bin,シエナＤグリーヴ・赤,Siena D Greaves・Black
0x445988@mhfdat-jp.bin,シエナＤグリーヴ・青,Siena D Greaves・Red
0x44598c@mhfdat-jp.bin,カウチュＤフット・灰,Siena D Greaves・Blue
0x445990@mhfdat-jp.bin,カウチュＤフット・青,Cultu D Feet・Ash
0x445994@mhfdat-jp.bin,カウチュＤフット・橙,Cultu D Feet・Blue
0x445998@mhfdat-jp.bin,カウチュＤフット・緑,Cultu D Feet・Orange
0x44599c@mhfdat-jp.bin,トラスＤレギンス青,Cultu D Feet・Green
0x4459a0@mhfdat-jp.bin,トラスＤレギンス赤,Truss D Leggings Blue
0x4459a4@mhfdat-jp.bin,トラスＤレギンス白,Truss D Leggings Red
0x4459a8@mhfdat-jp.bin,トラスＤレギンス紫,Truss D Leggings White
0x4459ac@mhfdat-jp.bin,マイストＤフット・紅,Truss D Leggings Purple
0x4459b0@mhfdat-jp.bin,マイストＤフット・緑,Maisto D Feet・Crimson
0x4459b4@mhfdat-jp.bin,マイストＤフット・蒼,Maisto D Feet・Green
0x4459b8@mhfdat-jp.bin,マイストＤフット・桜,Maisto D Feet・Green
0x4459bc@mhfdat-jp.bin,蘭陀の袴・Ｄ黄,Maisto D Feet・Pink
0x4459c0@mhfdat-jp.bin,蘭陀の袴・Ｄ赤,Randa の Hakama・D Yellow
0x4459c4@mhfdat-jp.bin,蘭陀の袴・Ｄ紫,Randa の Hakama・D Red
0x4459c8@mhfdat-jp.bin,蘭陀の袴・Ｄ金,Randa の Hakama・D Purple
0x4459cc@mhfdat-jp.bin,バーニーＤフット・黒,Randa の Hakama・D Gold
0x4459d0@mhfdat-jp.bin,バーニーＤフット・白,Bunny D Feet・Black
0x4459d4@mhfdat-jp.bin,バーニーＤフット・赤,Bunny D Feet・White
0x4459d8@mhfdat-jp.bin,バーニーＤフット・紫,Bunny D Feet・Red
0x4459dc@mhfdat-jp.bin,リゲリアＤフット・白,Bunny D Feet・Purple
0x4459e0@mhfdat-jp.bin,リゲリアＤフット・赤,Regelia D Feet・White
0x4459e4@mhfdat-jp.bin,リゲリアＤフット・緑,Regelia D Feet・Red
0x4459e8@mhfdat-jp.bin,リゲリアＤフット・青,Regelia D Feet・Green
0x4459ec@mhfdat-jp.bin,アリストＤフット・青,Regelia D Feet・Blue
0x4459f0@mhfdat-jp.bin,アリストＤフット・白,Aristo D Feet・Blue
0x4459f4@mhfdat-jp.bin,アリストＤフット・紫,Aristo D Feet・White
0x4459f8@mhfdat-jp.bin,アリストＤフット・赤,Aristo D Feet・Purple
0x4459fc@mhfdat-jp.bin,メレティＤフット・白,Aristo D Feet・Red
0x445a00@mhfdat-jp.bin,メレティＤフット・赤,Melety D Feet・White
0x445a04@mhfdat-jp.bin,メレティＤフット・青,Melety D Feet・Red
0x445a08@mhfdat-jp.bin,メレティＤフット・黒,Melety D Feet・Blue
0x445a0c@mhfdat-jp.bin,フェルムＤフット・黒,Melety D Feet・Black
0x445a10@mhfdat-jp.bin,フェルムＤフット・赤,Ferme D Feet・Black
0x445a14@mhfdat-jp.bin,フェルムＤフット・白,Ferme D Feet・Red
0x445a18@mhfdat-jp.bin,フェルムＤフット・青,Ferme D Feet・White
0x445a1c@mhfdat-jp.bin,レアルＤフット・白,Ferme D Feet・Blue
0x445a20@mhfdat-jp.bin,レアルＤフット・金,Real D Feet・White
0x445a24@mhfdat-jp.bin,レアルＤフット・青,Real D Feet・Gold
0x445a28@mhfdat-jp.bin,レアルＤフット・赤,Real D Feet・Blue
0x445a2c@mhfdat-jp.bin,アルマＤフット・黒,Real D Feet・Red
0x445a30@mhfdat-jp.bin,アルマＤフット・白,Arma D Feet・Black
0x445a34@mhfdat-jp.bin,アルマＤフット・青,Arma D Feet・White
0x445a38@mhfdat-jp.bin,アルマＤフット・茶,Arma D Feet・Blue
0x445a3c@mhfdat-jp.bin,オナブルＤフット・赤,Arma D Feet・Tea
0x445a40@mhfdat-jp.bin,オナブルＤフット・青,Honour D Feet・Red
0x445a44@mhfdat-jp.bin,オナブルＤフット・緑,Honour D Feet・Blue
0x445a48@mhfdat-jp.bin,オナブルＤフット・紺,Honour D Feet・Green
0x445a4c@mhfdat-jp.bin,ピクスＤフット・緑,Honour D Feet・紺
0x445a50@mhfdat-jp.bin,ピクスＤフット・紫,Pics D Feet・Green
0x445a54@mhfdat-jp.bin,ピクスＤフット・黒,Pics D Feet・Purple
0x445a58@mhfdat-jp.bin,ピクスＤフット・水,Pics D Feet・Black
0x445a5c@mhfdat-jp.bin,マゴスＤフット・黄,Pics D Feet・Water
0x445a60@mhfdat-jp.bin,マゴスＤフット・赤,Magos D Feet・Yellow
0x445a64@mhfdat-jp.bin,マゴスＤフット・水,Magos D Feet・Red
0x445a68@mhfdat-jp.bin,マゴスＤフット・青,Magos D Feet・Water
0x445a6c@mhfdat-jp.bin,アージェＤフット,Magos D Feet・Blue
0x445a70@mhfdat-jp.bin,カマレラＤフット,Arge D Feet
0x445a74@mhfdat-jp.bin,メテネラＤフット,Camarera D Feet
0x445a78@mhfdat-jp.bin,アビットＤフット,Metenera D Feet
0x445a7c@mhfdat-jp.bin,リブリーＤフット,Abitto D Feet
0x445a80@mhfdat-jp.bin,ゾデックＤフット・青,Riburi D Feet
0x445a84@mhfdat-jp.bin,ゾデックＤフット・茶,Zodic D Feet・Blue
0x445a88@mhfdat-jp.bin,ゾデックＤフット・緑,Zodic D Feet・Tea
0x445a8c@mhfdat-jp.bin,ゾデックＤフット・桜,Zodic D Feet・Green
0x445a90@mhfdat-jp.bin,カエシスＤフット水,Zodic D Feet・Pink
0x445a94@mhfdat-jp.bin,カエシスＤフット赤,Cayssis D Feet Water
0x445a98@mhfdat-jp.bin,カエシスＤフット青,Cayssis D Feet Red
0x445a9c@mhfdat-jp.bin,カエシスＤフット橙,Cayssis D Feet Blue
0x445aa0@mhfdat-jp.bin,オメットＤフット・黒,Cayssis D Feet Orange
0x445aa4@mhfdat-jp.bin,オメットＤフット・赤,Omet D Feet・Black
0x445aa8@mhfdat-jp.bin,オメットＤフット・白,Omet D Feet・Red
0x445aac@mhfdat-jp.bin,オメットＤフット・青,Omet D Feet・White
0x445ab0@mhfdat-jp.bin,エディオＤフット・青,Omet D Feet・Blue
0x445ab4@mhfdat-jp.bin,エディオＤフット・赤,Edio D Feet・Blue
0x445ab8@mhfdat-jp.bin,エディオＤフット・黄,Edio D Feet・Red
0x445abc@mhfdat-jp.bin,エディオＤフット・黒,Edio D Feet・Yellow
0x445ac0@mhfdat-jp.bin,ステノＤグリーヴ・橙,Edio D Feet・Black
0x445ac4@mhfdat-jp.bin,ステノＤグリーヴ・桃,Steno D Greaves・Orange
0x445ac8@mhfdat-jp.bin,ステノＤグリーヴ・青,Steno D Greaves・Peach
0x445acc@mhfdat-jp.bin,ステノＤグリーヴ・赤,Steno D Greaves・Blue
0x445ad0@mhfdat-jp.bin,スリートＤフット・黄,Steno D Greaves・Red
0x445ad4@mhfdat-jp.bin,スリートＤフット・銀,Suriito D Feet・Yellow
0x445ad8@mhfdat-jp.bin,スリートＤフット・赤,Suriito D Feet・Silver
0x445adc@mhfdat-jp.bin,スリートＤフット・青,Suriito D Feet・Red
0x445ae0@mhfdat-jp.bin,ガリトスＤフット・茶,Suriito D Feet・Blue
0x445ae4@mhfdat-jp.bin,ガリトスＤフット・赤,Galitos D Feet・Tea
0x445ae8@mhfdat-jp.bin,ガリトスＤフット・黒,Galitos D Feet・Red
0x445aec@mhfdat-jp.bin,ガリトスＤフット・水,Galitos D Feet・Black
0x445af0@mhfdat-jp.bin,テクストＤフット・紫,Galitos D Feet・Water
0x445af4@mhfdat-jp.bin,テクストＤフット・緑,Text D Feet・Purple
0x445af8@mhfdat-jp.bin,テクストＤフット・青,Text D Feet・Green
0x445afc@mhfdat-jp.bin,テクストＤフット・黒,Text D Feet・Blue
0x445b00@mhfdat-jp.bin,ファランＤフット・白,Text D Feet・Black
0x445b04@mhfdat-jp.bin,ファランＤフット・黒,Pharan D Feet・White
0x445b08@mhfdat-jp.bin,ファランＤフット・赤,Pharan D Feet・Black
0x445b0c@mhfdat-jp.bin,ファランＤフット・青,Pharan D Feet・Red
0x445b10@mhfdat-jp.bin,ゴルトＤフット・赤,Pharan D Feet・Blue
0x445b14@mhfdat-jp.bin,ゴルトＤフット・青,Gold D Feet・Red
0x445b18@mhfdat-jp.bin,ゴルトＤフット・黄,Gold D Feet・Blue
0x445b1c@mhfdat-jp.bin,ゴルトＤフット・紫,Gold D Feet・Yellow
0x445b20@mhfdat-jp.bin,クレールＤフット・紫,Gold D Feet・Purple
0x445b24@mhfdat-jp.bin,クレールＤフット・水,Claire D Feet・Purple
0x445b28@mhfdat-jp.bin,クレールＤフット・赤,Claire D Feet・Water
0x445b2c@mhfdat-jp.bin,クレールＤフット・黒,Claire D Feet・Red
0x445b30@mhfdat-jp.bin,きんねこ服Ｄブーツ,Claire D Feet・Black
0x445b34@mhfdat-jp.bin,ぎんねこ服Ｄブーツ,Gold Cat D Boots
0x445b38@mhfdat-jp.bin,イクスＤフット・白,Silver Cat D Boots
0x445b3c@mhfdat-jp.bin,イクスＤフット・赤,Ex D Feet・White
0x445b40@mhfdat-jp.bin,イクスＤフット・青,Ex D Feet・Red
0x445b44@mhfdat-jp.bin,イクスＤフット・黒,Ex D Feet・Blue
0x445b48@mhfdat-jp.bin,星祭Ｄ足袋【赤】,Ex D Feet・Black
0x445b4c@mhfdat-jp.bin,星祭Ｄ足袋【青】,Star Festival D Tabi [Red 】
0x445b50@mhfdat-jp.bin,星祭Ｄ足袋【黒】,Star Festival D Tabi [Blue 】
0x445b54@mhfdat-jp.bin,星祭Ｄ足袋【白】,Star Festival D Tabi [Black 】
0x445b58@mhfdat-jp.bin,プロミスＤブーツ・白,Star Festival D Tabi [White 】
0x445b5c@mhfdat-jp.bin,プロミスＤブーツ・青,Promise D Boots・White
0x445b60@mhfdat-jp.bin,プロミスＤブーツ・紫,Promise D Boots・Blue
0x445b64@mhfdat-jp.bin,プロミスＤブーツ・黄,Promise D Boots・Purple
0x445b68@mhfdat-jp.bin,ホワイトＭブーツＤ,Promise D Boots・Yellow
0x445b6c@mhfdat-jp.bin,飛天ノ具足Ｄ・白,White M Boots D
0x445b70@mhfdat-jp.bin,飛天ノ具足Ｄ・赤,Flight Greaves D・White
0x445b74@mhfdat-jp.bin,飛天ノ具足Ｄ・茶,Flight Greaves D・Red
0x445b78@mhfdat-jp.bin,飛天ノ具足Ｄ・青,Flight Greaves D・Tea
0x445b7c@mhfdat-jp.bin,バンデＤフット・青,Flight Greaves D・Blue
0x445b80@mhfdat-jp.bin,バンデＤフット・赤,Bande D Feet・Blue
0x445b84@mhfdat-jp.bin,バンデＤフット・緑,Bande D Feet・Red
0x445b88@mhfdat-jp.bin,バンデＤフット・黒,Bande D Feet・Green
0x445b8c@mhfdat-jp.bin,レグヌムＤフット・白,Bande D Feet・Black
0x445b90@mhfdat-jp.bin,レグヌムＤフット・青,Regnum D Feet・White
0x445b94@mhfdat-jp.bin,レグヌムＤフット・赤,Regnum D Feet・Blue
0x445b98@mhfdat-jp.bin,レグヌムＤフット・茶,Regnum D Feet・Red
0x445b9c@mhfdat-jp.bin,ガニアＤフット・赤,Regnum D Feet・Tea
0x445ba0@mhfdat-jp.bin,ガニアＤフット・青,Gania D Feet・Red
0x445ba4@mhfdat-jp.bin,ガニアＤフット・茶,Gania D Feet・Blue
0x445ba8@mhfdat-jp.bin,ガニアＤフット・紫,Gania D Feet・Tea
0x445bac@mhfdat-jp.bin,アミスタＤフット・黒,Gania D Feet・Purple
0x445bb0@mhfdat-jp.bin,アミスタＤフット・白,Amistad D Feet・Black
0x445bb4@mhfdat-jp.bin,アミスタＤフット・青,Amistad D Feet・White
0x445bb8@mhfdat-jp.bin,アミスタＤフット・紅,Amistad D Feet・Blue
0x445bbc@mhfdat-jp.bin,ペリフＤフット・青,Amistad D Feet・Crimson
0x445bc0@mhfdat-jp.bin,ペリフＤフット・茶,Perifu D Feet・Blue
0x445bc4@mhfdat-jp.bin,ペリフＤフット・緑,Perifu D Feet・Tea
0x445bc8@mhfdat-jp.bin,ペリフＤフット・紫,Perifu D Feet・Green
0x445bcc@mhfdat-jp.bin,ヴァクスＤグリーヴ,Perifu D Feet・Purple
0x445bd0@mhfdat-jp.bin,リズヴェＤグリーヴ,Vakusu D Greaves
0x445bd4@mhfdat-jp.bin,コンセルＤグリーヴ,Rizuvue D Greaves
0x445bd8@mhfdat-jp.bin,歌詠ノ脛当Ｄ,Konseru D Greaves
0x445bdc@mhfdat-jp.bin,歌紡ノ脛当Ｄ,Utaei Legs D
0x445be0@mhfdat-jp.bin,シカリの具足Ｄ,Utatsumugu Legs D
0x445be4@mhfdat-jp.bin,ストレガＤグリーヴ,Shikari の Greaves D
0x445be8@mhfdat-jp.bin,エクエスＤグリーヴ,Strega D Greaves
0x445bec@mhfdat-jp.bin,ウィダＤフット,Eques D Greaves
0x445bf0@mhfdat-jp.bin,クラージＤグリーヴ,Uida D Feet
0x445bf4@mhfdat-jp.bin,アネシスＤグリーヴ,Kuraaji D Greaves
0x445bf8@mhfdat-jp.bin,ザーカーＤグリーヴ,Aneshisu D Greaves
0x445bfc@mhfdat-jp.bin,ヴィネンＤグリーヴ,Zaakaa D Greaves
0x445c00@mhfdat-jp.bin,ルデオスＤグリーヴ,Vinen D Greaves
0x445c04@mhfdat-jp.bin,ブレオＤグリーヴ,Rudeos D Greaves
0x445c08@mhfdat-jp.bin,ルージュＤグリーヴ,Breo D Greaves
0x445c0c@mhfdat-jp.bin,オネロＤグリーヴ,Rouge D Greaves
0x445c10@mhfdat-jp.bin,ディーナＤレッグ,Onero D Greaves
0x445c14@mhfdat-jp.bin,オーロワＤグリーヴ,Diina D Leg
0x445c18@mhfdat-jp.bin,ヒガクレＤグリーヴ,Oorowa D Greaves
0x445c1c@mhfdat-jp.bin,ペルセＤグリーヴ,Higakure D Greaves
0x445c20@mhfdat-jp.bin,オリクトＤグリーヴ,Perce D Greaves
0x445c24@mhfdat-jp.bin,オリクトＤレギンス,Orykto D Greaves
0x445c28@mhfdat-jp.bin,ヨルティＤグリーヴ,Orykto D Leggings
0x445c2c@mhfdat-jp.bin,ニスルＤグリーヴ,Yoruti D Greaves
0x445c30@mhfdat-jp.bin,マアデンＤグリーヴ,Nisuru D Greaves
0x445c34@mhfdat-jp.bin,マアデンＤレギンス,Maaden D Greaves
0x445c38@mhfdat-jp.bin,チェニーＤグリーヴ,Maaden D Leggings
0x445c3c@mhfdat-jp.bin,エギエネＤグリーヴ,Cheni D Greaves
0x445c40@mhfdat-jp.bin,トルボダＤグリーヴ,Eguiene D Greaves
0x445c44@mhfdat-jp.bin,カバリバＤグリーヴ,Toruboda D Greaves
0x445c48@mhfdat-jp.bin,ノルックＤフット,Kabariba D Greaves
0x445c4c@mhfdat-jp.bin,ヴァリエＤグリーヴ,Norukku D Feet
0x445c50@mhfdat-jp.bin,アルミュＤグリーヴ,Valier D Greaves
0x445c54@mhfdat-jp.bin,チャトレＤグリーヴ,Arumyu D Greaves
0x445c58@mhfdat-jp.bin,パシオＤグリーヴ,Chatore D Greaves
0x445c5c@mhfdat-jp.bin,カリヴァＤグリーヴ,Pashio D Greaves
0x445c60@mhfdat-jp.bin,デストラGSサバトン,Cariva D Greaves
0x445c64@mhfdat-jp.bin,デストラGPサバトン,Desutora GS Sabaton
0x445c68@mhfdat-jp.bin,デストラZPサバトン,Desutora GP Sabaton
0x445c6c@mhfdat-jp.bin,デストラGSレギンス,Desutora ZP Sabaton
0x445c70@mhfdat-jp.bin,デストラGPレギンス,Desutora GS Leggings
0x445c74@mhfdat-jp.bin,デストラZPレギンス,Desutora GP Leggings
0x445c78@mhfdat-jp.bin,デストラＤサバトン,Desutora ZP Leggings
0x445c7c@mhfdat-jp.bin,ボガバドZDグリーヴ,Desutora D Sabaton
0x445c80@mhfdat-jp.bin,ボガバドZDレギンス,Bogabado ZD Greaves
0x445c84@mhfdat-jp.bin,煉燭ノ具足Ｚ,Bogabado ZD Leggings
0x445c88@mhfdat-jp.bin,煉燭ノ具足ZF,Nerishoku Greaves Z
0x445c8c@mhfdat-jp.bin,煉燭ノ具足ZY,Nerishoku Greaves ZF
0x445c90@mhfdat-jp.bin,煉燭ノ具足ZX,Nerishoku Greaves ZY
0x445c94@mhfdat-jp.bin,煉燭ノ下駄Ｚ,Nerishoku Greaves ZX
0x445c98@mhfdat-jp.bin,煉燭ノ下駄ZF,Nerishoku Leggings Z
0x445c9c@mhfdat-jp.bin,煉燭ノ下駄ZY,Nerishoku Leggings ZF
0x445ca0@mhfdat-jp.bin,煉燭ノ下駄ZX,Nerishoku Leggings ZY
0x445ca4@mhfdat-jp.bin,バルラＺグリーヴ,Nerishoku Leggings ZX
0x445ca8@mhfdat-jp.bin,バルラZFグリーヴ,Baruragaru Z Greaves
0x445cac@mhfdat-jp.bin,バルラZYグリーヴ,Baruragaru ZF Greaves
0x445cb0@mhfdat-jp.bin,バルラZXグリーヴ,Baruragaru ZY Greaves
0x445cb4@mhfdat-jp.bin,バルラＺレギンス,Baruragaru ZX Greaves
0x445cb8@mhfdat-jp.bin,バルラZFレギンス,Baruragaru Z Leggings
0x445cbc@mhfdat-jp.bin,バルラZYレギンス,Baruragaru ZF Leggings
0x445cc0@mhfdat-jp.bin,バルラZXレギンス,Baruragaru ZY Leggings
0x445cc4@mhfdat-jp.bin,グラビＺグリーヴ,Baruragaru ZX Leggings
0x445cc8@mhfdat-jp.bin,グラビZFグリーヴ,Gravios Z Greaves
0x445ccc@mhfdat-jp.bin,グラビZYグリーヴ,Gravios ZF Greaves
0x445cd0@mhfdat-jp.bin,グラビZXグリーヴ,Gravios ZY Greaves
0x445cd4@mhfdat-jp.bin,グラビＺレギンス,Gravios ZX Greaves
0x445cd8@mhfdat-jp.bin,グラビZFレギンス,Gravios Z Leggings
0x445cdc@mhfdat-jp.bin,グラビZYレギンス,Gravios ZF Leggings
0x445ce0@mhfdat-jp.bin,グラビZXレギンス,Gravios ZY Leggings
0x445ce4@mhfdat-jp.bin,ラビウスフット,Gravios ZX Leggings
0x445ce8@mhfdat-jp.bin,ラビウスＦフット,Rabius Feet
0x445cec@mhfdat-jp.bin,ラビウスFZフット,Rabius F Feet
0x445cf0@mhfdat-jp.bin,ラビウスHSフット,Rabius FZ Feet
0x445cf4@mhfdat-jp.bin,ラビウスGSフット,Rabius HS Feet
0x445cf8@mhfdat-jp.bin,ラビウスGPフット,Rabius GS Feet
0x445cfc@mhfdat-jp.bin,ラビウスZPフット,Rabius GP Feet
0x445d00@mhfdat-jp.bin,ラビウスブーツ,Rabius ZP Feet
0x445d04@mhfdat-jp.bin,ラビウスＦブーツ,Rabius Boots
0x445d08@mhfdat-jp.bin,ラビウスFZブーツ,Rabius F Boots
0x445d0c@mhfdat-jp.bin,ラビウスHSブーツ,Rabius FZ Boots
0x445d10@mhfdat-jp.bin,ラビウスGSブーツ,Rabius HS Boots
0x445d14@mhfdat-jp.bin,ラビウスGPブーツ,Rabius GS Boots
0x445d18@mhfdat-jp.bin,ラビウスZPブーツ,Rabius GP Boots
0x445d1c@mhfdat-jp.bin,ロクラスフット,Rabius ZP Boots
0x445d20@mhfdat-jp.bin,ロクラスＦフット,Rocras Feet
0x445d24@mhfdat-jp.bin,ロクラスFZフット,Rocras F Feet
0x445d28@mhfdat-jp.bin,ロクラスHSフット,Rocras FZ Feet
0x445d2c@mhfdat-jp.bin,ロクラスGSフット,Rocras HS Feet
0x445d30@mhfdat-jp.bin,ロクラスGPフット,Rocras GS Feet
0x445d34@mhfdat-jp.bin,ロクラスZPフット,Rocras GP Feet
0x445d38@mhfdat-jp.bin,ロクラスブーツ,Rocras ZP Feet
0x445d3c@mhfdat-jp.bin,ロクラスＦブーツ,Rocras Boots
0x445d40@mhfdat-jp.bin,ロクラスFZブーツ,Rocras F Boots
0x445d44@mhfdat-jp.bin,ロクラスHSブーツ,Rocras FZ Boots
0x445d48@mhfdat-jp.bin,ロクラスGSブーツ,Rocras HS Boots
0x445d4c@mhfdat-jp.bin,ロクラスGPブーツ,Rocras GS Boots
0x445d50@mhfdat-jp.bin,ロクラスZPブーツ,Rocras GP Boots
0x445d54@mhfdat-jp.bin,アリシスフット,Rocras ZP Boots
0x445d58@mhfdat-jp.bin,アリシスＦフット,Alisys Feet
0x445d5c@mhfdat-jp.bin,アリシスFZフット,Alisys F Feet
0x445d60@mhfdat-jp.bin,アリシスHSフット,Alisys FZ Feet
0x445d64@mhfdat-jp.bin,アリシスGSフット,Alisys HS Feet
0x445d68@mhfdat-jp.bin,アリシスGPフット,Alisys GS Feet
0x445d6c@mhfdat-jp.bin,アリシスZPフット,Alisys GP Feet
0x445d70@mhfdat-jp.bin,アリシスブーツ,Alisys ZP Feet
0x445d74@mhfdat-jp.bin,アリシスＦブーツ,Alisys Boots
0x445d78@mhfdat-jp.bin,アリシスFZブーツ,Alisys F Boots
0x445d7c@mhfdat-jp.bin,アリシスHSブーツ,Alisys FZ Boots
0x445d80@mhfdat-jp.bin,アリシスGSブーツ,Alisys HS Boots
0x445d84@mhfdat-jp.bin,アリシスGPブーツ,Alisys GS Boots
0x445d88@mhfdat-jp.bin,アリシスZPブーツ,Alisys GP Boots
0x445d8c@mhfdat-jp.bin,ロゥリィフット,Alisys ZP Boots
0x445d90@mhfdat-jp.bin,ロゥリィＦフット,Loli Feet
0x445d94@mhfdat-jp.bin,ロゥリィFZフット,Loli F Feet
0x445d98@mhfdat-jp.bin,ロゥリィHSフット,Loli FZ Feet
0x445d9c@mhfdat-jp.bin,ロゥリィGSフット,Loli HS Feet
0x445da0@mhfdat-jp.bin,ロゥリィGPフット,Loli GS Feet
0x445da4@mhfdat-jp.bin,ロゥリィZPフット,Loli GP Feet
0x445da8@mhfdat-jp.bin,ロゥリィブーツ,Loli ZP Feet
0x445dac@mhfdat-jp.bin,ロゥリィＦブーツ,Loli Boots
0x445db0@mhfdat-jp.bin,ロゥリィFZブーツ,Loli F Boots
0x445db4@mhfdat-jp.bin,ロゥリィHSブーツ,Loli FZ Boots
0x445db8@mhfdat-jp.bin,ロゥリィGSブーツ,Loli HS Boots
0x445dbc@mhfdat-jp.bin,ロゥリィGPブーツ,Loli GS Boots
0x445dc0@mhfdat-jp.bin,ロゥリィZPブーツ,Loli GP Boots
0x445dc4@mhfdat-jp.bin,レコリスフット,Loli ZP Boots
0x445dc8@mhfdat-jp.bin,レコリスＦフット,Recolis Feet
0x445dcc@mhfdat-jp.bin,レコリスFZフット,Recolis F Feet
0x445dd0@mhfdat-jp.bin,レコリスHSフット,Recolis FZ Feet
0x445dd4@mhfdat-jp.bin,レコリスGSフット,Recolis HS Feet
0x445dd8@mhfdat-jp.bin,レコリスGPフット,Recolis GS Feet
0x445ddc@mhfdat-jp.bin,レコリスZPフット,Recolis GP Feet
0x445de0@mhfdat-jp.bin,レコリスブーツ,Recolis ZP Feet
0x445de4@mhfdat-jp.bin,レコリスＦブーツ,Recolis Boots
0x445de8@mhfdat-jp.bin,レコリスFZブーツ,Recolis F Boots
0x445dec@mhfdat-jp.bin,レコリスHSブーツ,Recolis FZ Boots
0x445df0@mhfdat-jp.bin,レコリスGSブーツ,Recolis HS Boots
0x445df4@mhfdat-jp.bin,レコリスGPブーツ,Recolis GS Boots
0x445df8@mhfdat-jp.bin,レコリスZPブーツ,Recolis GP Boots
0x445dfc@mhfdat-jp.bin,ビーターＧグリーヴ,Recolis ZP Boots
0x445e00@mhfdat-jp.bin,ビーターGFグリーヴ,Bita G Greaves
0x445e04@mhfdat-jp.bin,ビーターGXグリーヴ,Bita GF Greaves
0x445e08@mhfdat-jp.bin,ビーターＧレギンス,Bita GX Greaves
0x445e0c@mhfdat-jp.bin,ビーターGFレギンス,Bita G Leggings
0x445e10@mhfdat-jp.bin,ビーターGXレギンス,Bita GF Leggings
0x445e14@mhfdat-jp.bin,コレプトＧグリーヴ,Bita GX Leggings
0x445e18@mhfdat-jp.bin,コレプトGFグリーヴ,Koreputo G Greaves
0x445e1c@mhfdat-jp.bin,コレプトGXグリーヴ,Koreputo GF Greaves
0x445e20@mhfdat-jp.bin,コレプトＧレギンス,Koreputo GX Greaves
0x445e24@mhfdat-jp.bin,コレプトGFレギンス,Koreputo G Leggings
0x445e28@mhfdat-jp.bin,コレプトGXレギンス,Koreputo GF Leggings
0x445e2c@mhfdat-jp.bin,ラファンＧグリーヴ,Koreputo GX Leggings
0x445e30@mhfdat-jp.bin,ラファンGFグリーヴ,Rapin G Greaves
0x445e34@mhfdat-jp.bin,ラファンGXグリーヴ,Rapin GF Greaves
0x445e38@mhfdat-jp.bin,ラファンＧレギンス,Rapin GX Greaves
0x445e3c@mhfdat-jp.bin,ラファンGFレギンス,Rapin G Leggings
0x445e40@mhfdat-jp.bin,ラファンGXレギンス,Rapin GF Leggings
0x445e44@mhfdat-jp.bin,キリークフット,Rapin GX Leggings
0x445e48@mhfdat-jp.bin,キリークＦフット,Kireek Feet
0x445e4c@mhfdat-jp.bin,キリークFZフット,Kireek F Feet
0x445e50@mhfdat-jp.bin,キリークHSフット,Kireek FZ Feet
0x445e54@mhfdat-jp.bin,キリークGSフット,Kireek HS Feet
0x445e58@mhfdat-jp.bin,キリークGPフット,Kireek GS Feet
0x445e5c@mhfdat-jp.bin,キリークZPフット,Kireek GP Feet
0x445e60@mhfdat-jp.bin,キリークブーツ,Kireek ZP Feet
0x445e64@mhfdat-jp.bin,キリークＦブーツ,Kireek Boots
0x445e68@mhfdat-jp.bin,キリークFZブーツ,Kireek F Boots
0x445e6c@mhfdat-jp.bin,キリークHSブーツ,Kireek FZ Boots
0x445e70@mhfdat-jp.bin,キリークGSブーツ,Kireek HS Boots
0x445e74@mhfdat-jp.bin,キリークGPブーツ,Kireek GS Boots
0x445e78@mhfdat-jp.bin,キリークZPブーツ,Kireek GP Boots
0x445e7c@mhfdat-jp.bin,クーナフット,Kireek ZP Boots
0x445e80@mhfdat-jp.bin,クーナＦフット,Quna Feet
0x445e84@mhfdat-jp.bin,クーナFZフット,Quna F Feet
0x445e88@mhfdat-jp.bin,クーナHSフット,Quna FZ Feet
0x445e8c@mhfdat-jp.bin,クーナGSフット,Quna HS Feet
0x445e90@mhfdat-jp.bin,クーナGPフット,Quna GS Feet
0x445e94@mhfdat-jp.bin,クーナZPフット,Quna GP Feet
0x445e98@mhfdat-jp.bin,クーナブーツ,Quna ZP Feet
0x445e9c@mhfdat-jp.bin,クーナＦブーツ,Quna Boots
0x445ea0@mhfdat-jp.bin,クーナFZブーツ,Quna F Boots
0x445ea4@mhfdat-jp.bin,クーナHSブーツ,Quna FZ Boots
0x445ea8@mhfdat-jp.bin,クーナGSブーツ,Quna HS Boots
0x445eac@mhfdat-jp.bin,クーナGPブーツ,Quna GS Boots
0x445eb0@mhfdat-jp.bin,クーナZPブーツ,Quna GP Boots
0x445eb4@mhfdat-jp.bin,ディスタフット,Quna ZP Boots
0x445eb8@mhfdat-jp.bin,ディスタＦフット,Dista Feet
0x445ebc@mhfdat-jp.bin,ディスタFZフット,Dista F Feet
0x445ec0@mhfdat-jp.bin,ディスタHSフット,Dista FZ Feet
0x445ec4@mhfdat-jp.bin,ディスタGSフット,Dista HS Feet
0x445ec8@mhfdat-jp.bin,ディスタGPフット,Dista GS Feet
0x445ecc@mhfdat-jp.bin,ディスタZPフット,Dista GP Feet
0x445ed0@mhfdat-jp.bin,ディスタブーツ,Dista ZP Feet
0x445ed4@mhfdat-jp.bin,ディスタＦブーツ,Dista Boots
0x445ed8@mhfdat-jp.bin,ディスタFZブーツ,Dista F Boots
0x445edc@mhfdat-jp.bin,ディスタHSブーツ,Dista FZ Boots
0x445ee0@mhfdat-jp.bin,ディスタGSブーツ,Dista HS Boots
0x445ee4@mhfdat-jp.bin,ディスタGPブーツ,Dista GS Boots
0x445ee8@mhfdat-jp.bin,ディスタZPブーツ,Dista GP Boots
0x445eec@mhfdat-jp.bin,イオニアフット,Dista ZP Boots
0x445ef0@mhfdat-jp.bin,イオニアＦフット,Ionia Feet
0x445ef4@mhfdat-jp.bin,イオニアFZフット,Ionia F Feet
0x445ef8@mhfdat-jp.bin,イオニアHSフット,Ionia FZ Feet
0x445efc@mhfdat-jp.bin,イオニアGSフット,Ionia HS Feet
0x445f00@mhfdat-jp.bin,イオニアGPフット,Ionia GS Feet
0x445f04@mhfdat-jp.bin,イオニアZPフット,Ionia GP Feet
0x445f08@mhfdat-jp.bin,イオニアブーツ,Ionia ZP Feet
0x445f0c@mhfdat-jp.bin,イオニアＦブーツ,Ionia Boots
0x445f10@mhfdat-jp.bin,イオニアFZブーツ,Ionia F Boots
0x445f14@mhfdat-jp.bin,イオニアHSブーツ,Ionia FZ Boots
0x445f18@mhfdat-jp.bin,イオニアGSブーツ,Ionia HS Boots
0x445f1c@mhfdat-jp.bin,イオニアGPブーツ,Ionia GS Boots
0x445f20@mhfdat-jp.bin,イオニアZPブーツ,Ionia GP Boots
0x445f24@mhfdat-jp.bin,グリディＺグリーヴ,Ionia ZP Boots
0x445f28@mhfdat-jp.bin,グリディZFグリーヴ,Guridi Z Greaves
0x445f2c@mhfdat-jp.bin,グリディZYグリーヴ,Guridi ZF Greaves
0x445f30@mhfdat-jp.bin,グリディZXグリーヴ,Guridi ZY Greaves
0x445f34@mhfdat-jp.bin,グリディＺレギンス,Guridi ZX Greaves
0x445f38@mhfdat-jp.bin,グリディZFレギンス,Guridi Z Leggings
0x445f3c@mhfdat-jp.bin,グリディZYレギンス,Guridi ZF Leggings
0x445f40@mhfdat-jp.bin,グリディZXレギンス,Guridi ZY Leggings
0x445f44@mhfdat-jp.bin,シフニィＺフット,Guridi ZX Leggings
0x445f48@mhfdat-jp.bin,シフニィZFフット,Shifunyi Z Feet
0x445f4c@mhfdat-jp.bin,シフニィZYフット,Shifunyi ZF Feet
0x445f50@mhfdat-jp.bin,シフニィZXフット,Shifunyi ZY Feet
0x445f54@mhfdat-jp.bin,シフニィＺブーツ,Shifunyi ZX Feet
0x445f58@mhfdat-jp.bin,シフニィZFブーツ,Shifunyi Z Boots
0x445f5c@mhfdat-jp.bin,シフニィZYブーツ,Shifunyi ZF Boots
0x445f60@mhfdat-jp.bin,シフニィZXブーツ,Shifunyi ZY Boots
0x445f64@mhfdat-jp.bin,ロックマンブーツ,Shifunyi ZX Boots
0x445f68@mhfdat-jp.bin,ぺたぺたグーク・虹,Rockman Boots
0x445f6c@mhfdat-jp.bin,ぺたぺたグークＦ・虹,Patapatagook・Rainbow
0x445f70@mhfdat-jp.bin,ぺたぺたグークFZ・虹,Patapatagook F・Rainbow
0x445f74@mhfdat-jp.bin,ぺたぺたグークHS・虹,Patapatagook FZ・Rainbow
0x445f78@mhfdat-jp.bin,ぺたぺたグークGS・虹,Patapatagook HS・Rainbow
0x445f7c@mhfdat-jp.bin,ぺたぺたグークGP・虹,Patapatagook GS・Rainbow
0x445f80@mhfdat-jp.bin,ぺたぺたグークZP・虹,Patapatagook GP・Rainbow
0x445f84@mhfdat-jp.bin,ぺたぺたグーク・金,Patapatagook ZP・Rainbow
0x445f88@mhfdat-jp.bin,ぺたぺたグークＦ・金,Patapatagook・Gold
0x445f8c@mhfdat-jp.bin,ぺたぺたグークFZ・金,Patapatagook F・Gold
0x445f90@mhfdat-jp.bin,ぺたぺたグークHS・金,Patapatagook FZ・Gold
0x445f94@mhfdat-jp.bin,ぺたぺたグークGS・金,Patapatagook HS・Gold
0x445f98@mhfdat-jp.bin,ぺたぺたグークGP・金,Patapatagook GS・Gold
0x445f9c@mhfdat-jp.bin,ぺたぺたグークZP・金,Patapatagook GP・Gold
0x445fa0@mhfdat-jp.bin,ぺたぺたグーク・銀,Patapatagook ZP・Gold
0x445fa4@mhfdat-jp.bin,ぺたぺたグークＦ・銀,Patapatagook・Silver
0x445fa8@mhfdat-jp.bin,ぺたぺたグークFZ・銀,Patapatagook F・Silver
0x445fac@mhfdat-jp.bin,ぺたぺたグークHS・銀,Patapatagook FZ・Silver
0x445fb0@mhfdat-jp.bin,ぺたぺたグークGS・銀,Patapatagook HS・Silver
0x445fb4@mhfdat-jp.bin,ぺたぺたグークGP・銀,Patapatagook GS・Silver
0x445fb8@mhfdat-jp.bin,ぺたぺたグークZP・銀,Patapatagook GP・Silver
0x445fbc@mhfdat-jp.bin,ぺたぺたグーク・銅,Patapatagook ZP・Silver
0x445fc0@mhfdat-jp.bin,ぺたぺたグークＦ・銅,Patapatagook・Copper
0x445fc4@mhfdat-jp.bin,ぺたぺたグークFZ・銅,Patapatagook F・Copper
0x445fc8@mhfdat-jp.bin,ぺたぺたグークHS・銅,Patapatagook FZ・Copper
0x445fcc@mhfdat-jp.bin,ぺたぺたグークGS・銅,Patapatagook HS・Copper
0x445fd0@mhfdat-jp.bin,ぺたぺたグークGP・銅,Patapatagook GS・Copper
0x445fd4@mhfdat-jp.bin,ぺたぺたグークZP・銅,Patapatagook GP・Copper
0x445fd8@mhfdat-jp.bin,ぺたぺたグークZP・白,Patapatagook ZP・Copper
0x445fdc@mhfdat-jp.bin,ぺたぺたグークZP・赤,Patapatagook ZP・White
0x445fe0@mhfdat-jp.bin,ぺたぺたグークZP・灰,Patapatagook ZP・Red
0x445fe4@mhfdat-jp.bin,煉燭ノ具足Ｄ,Patapatagook ZP・Ash
0x445fe8@mhfdat-jp.bin,グラビZDグリーヴ,Nerishoku Greaves D
0x445fec@mhfdat-jp.bin,グラビZDレギンス,Gravios ZD Greaves
0x445ff0@mhfdat-jp.bin,バルラZDグリーヴ,Gravios ZD Leggings
0x445ff4@mhfdat-jp.bin,バルラZDレギンス,Baruragaru ZD Greaves
0x445ff8@mhfdat-jp.bin,ラビウスＤフット,Baruragaru ZD Leggings
0x445ffc@mhfdat-jp.bin,ロクラスＤフット,Rabius D Feet
0x446000@mhfdat-jp.bin,アリシスＤフット,Rocras D Feet
0x446004@mhfdat-jp.bin,ロゥリィＤフット,Alisys D Feet
0x446008@mhfdat-jp.bin,レコリスＤフット,Loli D Feet
0x44600c@mhfdat-jp.bin,ラファンＤグリーヴ,Recolis D Feet
0x446010@mhfdat-jp.bin,ラファンＣグリーヴ,Rapin D Greaves
0x446014@mhfdat-jp.bin,キリークＤフット,Rapin C Greaves
0x446018@mhfdat-jp.bin,クーナＤフット,Kireek D Feet
0x44601c@mhfdat-jp.bin,ディスタＤフット,Quna D Feet
0x446020@mhfdat-jp.bin,イオニアＤフット,Dista D Feet
0x446024@mhfdat-jp.bin,グリディＤグリーヴ,Ionia D Feet
0x446028@mhfdat-jp.bin,シフニィＤフット,Guridi D Greaves
0x44602c@mhfdat-jp.bin,ラッピーＤブーツ,Shifunyi D Feet
0x446030@mhfdat-jp.bin,ビーターＤグリーヴ,Rappy D Boots
0x446034@mhfdat-jp.bin,コレプトＤグリーヴ,Bita D Greaves
0x446038@mhfdat-jp.bin,セクティＤフット・黒,Koreputo D Greaves
0x44603c@mhfdat-jp.bin,セクティＤフット・青,Secuti D Feet・Black
0x446040@mhfdat-jp.bin,セクティＤフット・赤,Secuti D Feet・Blue
0x446044@mhfdat-jp.bin,セクティＤフット・白,Secuti D Feet・Red
0x446048@mhfdat-jp.bin,ロックマンＤブーツ,Secuti D Feet・White
0x44604c@mhfdat-jp.bin,一閃Ｄ【具足】・赤,Rockman D Boots
0x446050@mhfdat-jp.bin,蜂針Ｄ【具足】・橙,Issen D [Greaves 】・Red
0x446054@mhfdat-jp.bin,ぺたぺたグークＣ・虹,蜂針D [Greaves 】・Orange
0x446058@mhfdat-jp.bin,ぺたぺたグークＤ・金,Patapatagook C・Rainbow
0x44605c@mhfdat-jp.bin,ぺたぺたグークＤ・銀,Patapatagook D・Gold
0x446060@mhfdat-jp.bin,ぺたぺたグークＤ・銅,Patapatagook D・Silver
0x446064@mhfdat-jp.bin,ぺたぺたグークＤ・白,Patapatagook D・Copper
0x446068@mhfdat-jp.bin,ぺたぺたグークＤ・灰,Patapatagook D・White
0x44606c@mhfdat-jp.bin,ぺたぺたグークＤ・赤,Patapatagook D・Ash
0x446070@mhfdat-jp.bin,シャンルＺグリーヴ,Patapatagook D・Red
0x446074@mhfdat-jp.bin,シャンルZFグリーヴ,Shanru Z Greaves
0x446078@mhfdat-jp.bin,シャンルZYグリーヴ,Shanru ZF Greaves
0x44607c@mhfdat-jp.bin,シャンルZXグリーヴ,Shanru ZY Greaves
0x446080@mhfdat-jp.bin,シャンルＺレギンス,Shanru ZX Greaves
0x446084@mhfdat-jp.bin,シャンルZFレギンス,Shanru Z Leggings
0x446088@mhfdat-jp.bin,シャンルZYレギンス,Shanru ZF Leggings
0x44608c@mhfdat-jp.bin,シャンルZXレギンス,Shanru ZY Leggings
0x446090@mhfdat-jp.bin,ファンルＺグリーヴ,Shanru ZX Leggings
0x446094@mhfdat-jp.bin,ファンルZFグリーヴ,Fanru Z Greaves
0x446098@mhfdat-jp.bin,ファンルZYグリーヴ,Fanru ZF Greaves
0x44609c@mhfdat-jp.bin,ファンルZXグリーヴ,Fanru ZY Greaves
0x4460a0@mhfdat-jp.bin,ファンルＺレギンス,Fanru ZX Greaves
0x4460a4@mhfdat-jp.bin,ファンルZFレギンス,Fanru Z Leggings
0x4460a8@mhfdat-jp.bin,ファンルZYレギンス,Fanru ZF Leggings
0x4460ac@mhfdat-jp.bin,ファンルZXレギンス,Fanru ZY Leggings
0x4460b0@mhfdat-jp.bin,煉獄ノ具足Ｚ,Fanru ZX Leggings
0x4460b4@mhfdat-jp.bin,煉獄ノ具足ZF,Rengoku Greaves Z
0x4460b8@mhfdat-jp.bin,煉獄ノ具足ZY,Rengoku Greaves ZF
0x4460bc@mhfdat-jp.bin,煉獄ノ具足ZX,Rengoku Greaves ZY
0x4460c0@mhfdat-jp.bin,煉獄ノ下駄Ｚ,Rengoku Greaves ZX
0x4460c4@mhfdat-jp.bin,煉獄ノ下駄ZF,Rengoku Leggings Z
0x4460c8@mhfdat-jp.bin,煉獄ノ下駄ZY,Rengoku Leggings ZF
0x4460cc@mhfdat-jp.bin,煉獄ノ下駄ZX,Rengoku Leggings ZY
0x4460d0@mhfdat-jp.bin,煉戟ノ具足Ｚ,Rengoku Leggings ZX
0x4460d4@mhfdat-jp.bin,煉戟ノ具足ZF,Nerigeki Greaves Z
0x4460d8@mhfdat-jp.bin,煉戟ノ具足ZY,Nerigeki Greaves ZF
0x4460dc@mhfdat-jp.bin,煉戟ノ具足ZX,Nerigeki Greaves ZY
0x4460e0@mhfdat-jp.bin,煉戟ノ下駄Ｚ,Nerigeki Greaves ZX
0x4460e4@mhfdat-jp.bin,煉戟ノ下駄ZF,Nerigeki Leggings Z
0x4460e8@mhfdat-jp.bin,煉戟ノ下駄ZY,Nerigeki Leggings ZF
0x4460ec@mhfdat-jp.bin,煉戟ノ下駄ZX,Nerigeki Leggings ZY
0x4460f0@mhfdat-jp.bin,ザムザＺグリーヴ,Nerigeki Leggings ZX
0x4460f4@mhfdat-jp.bin,ザムザZFグリーヴ,Zamuza Z Greaves
0x4460f8@mhfdat-jp.bin,ザムザZYグリーヴ,Zamuza ZF Greaves
0x4460fc@mhfdat-jp.bin,ザムザZXグリーヴ,Zamuza ZY Greaves
0x446100@mhfdat-jp.bin,ザムザＺレギンス,Zamuza ZX Greaves
0x446104@mhfdat-jp.bin,ザムザZFレギンス,Zamuza Z Leggings
0x446108@mhfdat-jp.bin,ザムザZYレギンス,Zamuza ZF Leggings
0x44610c@mhfdat-jp.bin,ザムザZXレギンス,Zamuza ZY Leggings
0x446110@mhfdat-jp.bin,ハルドＺグリーヴ,Zamuza ZX Leggings
0x446114@mhfdat-jp.bin,ハルドZFグリーヴ,Harudo Z Greaves
0x446118@mhfdat-jp.bin,ハルドZYグリーヴ,Harudo ZF Greaves
0x44611c@mhfdat-jp.bin,ハルドZXグリーヴ,Harudo ZY Greaves
0x446120@mhfdat-jp.bin,ハルドＺレギンス,Harudo ZX Greaves
0x446124@mhfdat-jp.bin,ハルドZFレギンス,Harudo Z Leggings
0x446128@mhfdat-jp.bin,ハルドZYレギンス,Harudo ZF Leggings
0x44612c@mhfdat-jp.bin,ハルドZXレギンス,Harudo ZY Leggings
0x446130@mhfdat-jp.bin,エリュシＧグリーヴ,Harudo ZX Leggings
0x446134@mhfdat-jp.bin,エリュシGFグリーヴ,Elysi G Greaves
0x446138@mhfdat-jp.bin,エリュシGXグリーヴ,Elysi GF Greaves
0x44613c@mhfdat-jp.bin,エリュシＧレギンス,Elysi GX Greaves
0x446140@mhfdat-jp.bin,エリュシGFレギンス,Elysi G Leggings
0x446144@mhfdat-jp.bin,エリュシGXレギンス,Elysi GF Leggings
0x446148@mhfdat-jp.bin,ミュンルＺグリーヴ,Elysi GX Leggings
0x44614c@mhfdat-jp.bin,ミュンルZFグリーヴ,Myunru Z Greaves
0x446150@mhfdat-jp.bin,ミュンルZYグリーヴ,Myunru ZF Greaves
0x446154@mhfdat-jp.bin,ミュンルZXグリーヴ,Myunru ZY Greaves
0x446158@mhfdat-jp.bin,ミュンルＺレギンス,Myunru ZX Greaves
0x44615c@mhfdat-jp.bin,ミュンルZFレギンス,Myunru Z Leggings
0x446160@mhfdat-jp.bin,ミュンルZYレギンス,Myunru ZF Leggings
0x446164@mhfdat-jp.bin,ミュンルZXレギンス,Myunru ZY Leggings
0x446168@mhfdat-jp.bin,キンコウフット,Myunru ZX Leggings
0x44616c@mhfdat-jp.bin,キンコウＦフット,Kinkou Feet
0x446170@mhfdat-jp.bin,キンコウFZフット,Kinkou F Feet
0x446174@mhfdat-jp.bin,キンコウHSフット,Kinkou FZ Feet
0x446178@mhfdat-jp.bin,キンコウGSフット,Kinkou HS Feet
0x44617c@mhfdat-jp.bin,キンコウGPフット,Kinkou GS Feet
0x446180@mhfdat-jp.bin,キンコウZPフット,Kinkou GP Feet
0x446184@mhfdat-jp.bin,キンコウブーツ,Kinkou ZP Feet
0x446188@mhfdat-jp.bin,キンコウＦブーツ,Kinkou Boots
0x44618c@mhfdat-jp.bin,キンコウFZブーツ,Kinkou F Boots
0x446190@mhfdat-jp.bin,キンコウHSブーツ,Kinkou FZ Boots
0x446194@mhfdat-jp.bin,キンコウGSブーツ,Kinkou HS Boots
0x446198@mhfdat-jp.bin,キンコウGPブーツ,Kinkou GS Boots
0x44619c@mhfdat-jp.bin,キンコウZPブーツ,Kinkou GP Boots
0x4461a0@mhfdat-jp.bin,アンブフット,Kinkou ZP Boots
0x4461a4@mhfdat-jp.bin,アンブＦフット,Anbu Feet
0x4461a8@mhfdat-jp.bin,アンブFZフット,Anbu F Feet
0x4461ac@mhfdat-jp.bin,アンブHSフット,Anbu FZ Feet
0x4461b0@mhfdat-jp.bin,アンブGSフット,Anbu HS Feet
0x4461b4@mhfdat-jp.bin,アンブGPフット,Anbu GS Feet
0x4461b8@mhfdat-jp.bin,アンブZPフット,Anbu GP Feet
0x4461bc@mhfdat-jp.bin,アンブブーツ,Anbu ZP Feet
0x4461c0@mhfdat-jp.bin,アンブＦブーツ,Anbu Boots
0x4461c4@mhfdat-jp.bin,アンブFZブーツ,Anbu F Boots
0x4461c8@mhfdat-jp.bin,アンブHSブーツ,Anbu FZ Boots
0x4461cc@mhfdat-jp.bin,アンブGSブーツ,Anbu HS Boots
0x4461d0@mhfdat-jp.bin,アンブGPブーツ,Anbu GS Boots
0x4461d4@mhfdat-jp.bin,アンブZPブーツ,Anbu GP Boots
0x4461d8@mhfdat-jp.bin,アービターGSサバトン,Anbu ZP Boots
0x4461dc@mhfdat-jp.bin,アービターGPサバトン,Arbiter GS Sabaton
0x4461e0@mhfdat-jp.bin,アービターZPサバトン,Arbiter GP Sabaton
0x4461e4@mhfdat-jp.bin,アービターGSレギンス,Arbiter ZP Sabaton
0x4461e8@mhfdat-jp.bin,アービターGPレギンス,Arbiter GS Leggings
0x4461ec@mhfdat-jp.bin,アービターZPレギンス,Arbiter GP Leggings
0x4461f0@mhfdat-jp.bin,フィーネフット,Arbiter ZP Leggings
0x4461f4@mhfdat-jp.bin,フィーネＦフット,Fine Feet
0x4461f8@mhfdat-jp.bin,フィーネFZフット,Fine F Feet
0x4461fc@mhfdat-jp.bin,フィーネHSフット,Fine FZ Feet
0x446200@mhfdat-jp.bin,フィーネGSフット,Fine HS Feet
0x446204@mhfdat-jp.bin,フィーネGPフット,Fine GS Feet
0x446208@mhfdat-jp.bin,フィーネZPフット,Fine GP Feet
0x44620c@mhfdat-jp.bin,フィーネブーツ,Fine ZP Feet
0x446210@mhfdat-jp.bin,フィーネＦブーツ,Fine Boots
0x446214@mhfdat-jp.bin,フィーネFZブーツ,Fine F Boots
0x446218@mhfdat-jp.bin,フィーネHSブーツ,Fine FZ Boots
0x44621c@mhfdat-jp.bin,フィーネGSブーツ,Fine HS Boots
0x446220@mhfdat-jp.bin,フィーネGPブーツ,Fine GS Boots
0x446224@mhfdat-jp.bin,フィーネZPブーツ,Fine GP Boots
0x446228@mhfdat-jp.bin,コトナフット,Fine ZP Boots
0x44622c@mhfdat-jp.bin,コトナＦフット,Kotona Feet
0x446230@mhfdat-jp.bin,コトナFZフット,Kotona F Feet
0x446234@mhfdat-jp.bin,コトナHSフット,Kotona FZ Feet
0x446238@mhfdat-jp.bin,コトナGSフット,Kotona HS Feet
0x44623c@mhfdat-jp.bin,コトナGPフット,Kotona GS Feet
0x446240@mhfdat-jp.bin,コトナZPフット,Kotona GP Feet
0x446244@mhfdat-jp.bin,コトナブーツ,Kotona ZP Feet
0x446248@mhfdat-jp.bin,コトナＦブーツ,Kotona Boots
0x44624c@mhfdat-jp.bin,コトナFZブーツ,Kotona F Boots
0x446250@mhfdat-jp.bin,コトナHSブーツ,Kotona FZ Boots
0x446254@mhfdat-jp.bin,コトナGSブーツ,Kotona HS Boots
0x446258@mhfdat-jp.bin,コトナGPブーツ,Kotona GS Boots
0x44625c@mhfdat-jp.bin,コトナZPブーツ,Kotona GP Boots
0x446260@mhfdat-jp.bin,フィニスフット,Kotona ZP Boots
0x446264@mhfdat-jp.bin,フィニスＦフット,Finis Feet
0x446268@mhfdat-jp.bin,フィニスFZフット,Finis F Feet
0x44626c@mhfdat-jp.bin,フィニスHSフット,Finis FZ Feet
0x446270@mhfdat-jp.bin,フィニスGSフット,Finis HS Feet
0x446274@mhfdat-jp.bin,フィニスGPフット,Finis GS Feet
0x446278@mhfdat-jp.bin,フィニスZPフット,Finis GP Feet
0x44627c@mhfdat-jp.bin,フィニスブーツ,Finis ZP Feet
0x446280@mhfdat-jp.bin,フィニスＦブーツ,Finis Boots
0x446284@mhfdat-jp.bin,フィニスFZブーツ,Finis F Boots
0x446288@mhfdat-jp.bin,フィニスHSブーツ,Finis FZ Boots
0x44628c@mhfdat-jp.bin,フィニスGSブーツ,Finis HS Boots
0x446290@mhfdat-jp.bin,フィニスGPブーツ,Finis GS Boots
0x446294@mhfdat-jp.bin,フィニスZPブーツ,Finis GP Boots
0x446298@mhfdat-jp.bin,フィールフット,Finis ZP Boots
0x44629c@mhfdat-jp.bin,フィールＦフット,Firl Feet
0x4462a0@mhfdat-jp.bin,フィールFZフット,Firl F Feet
0x4462a4@mhfdat-jp.bin,フィールHSフット,Firl FZ Feet
0x4462a8@mhfdat-jp.bin,フィールGSフット,Firl HS Feet
0x4462ac@mhfdat-jp.bin,フィールGPフット,Firl GS Feet
0x4462b0@mhfdat-jp.bin,フィールZPフット,Firl GP Feet
0x4462b4@mhfdat-jp.bin,フィールブーツ,Firl ZP Feet
0x4462b8@mhfdat-jp.bin,フィールＦブーツ,Firl Boots
0x4462bc@mhfdat-jp.bin,フィールFZブーツ,Firl F Boots
0x4462c0@mhfdat-jp.bin,フィールHSブーツ,Firl FZ Boots
0x4462c4@mhfdat-jp.bin,フィールGSブーツ,Firl HS Boots
0x4462c8@mhfdat-jp.bin,フィールGPブーツ,Firl GS Boots
0x4462cc@mhfdat-jp.bin,フィールZPブーツ,Firl GP Boots
0x4462d0@mhfdat-jp.bin,了奏ノ脛当,Firl ZP Boots
0x4462d4@mhfdat-jp.bin,了奏ノ脛当Ｆ,Ryoso Legs
0x4462d8@mhfdat-jp.bin,了奏ノ脛当FZ,Ryoso Legs F
0x4462dc@mhfdat-jp.bin,了奏ノ脛当HS,Ryoso Legs FZ
0x4462e0@mhfdat-jp.bin,了奏ノ脛当GS,Ryoso Legs HS
0x4462e4@mhfdat-jp.bin,了奏ノ脛当GP,Ryoso Legs GS
0x4462e8@mhfdat-jp.bin,了奏ノ脛当ZP,Ryoso Legs GP
0x4462ec@mhfdat-jp.bin,了奏ノ具足,Ryoso Legs ZP
0x4462f0@mhfdat-jp.bin,了奏ノ具足Ｆ,Ryoso Greaves
0x4462f4@mhfdat-jp.bin,了奏ノ具足FZ,Ryoso Greaves F
0x4462f8@mhfdat-jp.bin,了奏ノ具足HS,Ryoso Greaves FZ
0x4462fc@mhfdat-jp.bin,了奏ノ具足GS,Ryoso Greaves HS
0x446300@mhfdat-jp.bin,了奏ノ具足GP,Ryoso Greaves GS
0x446304@mhfdat-jp.bin,了奏ノ具足ZP,Ryoso Greaves GP
0x446308@mhfdat-jp.bin,ジェムズフット,Ryoso Greaves ZP
0x44630c@mhfdat-jp.bin,ジェムズＦフット,Gems Feet
0x446310@mhfdat-jp.bin,ジェムズFZフット,Gems F Feet
0x446314@mhfdat-jp.bin,ジェムズHSフット,Gems FZ Feet
0x446318@mhfdat-jp.bin,ジェムズGSフット,Gems HS Feet
0x44631c@mhfdat-jp.bin,ジェムズGPフット,Gems GS Feet
0x446320@mhfdat-jp.bin,ジェムズZPフット,Gems GP Feet
0x446324@mhfdat-jp.bin,ジェムズブーツ,Gems ZP Feet
0x446328@mhfdat-jp.bin,ジェムズＦブーツ,Gems Boots
0x44632c@mhfdat-jp.bin,ジェムズFZブーツ,Gems F Boots
0x446330@mhfdat-jp.bin,ジェムズHSブーツ,Gems FZ Boots
0x446334@mhfdat-jp.bin,ジェムズGSブーツ,Gems HS Boots
0x446338@mhfdat-jp.bin,ジェムズGPブーツ,Gems GS Boots
0x44633c@mhfdat-jp.bin,ジェムズZPブーツ,Gems GP Boots
0x446340@mhfdat-jp.bin,アリシャフット,Gems ZP Boots
0x446344@mhfdat-jp.bin,アリシャＦフット,Alisha Feet
0x446348@mhfdat-jp.bin,アリシャFZフット,Alisha F Feet
0x44634c@mhfdat-jp.bin,アリシャHSフット,Alisha FZ Feet
0x446350@mhfdat-jp.bin,アリシャGSフット,Alisha HS Feet
0x446354@mhfdat-jp.bin,アリシャGPフット,Alisha GS Feet
0x446358@mhfdat-jp.bin,アリシャZPフット,Alisha GP Feet
0x44635c@mhfdat-jp.bin,アリシャブーツ,Alisha ZP Feet
0x446360@mhfdat-jp.bin,アリシャＦブーツ,Alisha Boots
0x446364@mhfdat-jp.bin,アリシャFZブーツ,Alisha F Boots
0x446368@mhfdat-jp.bin,アリシャHSブーツ,Alisha FZ Boots
0x44636c@mhfdat-jp.bin,アリシャGSブーツ,Alisha HS Boots
0x446370@mhfdat-jp.bin,アリシャGPブーツ,Alisha GS Boots
0x446374@mhfdat-jp.bin,アリシャZPブーツ,Alisha GP Boots
0x446378@mhfdat-jp.bin,リッカフット,Alisha ZP Boots
0x44637c@mhfdat-jp.bin,リッカＦフット,Ricca Feet
0x446380@mhfdat-jp.bin,リッカFZフット,Ricca F Feet
0x446384@mhfdat-jp.bin,リッカHSフット,Ricca FZ Feet
0x446388@mhfdat-jp.bin,リッカGSフット,Ricca HS Feet
0x44638c@mhfdat-jp.bin,リッカGPフット,Ricca GS Feet
0x446390@mhfdat-jp.bin,リッカZPフット,Ricca GP Feet
0x446394@mhfdat-jp.bin,リッカブーツ,Ricca ZP Feet
0x446398@mhfdat-jp.bin,リッカＦブーツ,Ricca Boots
0x44639c@mhfdat-jp.bin,リッカFZブーツ,Ricca F Boots
0x4463a0@mhfdat-jp.bin,リッカHSブーツ,Ricca FZ Boots
0x4463a4@mhfdat-jp.bin,リッカGSブーツ,Ricca HS Boots
0x4463a8@mhfdat-jp.bin,リッカGPブーツ,Ricca GS Boots
0x4463ac@mhfdat-jp.bin,リッカZPブーツ,Ricca GP Boots
0x4463b0@mhfdat-jp.bin,ケリスフット,Ricca ZP Boots
0x4463b4@mhfdat-jp.bin,ケリスＦフット,Kelis Feet
0x4463b8@mhfdat-jp.bin,ケリスFZフット,Kelis F Feet
0x4463bc@mhfdat-jp.bin,ケリスHSフット,Kelis FZ Feet
0x4463c0@mhfdat-jp.bin,ケリスGSフット,Kelis HS Feet
0x4463c4@mhfdat-jp.bin,ケリスGPフット,Kelis GS Feet
0x4463c8@mhfdat-jp.bin,ケリスZPフット,Kelis GP Feet
0x4463cc@mhfdat-jp.bin,ケリスブーツ,Kelis ZP Feet
0x4463d0@mhfdat-jp.bin,ケリスＦブーツ,Kelis Boots
0x4463d4@mhfdat-jp.bin,ケリスFZブーツ,Kelis F Boots
0x4463d8@mhfdat-jp.bin,ケリスHSブーツ,Kelis FZ Boots
0x4463dc@mhfdat-jp.bin,ケリスGSブーツ,Kelis HS Boots
0x4463e0@mhfdat-jp.bin,ケリスGPブーツ,Kelis GS Boots
0x4463e4@mhfdat-jp.bin,ケリスZPブーツ,Kelis GP Boots
0x4463e8@mhfdat-jp.bin,キンコウＤフット,Kelis ZP Boots
0x4463ec@mhfdat-jp.bin,アンブＤフット,Kinkou D Feet
0x4463f0@mhfdat-jp.bin,煉獄ノ具足Ｄ,Anbu D Feet
0x4463f4@mhfdat-jp.bin,煉戟ノ具足Ｄ,Rengoku Greaves D
0x4463f8@mhfdat-jp.bin,シャンルＤグリーヴ,Nerigeki Greaves D
0x4463fc@mhfdat-jp.bin,ファンルＤグリーヴ,Shanru D Greaves
0x446400@mhfdat-jp.bin,ザムザZDグリーヴ,Fanru D Greaves
0x446404@mhfdat-jp.bin,ザムザZDレギンス,Zamuza ZD Greaves
0x446408@mhfdat-jp.bin,ハルドZDグリーヴ,Zamuza ZD Leggings
0x44640c@mhfdat-jp.bin,ハルドZDレギンス,Harudo ZD Greaves
0x446410@mhfdat-jp.bin,アービターＤサバトン,Harudo ZD Leggings
0x446414@mhfdat-jp.bin,エリュシＤグリーヴ,Arbiter D Sabaton
0x446418@mhfdat-jp.bin,フィーネＤフット,Elysi D Greaves
0x44641c@mhfdat-jp.bin,コトナＤフット,Fine D Feet
0x446420@mhfdat-jp.bin,フィニスＤフット,Kotona D Feet
0x446424@mhfdat-jp.bin,フィールＤフット,Finis D Feet
0x446428@mhfdat-jp.bin,了奏ノ脛当Ｄ,Firl D Feet
0x44642c@mhfdat-jp.bin,ジェムズＤフット,Ryoso Legs D
0x446430@mhfdat-jp.bin,アリシャＤフット,Gems D Feet
0x446434@mhfdat-jp.bin,リッカＤフット,Alisha D Feet
0x446438@mhfdat-jp.bin,ケリスＤフット,Ricca D Feet
0x44643c@mhfdat-jp.bin,ミュンルＤグリーヴ,Kelis D Feet
0x446440@mhfdat-jp.bin,青龍・剣聖Ｄフット,Myunru D Greaves
0x446444@mhfdat-jp.bin,青龍・双龍Ｄフット,Seiryu・Kensei D Feet
0x446448@mhfdat-jp.bin,青龍・剣王Ｄフット,Seiryu・双龍D Feet
0x44644c@mhfdat-jp.bin,青龍・刀神Ｄフット,Seiryu・Blade 王D Feet
0x446450@mhfdat-jp.bin,青龍・天槍Ｄフット,Seiryu・刀神D Feet
0x446454@mhfdat-jp.bin,青龍・砲皇Ｄフット,Seiryu・Heaven 槍D Feet
0x446458@mhfdat-jp.bin,青龍・鈍器獣Ｄフット,Seiryu・砲皇D Feet
0x44645c@mhfdat-jp.bin,青龍・奏帝Ｄフット,Seiryu・鈍器獣D Feet
0x446460@mhfdat-jp.bin,青龍・穿凰Ｄフット,Seiryu・奏帝D Feet
0x446464@mhfdat-jp.bin,青龍・斬将Ｄフット,Seiryu・穿凰D Feet
0x446468@mhfdat-jp.bin,青龍・銃傑Ｄブーツ,Seiryu・斬将D Feet
0x44646c@mhfdat-jp.bin,青龍・銃仙Ｄブーツ,Seiryu・銃傑D Boots
0x446470@mhfdat-jp.bin,青龍・弓鬼Ｄブーツ,Seiryu・銃仙D Boots
0x446474@mhfdat-jp.bin,青龍・磁星Ｄフット,Seiryu・Bow 鬼D Boots
0x446478@mhfdat-jp.bin,ＫロブスタフットPD黒,Seiryu・磁星D Feet
0x44647c@mhfdat-jp.bin,ＫロブスタフットPD緑,K. Lobster Feet PD Black
0x446480@mhfdat-jp.bin,ＫロブスタフットPD青,K. Lobster Feet PD Green
0x446484@mhfdat-jp.bin,ＫロブスタブーツPD黒,K. Lobster Feet PD Blue
0x446488@mhfdat-jp.bin,ＫロブスタブーツPD緑,K. Lobster Boots PD Black
0x44648c@mhfdat-jp.bin,ＫロブスタブーツPD青,K. Lobster Boots PD Green
0x446490@mhfdat-jp.bin,ヒプノグリーヴPD緑,K. Lobster Boots PD Blue
0x446494@mhfdat-jp.bin,ヒプノグリーヴPD赤,Hypnoc Greaves PD Green
0x446498@mhfdat-jp.bin,ヒプノグリーヴPD黄,Hypnoc Greaves PD Red
0x44649c@mhfdat-jp.bin,ベルグリーヴPD黒,Hypnoc Greaves PD Yellow
0x4464a0@mhfdat-jp.bin,ベルグリーヴPD赤,Beru Greaves PD Black
0x4464a4@mhfdat-jp.bin,ベルグリーヴPD紫,Beru Greaves PD Red
0x4464a8@mhfdat-jp.bin,ベルレギンスPD黒,Beru Greaves PD Purple
0x4464ac@mhfdat-jp.bin,ベルレギンスPD赤,Beru Leggings PD Black
0x4464b0@mhfdat-jp.bin,ベルレギンスPD紫,Beru Leggings PD Red
0x4464b4@mhfdat-jp.bin,クロオビグリーヴPD白,Beru Leggings PD Purple
0x4464b8@mhfdat-jp.bin,クロオビグリーヴPD黒,Black Belt Greaves PD White
0x4464bc@mhfdat-jp.bin,クロオビグリーヴPD青,Black Belt Greaves PD Black
0x4464c0@mhfdat-jp.bin,アプカルグリーヴPD白,Black Belt Greaves PD Blue
0x4464c4@mhfdat-jp.bin,アプカルグリーヴPD緑,Apkallu Greaves PD White
0x4464c8@mhfdat-jp.bin,アプカルグリーヴPD黄,Apkallu Greaves PD Green
0x4464cc@mhfdat-jp.bin,ルコフットPD白,Apkallu Greaves PD Yellow
0x4464d0@mhfdat-jp.bin,ルコフットPD青,Rukodiora Feet PD White
0x4464d4@mhfdat-jp.bin,ルコフットPD赤,Rukodiora Feet PD Blue
0x4464d8@mhfdat-jp.bin,ルコレグスPD白,Rukodiora Feet PD Red
0x4464dc@mhfdat-jp.bin,ルコレグスPD青,Rukodiora Legs PD White
0x4464e0@mhfdat-jp.bin,ルコレグスPD赤,Rukodiora Legs PD Blue
0x4464e4@mhfdat-jp.bin,コムラダブーツPD白赤,Rukodiora Legs PD Red
0x4464e8@mhfdat-jp.bin,コムラダブーツPD白青,Comrade Boots PD White Red
0x4464ec@mhfdat-jp.bin,コムラダブーツPD白黄,Comrade Boots PD White Blue
0x4464f0@mhfdat-jp.bin,オトノＤグリーヴ,Comrade Boots PD White Yellow
0x4464f4@mhfdat-jp.bin,忍の足袋・空Ｄ,Otono D Greaves
0x4464f8@mhfdat-jp.bin,忍の足袋・海Ｄ,忍の Tabi・空D
0x4464fc@mhfdat-jp.bin,黒影ノ足袋・Ｄ,忍の Tabi・海D
0x446500@mhfdat-jp.bin,黒陰ノ足袋・Ｄ,Shadow Tabi・D
0x446504@mhfdat-jp.bin,ホープＤグリーヴ,Shade Tabi・D
